date,time_local,title,session,num_players,winner,slug,url
2014-10-28,12:00 PM,Monthly 3|2 Blitz Masters,,52,exoticprincess,-monthly-32-blitz-masters-443681,https://www.chess.com/tournament/live/-monthly-32-blitz-masters-443681
2014-11-25,11:00 AM,Monthly 3|2 Blitz Masters,,70,GeorgMeier,-monthly-32-blitz-masters-458944,https://www.chess.com/tournament/live/-monthly-32-blitz-masters-458944
2014-12-30,11:00 AM,Titled Tuesday 3|2 Blitz,,89,DanielNaroditsky,-titled-tuesday-32-blitz-459813,https://www.chess.com/tournament/live/-titled-tuesday-32-blitz-459813
2015-01-27,11:00 AM,Titled Tuesday 3|2 Blitz,,69,exoticprincess,-titled-tuesday-32-blitz-459814,https://www.chess.com/tournament/live/-titled-tuesday-32-blitz-459814
2015-02-24,11:00 AM,Titled Tuesday 3|2 Blitz,,106,EltajSafarli,-titled-tuesday-32-blitz-492386,https://www.chess.com/tournament/live/-titled-tuesday-32-blitz-492386
2015-03-03,11:00 AM,Titled Tuesday 3|2 Blitz,,94,GeorgMeier,-titled-tuesday-32-blitz-492387,https://www.chess.com/tournament/live/-titled-tuesday-32-blitz-492387
2015-04-07,11:00 AM,Titled Tuesday 3|2 Blitz,,64,GeorgMeier,-titled-tuesday-32-blitz-509655,https://www.chess.com/tournament/live/-titled-tuesday-32-blitz-509655
2015-05-05,11:00 AM,Titled Tuesday 3|2 Blitz,,95,Hikaru,-titled-tuesday-32-blitz-509656,https://www.chess.com/tournament/live/-titled-tuesday-32-blitz-509656
2015-06-02,11:00 AM,Titled Tuesday 3|2 Blitz,,108,9ShMat2,-titled-tuesday-32-blitz-520632,https://www.chess.com/tournament/live/-titled-tuesday-32-blitz-520632
2015-07-07,11:00 AM,Titled Tuesday 3|2 Blitz,,83,Hikaru,-titled-tuesday-32-blitz-544053,https://www.chess.com/tournament/live/-titled-tuesday-32-blitz-544053
2015-08-04,11:30 AM,Titled Tuesday 3|2 Blitz,,128,Tal-Baronfew,-titled-tuesday-32-blitz-554875,https://www.chess.com/tournament/live/-titled-tuesday-32-blitz-554875
2015-09-01,11:00 AM,Titled Tuesday 3|2 Blitz,,114,DanielNaroditsky,-titled-tuesday-32-blitz-544055,https://www.chess.com/tournament/live/-titled-tuesday-32-blitz-544055
2015-10-06,05:00 PM,Titled Tuesday 3|2 Blitz,,62,GMVallejo,-titled-tuesday-32-blitz-578422,https://www.chess.com/tournament/live/-titled-tuesday-32-blitz-578422
2015-10-06,11:00 AM,Titled Tuesday 3|2 Blitz,,107,Tal-Baronfew,-titled-tuesday-32-blitz-578421,https://www.chess.com/tournament/live/-titled-tuesday-32-blitz-578421
2015-11-03,05:00 PM,Titled Tuesday 3|2 Blitz,,48,Boryboy,-titled-tuesday-32-blitz-581108,https://www.chess.com/tournament/live/-titled-tuesday-32-blitz-581108
2015-11-03,11:00 AM,Titled Tuesday 3|2 Blitz,,102,Izoria123,-titled-tuesday-32-blitz-581107,https://www.chess.com/tournament/live/-titled-tuesday-32-blitz-581107
2015-12-01,05:00 PM,Titled Tuesday 3|2 Blitz,,83,Hikaru,-titled-tuesday-32-blitz-599889,https://www.chess.com/tournament/live/-titled-tuesday-32-blitz-599889
2015-12-01,11:00 AM,Titled Tuesday 3|2 Blitz,,134,LyonBeast,-titled-tuesday-32-blitz-599888,https://www.chess.com/tournament/live/-titled-tuesday-32-blitz-599888
2016-01-05,05:00 PM,Titled Tuesday 3|2 Blitz,,81,nijat_a,-titled-tuesday-32-blitz-599891,https://www.chess.com/tournament/live/-titled-tuesday-32-blitz-599891
2016-01-05,11:00 AM,Titled Tuesday 3|2 Blitz,,122,FairChess_on_YouTube,-titled-tuesday-32-blitz-599890,https://www.chess.com/tournament/live/-titled-tuesday-32-blitz-599890
2016-02-02,05:00 PM,Titled Tuesday 3|2 Blitz,,78,yurisolo,-titled-tuesday-32-blitz-623629,https://www.chess.com/tournament/live/-titled-tuesday-32-blitz-623629
2016-02-02,11:00 AM,Titled Tuesday 3|2 Blitz,,118,GeorgMeier,-titled-tuesday-32-blitz-623628,https://www.chess.com/tournament/live/-titled-tuesday-32-blitz-623628
2016-03-01,05:00 PM,Titled Tuesday 3|2 Blitz,,62,Hikaru,-titled-tuesday-32-blitz-634247,https://www.chess.com/tournament/live/-titled-tuesday-32-blitz-634247
2016-03-01,11:00 AM,Titled Tuesday 3|2 Blitz,,90,Cancelled,-titled-tuesday-32-blitz-634246,https://www.chess.com/tournament/live/-titled-tuesday-32-blitz-634246
2016-03-01,11:31 AM,Titled Tuesday 3|2 Blitz,,95,FairChess_on_YouTube,-titled-tuesday-32-blitz-634756,https://www.chess.com/tournament/live/-titled-tuesday-32-blitz-634756
2016-04-05,11:00 AM,Titled Tuesday 3|2 Blitz,,123,Cancelled,-titled-tuesday-32-blitz-646318,https://www.chess.com/tournament/live/-titled-tuesday-32-blitz-646318
2016-04-05,11:32 AM,Titled Tuesday 3|2 Blitz,,131,Cancelled,-titled-tuesday-32-blitz-647976,https://www.chess.com/tournament/live/-titled-tuesday-32-blitz-647976
2016-05-03,05:00 PM,Titled Tuesday 3|2 Blitz,,105,jcibarra,-titled-tuesday-32-blitz-655591,https://www.chess.com/tournament/live/-titled-tuesday-32-blitz-655591
2016-05-03,11:00 AM,Titled Tuesday 3|2 Blitz,,164,exoticprincess,-titled-tuesday-32-blitz-655590,https://www.chess.com/tournament/live/-titled-tuesday-32-blitz-655590
2016-06-07,05:00 PM,Titled Tuesday 3|2 Blitz,,94,Fandorine,-titled-tuesday-32-blitz-671910,https://www.chess.com/tournament/live/-titled-tuesday-32-blitz-671910
2016-06-07,11:00 AM,Titled Tuesday 3|2 Blitz,,152,E-Shaposhnikov,-titled-tuesday-32-blitz-671909,https://www.chess.com/tournament/live/-titled-tuesday-32-blitz-671909
2016-07-05,05:00 PM,Titled Tuesday 3|2 Blitz,,83,EltajSafarli,-titled-tuesday-32-blitz-671912,https://www.chess.com/tournament/live/-titled-tuesday-32-blitz-671912
2016-07-05,11:00 AM,Titled Tuesday 3|2 Blitz,,146,Hikaru,-titled-tuesday-32-blitz-671911,https://www.chess.com/tournament/live/-titled-tuesday-32-blitz-671911
2016-08-02,05:00 PM,Titled Tuesday 3|2 Blitz,,96,jcibarra,-titled-tuesday-32-blitz-671914,https://www.chess.com/tournament/live/-titled-tuesday-32-blitz-671914
2016-08-02,11:00 AM,Titled Tuesday 3|2 Blitz,,157,MinhGTrAn,-titled-tuesday-32-blitz-671913,https://www.chess.com/tournament/live/-titled-tuesday-32-blitz-671913
2016-09-06,05:00 PM,Titled Tuesday 3|2 Blitz,,90,E-Shaposhnikov,-titled-tuesday-32-blitz-710217,https://www.chess.com/tournament/live/-titled-tuesday-32-blitz-710217
2016-09-06,11:00 AM,Titled Tuesday 3|2 Blitz,,127,Alexander_Moskalenko,-titled-tuesday-32-blitz-710216,https://www.chess.com/tournament/live/-titled-tuesday-32-blitz-710216
2016-10-04,05:00 PM,Titled Tuesday 3|2 Blitz,,93,daro94,-titled-tuesday-32-blitz-723840,https://www.chess.com/tournament/live/-titled-tuesday-32-blitz-723840
2016-10-04,11:00 AM,Titled Tuesday 3|2 Blitz,,153,Oleksandr_Bortnyk,-titled-tuesday-32-blitz-723839,https://www.chess.com/tournament/live/-titled-tuesday-32-blitz-723839
2016-11-01,05:00 PM,Titled Tuesday 3|2 Blitz (Late),late,104,Zaven_ChessMood,-titled-tuesday-32-blitz-late-735591,https://www.chess.com/tournament/live/-titled-tuesday-32-blitz-late-735591
2016-11-01,11:00 AM,Titled Tuesday 3|2 Blitz (Early),early,136,FairChess_on_YouTube,-titled-tuesday-32-blitz-early-735590,https://www.chess.com/tournament/live/-titled-tuesday-32-blitz-early-735590
2016-12-06,05:00 PM,Titled Tuesday 3|2 Blitz (Late),late,90,Hikaru,-titled-tuesday-32-blitz-late-753534,https://www.chess.com/tournament/live/-titled-tuesday-32-blitz-late-753534
2016-12-06,11:00 AM,Titled Tuesday 3|2 Blitz (Early),early,144,Dlugy,-titled-tuesday-32-blitz-early-753535,https://www.chess.com/tournament/live/-titled-tuesday-32-blitz-early-753535
2017-01-03,05:00 PM,Titled Tuesday 3|2 Blitz (Late),late,113,Elshan1985,-titled-tuesday-32-blitz-late-767969,https://www.chess.com/tournament/live/-titled-tuesday-32-blitz-late-767969
2017-01-03,11:00 AM,Titled Tuesday 3|2 Blitz (Early),early,167,Dlugy,-titled-tuesday-32-blitz-early-767968,https://www.chess.com/tournament/live/-titled-tuesday-32-blitz-early-767968
2017-02-07,01:00 PM,Titled Tuesday 3|2 Blitz,,216,EltajSafarli,titled-tuesday-32-blitz-789085,https://www.chess.com/tournament/live/titled-tuesday-32-blitz-789085
2017-03-07,01:00 PM,Titled Tuesday 3|2 Blitz,,229,Hikaru,-titled-tuesday-32-blitz-800243,https://www.chess.com/tournament/live/-titled-tuesday-32-blitz-800243
2017-04-04,01:00 PM,Qualifier 1: Titled Tuesday 3|2 Blitz,,231,sergiochess83,-qualifier-1-titled-tuesday-32-blitz-817562,https://www.chess.com/tournament/live/-qualifier-1-titled-tuesday-32-blitz-817562
2017-04-11,01:00 PM,Qualifier 2: Titled Tuesday 3|2 Blitz,,180,GeorgMeier,-qualifier-2-titled-tuesday-32-blitz-821653,https://www.chess.com/tournament/live/-qualifier-2-titled-tuesday-32-blitz-821653
2017-04-18,01:00 PM,Qualifier 3: Titled Tuesday 3|2 Blitz,,178,jefferyx,-qualifier-3-titled-tuesday-32-blitz-821668,https://www.chess.com/tournament/live/-qualifier-3-titled-tuesday-32-blitz-821668
2017-04-25,01:00 PM,Qualifier 4: Titled Tuesday 3|2 Blitz,,179,GGuseinov,-qualifier-4-titled-tuesday-32-blitz-821669,https://www.chess.com/tournament/live/-qualifier-4-titled-tuesday-32-blitz-821669
2017-05-02,01:00 PM,Titled Tuesday 3|2 Blitz,,154,MagnusCarlsen,-titled-tuesday-32-blitz-832833,https://www.chess.com/tournament/live/-titled-tuesday-32-blitz-832833
2017-06-06,01:50 PM,Titled Tuesday 3|2 Blitz,,190,Hikaru,-titled-tuesday-32-blitz-851498,https://www.chess.com/tournament/live/-titled-tuesday-32-blitz-851498
2017-07-04,01:00 PM,MasterClass Titled Tuesday Blitz,,184,FairChess_on_YouTube,-masterclass-titled-tuesday-blitz-862996,https://www.chess.com/tournament/live/-masterclass-titled-tuesday-blitz-862996
2017-08-01,01:00 PM,MasterClass Titled Tuesday Blitz,,218,FairChess_on_YouTube,-masterclass-titled-tuesday-blitz-878114,https://www.chess.com/tournament/live/-masterclass-titled-tuesday-blitz-878114
2017-09-05,01:00 PM,MasterClass Titled Tuesday Blitz,,189,jcibarra,-masterclass-titled-tuesday-blitz-894012,https://www.chess.com/tournament/live/-masterclass-titled-tuesday-blitz-894012
2017-10-03,01:00 PM,MasterClass Titled Tuesday Blitz,,223,Muisback26,-masterclass-titled-tuesday-blitz-899622,https://www.chess.com/tournament/live/-masterclass-titled-tuesday-blitz-899622
2017-11-07,02:03 PM,MasterClass Titled Tuesday Blitz,,194,MagnusCarlsen,-masterclass-titled-tuesday-blitz-906896,https://www.chess.com/tournament/live/-masterclass-titled-tuesday-blitz-906896
2017-12-05,02:15 PM,MasterClass Titled Tuesday Blitz,,299,Alexander_Moskalenko,-masterclass-titled-tuesday-blitz-913741,https://www.chess.com/tournament/live/-masterclass-titled-tuesday-blitz-913741
2017-12-12,01:00 PM,MasterClass Titled Tuesday Blitz,,196,Kaphrep,-masterclass-titled-tuesday-blitz-914248,https://www.chess.com/tournament/live/-masterclass-titled-tuesday-blitz-914248
2018-01-02,01:00 PM,Titled Tuesday Blitz,,259,GGuseinov,-titled-tuesday-blitz-919983,https://www.chess.com/tournament/live/-titled-tuesday-blitz-919983
2018-04-03,01:00 PM,Titled Tuesday Blitz,,265,gkchesstiger,-titled-tuesday-blitz-948450,https://www.chess.com/tournament/live/-titled-tuesday-blitz-948450
2018-04-17,01:00 PM,Biggest EVER Titled Tuesday,,373,ZapataCharlesS,-biggest-ever-titled-tuesday-952610,https://www.chess.com/tournament/live/-biggest-ever-titled-tuesday-952610
2018-05-01,01:00 PM,Titled Tuesday Blitz,,275,TigranLPetrosyan,-titled-tuesday-blitz-954936,https://www.chess.com/tournament/live/-titled-tuesday-blitz-954936
2018-06-05,01:00 PM,Titled Tuesday Blitz,,386,Fighterman91,-titled-tuesday-blitz-965556,https://www.chess.com/tournament/live/-titled-tuesday-blitz-965556
2018-07-03,01:00 PM,Titled Tuesday Blitz,,238,mukhin1,-titled-tuesday-blitz-973486,https://www.chess.com/tournament/live/-titled-tuesday-blitz-973486
2018-08-07,01:00 PM,Titled Tuesday Blitz,,237,wonderfultime,-titled-tuesday-blitz-982969,https://www.chess.com/tournament/live/-titled-tuesday-blitz-982969
2018-09-04,01:35 PM,Titled Tuesday Blitz,,275,sergiochess83,-titled-tuesday-blitz-992544,https://www.chess.com/tournament/live/-titled-tuesday-blitz-992544
2018-10-02,01:00 PM,Titled Tuesday Blitz,,205,tigra,-titled-tuesday-blitz-998520,https://www.chess.com/tournament/live/-titled-tuesday-blitz-998520
2018-11-06,01:00 PM,Titled Tuesday Blitz,,313,danyuffa,-titled-tuesday-blitz-1008229,https://www.chess.com/tournament/live/-titled-tuesday-blitz-1008229
2018-12-04,01:00 PM,Titled Tuesday Blitz,,353,LyonBeast,-titled-tuesday-blitz-1016282,https://www.chess.com/tournament/live/-titled-tuesday-blitz-1016282
2019-01-01,01:00 PM,Titled Tuesday Blitz,,388,Indianlad,-titled-tuesday-blitz-1024163,https://www.chess.com/tournament/live/-titled-tuesday-blitz-1024163
2019-02-05,01:00 PM,Titled Tuesday Blitz,,434,Grischuk,-titled-tuesday-blitz-1034328,https://www.chess.com/tournament/live/-titled-tuesday-blitz-1034328
2019-03-05,01:00 PM,Titled Tuesday Blitz,,396,Genghis_K,-titled-tuesday-blitz-1042665,https://www.chess.com/tournament/live/-titled-tuesday-blitz-1042665
2019-04-02,02:00 PM,Titled Tuesday Blitz,,432,Konavets,-titled-tuesday-blitz-1051389,https://www.chess.com/tournament/live/-titled-tuesday-blitz-1051389
2019-05-07,01:00 PM,Titled Tuesday Blitz,,364,penguingm1,-titled-tuesday-blitz-1061838,https://www.chess.com/tournament/live/-titled-tuesday-blitz-1061838
2019-06-04,01:00 PM,Titled Tuesday Blitz,,420,Hikaru,-titled-tuesday-blitz-1070427,https://www.chess.com/tournament/live/-titled-tuesday-blitz-1070427
2019-07-02,01:00 PM,Titled Tuesday Blitz,,433,Padenie_Zvezd,-titled-tuesday-blitz-1078636,https://www.chess.com/tournament/live/-titled-tuesday-blitz-1078636
2019-08-06,01:00 PM,Titled Tuesday Blitz,,432,VladDobrov,-titled-tuesday-blitz-1089335,https://www.chess.com/tournament/live/-titled-tuesday-blitz-1089335
2019-09-03,03:00 PM,Titled Tuesday Blitz,,308,Parhamov,-titled-tuesday-blitz-1097711,https://www.chess.com/tournament/live/-titled-tuesday-blitz-1097711
2019-10-01,01:00 PM,Titled Tuesday Blitz,,355,Parhamov,-titled-tuesday-blitz-1105893,https://www.chess.com/tournament/live/-titled-tuesday-blitz-1105893
2019-11-05,01:00 PM,Titled Tuesday Blitz,,373,platy3,-titled-tuesday-blitz-1117830,https://www.chess.com/tournament/live/-titled-tuesday-blitz-1117830
2019-12-03,01:00 PM,Titled Tuesday Blitz,,341,DangerousPlayer1st,-titled-tuesday-blitz-1125173,https://www.chess.com/tournament/live/-titled-tuesday-blitz-1125173
2020-01-07,01:00 PM,Titled Tuesday Blitz,,415,Konavets,-titled-tuesday-blitz-1136499,https://www.chess.com/tournament/live/-titled-tuesday-blitz-1136499
2020-01-07,09:00 AM,Titled Tuesday Blitz AM,,384,Parhamov,-titled-tuesday-blitz-am-1136500,https://www.chess.com/tournament/live/-titled-tuesday-blitz-am-1136500
2020-02-04,01:00 PM,Titled Tuesday Blitz,,368,sergiochess83,-titled-tuesday-blitz-1144554,https://www.chess.com/tournament/live/-titled-tuesday-blitz-1144554
2020-02-04,09:00 AM,Titled Tuesday Blitz,,281,hanzo_hasashi1,-titled-tuesday-blitz-1144553,https://www.chess.com/tournament/live/-titled-tuesday-blitz-1144553
2020-03-03,01:00 PM,Titled Tuesday Blitz,,420,Sebastian,-titled-tuesday-blitz-1152628,https://www.chess.com/tournament/live/-titled-tuesday-blitz-1152628
2020-03-03,09:00 AM,Titled Tuesday Blitz,,376,Eltaj_Safarli,-titled-tuesday-blitz-1152623,https://www.chess.com/tournament/live/-titled-tuesday-blitz-1152623
2020-04-07,01:00 PM,Titled Tuesday Blitz,,888,Micki-taryan,-titled-tuesday-blitz-1182433,https://www.chess.com/tournament/live/-titled-tuesday-blitz-1182433
2020-04-14,10:00 AM,Titled Tuesday Blitz,,1126,Salem-AR,-titled-tuesday-blitz-1189334,https://www.chess.com/tournament/live/-titled-tuesday-blitz-1189334
2020-04-21,10:00 AM,Titled Tuesday Blitz,,1037,Shant_Sargsyan,-titled-tuesday-blitz-1199696,https://www.chess.com/tournament/live/-titled-tuesday-blitz-1199696
2020-04-28,10:00 AM,Titled Tuesday Blitz,,1109,GOGIEFF,-titled-tuesday-blitz-1208093,https://www.chess.com/tournament/live/-titled-tuesday-blitz-1208093
2020-05-05,10:00 AM,Titled Tuesday Blitz,,1055,Anton_Demchenko,-titled-tuesday-blitz-1213181,https://www.chess.com/tournament/live/-titled-tuesday-blitz-1213181
2020-05-12,10:00 AM,Titled Tuesday Blitz,,1084,Hikaru,-titled-tuesday-blitz-1225223,https://www.chess.com/tournament/live/-titled-tuesday-blitz-1225223
2020-05-19,12:00 PM,Titled Tuesday Blitz,,1007,Hikaru,-titled-tuesday-blitz-1233743,https://www.chess.com/tournament/live/-titled-tuesday-blitz-1233743
2020-05-26,10:00 AM,Titled Tuesday Blitz,,926,ChessWarrior7197,-titled-tuesday-blitz-1240807,https://www.chess.com/tournament/live/-titled-tuesday-blitz-1240807
2020-06-02,10:00 AM,SCC Grand Prix: Titled Tuesday Blitz,,1047,SergeyKarjakin,-scc-grand-prix-titled-tuesday-blitz-1246996,https://www.chess.com/tournament/live/-scc-grand-prix-titled-tuesday-blitz-1246996
2020-06-09,09:00 AM,SCC Grand Prix: Titled Tuesday Blitz,,740,LyonBeast,-scc-grand-prix-titled-tuesday-blitz-1253603,https://www.chess.com/tournament/live/-scc-grand-prix-titled-tuesday-blitz-1253603
2020-06-16,09:00 AM,SCC Grand Prix: Titled Tuesday Blitz,,881,Bigfish1995,-scc-grand-prix-titled-tuesday-blitz-1259839,https://www.chess.com/tournament/live/-scc-grand-prix-titled-tuesday-blitz-1259839
2020-06-23,10:00 AM,SCC Grand Prix: Titled Tuesday Blitz,,762,Firouzja2003,-scc-grand-prix-titled-tuesday-blitz-1287259,https://www.chess.com/tournament/live/-scc-grand-prix-titled-tuesday-blitz-1287259
2020-06-30,10:00 AM,SCC Grand Prix: Titled Tuesday Blitz,,826,Hikaru,-scc-grand-prix-titled-tuesday-blitz-1293512,https://www.chess.com/tournament/live/-scc-grand-prix-titled-tuesday-blitz-1293512
2020-07-07,10:00 AM,SCC Grand Prix: Titled Tuesday Blitz,,879,FabianoCaruana,-scc-grand-prix-titled-tuesday-blitz-1308796,https://www.chess.com/tournament/live/-scc-grand-prix-titled-tuesday-blitz-1308796
2020-07-14,10:00 AM,SCC Grand Prix: Titled Tuesday Blitz,,875,FabianoCaruana,-scc-grand-prix-titled-tuesday-blitz-1314461,https://www.chess.com/tournament/live/-scc-grand-prix-titled-tuesday-blitz-1314461
2020-07-21,10:00 AM,SCC Grand Prix: Titled Tuesday Blitz,,745,ChessWarrior7197,-scc-grand-prix-titled-tuesday-blitz-1331040,https://www.chess.com/tournament/live/-scc-grand-prix-titled-tuesday-blitz-1331040
2020-08-04,01:45 PM,SCC Grand Prix: Titled Tuesday Blitz,,353,Zkid,-scc-grand-prix-titled-tuesday-blitz-1471954,https://www.chess.com/tournament/live/-scc-grand-prix-titled-tuesday-blitz-1471954
2020-08-04,10:00 AM,SCC Grand Prix: Titled Tuesday Blitz,,875,Onischuk_V,-scc-grand-prix-titled-tuesday-blitz-1366564,https://www.chess.com/tournament/live/-scc-grand-prix-titled-tuesday-blitz-1366564
2020-08-11,10:00 AM,SCC Grand Prix: Titled Tuesday Blitz,,758,ChessWarrior7197,-scc-grand-prix-titled-tuesday-blitz-1496670,https://www.chess.com/tournament/live/-scc-grand-prix-titled-tuesday-blitz-1496670
2020-08-18,10:00 AM,SCC Grand Prix: Titled Tuesday Blitz,,773,Sibelephant,-scc-grand-prix-titled-tuesday-blitz-1496673,https://www.chess.com/tournament/live/-scc-grand-prix-titled-tuesday-blitz-1496673
2020-08-25,10:00 AM,SCC Grand Prix: Titled Tuesday Blitz,,728,LiemLe,-scc-grand-prix-titled-tuesday-blitz-1526407,https://www.chess.com/tournament/live/-scc-grand-prix-titled-tuesday-blitz-1526407
2020-09-01,10:00 AM,SCC Grand Prix: Titled Tuesday Blitz,,782,Onischuk_V,-scc-grand-prix-titled-tuesday-blitz-1540596,https://www.chess.com/tournament/live/-scc-grand-prix-titled-tuesday-blitz-1540596
2020-09-08,10:00 AM,SCC Grand Prix: Titled Tuesday Blitz,,728,KuzubovYuriy,-scc-grand-prix-titled-tuesday-blitz-1540597,https://www.chess.com/tournament/live/-scc-grand-prix-titled-tuesday-blitz-1540597
2020-09-15,10:00 AM,SCC Grand Prix: Titled Tuesday Blitz,,710,ChessWarrior7197,-scc-grand-prix-titled-tuesday-blitz-1569933,https://www.chess.com/tournament/live/-scc-grand-prix-titled-tuesday-blitz-1569933
2020-09-22,10:00 AM,SCC Grand Prix: Titled Tuesday Blitz,,707,Hikaru,-scc-grand-prix-titled-tuesday-blitz-1569934,https://www.chess.com/tournament/live/-scc-grand-prix-titled-tuesday-blitz-1569934
2020-09-29,10:00 AM,SCC Grand Prix: Titled Tuesday Blitz,,674,lachesisQ,-scc-grand-prix-titled-tuesday-blitz-1584634,https://www.chess.com/tournament/live/-scc-grand-prix-titled-tuesday-blitz-1584634
2020-10-06,10:00 AM,SCC Grand Prix: Titled Tuesday Blitz,,641,Jospem,-scc-grand-prix-titled-tuesday-blitz-1598916,https://www.chess.com/tournament/live/-scc-grand-prix-titled-tuesday-blitz-1598916
2020-10-13,10:00 AM,SCC Grand Prix: Titled Tuesday Blitz,,636,Parhamov,-scc-grand-prix-titled-tuesday-blitz-1613697,https://www.chess.com/tournament/live/-scc-grand-prix-titled-tuesday-blitz-1613697
2020-10-20,10:00 AM,Titled Tuesday Blitz,,693,Hikaru,-titled-tuesday-blitz-1642376,https://www.chess.com/tournament/live/-titled-tuesday-blitz-1642376
2020-10-27,10:00 AM,Titled Tuesday Blitz,,617,SergeyKarjakin,-titled-tuesday-blitz-1657512,https://www.chess.com/tournament/live/-titled-tuesday-blitz-1657512
2020-11-03,10:00 AM,Titled Tuesday Blitz,,702,jefferyx,-titled-tuesday-blitz-1692726,https://www.chess.com/tournament/live/-titled-tuesday-blitz-1692726
2020-11-10,10:00 AM,Titled Tuesday Blitz,,707,dropstoneDP,-titled-tuesday-blitz-1692727,https://www.chess.com/tournament/live/-titled-tuesday-blitz-1692727
2020-11-17,10:00 AM,Titled Tuesday Blitz,,775,penguingm1,-titled-tuesday-blitz-1722513,https://www.chess.com/tournament/live/-titled-tuesday-blitz-1722513
2020-11-24,10:15 AM,Titled Tuesday Blitz,,704,vugarrasulov,-titled-tuesday-blitz-1788075,https://www.chess.com/tournament/live/-titled-tuesday-blitz-1788075
2020-12-01,10:00 AM,Titled Tuesday Blitz,,727,Hikaru,-titled-tuesday-blitz-1823015,https://www.chess.com/tournament/live/-titled-tuesday-blitz-1823015
2020-12-15,10:00 AM,Titled Tuesday Blitz,,681,Hikaru,-titled-tuesday-blitz-1913631,https://www.chess.com/tournament/live/-titled-tuesday-blitz-1913631
2020-12-22,10:00 AM,Titled Tuesday Blitz,,766,Azerichess,-titled-tuesday-blitz-1913645,https://www.chess.com/tournament/live/-titled-tuesday-blitz-1913645
2020-12-29,10:00 AM,Titled Tuesday Blitz,,717,jefferyx,-titled-tuesday-blitz-1943787,https://www.chess.com/tournament/live/-titled-tuesday-blitz-1943787
2021-01-12,10:00 AM,Titled Tuesday Blitz,,773,mishanick,-titled-tuesday-blitz-1948540,https://www.chess.com/tournament/live/-titled-tuesday-blitz-1948540
2021-01-19,10:00 AM,Titled Tuesday Blitz,,741,Azerichess,-titled-tuesday-blitz-1978980,https://www.chess.com/tournament/live/-titled-tuesday-blitz-1978980
2021-01-26,10:00 AM,Titled Tuesday Blitz,,747,GigaQuparadze,-titled-tuesday-blitz-2014944,https://www.chess.com/tournament/live/-titled-tuesday-blitz-2014944
2021-02-02,10:00 AM,Titled Tuesday Blitz,,811,Hikaru,-titled-tuesday-blitz-2021454,https://www.chess.com/tournament/live/-titled-tuesday-blitz-2021454
2021-02-09,10:00 AM,Titled Tuesday Blitz,,729,PSvidler,-titled-tuesday-blitz-2047933,https://www.chess.com/tournament/live/-titled-tuesday-blitz-2047933
2021-02-16,10:00 AM,Titled Tuesday Blitz,,719,Sibelephant,-titled-tuesday-blitz-2074378,https://www.chess.com/tournament/live/-titled-tuesday-blitz-2074378
2021-02-23,10:00 AM,Titled Tuesday Blitz,,740,Bigfish1995,-titled-tuesday-blitz-2089736,https://www.chess.com/tournament/live/-titled-tuesday-blitz-2089736
2021-03-02,10:00 AM,Titled Tuesday Blitz,,778,Sibelephant,-titled-tuesday-blitz-2106187,https://www.chess.com/tournament/live/-titled-tuesday-blitz-2106187
2021-03-09,10:00 AM,Titled Tuesday Blitz,,788,Sibelephant,-titled-tuesday-blitz-2132079,https://www.chess.com/tournament/live/-titled-tuesday-blitz-2132079
2021-03-16,10:00 AM,Titled Tuesday Blitz,,402,DenLaz,-titled-tuesday-blitz-2132080,https://www.chess.com/tournament/live/-titled-tuesday-blitz-2132080
2021-03-23,10:00 AM,Titled Tuesday Blitz,,659,PaulfromSPb,-titled-tuesday-blitz-2132081,https://www.chess.com/tournament/live/-titled-tuesday-blitz-2132081
2021-03-30,10:00 AM,Titled Tuesday Blitz,,740,Firouzja2003,-titled-tuesday-blitz-2132082,https://www.chess.com/tournament/live/-titled-tuesday-blitz-2132082
2021-04-06,10:00 AM,Titled Tuesday Blitz,,800,Firouzja2003,-titled-tuesday-blitz-2226691,https://www.chess.com/tournament/live/-titled-tuesday-blitz-2226691
2021-04-13,10:00 AM,Titled Tuesday Blitz,,769,Hikaru,-titled-tuesday-blitz-2226692,https://www.chess.com/tournament/live/-titled-tuesday-blitz-2226692
2021-04-20,10:00 AM,Titled Tuesday Blitz,,644,Hikaru,-titled-tuesday-blitz-2226693,https://www.chess.com/tournament/live/-titled-tuesday-blitz-2226693
2021-04-27,10:00 AM,Titled Tuesday Blitz,,611,jefferyx,-titled-tuesday-blitz-2226694,https://www.chess.com/tournament/live/-titled-tuesday-blitz-2226694
2021-05-04,10:00 AM,Titled-Tuesday-Blitz-May-4-2021,,666,Hikaru,titled-tuesday-blitz-may-4-2021-2288851,https://www.chess.com/tournament/live/titled-tuesday-blitz-may-4-2021-2288851
2021-05-11,10:00 AM,Titled-Tuesday-Blitz-May-11-2021,,657,Sibelephant,titled-tuesday-blitz-may-11-2021-2314015,https://www.chess.com/tournament/live/titled-tuesday-blitz-may-11-2021-2314015
2021-05-18,10:00 AM,Titled-Tuesday-Blitz-May-18-2021,,697,GM_Levan_Pantsulaia,titled-tuesday-blitz-may-18-2021-2319376,https://www.chess.com/tournament/live/titled-tuesday-blitz-may-18-2021-2319376
2021-05-25,10:00 AM,Titled-Tuesday-Blitz-May-25-2021,,592,jefferyx,titled-tuesday-blitz-may-25-2021-2333682,https://www.chess.com/tournament/live/titled-tuesday-blitz-may-25-2021-2333682
2021-06-01,10:00 AM,Titled-Tuesday-Blitz-June-01-2021,,636,ChessWarrior7197,titled-tuesday-blitz-june-01-2021-2359358,https://www.chess.com/tournament/live/titled-tuesday-blitz-june-01-2021-2359358
2021-06-08,10:00 AM,Titled-Tuesday-Blitz-June-08-2021,,623,Hikaru,titled-tuesday-blitz-june-08-2021-2384337,https://www.chess.com/tournament/live/titled-tuesday-blitz-june-08-2021-2384337
2021-06-15,10:00 AM,Titled-Tuesday-Blitz-June-15-2021,,583,kirillshevchenko,titled-tuesday-blitz-june-15-2021-2399019,https://www.chess.com/tournament/live/titled-tuesday-blitz-june-15-2021-2399019
2021-06-22,10:00 AM,Titled-Tuesday-Blitz-June-22-2021,,583,GOGIEFF,titled-tuesday-blitz-june-22-2021-2413621,https://www.chess.com/tournament/live/titled-tuesday-blitz-june-22-2021-2413621
2021-06-29,10:00 AM,Titled-Tuesday-Blitz-June-29-2021,,479,viditchess,titled-tuesday-blitz-june-29-2021-2428655,https://www.chess.com/tournament/live/titled-tuesday-blitz-june-29-2021-2428655
2021-07-06,10:00 AM,Titled-Tuesday-Blitz-July-06-2021,,514,Hikaru,titled-tuesday-blitz-july-06-2021-2443189,https://www.chess.com/tournament/live/titled-tuesday-blitz-july-06-2021-2443189
2021-07-13,10:00 AM,Titled-Tuesday-Blitz-July-13-2021,,502,Hikaru,titled-tuesday-blitz-july-13-2021-2457070,https://www.chess.com/tournament/live/titled-tuesday-blitz-july-13-2021-2457070
2021-07-20,10:00 AM,Titled-Tuesday-Blitz-July-20-2021,,472,wonderfultime,titled-tuesday-blitz-july-20-2021-2471236,https://www.chess.com/tournament/live/titled-tuesday-blitz-july-20-2021-2471236
2021-07-27,10:00 AM,Titled-Tuesday-Blitz-July-27-2021,,480,Hikaru,titled-tuesday-blitz-july-27-2021-2485661,https://www.chess.com/tournament/live/titled-tuesday-blitz-july-27-2021-2485661
2021-08-03,10:00 AM,Titled-Tuesday-Blitz-August-03-2021,,473,rpragchess,titled-tuesday-blitz-august-03-2021-2500049,https://www.chess.com/tournament/live/titled-tuesday-blitz-august-03-2021-2500049
2021-08-10,10:00 AM,Titled-Tuesday-Blitz-August-10-2021,,539,Konavets,titled-tuesday-blitz-august-10-2021-2514265,https://www.chess.com/tournament/live/titled-tuesday-blitz-august-10-2021-2514265
2021-08-17,10:00 AM,Titled-Tuesday-Blitz-August-17-2021,,572,Hikaru,titled-tuesday-blitz-august-17-2021-2528831,https://www.chess.com/tournament/live/titled-tuesday-blitz-august-17-2021-2528831
2021-08-24,10:00 AM,Titled-Tuesday-Blitz-August-24-2021,,530,Parhamov,titled-tuesday-blitz-august-24-2021-2533344,https://www.chess.com/tournament/live/titled-tuesday-blitz-august-24-2021-2533344
2021-08-31,10:00 AM,Titled-Tuesday-Blitz-August-31-2021,,553,wonderfultime,titled-tuesday-blitz-august-31-2021-2546688,https://www.chess.com/tournament/live/titled-tuesday-blitz-august-31-2021-2546688
2021-09-07,10:00 AM,Titled-Tuesday-Blitz-September-07-2021,,496,hanzo_hasashi1,titled-tuesday-blitz-september-07-2021-2562438,https://www.chess.com/tournament/live/titled-tuesday-blitz-september-07-2021-2562438
2021-09-14,10:00 AM,Titled-Tuesday-Blitz-September-14-2021,,480,RD4ever,titled-tuesday-blitz-september-14-2021-2596840,https://www.chess.com/tournament/live/titled-tuesday-blitz-september-14-2021-2596840
2021-09-28,10:00 AM,Titled-Tuesday-Blitz-September-28-2021,,516,tigra,titled-tuesday-blitz-september-28-2021-2623716,https://www.chess.com/tournament/live/titled-tuesday-blitz-september-28-2021-2623716
2021-10-05,10:00 AM,Titled-Tuesday-Blitz-October-05-2021,,496,ChristopherYoo,titled-tuesday-blitz-october-05-2021-2640054,https://www.chess.com/tournament/live/titled-tuesday-blitz-october-05-2021-2640054
2021-10-12,10:00 AM,Titled-Tuesday-Blitz-October-12-2021,,468,joppie2,titled-tuesday-blitz-october-12-2021-2654644,https://www.chess.com/tournament/live/titled-tuesday-blitz-october-12-2021-2654644
2021-10-19,10:00 AM,Titled-Tuesday-Blitz-October-19-2021,,454,Hikaru,titled-tuesday-blitz-october-19-2021-2669205,https://www.chess.com/tournament/live/titled-tuesday-blitz-october-19-2021-2669205
2021-10-26,10:00 AM,Titled-Tuesday-Blitz-October-26-2021,,492,Azerichess,titled-tuesday-blitz-october-26-2021-2673117,https://www.chess.com/tournament/live/titled-tuesday-blitz-october-26-2021-2673117
2021-11-02,10:00 AM,Titled-Tuesday-Blitz-November-02-2021,,452,Hikaru,titled-tuesday-blitz-november-02-2021-2688099,https://www.chess.com/tournament/live/titled-tuesday-blitz-november-02-2021-2688099
2021-11-09,10:00 AM,Titled-Tuesday-Blitz-November-09-2021,,538,RD4ever,titled-tuesday-blitz-november-09-2021-2710127,https://www.chess.com/tournament/live/titled-tuesday-blitz-november-09-2021-2710127
2021-11-16,10:00 AM,Titled-Tuesday-Blitz-November-16-2021,,510,FairChess_on_YouTube,titled-tuesday-blitz-november-16-2021-2736618,https://www.chess.com/tournament/live/titled-tuesday-blitz-november-16-2021-2736618
2021-11-23,10:00 AM,Titled-Tuesday-Blitz-November-23-2021,,557,Hikaru,titled-tuesday-blitz-november-23-2021-2750236,https://www.chess.com/tournament/live/titled-tuesday-blitz-november-23-2021-2750236
2021-11-30,10:00 AM,Titled-Tuesday-Blitz-November-30-2021,,509,Sviridov_Valery,titled-tuesday-blitz-november-30-2021-2764222,https://www.chess.com/tournament/live/titled-tuesday-blitz-november-30-2021-2764222
2021-12-07,10:00 AM,Titled-Tuesday-Blitz-December-07-2021,,472,jefferyx,titled-tuesday-blitz-december-07-2021-2779114,https://www.chess.com/tournament/live/titled-tuesday-blitz-december-07-2021-2779114
2021-12-14,10:00 AM,Titled-Tuesday-Blitz-December-14-2021,,587,Jospem,titled-tuesday-blitz-december-14-2021-2793478,https://www.chess.com/tournament/live/titled-tuesday-blitz-december-14-2021-2793478
2021-12-21,10:00 AM,Titled-Tuesday-Blitz-December-21-2021,,486,Igrok3069,titled-tuesday-blitz-december-21-2021-2825101,https://www.chess.com/tournament/live/titled-tuesday-blitz-december-21-2021-2825101
2021-12-28,10:00 AM,Titled-Tuesday-Blitz-December-28-2021,,370,GGuseinov,titled-tuesday-blitz-december-28-2021-2825102,https://www.chess.com/tournament/live/titled-tuesday-blitz-december-28-2021-2825102
2022-01-04,10:00 AM,Titled-Tuesday-Blitz-January-04-2022,,652,howitzer14,titled-tuesday-blitz-january-04-2022-2854823,https://www.chess.com/tournament/live/titled-tuesday-blitz-january-04-2022-2854823
2022-01-11,10:00 AM,Titled-Tuesday-Blitz-January-11-2022,,629,mishanick,titled-tuesday-blitz-january-11-2022-2868439,https://www.chess.com/tournament/live/titled-tuesday-blitz-january-11-2022-2868439
2022-01-18,10:00 AM,Titled-Tuesday-Blitz-January-18-2022,,585,jefferyx,titled-tuesday-blitz-january-18-2022-2892377,https://www.chess.com/tournament/live/titled-tuesday-blitz-january-18-2022-2892377
2022-01-25,10:00 AM,Titled-Tuesday-Blitz-January-25-2022,,599,Hikaru,titled-tuesday-blitz-january-25-2022-2906225,https://www.chess.com/tournament/live/titled-tuesday-blitz-january-25-2022-2906225
2022-02-01,02:00 PM,Titled-Tuesday-Blitz-February-01-2022-B,,328,Hikaru,titled-tuesday-blitz-february-01-2022-b-2930235,https://www.chess.com/tournament/live/titled-tuesday-blitz-february-01-2022-b-2930235
2022-02-01,08:00 AM,Titled-Tuesday-Blitz-February-01-2022-A,,477,Hikaru,titled-tuesday-blitz-february-01-2022-a-2930234,https://www.chess.com/tournament/live/titled-tuesday-blitz-february-01-2022-a-2930234
2022-02-08,02:00 PM,Late-Titled-Tuesday-Blitz-February-08-2022,late,340,lachesisQ,late-titled-tuesday-blitz-february-08-2022-2943651,https://www.chess.com/tournament/live/late-titled-tuesday-blitz-february-08-2022-2943651
2022-02-08,08:00 AM,Early-Titled-Tuesday-Blitz-February-08-2022,early,485,kirillshevchenko,early-titled-tuesday-blitz-february-08-2022-2943650,https://www.chess.com/tournament/live/early-titled-tuesday-blitz-february-08-2022-2943650
2022-02-15,02:00 PM,Late-Titled-Tuesday-Blitz-February-15-2022,late,307,HansOnTwitch,late-titled-tuesday-blitz-february-15-2022-2957305,https://www.chess.com/tournament/live/late-titled-tuesday-blitz-february-15-2022-2957305
2022-02-15,08:00 AM,Early-Titled-Tuesday-Blitz-February-15-2022,early,481,Bigfish1995,early-titled-tuesday-blitz-february-15-2022-2957301,https://www.chess.com/tournament/live/early-titled-tuesday-blitz-february-15-2022-2957301
2022-02-22,02:00 PM,Late-Titled-Tuesday-Blitz-February-22-2022,late,327,DanielNaroditsky,late-titled-tuesday-blitz-february-22-2022-2970993,https://www.chess.com/tournament/live/late-titled-tuesday-blitz-february-22-2022-2970993
2022-02-22,08:00 AM,Early-Titled-Tuesday-Blitz-February-22-2022,early,488,exoticprincess,early-titled-tuesday-blitz-february-22-2022-2970991,https://www.chess.com/tournament/live/early-titled-tuesday-blitz-february-22-2022-2970991
2022-03-01,02:00 PM,Late-Titled-Tuesday-Blitz-March-01-2022,late,288,AryanTari,late-titled-tuesday-blitz-march-01-2022-2984465,https://www.chess.com/tournament/live/late-titled-tuesday-blitz-march-01-2022-2984465
2022-03-01,08:00 AM,Early-Titled-Tuesday-Blitz-March-01-2022,early,418,Jospem,early-titled-tuesday-blitz-march-01-2022-2984464,https://www.chess.com/tournament/live/early-titled-tuesday-blitz-march-01-2022-2984464
2022-03-08,02:00 PM,Late-Titled-Tuesday-Blitz-March-08-2022,late,263,Duhless,late-titled-tuesday-blitz-march-08-2022-2997972,https://www.chess.com/tournament/live/late-titled-tuesday-blitz-march-08-2022-2997972
2022-03-08,08:00 AM,Early-Titled-Tuesday-Blitz-March-08-2022,early,431,Hikaru,early-titled-tuesday-blitz-march-08-2022-2997971,https://www.chess.com/tournament/live/early-titled-tuesday-blitz-march-08-2022-2997971
2022-03-15,02:00 PM,Late-Titled-Tuesday-Blitz-March-15-2022,late,294,Hikaru,late-titled-tuesday-blitz-march-15-2022-3021528,https://www.chess.com/tournament/live/late-titled-tuesday-blitz-march-15-2022-3021528
2022-03-15,08:00 AM,Early-Titled-Tuesday-Blitz-March-15-2022,early,248,Duhless,early-titled-tuesday-blitz-march-15-2022-3021527,https://www.chess.com/tournament/live/early-titled-tuesday-blitz-march-15-2022-3021527
2022-03-22,02:00 PM,Late-Titled-Tuesday-Blitz-March-22-2022,late,301,FairChess_on_YouTube,late-titled-tuesday-blitz-march-22-2022-3035073,https://www.chess.com/tournament/live/late-titled-tuesday-blitz-march-22-2022-3035073
2022-03-22,08:00 AM,Early-Titled-Tuesday-Blitz-March-22-2022,early,350,lachesisQ,early-titled-tuesday-blitz-march-22-2022-3035072,https://www.chess.com/tournament/live/early-titled-tuesday-blitz-march-22-2022-3035072
2022-03-29,02:00 PM,Late-Titled-Tuesday-Blitz-March-29-2022,late,259,FairChess_on_YouTube,late-titled-tuesday-blitz-march-29-2022-3048367,https://www.chess.com/tournament/live/late-titled-tuesday-blitz-march-29-2022-3048367
2022-03-29,08:00 AM,Early-Titled-Tuesday-Blitz-March-29-2022,early,341,Hikaru,early-titled-tuesday-blitz-march-29-2022-3048362,https://www.chess.com/tournament/live/early-titled-tuesday-blitz-march-29-2022-3048362
2022-04-05,02:00 PM,Late-Titled-Tuesday-Blitz-April-05-2022,late,294,lachesisQ,late-titled-tuesday-blitz-april-05-2022-3061906,https://www.chess.com/tournament/live/late-titled-tuesday-blitz-april-05-2022-3061906
2022-04-05,08:00 AM,Early-Titled-Tuesday-Blitz-April-05-2022,early,363,Oleksandr_Bortnyk,early-titled-tuesday-blitz-april-05-2022-3061905,https://www.chess.com/tournament/live/early-titled-tuesday-blitz-april-05-2022-3061905
2022-04-12,02:00 PM,Late-Titled-Tuesday-Blitz-April-12-2022,late,257,Hikaru,late-titled-tuesday-blitz-april-12-2022-3075474,https://www.chess.com/tournament/live/late-titled-tuesday-blitz-april-12-2022-3075474
2022-04-12,08:00 AM,Early-Titled-Tuesday-Blitz-April-12-2022,early,385,ChessWarrior7197,early-titled-tuesday-blitz-april-12-2022-3075473,https://www.chess.com/tournament/live/early-titled-tuesday-blitz-april-12-2022-3075473
2022-04-19,02:00 PM,Late-Titled-Tuesday-Blitz-April-19-2022,late,293,FairChess_on_YouTube,late-titled-tuesday-blitz-april-19-2022-3088359,https://www.chess.com/tournament/live/late-titled-tuesday-blitz-april-19-2022-3088359
2022-04-19,08:00 AM,Early-Titled-Tuesday-Blitz-April-19-2022,early,399,Hikaru,early-titled-tuesday-blitz-april-19-2022-3088358,https://www.chess.com/tournament/live/early-titled-tuesday-blitz-april-19-2022-3088358
2022-04-26,02:00 PM,Late-Titled-Tuesday-Blitz-April-26-2022,late,300,exoticprincess,late-titled-tuesday-blitz-april-26-2022-3102162,https://www.chess.com/tournament/live/late-titled-tuesday-blitz-april-26-2022-3102162
2022-04-26,08:00 AM,Early-Titled-Tuesday-Blitz-April-26-2022,early,356,Hikaru,early-titled-tuesday-blitz-april-26-2022-3102161,https://www.chess.com/tournament/live/early-titled-tuesday-blitz-april-26-2022-3102161
2022-05-03,02:00 PM,Late-Titled-Tuesday-Blitz-May-03-2022,late,260,Hikaru,late-titled-tuesday-blitz-may-03-2022-3114965,https://www.chess.com/tournament/live/late-titled-tuesday-blitz-may-03-2022-3114965
2022-05-03,08:00 AM,Early-Titled-Tuesday-Blitz-May-03-2022,early,373,FairChess_on_YouTube,early-titled-tuesday-blitz-may-03-2022-3114964,https://www.chess.com/tournament/live/early-titled-tuesday-blitz-may-03-2022-3114964
2022-05-10,02:00 PM,Late-Titled-Tuesday-Blitz-May-10-2022,late,293,FairChess_on_YouTube,late-titled-tuesday-blitz-may-10-2022-3138415,https://www.chess.com/tournament/live/late-titled-tuesday-blitz-may-10-2022-3138415
2022-05-10,08:00 AM,Early-Titled-Tuesday-Blitz-May-10-2022,early,393,MagnusCarlsen,early-titled-tuesday-blitz-may-10-2022-3138414,https://www.chess.com/tournament/live/early-titled-tuesday-blitz-may-10-2022-3138414
2022-05-17,02:00 PM,Late-Titled-Tuesday-Blitz-May-17-2022,late,293,Grischuk,late-titled-tuesday-blitz-may-17-2022-3152043,https://www.chess.com/tournament/live/late-titled-tuesday-blitz-may-17-2022-3152043
2022-05-17,08:00 AM,Early-Titled-Tuesday-Blitz-May-17-2022,early,395,Jospem,early-titled-tuesday-blitz-may-17-2022-3152042,https://www.chess.com/tournament/live/early-titled-tuesday-blitz-may-17-2022-3152042
2022-05-24,02:00 PM,Late-Titled-Tuesday-Blitz-May-24-2022,late,287,Hikaru,late-titled-tuesday-blitz-may-24-2022-3165178,https://www.chess.com/tournament/live/late-titled-tuesday-blitz-may-24-2022-3165178
2022-05-24,08:00 AM,Early-Titled-Tuesday-Blitz-May-24-2022,early,385,daro94,early-titled-tuesday-blitz-may-24-2022-3165177,https://www.chess.com/tournament/live/early-titled-tuesday-blitz-may-24-2022-3165177
2022-05-31,02:00 PM,Late-Titled-Tuesday-Blitz-May-31-2022,late,317,Hikaru,late-titled-tuesday-blitz-may-31-2022-3178634,https://www.chess.com/tournament/live/late-titled-tuesday-blitz-may-31-2022-3178634
2022-05-31,08:00 AM,Early-Titled-Tuesday-Blitz-May-31-2022,early,377,HansOnTwitch,early-titled-tuesday-blitz-may-31-2022-3178633,https://www.chess.com/tournament/live/early-titled-tuesday-blitz-may-31-2022-3178633
2022-06-07,02:00 PM,Late-Titled-Tuesday-Blitz-June-07-2022,late,291,Hikaru,late-titled-tuesday-blitz-june-07-2022-3192103,https://www.chess.com/tournament/live/late-titled-tuesday-blitz-june-07-2022-3192103
2022-06-07,08:00 AM,Early-Titled-Tuesday-Blitz-June-07-2022,early,380,Hikaru,early-titled-tuesday-blitz-june-07-2022-3192102,https://www.chess.com/tournament/live/early-titled-tuesday-blitz-june-07-2022-3192102
2022-06-14,02:00 PM,Late-Titled-Tuesday-Blitz-June-14-2022,late,293,VitaliyBernadskiy,late-titled-tuesday-blitz-june-14-2022-3195434,https://www.chess.com/tournament/live/late-titled-tuesday-blitz-june-14-2022-3195434
2022-06-14,08:00 AM,Early-Titled-Tuesday-Blitz-June-14-2022,early,381,jefferyx,early-titled-tuesday-blitz-june-14-2022-3195433,https://www.chess.com/tournament/live/early-titled-tuesday-blitz-june-14-2022-3195433
2022-06-21,02:00 PM,Late-Titled-Tuesday-Blitz-June-21-2022,late,288,GMWSO,late-titled-tuesday-blitz-june-21-2022-3208580,https://www.chess.com/tournament/live/late-titled-tuesday-blitz-june-21-2022-3208580
2022-06-21,08:00 AM,Early-Titled-Tuesday-Blitz-June-21-2022,early,345,Bigfish1995,early-titled-tuesday-blitz-june-21-2022-3208579,https://www.chess.com/tournament/live/early-titled-tuesday-blitz-june-21-2022-3208579
2022-06-28,02:00 PM,Late-Titled-Tuesday-Blitz-June-28-2022,late,295,Salem-AR,late-titled-tuesday-blitz-june-28-2022-3221693,https://www.chess.com/tournament/live/late-titled-tuesday-blitz-june-28-2022-3221693
2022-06-28,08:00 AM,Early-Titled-Tuesday-Blitz-June-28-2022,early,369,Bigfish1995,early-titled-tuesday-blitz-june-28-2022-3221692,https://www.chess.com/tournament/live/early-titled-tuesday-blitz-june-28-2022-3221692
2022-07-05,02:00 PM,Late-Titled-Tuesday-Blitz-July-05-2022,late,304,FairChess_on_YouTube,late-titled-tuesday-blitz-july-05-2022-3235059,https://www.chess.com/tournament/live/late-titled-tuesday-blitz-july-05-2022-3235059
2022-07-05,08:00 AM,Early-Titled-Tuesday-Blitz-July-05-2022,early,382,"BogdanDeac, AryanTari",early-titled-tuesday-blitz-july-05-2022-3235058,https://www.chess.com/tournament/live/early-titled-tuesday-blitz-july-05-2022-3235058
2022-07-12,02:00 PM,Late-Titled-Tuesday-Blitz-July-12-2022,late,316,Hikaru,late-titled-tuesday-blitz-july-12-2022-3248357,https://www.chess.com/tournament/live/late-titled-tuesday-blitz-july-12-2022-3248357
2022-07-12,08:00 AM,Early-Titled-Tuesday-Blitz-July-12-2022,early,344,Jospem,early-titled-tuesday-blitz-july-12-2022-3248356,https://www.chess.com/tournament/live/early-titled-tuesday-blitz-july-12-2022-3248356
2022-07-19,02:45 PM,Late-Titled-Tuesday-Blitz-July-19-2022,late,261,FairChess_on_YouTube,late-titled-tuesday-blitz-july-19-2022-3262265,https://www.chess.com/tournament/live/late-titled-tuesday-blitz-july-19-2022-3262265
2022-07-19,08:00 AM,Early-Titled-Tuesday-Blitz-July-19-2022,early,342,atbenina64,early-titled-tuesday-blitz-july-19-2022-3261586,https://www.chess.com/tournament/live/early-titled-tuesday-blitz-july-19-2022-3261586
2022-07-26,02:00 PM,Late-Titled-Tuesday-Blitz-July-26-2022,late,301,mishanick,late-titled-tuesday-blitz-july-26-2022-3275071,https://www.chess.com/tournament/live/late-titled-tuesday-blitz-july-26-2022-3275071
2022-07-26,08:00 AM,Early-Titled-Tuesday-Blitz-July-26-2022,early,380,Hikaru,early-titled-tuesday-blitz-july-26-2022-3275070,https://www.chess.com/tournament/live/early-titled-tuesday-blitz-july-26-2022-3275070
2022-08-02,02:00 PM,Late-Titled-Tuesday-Blitz-August-02-2022,late,323,Oleksandr_Bortnyk,late-titled-tuesday-blitz-august-02-2022-3288264,https://www.chess.com/tournament/live/late-titled-tuesday-blitz-august-02-2022-3288264
2022-08-02,08:00 AM,Early-Titled-Tuesday-Blitz-August-02-2022,early,381,Hikaru,early-titled-tuesday-blitz-august-02-2022-3288263,https://www.chess.com/tournament/live/early-titled-tuesday-blitz-august-02-2022-3288263
2022-08-09,02:00 PM,Late-Titled-Tuesday-Blitz-August-09-2022,late,290,FairChess_on_YouTube,late-titled-tuesday-blitz-august-09-2022-3291601,https://www.chess.com/tournament/live/late-titled-tuesday-blitz-august-09-2022-3291601
2022-08-09,08:00 AM,Early-Titled-Tuesday-Blitz-August-09-2022,early,380,mishanick,early-titled-tuesday-blitz-august-09-2022-3291600,https://www.chess.com/tournament/live/early-titled-tuesday-blitz-august-09-2022-3291600
2022-08-16,02:00 PM,Late-Titled-Tuesday-Blitz-August-16-2022,late,295,Hikaru,late-titled-tuesday-blitz-august-16-2022-3304769,https://www.chess.com/tournament/live/late-titled-tuesday-blitz-august-16-2022-3304769
2022-08-16,08:00 AM,Early-Titled-Tuesday-Blitz-August-16-2022,early,381,Oleksandr_Bortnyk,early-titled-tuesday-blitz-august-16-2022-3304768,https://www.chess.com/tournament/live/early-titled-tuesday-blitz-august-16-2022-3304768
2022-08-23,02:00 PM,Late-Titled-Tuesday-Blitz-August-23-2022,late,315,Duhless,late-titled-tuesday-blitz-august-23-2022-3337865,https://www.chess.com/tournament/live/late-titled-tuesday-blitz-august-23-2022-3337865
2022-08-23,08:00 AM,Early-Titled-Tuesday-Blitz-August-23-2022,early,369,wonderfultime,early-titled-tuesday-blitz-august-23-2022-3337864,https://www.chess.com/tournament/live/early-titled-tuesday-blitz-august-23-2022-3337864
2022-08-30,02:00 PM,Late-Titled-Tuesday-Blitz-August-30-2022,late,342,DenLaz,late-titled-tuesday-blitz-august-30-2022-3350934,https://www.chess.com/tournament/live/late-titled-tuesday-blitz-august-30-2022-3350934
2022-08-30,08:00 AM,Early-Titled-Tuesday-Blitz-August-30-2022,early,439,Jospem,early-titled-tuesday-blitz-august-30-2022-3350933,https://www.chess.com/tournament/live/early-titled-tuesday-blitz-august-30-2022-3350933
2022-09-06,02:00 PM,Late-Titled-Tuesday-Blitz-September-06-2022,late,301,Duhless,late-titled-tuesday-blitz-september-06-2022-3374046,https://www.chess.com/tournament/live/late-titled-tuesday-blitz-september-06-2022-3374046
2022-09-06,08:00 AM,Early-Titled-Tuesday-Blitz-September-06-2022,early,385,Hikaru,early-titled-tuesday-blitz-september-06-2022-3374045,https://www.chess.com/tournament/live/early-titled-tuesday-blitz-september-06-2022-3374045
2022-09-13,02:00 PM,Late-Titled-Tuesday-Blitz-September-13-2022,late,281,FairChess_on_YouTube,late-titled-tuesday-blitz-september-13-2022-3396989,https://www.chess.com/tournament/live/late-titled-tuesday-blitz-september-13-2022-3396989
2022-09-13,08:00 AM,Early-Titled-Tuesday-Blitz-September-13-2022,early,419,jefferyx,early-titled-tuesday-blitz-september-13-2022-3396988,https://www.chess.com/tournament/live/early-titled-tuesday-blitz-september-13-2022-3396988
2022-09-20,02:00 PM,Late-Titled-Tuesday-Blitz-September-20-2022,late,321,jefferyx,late-titled-tuesday-blitz-september-20-2022-3420100,https://www.chess.com/tournament/live/late-titled-tuesday-blitz-september-20-2022-3420100
2022-09-20,08:00 AM,Early-Titled-Tuesday-Blitz-September-20-2022,early,397,Hikaru,early-titled-tuesday-blitz-september-20-2022-3420099,https://www.chess.com/tournament/live/early-titled-tuesday-blitz-september-20-2022-3420099
2022-09-27,02:00 PM,Late-Titled-Tuesday-Blitz-September-27-2022,late,368,Hikaru,late-titled-tuesday-blitz-september-27-2022-3433030,https://www.chess.com/tournament/live/late-titled-tuesday-blitz-september-27-2022-3433030
2022-09-27,08:00 AM,Early-Titled-Tuesday-Blitz-September-27-2022,early,459,Hikaru,early-titled-tuesday-blitz-september-27-2022-3433029,https://www.chess.com/tournament/live/early-titled-tuesday-blitz-september-27-2022-3433029
2022-10-04,02:00 PM,Late-Titled-Tuesday-Blitz-October-04-2022,late,350,Msb2,late-titled-tuesday-blitz-october-04-2022-3446089,https://www.chess.com/tournament/live/late-titled-tuesday-blitz-october-04-2022-3446089
2022-10-04,08:00 AM,Early-Titled-Tuesday-Blitz-October-04-2022,early,427,Hikaru,early-titled-tuesday-blitz-october-04-2022-3446088,https://www.chess.com/tournament/live/early-titled-tuesday-blitz-october-04-2022-3446088
2022-10-11,02:00 PM,Late-Titled-Tuesday-Blitz-October-11-2022,late,330,MagnusCarlsen,late-titled-tuesday-blitz-october-11-2022-3459196,https://www.chess.com/tournament/live/late-titled-tuesday-blitz-october-11-2022-3459196
2022-10-11,08:00 AM,Early-Titled-Tuesday-Blitz-October-11-2022,early,394,Hikaru,early-titled-tuesday-blitz-october-11-2022-3459195,https://www.chess.com/tournament/live/early-titled-tuesday-blitz-october-11-2022-3459195
2022-10-18,02:00 PM,Late-Titled-Tuesday-Blitz-October-18-2022,late,351,Firouzja2003,late-titled-tuesday-blitz-october-18-2022-3472300,https://www.chess.com/tournament/live/late-titled-tuesday-blitz-october-18-2022-3472300
2022-10-18,08:00 AM,Early-Titled-Tuesday-Blitz-October-18-2022,early,407,wonderfultime,early-titled-tuesday-blitz-october-18-2022-3472299,https://www.chess.com/tournament/live/early-titled-tuesday-blitz-october-18-2022-3472299
2022-10-25,02:00 PM,Late-Titled-Tuesday-Blitz-October-25-2022,late,349,"BogdanDeac, mishanick",late-titled-tuesday-blitz-october-25-2022-3495287,https://www.chess.com/tournament/live/late-titled-tuesday-blitz-october-25-2022-3495287
2022-10-25,08:00 AM,Early-Titled-Tuesday-Blitz-October-25-2022,early,417,Shankland,early-titled-tuesday-blitz-october-25-2022-3495286,https://www.chess.com/tournament/live/early-titled-tuesday-blitz-october-25-2022-3495286
2022-11-01,02:00 PM,Late-Titled-Tuesday-Blitz-November-01-2022,late,367,Oleksandr_Bortnyk,late-titled-tuesday-blitz-november-01-2022-3508528,https://www.chess.com/tournament/live/late-titled-tuesday-blitz-november-01-2022-3508528
2022-11-01,08:00 AM,Early-Titled-Tuesday-Blitz-November-01-2022,early,400,Hikaru,early-titled-tuesday-blitz-november-01-2022-3508527,https://www.chess.com/tournament/live/early-titled-tuesday-blitz-november-01-2022-3508527
2022-11-08,02:00 PM,Late-Titled-Tuesday-Blitz-November-08-2022,late,340,Firouzja2003,late-titled-tuesday-blitz-november-08-2022-3521745,https://www.chess.com/tournament/live/late-titled-tuesday-blitz-november-08-2022-3521745
2022-11-08,08:00 AM,Early-Titled-Tuesday-Blitz-November-08-2022,early,457,FairChess_on_YouTube,early-titled-tuesday-blitz-november-08-2022-3521744,https://www.chess.com/tournament/live/early-titled-tuesday-blitz-november-08-2022-3521744
2022-11-15,02:00 PM,Late-Titled-Tuesday-Blitz-November-15-2022,late,347,Bigfish1995,late-titled-tuesday-blitz-november-15-2022-3534997,https://www.chess.com/tournament/live/late-titled-tuesday-blitz-november-15-2022-3534997
2022-11-15,08:00 AM,Early-Titled-Tuesday-Blitz-November-15-2022,early,476,FabianoCaruana,early-titled-tuesday-blitz-november-15-2022-3534996,https://www.chess.com/tournament/live/early-titled-tuesday-blitz-november-15-2022-3534996
2022-11-22,02:00 PM,Late-Titled-Tuesday-Blitz-November-22-2022,late,332,exoticprincess,late-titled-tuesday-blitz-november-22-2022-3548066,https://www.chess.com/tournament/live/late-titled-tuesday-blitz-november-22-2022-3548066
2022-11-22,08:00 AM,Early-Titled-Tuesday-Blitz-November-22-2022,early,398,jefferyx,early-titled-tuesday-blitz-november-22-2022-3548065,https://www.chess.com/tournament/live/early-titled-tuesday-blitz-november-22-2022-3548065
2022-11-29,02:00 PM,Late-Titled-Tuesday-Blitz-November-29-2022,late,326,MagnusCarlsen,late-titled-tuesday-blitz-november-29-2022-3571020,https://www.chess.com/tournament/live/late-titled-tuesday-blitz-november-29-2022-3571020
2022-11-29,08:00 AM,Early-Titled-Tuesday-Blitz-November-29-2022,early,411,Duhless,early-titled-tuesday-blitz-november-29-2022-3571019,https://www.chess.com/tournament/live/early-titled-tuesday-blitz-november-29-2022-3571019
2022-12-06,02:00 PM,Late-Titled-Tuesday-Blitz-December-06-2022,late,300,jefferyx,late-titled-tuesday-blitz-december-06-2022-3584185,https://www.chess.com/tournament/live/late-titled-tuesday-blitz-december-06-2022-3584185
2022-12-06,08:00 AM,Early-Titled-Tuesday-Blitz-December-06-2022,early,349,RaunakSadhwani2005,early-titled-tuesday-blitz-december-06-2022-3584184,https://www.chess.com/tournament/live/early-titled-tuesday-blitz-december-06-2022-3584184
2022-12-13,02:00 PM,Late-Titled-Tuesday-Blitz-December-13-2022,late,283,Hikaru,late-titled-tuesday-blitz-december-13-2022-3617274,https://www.chess.com/tournament/live/late-titled-tuesday-blitz-december-13-2022-3617274
2022-12-13,08:00 AM,Early-Titled-Tuesday-Blitz-December-13-2022,early,418,Duhless,early-titled-tuesday-blitz-december-13-2022-3617273,https://www.chess.com/tournament/live/early-titled-tuesday-blitz-december-13-2022-3617273
2022-12-20,02:00 PM,Late-Titled-Tuesday-Blitz-December-20-2022,late,333,Hikaru,late-titled-tuesday-blitz-december-20-2022-3630419,https://www.chess.com/tournament/live/late-titled-tuesday-blitz-december-20-2022-3630419
2022-12-20,08:00 AM,Early-Titled-Tuesday-Blitz-December-20-2022,early,452,Hikaru,early-titled-tuesday-blitz-december-20-2022-3630418,https://www.chess.com/tournament/live/early-titled-tuesday-blitz-december-20-2022-3630418
2022-12-27,02:00 PM,Late-Titled-Tuesday-Blitz-December-27-2022,late,322,Jospem,late-titled-tuesday-blitz-december-27-2022-3663541,https://www.chess.com/tournament/live/late-titled-tuesday-blitz-december-27-2022-3663541
2022-12-27,08:00 AM,Early-Titled-Tuesday-Blitz-December-27-2022,early,388,Firouzja2003,early-titled-tuesday-blitz-december-27-2022-3663540,https://www.chess.com/tournament/live/early-titled-tuesday-blitz-december-27-2022-3663540
2023-01-03,02:00 PM,Late-Titled-Tuesday-Blitz-January-03-2023,late,447,GM_dmitrij,late-titled-tuesday-blitz-january-03-2023-3677210,https://www.chess.com/tournament/live/late-titled-tuesday-blitz-january-03-2023-3677210
2023-01-03,08:00 AM,Early-Titled-Tuesday-Blitz-January-03-2023,early,542,Polish_fighter3000,early-titled-tuesday-blitz-january-03-2023-3676692,https://www.chess.com/tournament/live/early-titled-tuesday-blitz-january-03-2023-3676692
2023-01-10,02:00 PM,Late-Titled-Tuesday-Blitz-January-10-2023,late,425,FairChess_on_YouTube,late-titled-tuesday-blitz-january-10-2023-3690114,https://www.chess.com/tournament/live/late-titled-tuesday-blitz-january-10-2023-3690114
2023-01-10,08:00 AM,Early-Titled-Tuesday-Blitz-January-10-2023,early,582,Duhless,early-titled-tuesday-blitz-january-10-2023-3690113,https://www.chess.com/tournament/live/early-titled-tuesday-blitz-january-10-2023-3690113
2023-01-17,02:00 PM,Late-Titled-Tuesday-Blitz-January-17-2023,late,404,Hikaru,late-titled-tuesday-blitz-january-17-2023-3704680,https://www.chess.com/tournament/live/late-titled-tuesday-blitz-january-17-2023-3704680
2023-01-17,08:00 AM,Early-Titled-Tuesday-Blitz-January-17-2023,early,537,Duhless,early-titled-tuesday-blitz-january-17-2023-3704679,https://www.chess.com/tournament/live/early-titled-tuesday-blitz-january-17-2023-3704679
2023-01-24,02:00 PM,Late-Titled-Tuesday-Blitz-January-24-2023,late,386,Hikaru,late-titled-tuesday-blitz-january-24-2023-3718404,https://www.chess.com/tournament/live/late-titled-tuesday-blitz-january-24-2023-3718404
2023-01-31,02:00 PM,Late-Titled-Tuesday-Blitz-January-31-2023,late,451,BogdanDeac,late-titled-tuesday-blitz-january-31-2023-3732262,https://www.chess.com/tournament/live/late-titled-tuesday-blitz-january-31-2023-3732262
2023-01-31,08:00 AM,Early-Titled-Tuesday-Blitz-January-31-2023,early,576,Hikaru,early-titled-tuesday-blitz-january-31-2023-3732261,https://www.chess.com/tournament/live/early-titled-tuesday-blitz-january-31-2023-3732261
2023-02-07,02:00 PM,Late-Titled-Tuesday-Blitz-February-07-2023,late,431,GMWSO,late-titled-tuesday-blitz-february-07-2023-3796152,https://www.chess.com/tournament/live/late-titled-tuesday-blitz-february-07-2023-3796152
2023-02-07,08:00 AM,Early-Titled-Tuesday-Blitz-February-07-2023,early,538,GMWSO,early-titled-tuesday-blitz-february-07-2023-3796151,https://www.chess.com/tournament/live/early-titled-tuesday-blitz-february-07-2023-3796151
2023-02-14,02:00 PM,Late-Titled-Tuesday-Blitz-February-14-2023,late,376,Hikaru,late-titled-tuesday-blitz-february-14-2023-3819939,https://www.chess.com/tournament/live/late-titled-tuesday-blitz-february-14-2023-3819939
2023-02-14,08:00 AM,Early-Titled-Tuesday-Blitz-February-14-2023,early,538,Hikaru,early-titled-tuesday-blitz-february-14-2023-3819938,https://www.chess.com/tournament/live/early-titled-tuesday-blitz-february-14-2023-3819938
2023-02-21,02:00 PM,Late-Titled-Tuesday-Blitz-February-21-2023,late,391,LyonBeast,late-titled-tuesday-blitz-february-21-2023-3833636,https://www.chess.com/tournament/live/late-titled-tuesday-blitz-february-21-2023-3833636
2023-02-21,08:00 AM,Early-Titled-Tuesday-Blitz-February-21-2023,early,515,Hikaru,early-titled-tuesday-blitz-february-21-2023-3833634,https://www.chess.com/tournament/live/early-titled-tuesday-blitz-february-21-2023-3833634
2023-02-28,02:00 PM,Late-Titled-Tuesday-Blitz-February-28-2023,late,417,Hikaru,late-titled-tuesday-blitz-february-28-2023-3857482,https://www.chess.com/tournament/live/late-titled-tuesday-blitz-february-28-2023-3857482
2023-02-28,08:00 AM,Early-Titled-Tuesday-Blitz-February-28-2023,early,526,BillieKimbah,early-titled-tuesday-blitz-february-28-2023-3857481,https://www.chess.com/tournament/live/early-titled-tuesday-blitz-february-28-2023-3857481
2023-03-07,02:00 PM,Late-Titled-Tuesday-Blitz-March-07-2023,late,425,Firouzja2003,late-titled-tuesday-blitz-march-07-2023-3881869,https://www.chess.com/tournament/live/late-titled-tuesday-blitz-march-07-2023-3881869
2023-03-07,08:00 AM,Early-Titled-Tuesday-Blitz-March-07-2023,early,514,Bigfish1995,early-titled-tuesday-blitz-march-07-2023-3881868,https://www.chess.com/tournament/live/early-titled-tuesday-blitz-march-07-2023-3881868
2023-03-14,02:00 PM,Late-Titled-Tuesday-Blitz-March-14-2023,late,380,Polish_fighter3000,late-titled-tuesday-blitz-march-14-2023-3894521,https://www.chess.com/tournament/live/late-titled-tuesday-blitz-march-14-2023-3894521
2023-03-14,08:00 AM,Early-Titled-Tuesday-Blitz-March-14-2023,early,289,Hikaru,early-titled-tuesday-blitz-march-14-2023-3894520,https://www.chess.com/tournament/live/early-titled-tuesday-blitz-march-14-2023-3894520
2023-03-21,02:00 PM,Late-Titled-Tuesday-Blitz-March-21-2023,late,430,VladimirKramnik,late-titled-tuesday-blitz-march-21-2023-3920019,https://www.chess.com/tournament/live/late-titled-tuesday-blitz-march-21-2023-3920019
2023-03-21,08:00 AM,Early-Titled-Tuesday-Blitz-March-21-2023,early,464,Duhless,early-titled-tuesday-blitz-march-21-2023-3920018,https://www.chess.com/tournament/live/early-titled-tuesday-blitz-march-21-2023-3920018
2023-03-28,02:00 PM,Late-Titled-Tuesday-Blitz-March-28-2023,late,439,dropstoneDP,late-titled-tuesday-blitz-march-28-2023-3934068,https://www.chess.com/tournament/live/late-titled-tuesday-blitz-march-28-2023-3934068
2023-03-28,08:00 AM,Early-Titled-Tuesday-Blitz-March-28-2023,early,552,Duhless,early-titled-tuesday-blitz-march-28-2023-3934067,https://www.chess.com/tournament/live/early-titled-tuesday-blitz-march-28-2023-3934067
2023-04-04,02:00 PM,Late-Titled-Tuesday-Blitz-April-04-2023,late,372,Parhamov,late-titled-tuesday-blitz-april-04-2023-3947952,https://www.chess.com/tournament/live/late-titled-tuesday-blitz-april-04-2023-3947952
2023-04-04,08:00 AM,Early-Titled-Tuesday-Blitz-April-04-2023,early,483,FairChess_on_YouTube,early-titled-tuesday-blitz-april-04-2023-3947951,https://www.chess.com/tournament/live/early-titled-tuesday-blitz-april-04-2023-3947951
2023-04-11,02:00 PM,Late-Titled-Tuesday-Blitz-April-11-2023,late,448,FabianoCaruana,late-titled-tuesday-blitz-april-11-2023-3961659,https://www.chess.com/tournament/live/late-titled-tuesday-blitz-april-11-2023-3961659
2023-04-11,08:00 AM,Early-Titled-Tuesday-Blitz-April-11-2023,early,563,mishanick,early-titled-tuesday-blitz-april-11-2023-3961658,https://www.chess.com/tournament/live/early-titled-tuesday-blitz-april-11-2023-3961658
2023-04-18,02:00 PM,Late-Titled-Tuesday-Blitz-April-18-2023,late,409,LyonBeast,late-titled-tuesday-blitz-april-18-2023-3975542,https://www.chess.com/tournament/live/late-titled-tuesday-blitz-april-18-2023-3975542
2023-04-18,08:00 AM,Early-Titled-Tuesday-Blitz-April-18-2023,early,506,wonderfultime,early-titled-tuesday-blitz-april-18-2023-3975541,https://www.chess.com/tournament/live/early-titled-tuesday-blitz-april-18-2023-3975541
2023-04-25,02:00 PM,Late-Titled-Tuesday-Blitz-April-25-2023,late,414,nihalsarin,late-titled-tuesday-blitz-april-25-2023-3989234,https://www.chess.com/tournament/live/late-titled-tuesday-blitz-april-25-2023-3989234
2023-04-25,08:00 AM,Early-Titled-Tuesday-Blitz-April-25-2023,early,531,Hikaru,early-titled-tuesday-blitz-april-25-2023-3989233,https://www.chess.com/tournament/live/early-titled-tuesday-blitz-april-25-2023-3989233
2023-05-02,02:00 PM,Late-Titled-Tuesday-Blitz-May-02-2023,late,444,Njal28,late-titled-tuesday-blitz-may-02-2023-4002920,https://www.chess.com/tournament/live/late-titled-tuesday-blitz-may-02-2023-4002920
2023-05-02,08:00 AM,Early-Titled-Tuesday-Blitz-May-02-2023,early,538,Polish_fighter3000,early-titled-tuesday-blitz-may-02-2023-4002919,https://www.chess.com/tournament/live/early-titled-tuesday-blitz-may-02-2023-4002919
2023-05-09,02:00 PM,Late-Titled-Tuesday-Blitz-May-09-2023,late,399,mishanick,late-titled-tuesday-blitz-may-09-2023-4016603,https://www.chess.com/tournament/live/late-titled-tuesday-blitz-may-09-2023-4016603
2023-05-09,08:00 AM,Early-Titled-Tuesday-Blitz-May-09-2023,early,497,MagnusCarlsen,early-titled-tuesday-blitz-may-09-2023-4016602,https://www.chess.com/tournament/live/early-titled-tuesday-blitz-may-09-2023-4016602
2023-05-16,02:00 PM,Late-Titled-Tuesday-Blitz-May-16-2023,late,449,Oleksandr_Bortnyk,late-titled-tuesday-blitz-may-16-2023-4020318,https://www.chess.com/tournament/live/late-titled-tuesday-blitz-may-16-2023-4020318
2023-05-16,08:00 AM,Early-Titled-Tuesday-Blitz-May-16-2023,early,580,Azerichess,early-titled-tuesday-blitz-may-16-2023-4020317,https://www.chess.com/tournament/live/early-titled-tuesday-blitz-may-16-2023-4020317
2023-05-23,02:00 PM,Late-Titled-Tuesday-Blitz-May-23-2023,late,457,nihalsarin,late-titled-tuesday-blitz-may-23-2023-4033934,https://www.chess.com/tournament/live/late-titled-tuesday-blitz-may-23-2023-4033934
2023-05-23,08:00 AM,Early-Titled-Tuesday-Blitz-May-23-2023,early,507,Grischuk,early-titled-tuesday-blitz-may-23-2023-4033933,https://www.chess.com/tournament/live/early-titled-tuesday-blitz-may-23-2023-4033933
2023-05-30,02:00 PM,Late-Titled-Tuesday-Blitz-May-30-2023,late,407,dretch,late-titled-tuesday-blitz-may-30-2023-4047638,https://www.chess.com/tournament/live/late-titled-tuesday-blitz-may-30-2023-4047638
2023-05-30,08:00 AM,Early-Titled-Tuesday-Blitz-May-30-2023,early,466,nihalsarin,early-titled-tuesday-blitz-may-30-2023-4047637,https://www.chess.com/tournament/live/early-titled-tuesday-blitz-may-30-2023-4047637
2023-06-06,02:00 PM,Late-Titled-Tuesday-Blitz-June-06-2023,late,404,Hikaru,late-titled-tuesday-blitz-june-06-2023-4061131,https://www.chess.com/tournament/live/late-titled-tuesday-blitz-june-06-2023-4061131
2023-06-06,08:00 AM,Early-Titled-Tuesday-Blitz-June-06-2023,early,473,artooon,early-titled-tuesday-blitz-june-06-2023-4061130,https://www.chess.com/tournament/live/early-titled-tuesday-blitz-june-06-2023-4061130
2023-06-13,02:00 PM,Late-Titled-Tuesday-Blitz-June-13-2023,late,454,Polish_fighter3000,late-titled-tuesday-blitz-june-13-2023-4073114,https://www.chess.com/tournament/live/late-titled-tuesday-blitz-june-13-2023-4073114
2023-06-13,08:00 AM,Early-Titled-Tuesday-Blitz-June-13-2023,early,538,TigrVShlyape,early-titled-tuesday-blitz-june-13-2023-4073113,https://www.chess.com/tournament/live/early-titled-tuesday-blitz-june-13-2023-4073113
2023-06-20,02:00 PM,Late-Titled-Tuesday-Blitz-June-20-2023,late,436,GM_dmitrij,late-titled-tuesday-blitz-june-20-2023-4088064,https://www.chess.com/tournament/live/late-titled-tuesday-blitz-june-20-2023-4088064
2023-06-20,08:00 AM,Early-Titled-Tuesday-Blitz-June-20-2023,early,541,LyonBeast,early-titled-tuesday-blitz-june-20-2023-4088063,https://www.chess.com/tournament/live/early-titled-tuesday-blitz-june-20-2023-4088063
2023-06-27,02:00 PM,Late-Titled-Tuesday-Blitz-June-27-2023,late,439,Oleksandr_Bortnyk,late-titled-tuesday-blitz-june-27-2023-4111412,https://www.chess.com/tournament/live/late-titled-tuesday-blitz-june-27-2023-4111412
2023-06-27,08:00 AM,Early-Titled-Tuesday-Blitz-June-27-2023,early,552,FairChess_on_YouTube,early-titled-tuesday-blitz-june-27-2023-4111410,https://www.chess.com/tournament/live/early-titled-tuesday-blitz-june-27-2023-4111410
2023-07-04,02:00 PM,Late-Titled-Tuesday-Blitz-July-04-2023,late,432,MagnusCarlsen,late-titled-tuesday-blitz-july-04-2023-4144882,https://www.chess.com/tournament/live/late-titled-tuesday-blitz-july-04-2023-4144882
2023-07-04,08:00 AM,Early-Titled-Tuesday-Blitz-July-04-2023,early,536,GOGIEFF,early-titled-tuesday-blitz-july-04-2023-4144881,https://www.chess.com/tournament/live/early-titled-tuesday-blitz-july-04-2023-4144881
2023-07-11,02:00 PM,Late-Titled-Tuesday-Blitz-July-11-2023,late,439,MagnusCarlsen,late-titled-tuesday-blitz-july-11-2023-4158386,https://www.chess.com/tournament/live/late-titled-tuesday-blitz-july-11-2023-4158386
2023-07-11,08:00 AM,Early-Titled-Tuesday-Blitz-July-11-2023,early,517,Hikaru,early-titled-tuesday-blitz-july-11-2023-4158385,https://www.chess.com/tournament/live/early-titled-tuesday-blitz-july-11-2023-4158385
2023-07-18,02:00 PM,Late-Titled-Tuesday-Blitz-July-18-2023,late,443,Hikaru,late-titled-tuesday-blitz-july-18-2023-4171498,https://www.chess.com/tournament/live/late-titled-tuesday-blitz-july-18-2023-4171498
2023-07-18,08:00 AM,Early-Titled-Tuesday-Blitz-July-18-2023,early,502,GalperinPlaton,early-titled-tuesday-blitz-july-18-2023-4171497,https://www.chess.com/tournament/live/early-titled-tuesday-blitz-july-18-2023-4171497
2023-07-25,02:00 PM,Late-Titled-Tuesday-Blitz-July-25-2023,late,472,LyonBeast,late-titled-tuesday-blitz-july-25-2023-4185048,https://www.chess.com/tournament/live/late-titled-tuesday-blitz-july-25-2023-4185048
2023-07-25,08:00 AM,Early-Titled-Tuesday-Blitz-July-25-2023,early,570,LyonBeast,early-titled-tuesday-blitz-july-25-2023-4185047,https://www.chess.com/tournament/live/early-titled-tuesday-blitz-july-25-2023-4185047
2023-08-01,02:00 PM,Late-Titled-Tuesday-Blitz-August-01-2023,late,435,Grischuk,late-titled-tuesday-blitz-august-01-2023-4198580,https://www.chess.com/tournament/live/late-titled-tuesday-blitz-august-01-2023-4198580
2023-08-01,08:00 AM,Early-Titled-Tuesday-Blitz-August-01-2023,early,589,MagnusCarlsen,early-titled-tuesday-blitz-august-01-2023-4198579,https://www.chess.com/tournament/live/early-titled-tuesday-blitz-august-01-2023-4198579
2023-08-08,02:00 PM,Late-Titled-Tuesday-Blitz-August-08-2023,late,462,dropstoneDP,late-titled-tuesday-blitz-august-08-2023-4212116,https://www.chess.com/tournament/live/late-titled-tuesday-blitz-august-08-2023-4212116
2023-08-08,08:00 AM,Early-Titled-Tuesday-Blitz-August-08-2023,early,614,FairChess_on_YouTube,early-titled-tuesday-blitz-august-08-2023-4212115,https://www.chess.com/tournament/live/early-titled-tuesday-blitz-august-08-2023-4212115
2023-08-15,02:00 PM,Late-Titled-Tuesday-Blitz-August-15-2023,late,413,Njal28,late-titled-tuesday-blitz-august-15-2023-4225474,https://www.chess.com/tournament/live/late-titled-tuesday-blitz-august-15-2023-4225474
2023-08-15,08:00 AM,Early-Titled-Tuesday-Blitz-August-15-2023,early,529,Firouzja2003,early-titled-tuesday-blitz-august-15-2023-4225473,https://www.chess.com/tournament/live/early-titled-tuesday-blitz-august-15-2023-4225473
2023-08-22,02:00 PM,Late-Titled-Tuesday-Blitz-August-22-2023,late,501,Hikaru,late-titled-tuesday-blitz-august-22-2023-4238995,https://www.chess.com/tournament/live/late-titled-tuesday-blitz-august-22-2023-4238995
2023-08-22,08:00 AM,Early-Titled-Tuesday-Blitz-August-22-2023,early,592,nihalsarin,early-titled-tuesday-blitz-august-22-2023-4238994,https://www.chess.com/tournament/live/early-titled-tuesday-blitz-august-22-2023-4238994
2023-08-29,02:00 PM,Late-Titled-Tuesday-Blitz-August-29-2023,late,487,Firouzja2003,late-titled-tuesday-blitz-august-29-2023-4252459,https://www.chess.com/tournament/live/late-titled-tuesday-blitz-august-29-2023-4252459
2023-08-29,08:00 AM,Early-Titled-Tuesday-Blitz-August-29-2023,early,607,Firouzja2003,early-titled-tuesday-blitz-august-29-2023-4252458,https://www.chess.com/tournament/live/early-titled-tuesday-blitz-august-29-2023-4252458
2023-09-05,02:00 PM,Late-Titled-Tuesday-Blitz-September-05-2023,late,463,Firouzja2003,late-titled-tuesday-blitz-september-05-2023-4265729,https://www.chess.com/tournament/live/late-titled-tuesday-blitz-september-05-2023-4265729
2023-09-05,08:00 AM,Early-Titled-Tuesday-Blitz-September-05-2023,early,640,vugarrasulov,early-titled-tuesday-blitz-september-05-2023-4265728,https://www.chess.com/tournament/live/early-titled-tuesday-blitz-september-05-2023-4265728
2023-09-12,02:00 PM,Late-Titled-Tuesday-Blitz-September-12-2023,late,485,FairChess_on_YouTube,late-titled-tuesday-blitz-september-12-2023-4265731,https://www.chess.com/tournament/live/late-titled-tuesday-blitz-september-12-2023-4265731
2023-09-12,08:00 AM,Early-Titled-Tuesday-Blitz-September-12-2023,early,635,lachesisQ,early-titled-tuesday-blitz-september-12-2023-4265730,https://www.chess.com/tournament/live/early-titled-tuesday-blitz-september-12-2023-4265730
2023-09-19,02:00 PM,Late-Titled-Tuesday-Blitz-September-19-2023,late,444,nihalsarin,late-titled-tuesday-blitz-september-19-2023-4292109,https://www.chess.com/tournament/live/late-titled-tuesday-blitz-september-19-2023-4292109
2023-09-19,08:00 AM,Early-Titled-Tuesday-Blitz-September-19-2023,early,591,mishanick,early-titled-tuesday-blitz-september-19-2023-4292108,https://www.chess.com/tournament/live/early-titled-tuesday-blitz-september-19-2023-4292108
2023-09-26,02:00 PM,Late-Titled-Tuesday-Blitz-September-26-2023,late,431,Njal28,late-titled-tuesday-blitz-september-26-2023-4293686,https://www.chess.com/tournament/live/late-titled-tuesday-blitz-september-26-2023-4293686
2023-09-26,08:00 AM,Early-Titled-Tuesday-Blitz-September-26-2023,early,539,sergoy,early-titled-tuesday-blitz-september-26-2023-4293685,https://www.chess.com/tournament/live/early-titled-tuesday-blitz-september-26-2023-4293685
2023-10-03,02:00 PM,Late-Titled-Tuesday-Blitz-October-03-2023,late,429,Oleksandr_Bortnyk,late-titled-tuesday-blitz-october-03-2023-4305323,https://www.chess.com/tournament/live/late-titled-tuesday-blitz-october-03-2023-4305323
2023-10-03,08:00 AM,Early-Titled-Tuesday-Blitz-October-03-2023,early,577,Hikaru,early-titled-tuesday-blitz-october-03-2023-4305322,https://www.chess.com/tournament/live/early-titled-tuesday-blitz-october-03-2023-4305322
2023-10-10,02:00 PM,Late-Titled-Tuesday-Blitz-October-10-2023,late,429,iturrizaga,late-titled-tuesday-blitz-october-10-2023-4318637,https://www.chess.com/tournament/live/late-titled-tuesday-blitz-october-10-2023-4318637
2023-10-10,08:00 AM,Early-Titled-Tuesday-Blitz-October-10-2023,early,577,FairChess_on_YouTube,early-titled-tuesday-blitz-october-10-2023-4318636,https://www.chess.com/tournament/live/early-titled-tuesday-blitz-october-10-2023-4318636
2023-10-17,02:00 PM,Late-Titled-Tuesday-Blitz-October-17-2023,late,390,Jospem,late-titled-tuesday-blitz-october-17-2023-4321890,https://www.chess.com/tournament/live/late-titled-tuesday-blitz-october-17-2023-4321890
2023-10-17,08:00 AM,Early-Titled-Tuesday-Blitz-October-17-2023,early,528,Jospem,early-titled-tuesday-blitz-october-17-2023-4321889,https://www.chess.com/tournament/live/early-titled-tuesday-blitz-october-17-2023-4321889
2023-10-24,02:00 PM,Late-Titled-Tuesday-Blitz-October-24-2023,late,401,LiemLe,late-titled-tuesday-blitz-october-24-2023-4335032,https://www.chess.com/tournament/live/late-titled-tuesday-blitz-october-24-2023-4335032
2023-10-24,08:00 AM,Early-Titled-Tuesday-Blitz-October-24-2023,early,571,Duhless,early-titled-tuesday-blitz-october-24-2023-4335031,https://www.chess.com/tournament/live/early-titled-tuesday-blitz-october-24-2023-4335031
2023-10-31,02:00 PM,Late-Titled-Tuesday-Blitz-October-31-2023,late,422,vi_pranav,late-titled-tuesday-blitz-october-31-2023-4348176,https://www.chess.com/tournament/live/late-titled-tuesday-blitz-october-31-2023-4348176
2023-10-31,08:00 AM,Early-Titled-Tuesday-Blitz-October-31-2023,early,512,LiemLe,early-titled-tuesday-blitz-october-31-2023-4348175,https://www.chess.com/tournament/live/early-titled-tuesday-blitz-october-31-2023-4348175
2023-11-07,02:00 PM,Late-Titled-Tuesday-Blitz-November-07-2023,late,396,MagnusCarlsen,late-titled-tuesday-blitz-november-07-2023-4361395,https://www.chess.com/tournament/live/late-titled-tuesday-blitz-november-07-2023-4361395
2023-11-07,08:00 AM,Early-Titled-Tuesday-Blitz-November-07-2023,early,561,MagnusCarlsen,early-titled-tuesday-blitz-november-07-2023-4361394,https://www.chess.com/tournament/live/early-titled-tuesday-blitz-november-07-2023-4361394
2023-11-14,02:00 PM,Late-Titled-Tuesday-Blitz-November-14-2023,late,411,GHANDEEVAM2003,late-titled-tuesday-blitz-november-14-2023-4374825,https://www.chess.com/tournament/live/late-titled-tuesday-blitz-november-14-2023-4374825
2023-11-14,08:00 AM,Early-Titled-Tuesday-Blitz-November-14-2023,early,544,Hikaru,early-titled-tuesday-blitz-november-14-2023-4374824,https://www.chess.com/tournament/live/early-titled-tuesday-blitz-november-14-2023-4374824
2023-11-21,02:00 PM,Late-Titled-Tuesday-Blitz-November-21-2023,late,391,LiemLe,late-titled-tuesday-blitz-november-21-2023-4387759,https://www.chess.com/tournament/live/late-titled-tuesday-blitz-november-21-2023-4387759
2023-11-21,08:00 AM,Early-Titled-Tuesday-Blitz-November-21-2023,early,562,MagnusCarlsen,early-titled-tuesday-blitz-november-21-2023-4387758,https://www.chess.com/tournament/live/early-titled-tuesday-blitz-november-21-2023-4387758
2023-11-28,02:00 PM,Late-Titled-Tuesday-Blitz-November-28-2023,late,384,Hikaru,late-titled-tuesday-blitz-november-28-2023-4401184,https://www.chess.com/tournament/live/late-titled-tuesday-blitz-november-28-2023-4401184
2023-11-28,08:00 AM,Early-Titled-Tuesday-Blitz-November-28-2023,early,612,Grischuk,early-titled-tuesday-blitz-november-28-2023-4401183,https://www.chess.com/tournament/live/early-titled-tuesday-blitz-november-28-2023-4401183
2023-12-05,02:00 PM,Late-Titled-Tuesday-Blitz-December-05-2023,late,436,MagnusCarlsen,late-titled-tuesday-blitz-december-05-2023-4414285,https://www.chess.com/tournament/live/late-titled-tuesday-blitz-december-05-2023-4414285
2023-12-05,08:00 AM,Early-Titled-Tuesday-Blitz-December-05-2023,early,566,LevonAronian,early-titled-tuesday-blitz-december-05-2023-4414284,https://www.chess.com/tournament/live/early-titled-tuesday-blitz-december-05-2023-4414284
2023-12-12,02:00 PM,Late-Titled-Tuesday-Blitz-December-12-2023,late,376,DenLaz,late-titled-tuesday-blitz-december-12-2023-4427731,https://www.chess.com/tournament/live/late-titled-tuesday-blitz-december-12-2023-4427731
2023-12-12,08:00 AM,Early-Titled-Tuesday-Blitz-December-12-2023,early,518,Jospem,early-titled-tuesday-blitz-december-12-2023-4427730,https://www.chess.com/tournament/live/early-titled-tuesday-blitz-december-12-2023-4427730
2023-12-19,02:00 PM,Late-Titled-Tuesday-Blitz-December-19-2023,late,424,Hikaru,late-titled-tuesday-blitz-december-19-2023-4450895,https://www.chess.com/tournament/live/late-titled-tuesday-blitz-december-19-2023-4450895
2023-12-19,08:00 AM,Early-Titled-Tuesday-Blitz-December-19-2023,early,567,MagnusCarlsen,early-titled-tuesday-blitz-december-19-2023-4450894,https://www.chess.com/tournament/live/early-titled-tuesday-blitz-december-19-2023-4450894
2023-12-26,02:00 PM,Late-Titled-Tuesday-Blitz-December-26-2023,late,383,Msb2,late-titled-tuesday-blitz-december-26-2023-4474114,https://www.chess.com/tournament/live/late-titled-tuesday-blitz-december-26-2023-4474114
2023-12-26,08:00 AM,Early-Titled-Tuesday-Blitz-December-26-2023,early,393,Hikaru,early-titled-tuesday-blitz-december-26-2023-4474113,https://www.chess.com/tournament/live/early-titled-tuesday-blitz-december-26-2023-4474113
2024-01-02,02:00 PM,Late-Titled-Tuesday-Blitz-January-02-2024,late,552,Hikaru,late-titled-tuesday-blitz-january-02-2024-4490238,https://www.chess.com/tournament/live/late-titled-tuesday-blitz-january-02-2024-4490238
2024-01-02,08:00 AM,Early-Titled-Tuesday-Blitz-January-02-2024,early,660,LyonBeast,early-titled-tuesday-blitz-january-02-2024-4490237,https://www.chess.com/tournament/live/early-titled-tuesday-blitz-january-02-2024-4490237
2024-01-09,02:00 PM,Late-Titled-Tuesday-Blitz-January-09-2024,late,555,Duhless,late-titled-tuesday-blitz-january-09-2024-4490240,https://www.chess.com/tournament/live/late-titled-tuesday-blitz-january-09-2024-4490240
2024-01-09,08:00 AM,Early-Titled-Tuesday-Blitz-January-09-2024,early,733,iturrizaga,early-titled-tuesday-blitz-january-09-2024-4490239,https://www.chess.com/tournament/live/early-titled-tuesday-blitz-january-09-2024-4490239
2024-01-16,02:00 PM,Late-Titled-Tuesday-Blitz-January-16-2024,late,506,mishanick,late-titled-tuesday-blitz-january-16-2024-4503498,https://www.chess.com/tournament/live/late-titled-tuesday-blitz-january-16-2024-4503498
2024-01-16,08:00 AM,Early-Titled-Tuesday-Blitz-January-16-2024,early,714,LyonBeast,early-titled-tuesday-blitz-january-16-2024-4503497,https://www.chess.com/tournament/live/early-titled-tuesday-blitz-january-16-2024-4503497
2024-01-23,02:00 PM,Late-Titled-Tuesday-Blitz-January-23-2024,late,496,Polish_fighter3000,late-titled-tuesday-blitz-january-23-2024-4518065,https://www.chess.com/tournament/live/late-titled-tuesday-blitz-january-23-2024-4518065
2024-01-23,08:00 AM,Early-Titled-Tuesday-Blitz-January-23-2024,early,720,Hikaru,early-titled-tuesday-blitz-january-23-2024-4518064,https://www.chess.com/tournament/live/early-titled-tuesday-blitz-january-23-2024-4518064
2024-01-30,02:00 PM,Late-Titled-Tuesday-Blitz-January-30-2024,late,499,HansOnTwitch,late-titled-tuesday-blitz-january-30-2024-4532496,https://www.chess.com/tournament/live/late-titled-tuesday-blitz-january-30-2024-4532496
2024-01-30,08:00 AM,Early-Titled-Tuesday-Blitz-January-30-2024,early,750,MagnusCarlsen,early-titled-tuesday-blitz-january-30-2024-4532494,https://www.chess.com/tournament/live/early-titled-tuesday-blitz-january-30-2024-4532494
2024-02-06,02:00 PM,Late-Titled-Tuesday-Blitz-February-06-2024,late,548,Hikaru,late-titled-tuesday-blitz-february-06-2024-4547612,https://www.chess.com/tournament/live/late-titled-tuesday-blitz-february-06-2024-4547612
2024-02-06,08:00 AM,Early-Titled-Tuesday-Blitz-February-06-2024,early,830,kpio91,early-titled-tuesday-blitz-february-06-2024-4547611,https://www.chess.com/tournament/live/early-titled-tuesday-blitz-february-06-2024-4547611
2024-02-13,02:00 PM,Late-Titled-Tuesday-Blitz-February-13-2024,late,551,BilodeauA,late-titled-tuesday-blitz-february-13-2024-4576494,https://www.chess.com/tournament/live/late-titled-tuesday-blitz-february-13-2024-4576494
2024-02-13,08:00 AM,Early-Titled-Tuesday-Blitz-February-13-2024,early,783,Polish_fighter3000,early-titled-tuesday-blitz-february-13-2024-4576493,https://www.chess.com/tournament/live/early-titled-tuesday-blitz-february-13-2024-4576493
2024-02-20,02:00 PM,Late-Titled-Tuesday-Blitz-February-20-2024,late,501,DrVelja,late-titled-tuesday-blitz-february-20-2024-4576499,https://www.chess.com/tournament/live/late-titled-tuesday-blitz-february-20-2024-4576499
2024-02-20,08:00 AM,Early-Titled-Tuesday-Blitz-February-20-2024,early,693,AnishOnYoutube,early-titled-tuesday-blitz-february-20-2024-4576498,https://www.chess.com/tournament/live/early-titled-tuesday-blitz-february-20-2024-4576498
2024-02-27,02:00 PM,Late-Titled-Tuesday-Blitz-February-27-2024,late,509,Hikaru,late-titled-tuesday-blitz-february-27-2024-4590818,https://www.chess.com/tournament/live/late-titled-tuesday-blitz-february-27-2024-4590818
2024-02-27,08:00 AM,Early-Titled-Tuesday-Blitz-February-27-2024,early,748,wonderfultime,early-titled-tuesday-blitz-february-27-2024-4590817,https://www.chess.com/tournament/live/early-titled-tuesday-blitz-february-27-2024-4590817
2024-03-05,02:00 PM,Late-Titled-Tuesday-Blitz-March-05-2024,late,502,Hikaru,late-titled-tuesday-blitz-march-05-2024-4605130,https://www.chess.com/tournament/live/late-titled-tuesday-blitz-march-05-2024-4605130
2024-03-05,08:00 AM,Early-Titled-Tuesday-Blitz-March-05-2024,early,696,Firouzja2003,early-titled-tuesday-blitz-march-05-2024-4605129,https://www.chess.com/tournament/live/early-titled-tuesday-blitz-march-05-2024-4605129
2024-03-12,02:00 PM,Late-Titled-Tuesday-Blitz-March-12-2024,late,542,BogdanDeac,late-titled-tuesday-blitz-march-12-2024-4619545,https://www.chess.com/tournament/live/late-titled-tuesday-blitz-march-12-2024-4619545
2024-03-12,08:00 AM,Early-Titled-Tuesday-Blitz-March-12-2024,early,420,Hikaru,early-titled-tuesday-blitz-march-12-2024-4619544,https://www.chess.com/tournament/live/early-titled-tuesday-blitz-march-12-2024-4619544
2024-03-19,02:00 PM,Late-Titled-Tuesday-Blitz-March-19-2024,late,579,MagnusCarlsen,late-titled-tuesday-blitz-march-19-2024-4634462,https://www.chess.com/tournament/live/late-titled-tuesday-blitz-march-19-2024-4634462
2024-03-19,08:00 AM,Early-Titled-Tuesday-Blitz-March-19-2024,early,656,vi_pranav,early-titled-tuesday-blitz-march-19-2024-4634461,https://www.chess.com/tournament/live/early-titled-tuesday-blitz-march-19-2024-4634461
2024-03-26,02:00 PM,Late-Titled-Tuesday-Blitz-March-26-2024,late,510,Firouzja2003,late-titled-tuesday-blitz-march-26-2024-4648836,https://www.chess.com/tournament/live/late-titled-tuesday-blitz-march-26-2024-4648836
2024-03-26,08:00 AM,Early-Titled-Tuesday-Blitz-March-26-2024,early,606,DenLaz,early-titled-tuesday-blitz-march-26-2024-4648835,https://www.chess.com/tournament/live/early-titled-tuesday-blitz-march-26-2024-4648835
2024-04-02,02:00 PM,Late-Titled-Tuesday-Blitz-April-02-2024,late,483,SpeedofLight0,late-titled-tuesday-blitz-april-02-2024-4663139,https://www.chess.com/tournament/live/late-titled-tuesday-blitz-april-02-2024-4663139
2024-04-02,08:00 AM,Early-Titled-Tuesday-Blitz-April-02-2024,early,672,Hikaru,early-titled-tuesday-blitz-april-02-2024-4663138,https://www.chess.com/tournament/live/early-titled-tuesday-blitz-april-02-2024-4663138
2024-04-09,02:00 PM,Late-Titled-Tuesday-Blitz-April-09-2024,late,458,dropstoneDP,late-titled-tuesday-blitz-april-09-2024-4677305,https://www.chess.com/tournament/live/late-titled-tuesday-blitz-april-09-2024-4677305
2024-04-09,08:00 AM,Early-Titled-Tuesday-Blitz-April-09-2024,early,675,Polish_fighter3000,early-titled-tuesday-blitz-april-09-2024-4677304,https://www.chess.com/tournament/live/early-titled-tuesday-blitz-april-09-2024-4677304
2024-04-16,02:00 PM,Late-Titled-Tuesday-Blitz-April-16-2024,late,500,Hikaru,late-titled-tuesday-blitz-april-16-2024-4701300,https://www.chess.com/tournament/live/late-titled-tuesday-blitz-april-16-2024-4701300
2024-04-16,08:00 AM,Early-Titled-Tuesday-Blitz-April-16-2024,early,660,HansOnTwitch,early-titled-tuesday-blitz-april-16-2024-4701299,https://www.chess.com/tournament/live/early-titled-tuesday-blitz-april-16-2024-4701299
2024-04-23,02:00 PM,Late-Titled-Tuesday-Blitz-April-23-2024,late,527,Hikaru,late-titled-tuesday-blitz-april-23-2024-4715472,https://www.chess.com/tournament/live/late-titled-tuesday-blitz-april-23-2024-4715472
2024-04-23,08:00 AM,Early-Titled-Tuesday-Blitz-April-23-2024,early,738,Hikaru,early-titled-tuesday-blitz-april-23-2024-4715471,https://www.chess.com/tournament/live/early-titled-tuesday-blitz-april-23-2024-4715471
2024-04-30,02:00 PM,Late-Titled-Tuesday-Blitz-April-30-2024,late,549,mishanick,late-titled-tuesday-blitz-april-30-2024-4739548,https://www.chess.com/tournament/live/late-titled-tuesday-blitz-april-30-2024-4739548
2024-04-30,08:00 AM,Early-Titled-Tuesday-Blitz-April-30-2024,early,681,ChristopherYoo,early-titled-tuesday-blitz-april-30-2024-4739547,https://www.chess.com/tournament/live/early-titled-tuesday-blitz-april-30-2024-4739547
2024-05-07,02:00 PM,Late-Titled-Tuesday-Blitz-May-07-2024,late,524,MagnusCarlsen,late-titled-tuesday-blitz-may-07-2024-4753864,https://www.chess.com/tournament/live/late-titled-tuesday-blitz-may-07-2024-4753864
2024-05-07,08:00 AM,Early-Titled-Tuesday-Blitz-May-07-2024,early,717,wonderfultime,early-titled-tuesday-blitz-may-07-2024-4753863,https://www.chess.com/tournament/live/early-titled-tuesday-blitz-may-07-2024-4753863
2024-05-14,02:00 PM,Late-Titled-Tuesday-Blitz-May-14-2024,late,544,Hikaru,late-titled-tuesday-blitz-may-14-2024-4758146,https://www.chess.com/tournament/live/late-titled-tuesday-blitz-may-14-2024-4758146
2024-05-14,08:00 AM,Early-Titled-Tuesday-Blitz-May-14-2024,early,747,Hikaru,early-titled-tuesday-blitz-may-14-2024-4758145,https://www.chess.com/tournament/live/early-titled-tuesday-blitz-may-14-2024-4758145
2024-05-21,02:00 PM,Late-Titled-Tuesday-Blitz-May-21-2024,late,544,Polish_fighter3000,late-titled-tuesday-blitz-may-21-2024-4772079,https://www.chess.com/tournament/live/late-titled-tuesday-blitz-may-21-2024-4772079
2024-05-21,08:00 AM,Early-Titled-Tuesday-Blitz-May-21-2024,early,739,vladislavkovalev,early-titled-tuesday-blitz-may-21-2024-4772078,https://www.chess.com/tournament/live/early-titled-tuesday-blitz-may-21-2024-4772078
2024-05-28,02:00 PM,Late-Titled-Tuesday-Blitz-May-28-2024,late,509,wonderfultime,late-titled-tuesday-blitz-may-28-2024-4786005,https://www.chess.com/tournament/live/late-titled-tuesday-blitz-may-28-2024-4786005
2024-05-28,08:00 AM,Early-Titled-Tuesday-Blitz-May-28-2024,early,671,Grischuk,early-titled-tuesday-blitz-may-28-2024-4786003,https://www.chess.com/tournament/live/early-titled-tuesday-blitz-may-28-2024-4786003
2024-06-04,02:00 PM,Late-Titled-Tuesday-Blitz-June-04-2024,late,525,Oleksandr_Bortnyk,late-titled-tuesday-blitz-june-04-2024-4800124,https://www.chess.com/tournament/live/late-titled-tuesday-blitz-june-04-2024-4800124
2024-06-04,08:00 AM,Early-Titled-Tuesday-Blitz-June-04-2024,early,727,mishanick,early-titled-tuesday-blitz-june-04-2024-4800123,https://www.chess.com/tournament/live/early-titled-tuesday-blitz-june-04-2024-4800123
2024-06-11,02:00 PM,Late-Titled-Tuesday-Blitz-June-11-2024,late,610,Hikaru,late-titled-tuesday-blitz-june-11-2024-4814660,https://www.chess.com/tournament/live/late-titled-tuesday-blitz-june-11-2024-4814660
2024-06-11,08:00 AM,Early-Titled-Tuesday-Blitz-June-11-2024,early,723,mishanick,early-titled-tuesday-blitz-june-11-2024-4814658,https://www.chess.com/tournament/live/early-titled-tuesday-blitz-june-11-2024-4814658
2024-06-18,02:00 PM,Late-Titled-Tuesday-Blitz-June-18-2024,late,585,DenLaz,late-titled-tuesday-blitz-june-18-2024-4829185,https://www.chess.com/tournament/live/late-titled-tuesday-blitz-june-18-2024-4829185
2024-06-18,08:00 AM,Early-Titled-Tuesday-Blitz-June-18-2024,early,767,nihalsarin,early-titled-tuesday-blitz-june-18-2024-4829184,https://www.chess.com/tournament/live/early-titled-tuesday-blitz-june-18-2024-4829184
2024-06-25,02:00 PM,Late-Titled-Tuesday-Blitz-June-25-2024,late,546,DenLaz,late-titled-tuesday-blitz-june-25-2024-4845709,https://www.chess.com/tournament/live/late-titled-tuesday-blitz-june-25-2024-4845709
2024-06-25,08:00 AM,Early-Titled-Tuesday-Blitz-June-25-2024,early,724,rednova1729,early-titled-tuesday-blitz-june-25-2024-4845705,https://www.chess.com/tournament/live/early-titled-tuesday-blitz-june-25-2024-4845705
2024-07-02,02:00 PM,Late-Titled-Tuesday-Blitz-July-02-2024,late,515,Hikaru,late-titled-tuesday-blitz-july-02-2024-4864465,https://www.chess.com/tournament/live/late-titled-tuesday-blitz-july-02-2024-4864465
2024-07-02,08:00 AM,Early-Titled-Tuesday-Blitz-July-02-2024,early,692,FairChess_on_YouTube,early-titled-tuesday-blitz-july-02-2024-4864463,https://www.chess.com/tournament/live/early-titled-tuesday-blitz-july-02-2024-4864463
2024-07-09,02:00 PM,Late-Titled-Tuesday-Blitz-July-09-2024,late,520,Hikaru,late-titled-tuesday-blitz-july-09-2024-4882429,https://www.chess.com/tournament/live/late-titled-tuesday-blitz-july-09-2024-4882429
2024-07-09,08:00 AM,Early-Titled-Tuesday-Blitz-July-09-2024,early,706,MagnusCarlsen,early-titled-tuesday-blitz-july-09-2024-4882427,https://www.chess.com/tournament/live/early-titled-tuesday-blitz-july-09-2024-4882427
2024-07-16,02:00 PM,Late-Titled-Tuesday-Blitz-July-16-2024,late,571,Javokhir_Sindarov05,late-titled-tuesday-blitz-july-16-2024-4900935,https://www.chess.com/tournament/live/late-titled-tuesday-blitz-july-16-2024-4900935
2024-07-16,08:00 AM,Early-Titled-Tuesday-Blitz-July-16-2024,early,650,jefferyx,early-titled-tuesday-blitz-july-16-2024-4900933,https://www.chess.com/tournament/live/early-titled-tuesday-blitz-july-16-2024-4900933
2024-07-23,02:00 PM,Late-Titled-Tuesday-Blitz-July-23-2024,late,545,Oleksandr_Bortnyk,late-titled-tuesday-blitz-july-23-2024-4919327,https://www.chess.com/tournament/live/late-titled-tuesday-blitz-july-23-2024-4919327
2024-07-23,08:00 AM,Early-Titled-Tuesday-Blitz-July-23-2024,early,680,DenLaz,early-titled-tuesday-blitz-july-23-2024-4919325,https://www.chess.com/tournament/live/early-titled-tuesday-blitz-july-23-2024-4919325
2024-07-30,02:00 PM,Late-Titled-Tuesday-Blitz-July-30-2024,late,584,MagnusCarlsen,late-titled-tuesday-blitz-july-30-2024-4937911,https://www.chess.com/tournament/live/late-titled-tuesday-blitz-july-30-2024-4937911
2024-07-30,08:00 AM,Early-Titled-Tuesday-Blitz-July-30-2024,early,720,Firouzja2003,early-titled-tuesday-blitz-july-30-2024-4937909,https://www.chess.com/tournament/live/early-titled-tuesday-blitz-july-30-2024-4937909
2024-08-06,02:00 PM,Late-Titled-Tuesday-Blitz-August-06-2024,late,543,MagnusCarlsen,late-titled-tuesday-blitz-august-06-2024-4956449,https://www.chess.com/tournament/live/late-titled-tuesday-blitz-august-06-2024-4956449
2024-08-06,08:00 AM,Early-Titled-Tuesday-Blitz-August-06-2024,early,706,Hikaru,early-titled-tuesday-blitz-august-06-2024-4956447,https://www.chess.com/tournament/live/early-titled-tuesday-blitz-august-06-2024-4956447
2024-08-13,02:00 PM,Late-Titled-Tuesday-Blitz-August-13-2024,late,532,jefferyx,late-titled-tuesday-blitz-august-13-2024-4975055,https://www.chess.com/tournament/live/late-titled-tuesday-blitz-august-13-2024-4975055
2024-08-13,08:00 AM,Early-Titled-Tuesday-Blitz-August-13-2024,early,745,Jospem,early-titled-tuesday-blitz-august-13-2024-4975053,https://www.chess.com/tournament/live/early-titled-tuesday-blitz-august-13-2024-4975053
2024-08-20,02:00 PM,Late-Titled-Tuesday-Blitz-August-20-2024,late,511,MagnusCarlsen,late-titled-tuesday-blitz-august-20-2024-4996247,https://www.chess.com/tournament/live/late-titled-tuesday-blitz-august-20-2024-4996247
2024-08-20,08:00 AM,Early-Titled-Tuesday-Blitz-August-20-2024,early,681,h4parah5,early-titled-tuesday-blitz-august-20-2024-4996245,https://www.chess.com/tournament/live/early-titled-tuesday-blitz-august-20-2024-4996245
2024-08-27,02:00 PM,Late-Titled-Tuesday-Blitz-August-27-2024,late,527,Jospem,late-titled-tuesday-blitz-august-27-2024-5015191,https://www.chess.com/tournament/live/late-titled-tuesday-blitz-august-27-2024-5015191
2024-08-27,08:00 AM,Early-Titled-Tuesday-Blitz-August-27-2024,early,775,MagnusCarlsen,early-titled-tuesday-blitz-august-27-2024-5015189,https://www.chess.com/tournament/live/early-titled-tuesday-blitz-august-27-2024-5015189
2024-09-03,02:00 PM,Late-Titled-Tuesday-Blitz-September-03-2024,late,525,BogdanDeac,late-titled-tuesday-blitz-september-03-2024-5033917,https://www.chess.com/tournament/live/late-titled-tuesday-blitz-september-03-2024-5033917
2024-09-03,08:00 AM,Early-Titled-Tuesday-Blitz-September-03-2024,early,765,mishanick,early-titled-tuesday-blitz-september-03-2024-5033915,https://www.chess.com/tournament/live/early-titled-tuesday-blitz-september-03-2024-5033915
2024-09-10,02:00 PM,Late-Titled-Tuesday-Blitz-September-10-2024,late,521,Oleksandr_Bortnyk,late-titled-tuesday-blitz-september-10-2024-5072893,https://www.chess.com/tournament/live/late-titled-tuesday-blitz-september-10-2024-5072893
2024-09-10,08:30 AM,Early-Titled-Tuesday-Blitz-September-10-2024,early,712,lachesisQ,early-titled-tuesday-blitz-september-10-2024-5072887,https://www.chess.com/tournament/live/early-titled-tuesday-blitz-september-10-2024-5072887
2024-09-17,02:00 PM,Late-Titled-Tuesday-Blitz-September-17-2024,late,508,ChristopherYoo,late-titled-tuesday-blitz-september-17-2024-5080881,https://www.chess.com/tournament/live/late-titled-tuesday-blitz-september-17-2024-5080881
2024-09-17,08:00 AM,Early-Titled-Tuesday-Blitz-September-17-2024,early,757,Firouzja2003,early-titled-tuesday-blitz-september-17-2024-5080879,https://www.chess.com/tournament/live/early-titled-tuesday-blitz-september-17-2024-5080879
2024-09-24,02:00 PM,Late-Titled-Tuesday-Blitz-September-24-2024,late,531,MagnusCarlsen,late-titled-tuesday-blitz-september-24-2024-5080899,https://www.chess.com/tournament/live/late-titled-tuesday-blitz-september-24-2024-5080899
2024-09-24,08:00 AM,Early-Titled-Tuesday-Blitz-September-24-2024,early,765,HansOnTwitch,early-titled-tuesday-blitz-september-24-2024-5080895,https://www.chess.com/tournament/live/early-titled-tuesday-blitz-september-24-2024-5080895
2024-10-01,02:00 PM,Late-Titled-Tuesday-Blitz-October-01-2024,late,504,MagnusCarlsen,late-titled-tuesday-blitz-october-01-2024-5099901,https://www.chess.com/tournament/live/late-titled-tuesday-blitz-october-01-2024-5099901
2024-10-01,08:00 AM,Early-Titled-Tuesday-Blitz-October-01-2024,early,799,Oleksandr_Bortnyk,early-titled-tuesday-blitz-october-01-2024-5099899,https://www.chess.com/tournament/live/early-titled-tuesday-blitz-october-01-2024-5099899
2024-10-08,02:00 PM,Late-Titled-Tuesday-Blitz-October-08-2024,late,566,frederiksvane,late-titled-tuesday-blitz-october-08-2024-5109901,https://www.chess.com/tournament/live/late-titled-tuesday-blitz-october-08-2024-5109901
2024-10-08,08:00 AM,Early-Titled-Tuesday-Blitz-October-08-2024,early,753,kirillshevchenko,early-titled-tuesday-blitz-october-08-2024-5109897,https://www.chess.com/tournament/live/early-titled-tuesday-blitz-october-08-2024-5109897
2024-10-15,02:00 PM,Late-Titled-Tuesday-Blitz-October-15-2024,late,485,Hikaru,late-titled-tuesday-blitz-october-15-2024-5130151,https://www.chess.com/tournament/live/late-titled-tuesday-blitz-october-15-2024-5130151
2024-10-15,08:00 AM,Early-Titled-Tuesday-Blitz-October-15-2024,early,725,Polish_fighter3000,early-titled-tuesday-blitz-october-15-2024-5130149,https://www.chess.com/tournament/live/early-titled-tuesday-blitz-october-15-2024-5130149
2024-10-22,02:00 PM,Late-Titled-Tuesday-Blitz-October-22-2024,late,526,jefferyx,late-titled-tuesday-blitz-october-22-2024-5149529,https://www.chess.com/tournament/live/late-titled-tuesday-blitz-october-22-2024-5149529
2024-10-22,08:00 AM,Early-Titled-Tuesday-Blitz-October-22-2024,early,723,NikoTheodorou,early-titled-tuesday-blitz-october-22-2024-5149527,https://www.chess.com/tournament/live/early-titled-tuesday-blitz-october-22-2024-5149527
2024-10-29,02:00 PM,Late-Titled-Tuesday-Blitz-October-29-2024,late,513,Firouzja2003,late-titled-tuesday-blitz-october-29-2024-5171097,https://www.chess.com/tournament/live/late-titled-tuesday-blitz-october-29-2024-5171097
2024-10-29,08:00 AM,Early-Titled-Tuesday-Blitz-October-29-2024,early,664,MagnusCarlsen,early-titled-tuesday-blitz-october-29-2024-5171095,https://www.chess.com/tournament/live/early-titled-tuesday-blitz-october-29-2024-5171095
2024-11-05,02:00 PM,Late-Titled-Tuesday-Blitz-November-05-2024,late,464,Hikaru,late-titled-tuesday-blitz-november-05-2024-5179381,https://www.chess.com/tournament/live/late-titled-tuesday-blitz-november-05-2024-5179381
2024-11-05,08:00 AM,Early-Titled-Tuesday-Blitz-November-05-2024,early,755,FairChess_on_YouTube,early-titled-tuesday-blitz-november-05-2024-5179377,https://www.chess.com/tournament/live/early-titled-tuesday-blitz-november-05-2024-5179377
2024-11-12,02:00 PM,Late-Titled-Tuesday-Blitz-November-12-2024,late,478,Hikaru,late-titled-tuesday-blitz-november-12-2024-5199161,https://www.chess.com/tournament/live/late-titled-tuesday-blitz-november-12-2024-5199161
2024-11-12,08:00 AM,Early-Titled-Tuesday-Blitz-November-12-2024,early,683,Hikaru,early-titled-tuesday-blitz-november-12-2024-5199159,https://www.chess.com/tournament/live/early-titled-tuesday-blitz-november-12-2024-5199159
2024-11-19,02:00 PM,Late-Titled-Tuesday-Blitz-November-19-2024,late,496,Firouzja2003,late-titled-tuesday-blitz-november-19-2024-5208889,https://www.chess.com/tournament/live/late-titled-tuesday-blitz-november-19-2024-5208889
2024-11-19,08:00 AM,Early-Titled-Tuesday-Blitz-November-19-2024,early,693,Hikaru,early-titled-tuesday-blitz-november-19-2024-5208887,https://www.chess.com/tournament/live/early-titled-tuesday-blitz-november-19-2024-5208887
2024-11-26,02:00 PM,Late-Titled-Tuesday-Blitz-November-26-2024,late,491,ChristopherYoo,late-titled-tuesday-blitz-november-26-2024-5229069,https://www.chess.com/tournament/live/late-titled-tuesday-blitz-november-26-2024-5229069
2024-11-26,08:00 AM,Early-Titled-Tuesday-Blitz-November-26-2024,early,731,MagnusCarlsen,early-titled-tuesday-blitz-november-26-2024-5229067,https://www.chess.com/tournament/live/early-titled-tuesday-blitz-november-26-2024-5229067
2024-12-03,02:00 PM,Late-Titled-Tuesday-Blitz-December-03-2024,late,492,Hikaru,late-titled-tuesday-blitz-december-03-2024-5248887,https://www.chess.com/tournament/live/late-titled-tuesday-blitz-december-03-2024-5248887
2024-12-03,08:00 AM,Early-Titled-Tuesday-Blitz-December-03-2024,early,677,DenLaz,early-titled-tuesday-blitz-december-03-2024-5248885,https://www.chess.com/tournament/live/early-titled-tuesday-blitz-december-03-2024-5248885
2024-12-10,02:00 PM,Late-Titled-Tuesday-Blitz-December-10-2024,late,529,jefferyx,late-titled-tuesday-blitz-december-10-2024-5267925,https://www.chess.com/tournament/live/late-titled-tuesday-blitz-december-10-2024-5267925
2024-12-10,08:00 AM,Early-Titled-Tuesday-Blitz-December-10-2024,early,784,onyshchuk_v,early-titled-tuesday-blitz-december-10-2024-5267921,https://www.chess.com/tournament/live/early-titled-tuesday-blitz-december-10-2024-5267921
2024-12-17,02:00 PM,Late-Titled-Tuesday-Blitz-December-17-2024,late,592,DanielNaroditsky,late-titled-tuesday-blitz-december-17-2024-5287649,https://www.chess.com/tournament/live/late-titled-tuesday-blitz-december-17-2024-5287649
2024-12-17,08:00 AM,Early-Titled-Tuesday-Blitz-December-17-2024,early,783,Parhamov,early-titled-tuesday-blitz-december-17-2024-5287647,https://www.chess.com/tournament/live/early-titled-tuesday-blitz-december-17-2024-5287647
2024-12-24,02:00 PM,Late-Titled-Tuesday-Blitz-December-24-2024,late,523,rezamahdavi2008,late-titled-tuesday-blitz-december-24-2024-5306867,https://www.chess.com/tournament/live/late-titled-tuesday-blitz-december-24-2024-5306867
2024-12-24,08:00 AM,Early-Titled-Tuesday-Blitz-December-24-2024,early,691,MagnusCarlsen,early-titled-tuesday-blitz-december-24-2024-5306865,https://www.chess.com/tournament/live/early-titled-tuesday-blitz-december-24-2024-5306865
2024-12-31,02:00 PM,Late-Titled-Tuesday-Blitz-December-31-2024,late,410,LiemLe,late-titled-tuesday-blitz-december-31-2024-5327791,https://www.chess.com/tournament/live/late-titled-tuesday-blitz-december-31-2024-5327791
2024-12-31,08:00 AM,Early-Titled-Tuesday-Blitz-December-31-2024,early,727,Jospem,early-titled-tuesday-blitz-december-31-2024-5327789,https://www.chess.com/tournament/live/early-titled-tuesday-blitz-december-31-2024-5327789
2025-01-07,02:00 PM,Late-Titled-Tuesday-Blitz-January-07-2025,late,665,OparinGrigoriy,late-titled-tuesday-blitz-january-07-2025-5338579,https://www.chess.com/tournament/live/late-titled-tuesday-blitz-january-07-2025-5338579
2025-01-07,08:00 AM,Early-Titled-Tuesday-Blitz-January-07-2025,early,881,Jospem,early-titled-tuesday-blitz-january-07-2025-5338577,https://www.chess.com/tournament/live/early-titled-tuesday-blitz-january-07-2025-5338577
2025-01-14,02:00 PM,Late-Titled-Tuesday-Blitz-January-14-2025,late,639,Hikaru,late-titled-tuesday-blitz-january-14-2025-5359021,https://www.chess.com/tournament/live/late-titled-tuesday-blitz-january-14-2025-5359021
2025-01-14,08:00 AM,Early-Titled-Tuesday-Blitz-January-14-2025,early,905,GHANDEEVAM2003,early-titled-tuesday-blitz-january-14-2025-5359019,https://www.chess.com/tournament/live/early-titled-tuesday-blitz-january-14-2025-5359019
2025-01-21,02:00 PM,Late-Titled-Tuesday-Blitz-January-21-2025,late,638,vugarrasulov,late-titled-tuesday-blitz-january-21-2025-5379889,https://www.chess.com/tournament/live/late-titled-tuesday-blitz-january-21-2025-5379889
2025-01-21,08:00 AM,Early-Titled-Tuesday-Blitz-January-21-2025,early,996,Hikaru,early-titled-tuesday-blitz-january-21-2025-5379887,https://www.chess.com/tournament/live/early-titled-tuesday-blitz-january-21-2025-5379887
2025-01-28,02:00 PM,Late-Titled-Tuesday-Blitz-January-28-2025,late,652,DenLaz,late-titled-tuesday-blitz-january-28-2025-5400245,https://www.chess.com/tournament/live/late-titled-tuesday-blitz-january-28-2025-5400245
2025-01-28,08:00 AM,Early-Titled-Tuesday-Blitz-January-28-2025,early,946,Firouzja2003,early-titled-tuesday-blitz-january-28-2025-5400243,https://www.chess.com/tournament/live/early-titled-tuesday-blitz-january-28-2025-5400243
2025-02-04,02:00 PM,Late-Titled-Tuesday-Blitz-February-04-2025,late,654,mishanick,late-titled-tuesday-blitz-february-04-2025-5420637,https://www.chess.com/tournament/live/late-titled-tuesday-blitz-february-04-2025-5420637
2025-02-04,08:00 AM,Early-Titled-Tuesday-Blitz-February-04-2025,early,943,LiemLe,early-titled-tuesday-blitz-february-04-2025-5420635,https://www.chess.com/tournament/live/early-titled-tuesday-blitz-february-04-2025-5420635
2025-02-11,02:00 PM,Late-Titled-Tuesday-Blitz-February-11-2025,late,581,Parhamov,late-titled-tuesday-blitz-february-11-2025-5440673,https://www.chess.com/tournament/live/late-titled-tuesday-blitz-february-11-2025-5440673
2025-02-11,08:00 AM,Early-Titled-Tuesday-Blitz-February-11-2025,early,907,MagnusCarlsen,early-titled-tuesday-blitz-february-11-2025-5440671,https://www.chess.com/tournament/live/early-titled-tuesday-blitz-february-11-2025-5440671
2025-02-18,02:00 PM,Late-Titled-Tuesday-Blitz-February-18-2025,late,574,Polish_fighter3000,late-titled-tuesday-blitz-february-18-2025-5460651,https://www.chess.com/tournament/live/late-titled-tuesday-blitz-february-18-2025-5460651
2025-02-18,08:00 AM,Early-Titled-Tuesday-Blitz-February-18-2025,early,859,Msb2,early-titled-tuesday-blitz-february-18-2025-5460649,https://www.chess.com/tournament/live/early-titled-tuesday-blitz-february-18-2025-5460649
2025-02-25,02:00 PM,Late-Titled-Tuesday-Blitz-February-25-2025,late,555,Firouzja2003,late-titled-tuesday-blitz-february-25-2025-5480717,https://www.chess.com/tournament/live/late-titled-tuesday-blitz-february-25-2025-5480717
2025-02-25,08:00 AM,Early-Titled-Tuesday-Blitz-February-25-2025,early,820,Parhamov,early-titled-tuesday-blitz-february-25-2025-5480715,https://www.chess.com/tournament/live/early-titled-tuesday-blitz-february-25-2025-5480715
2025-03-04,02:00 PM,Late-Titled-Tuesday-Blitz-March-04-2025,late,493,GMBenjaminBok,late-titled-tuesday-blitz-march-04-2025-5490853,https://www.chess.com/tournament/live/late-titled-tuesday-blitz-march-04-2025-5490853
2025-03-04,08:00 AM,Early-Titled-Tuesday-Blitz-March-04-2025,early,755,mishanick,early-titled-tuesday-blitz-march-04-2025-5490851,https://www.chess.com/tournament/live/early-titled-tuesday-blitz-march-04-2025-5490851
2025-03-11,02:00 PM,Late-Titled-Tuesday-Blitz-March-11-2025,late,473,Parhamov,late-titled-tuesday-blitz-march-11-2025-5501917,https://www.chess.com/tournament/live/late-titled-tuesday-blitz-march-11-2025-5501917
2025-03-11,08:00 AM,Early-Titled-Tuesday-Blitz-March-11-2025,early,473,MagnusCarlsen,early-titled-tuesday-blitz-march-11-2025-5501915,https://www.chess.com/tournament/live/early-titled-tuesday-blitz-march-11-2025-5501915
2025-03-18,02:00 PM,Late-Titled-Tuesday-Blitz-March-18-2025,late,475,DenLaz,late-titled-tuesday-blitz-march-18-2025-5522331,https://www.chess.com/tournament/live/late-titled-tuesday-blitz-march-18-2025-5522331
2025-03-18,08:00 AM,Early-Titled-Tuesday-Blitz-March-18-2025,early,571,Gareth-Bale11,early-titled-tuesday-blitz-march-18-2025-5522329,https://www.chess.com/tournament/live/early-titled-tuesday-blitz-march-18-2025-5522329
2025-03-25,02:00 PM,Late-Titled-Tuesday-Blitz-March-25-2025,late,487,DenLaz,late-titled-tuesday-blitz-march-25-2025-5542047,https://www.chess.com/tournament/live/late-titled-tuesday-blitz-march-25-2025-5542047
2025-03-25,08:00 AM,Early-Titled-Tuesday-Blitz-March-25-2025,early,592,Javokhir_Sindarov05,early-titled-tuesday-blitz-march-25-2025-5542045,https://www.chess.com/tournament/live/early-titled-tuesday-blitz-march-25-2025-5542045
2025-04-01,01:00 PM,Late-Titled-Tuesday-Blitz-April-01-2025,late,372,Hikaru,late-titled-tuesday-blitz-april-01-2025-5562439,https://www.chess.com/tournament/live/late-titled-tuesday-blitz-april-01-2025-5562439
2025-04-01,08:00 AM,Early-Titled-Tuesday-Blitz-April-01-2025,early,675,LiemLe,early-titled-tuesday-blitz-april-01-2025-5562437,https://www.chess.com/tournament/live/early-titled-tuesday-blitz-april-01-2025-5562437
2025-04-08,01:00 PM,Late-Titled-Tuesday-Blitz-April-08-2025,late,391,MagnusCarlsen,late-titled-tuesday-blitz-april-08-2025-5582637,https://www.chess.com/tournament/live/late-titled-tuesday-blitz-april-08-2025-5582637
2025-04-08,08:00 AM,Early-Titled-Tuesday-Blitz-April-08-2025,early,607,nihalsarin,early-titled-tuesday-blitz-april-08-2025-5582635,https://www.chess.com/tournament/live/early-titled-tuesday-blitz-april-08-2025-5582635
2025-04-15,01:00 PM,Late-Titled-Tuesday-Blitz-April-15-2025,late,341,MagnusCarlsen,late-titled-tuesday-blitz-april-15-2025-5592301,https://www.chess.com/tournament/live/late-titled-tuesday-blitz-april-15-2025-5592301
2025-04-15,08:00 AM,Early-Titled-Tuesday-Blitz-April-15-2025,early,556,BogdanDeac,early-titled-tuesday-blitz-april-15-2025-5592299,https://www.chess.com/tournament/live/early-titled-tuesday-blitz-april-15-2025-5592299
2025-04-22,01:00 PM,Late-Titled-Tuesday-Blitz-April-22-2025,late,354,MagnusCarlsen,late-titled-tuesday-blitz-april-22-2025-5602149,https://www.chess.com/tournament/live/late-titled-tuesday-blitz-april-22-2025-5602149
2025-04-22,08:00 AM,Early-Titled-Tuesday-Blitz-April-22-2025,early,562,legendisback1,early-titled-tuesday-blitz-april-22-2025-5602147,https://www.chess.com/tournament/live/early-titled-tuesday-blitz-april-22-2025-5602147
2025-04-29,01:00 PM,Late-Titled-Tuesday-Blitz-April-29-2025,late,364,HansOnTwitch,late-titled-tuesday-blitz-april-29-2025-5622083,https://www.chess.com/tournament/live/late-titled-tuesday-blitz-april-29-2025-5622083
2025-04-29,08:00 AM,Early-Titled-Tuesday-Blitz-April-29-2025,early,571,Hikaru,early-titled-tuesday-blitz-april-29-2025-5622081,https://www.chess.com/tournament/live/early-titled-tuesday-blitz-april-29-2025-5622081
2025-05-06,01:00 PM,Late-Titled-Tuesday-Blitz-May-06-2025,late,388,Javokhir_Sindarov05,late-titled-tuesday-blitz-may-06-2025-5632457,https://www.chess.com/tournament/live/late-titled-tuesday-blitz-may-06-2025-5632457
2025-05-06,08:00 AM,Early-Titled-Tuesday-Blitz-May-06-2025,early,596,MagnusCarlsen,early-titled-tuesday-blitz-may-06-2025-5632455,https://www.chess.com/tournament/live/early-titled-tuesday-blitz-may-06-2025-5632455
2025-05-13,01:00 PM,Late-Titled-Tuesday-Blitz-May-13-2025,late,455,HansOnTwitch,late-titled-tuesday-blitz-may-13-2025-5643227,https://www.chess.com/tournament/live/late-titled-tuesday-blitz-may-13-2025-5643227
2025-05-13,08:00 AM,Early-Titled-Tuesday-Blitz-May-13-2025,early,651,MagnusCarlsen,early-titled-tuesday-blitz-may-13-2025-5643225,https://www.chess.com/tournament/live/early-titled-tuesday-blitz-may-13-2025-5643225
2025-05-20,01:00 PM,Late-Titled-Tuesday-Blitz-May-20-2025,late,394,GHANDEEVAM2003,late-titled-tuesday-blitz-may-20-2025-5673491,https://www.chess.com/tournament/live/late-titled-tuesday-blitz-may-20-2025-5673491
2025-05-20,08:00 AM,Early-Titled-Tuesday-Blitz-May-20-2025,early,662,FairChess_on_YouTube,early-titled-tuesday-blitz-may-20-2025-5673489,https://www.chess.com/tournament/live/early-titled-tuesday-blitz-may-20-2025-5673489
2025-05-27,01:00 PM,Late-Titled-Tuesday-Blitz-May-27-2025,late,414,wonderfultime,late-titled-tuesday-blitz-may-27-2025-5693575,https://www.chess.com/tournament/live/late-titled-tuesday-blitz-may-27-2025-5693575
2025-05-27,08:00 AM,Early-Titled-Tuesday-Blitz-May-27-2025,early,606,GMWSO,early-titled-tuesday-blitz-may-27-2025-5693573,https://www.chess.com/tournament/live/early-titled-tuesday-blitz-may-27-2025-5693573
2025-06-03,01:00 PM,Late-Titled-Tuesday-Blitz-June-03-2025,late,430,Firouzja2003,late-titled-tuesday-blitz-june-03-2025-5713727,https://www.chess.com/tournament/live/late-titled-tuesday-blitz-june-03-2025-5713727
2025-06-03,08:00 AM,Early-Titled-Tuesday-Blitz-June-03-2025,early,620,LevonAronian,early-titled-tuesday-blitz-june-03-2025-5713725,https://www.chess.com/tournament/live/early-titled-tuesday-blitz-june-03-2025-5713725
2025-06-10,01:00 PM,Late-Titled-Tuesday-Blitz-June-10-2025,late,484,MagnusCarlsen,late-titled-tuesday-blitz-june-10-2025-5724083,https://www.chess.com/tournament/live/late-titled-tuesday-blitz-june-10-2025-5724083
2025-06-10,08:00 AM,Early-Titled-Tuesday-Blitz-June-10-2025,early,695,HansOnTwitch,early-titled-tuesday-blitz-june-10-2025-5724081,https://www.chess.com/tournament/live/early-titled-tuesday-blitz-june-10-2025-5724081
2025-06-17,01:00 PM,Late-Titled-Tuesday-Blitz-June-17-2025,late,529,HansOnTwitch,late-titled-tuesday-blitz-june-17-2025-5734311,https://www.chess.com/tournament/live/late-titled-tuesday-blitz-june-17-2025-5734311
2025-06-17,08:00 AM,Early-Titled-Tuesday-Blitz-June-17-2025,early,692,MagnusCarlsen,early-titled-tuesday-blitz-june-17-2025-5734309,https://www.chess.com/tournament/live/early-titled-tuesday-blitz-june-17-2025-5734309
2025-06-24,01:00 PM,Late-Titled-Tuesday-Blitz-June-24-2025,late,474,DenLaz,late-titled-tuesday-blitz-june-24-2025-5754619,https://www.chess.com/tournament/live/late-titled-tuesday-blitz-june-24-2025-5754619
2025-06-24,08:00 AM,Early-Titled-Tuesday-Blitz-June-24-2025,early,664,vi_pranav,early-titled-tuesday-blitz-june-24-2025-5754617,https://www.chess.com/tournament/live/early-titled-tuesday-blitz-june-24-2025-5754617
2025-07-01,01:00 PM,Late-Titled-Tuesday-Blitz-July-01-2025,late,448,Parhamov,late-titled-tuesday-blitz-july-01-2025-5764807,https://www.chess.com/tournament/live/late-titled-tuesday-blitz-july-01-2025-5764807
2025-07-01,08:00 AM,Early-Titled-Tuesday-Blitz-July-01-2025,early,623,vi_pranav,early-titled-tuesday-blitz-july-01-2025-5764805,https://www.chess.com/tournament/live/early-titled-tuesday-blitz-july-01-2025-5764805
2025-07-08,01:00 PM,Late-Titled-Tuesday-Blitz-July-08-2025,late,455,Hikaru,late-titled-tuesday-blitz-july-08-2025-5774503,https://www.chess.com/tournament/live/late-titled-tuesday-blitz-july-08-2025-5774503
2025-07-08,08:00 AM,Early-Titled-Tuesday-Blitz-July-08-2025,early,587,nihalsarin,early-titled-tuesday-blitz-july-08-2025-5774501,https://www.chess.com/tournament/live/early-titled-tuesday-blitz-july-08-2025-5774501
2025-07-15,01:00 PM,Late-Titled-Tuesday-Blitz-July-15-2025,late,368,Sina-Movahed,late-titled-tuesday-blitz-july-15-2025-5794067,https://www.chess.com/tournament/live/late-titled-tuesday-blitz-july-15-2025-5794067
2025-07-15,08:00 AM,Early-Titled-Tuesday-Blitz-July-15-2025,early,541,mishanick,early-titled-tuesday-blitz-july-15-2025-5794065,https://www.chess.com/tournament/live/early-titled-tuesday-blitz-july-15-2025-5794065
2025-07-22,01:00 PM,Late-Titled-Tuesday-Blitz-July-22-2025,late,381,BogdanDeac,late-titled-tuesday-blitz-july-22-2025-5804147,https://www.chess.com/tournament/live/late-titled-tuesday-blitz-july-22-2025-5804147
2025-07-22,08:00 AM,Early-Titled-Tuesday-Blitz-July-22-2025,early,494,Hikaru,early-titled-tuesday-blitz-july-22-2025-5804145,https://www.chess.com/tournament/live/early-titled-tuesday-blitz-july-22-2025-5804145
2025-07-29,01:00 PM,Late-Titled-Tuesday-Blitz-July-29-2025,late,380,Salem-AR,late-titled-tuesday-blitz-july-29-2025-5814461,https://www.chess.com/tournament/live/late-titled-tuesday-blitz-july-29-2025-5814461
2025-07-29,08:00 AM,Early-Titled-Tuesday-Blitz-July-29-2025,early,518,Fandorine,early-titled-tuesday-blitz-july-29-2025-5814459,https://www.chess.com/tournament/live/early-titled-tuesday-blitz-july-29-2025-5814459
2025-08-05,01:00 PM,Late-Titled-Tuesday-Blitz-August-05-2025,late,353,Parhamov,late-titled-tuesday-blitz-august-05-2025-5824619,https://www.chess.com/tournament/live/late-titled-tuesday-blitz-august-05-2025-5824619
2025-08-05,08:00 AM,Early-Titled-Tuesday-Blitz-August-05-2025,early,489,amintabatabaei,early-titled-tuesday-blitz-august-05-2025-5824617,https://www.chess.com/tournament/live/early-titled-tuesday-blitz-august-05-2025-5824617
2025-08-12,01:00 PM,Late-Titled-Tuesday-Blitz-August-12-2025,late,328,MagnusCarlsen,late-titled-tuesday-blitz-august-12-2025-5844929,https://www.chess.com/tournament/live/late-titled-tuesday-blitz-august-12-2025-5844929
2025-08-12,08:00 AM,Early-Titled-Tuesday-Blitz-August-12-2025,early,464,Hikaru,early-titled-tuesday-blitz-august-12-2025-5844927,https://www.chess.com/tournament/live/early-titled-tuesday-blitz-august-12-2025-5844927
2025-08-19,01:00 PM,Late-Titled-Tuesday-Blitz-August-19-2025,late,326,MagnusCarlsen,late-titled-tuesday-blitz-august-19-2025-5854703,https://www.chess.com/tournament/live/late-titled-tuesday-blitz-august-19-2025-5854703
2025-08-19,08:00 AM,Early-Titled-Tuesday-Blitz-August-19-2025,early,432,MagnusCarlsen,early-titled-tuesday-blitz-august-19-2025-5854701,https://www.chess.com/tournament/live/early-titled-tuesday-blitz-august-19-2025-5854701
2025-08-26,01:00 PM,Late-Titled-Tuesday-Blitz-August-26-2025,late,307,mishanick,late-titled-tuesday-blitz-august-26-2025-5874943,https://www.chess.com/tournament/live/late-titled-tuesday-blitz-august-26-2025-5874943
2025-08-26,08:00 AM,Early-Titled-Tuesday-Blitz-August-26-2025,early,443,wonderfultime,early-titled-tuesday-blitz-august-26-2025-5874941,https://www.chess.com/tournament/live/early-titled-tuesday-blitz-august-26-2025-5874941
2025-09-02,08:00 AM,Titled-Tuesday-Blitz-September-02-2025,,407,mishanick,titled-tuesday-blitz-september-02-2025-5905663,https://www.chess.com/tournament/live/titled-tuesday-blitz-september-02-2025-5905663
2025-09-09,08:00 AM,Titled-Tuesday-Blitz-September-09-2025,,454,MagnusCarlsen,titled-tuesday-blitz-september-09-2025-5905665,https://www.chess.com/tournament/live/titled-tuesday-blitz-september-09-2025-5905665
2025-09-16,08:00 AM,Titled-Tuesday-Blitz-September-16-2025,,453,MagnusCarlsen,titled-tuesday-blitz-september-16-2025-5925403,https://www.chess.com/tournament/live/titled-tuesday-blitz-september-16-2025-5925403
2025-09-23,08:00 AM,Titled-Tuesday-Blitz-September-23-2025,,482,Hikaru,titled-tuesday-blitz-september-23-2025-5934755,https://www.chess.com/tournament/live/titled-tuesday-blitz-september-23-2025-5934755
2025-09-30,08:00 AM,Titled-Tuesday-Blitz-September-30-2025,,430,HansOnTwitch,titled-tuesday-blitz-september-30-2025-5954871,https://www.chess.com/tournament/live/titled-tuesday-blitz-september-30-2025-5954871
2025-10-07,08:00 AM,Titled-Tuesday-Blitz-October-07-2025,,434,Firouzja2003,titled-tuesday-blitz-october-07-2025-5964259,https://www.chess.com/tournament/live/titled-tuesday-blitz-october-07-2025-5964259
2025-10-14,08:00 AM,Titled-Tuesday-Blitz-October-14-2025,,401,MagnusCarlsen,titled-tuesday-blitz-october-14-2025-5974111,https://www.chess.com/tournament/live/titled-tuesday-blitz-october-14-2025-5974111
2025-10-21,08:00 AM,Titled-Tuesday-Blitz-October-21-2025,,409,Parhamov,titled-tuesday-blitz-october-21-2025-5983623,https://www.chess.com/tournament/live/titled-tuesday-blitz-october-21-2025-5983623
2025-10-28,09:00 AM,Titled-Tuesday-Blitz-October-28-2025,,395,Oleksandr_Bortnyk,titled-tuesday-blitz-october-28-2025-5994737,https://www.chess.com/tournament/live/titled-tuesday-blitz-october-28-2025-5994737
2025-11-04,08:00 AM,Titled-Tuesday-Blitz-November-04-2025,,221,DenLaz,titled-tuesday-blitz-november-04-2025-6003021,https://www.chess.com/tournament/live/titled-tuesday-blitz-november-04-2025-6003021
2025-11-11,08:00 AM,Titled-Tuesday-Blitz-November-11-2025,,396,MagnusCarlsen,titled-tuesday-blitz-november-11-2025-6031699,https://www.chess.com/tournament/live/titled-tuesday-blitz-november-11-2025-6031699
2025-11-18,08:00 AM,Titled-Tuesday-Blitz-November-18-2025,,400,Hikaru,titled-tuesday-blitz-november-18-2025-6051483,https://www.chess.com/tournament/live/titled-tuesday-blitz-november-18-2025-6051483
2025-11-25,08:00 AM,Titled-Tuesday-Blitz-November-25-2025,,407,artooon,titled-tuesday-blitz-november-25-2025-6061169,https://www.chess.com/tournament/live/titled-tuesday-blitz-november-25-2025-6061169
2025-12-02,08:00 AM,Titled-Tuesday-Blitz-December-02-2025,,399,MagnusCarlsen,titled-tuesday-blitz-december-02-2025-6081093,https://www.chess.com/tournament/live/titled-tuesday-blitz-december-02-2025-6081093
2025-12-09,08:00 AM,Titled-Tuesday-Blitz-December-09-2025,,383,Konavets,titled-tuesday-blitz-december-09-2025-6090497,https://www.chess.com/tournament/live/titled-tuesday-blitz-december-09-2025-6090497
2025-12-16,08:00 AM,Titled-Tuesday-Blitz-December-16-2025,,374,MagnusCarlsen,titled-tuesday-blitz-december-16-2025-6100509,https://www.chess.com/tournament/live/titled-tuesday-blitz-december-16-2025-6100509
2025-12-23,08:00 AM,Titled-Tuesday-Blitz-December-23-2025,,422,Polish_fighter3000,titled-tuesday-blitz-december-23-2025-6110589,https://www.chess.com/tournament/live/titled-tuesday-blitz-december-23-2025-6110589
2025-12-30,08:00 AM,Titled-Tuesday-Blitz-December-30-2025,,269,VincentKeymer,titled-tuesday-blitz-december-30-2025-6130431,https://www.chess.com/tournament/live/titled-tuesday-blitz-december-30-2025-6130431
2026-01-06,08:00 AM,Titled-Tuesday-Blitz-January-06-2026,,440,MagnusCarlsen,titled-tuesday-blitz-january-06-2026-6140433,https://www.chess.com/tournament/live/titled-tuesday-blitz-january-06-2026-6140433
2026-01-13,08:00 AM,Titled-Tuesday-Blitz-January-13-2026,,440,Javokhir_Sindarov05,titled-tuesday-blitz-january-13-2026-6151065,https://www.chess.com/tournament/live/titled-tuesday-blitz-january-13-2026-6151065
2026-01-20,08:00 AM,Titled-Tuesday-Blitz-January-20-2026,,426,MagnusCarlsen,titled-tuesday-blitz-january-20-2026-6160609,https://www.chess.com/tournament/live/titled-tuesday-blitz-january-20-2026-6160609
2026-01-27,08:00 AM,Titled-Tuesday-Blitz-January-27-2026,,439,FairChess_on_YouTube,titled-tuesday-blitz-january-27-2026-6170439,https://www.chess.com/tournament/live/titled-tuesday-blitz-january-27-2026-6170439
2026-02-03,08:00 AM,Titled-Tuesday-Blitz-February-03-2026,,444,LyonBeast,titled-tuesday-blitz-february-03-2026-6190821,https://www.chess.com/tournament/live/titled-tuesday-blitz-february-03-2026-6190821
2026-02-10,08:00 AM,Titled-Tuesday-Blitz-February-10-2026,,455,Javokhir_Sindarov05,titled-tuesday-blitz-february-10-2026-6221327,https://www.chess.com/tournament/live/titled-tuesday-blitz-february-10-2026-6221327
2026-02-17,08:00 AM,Titled-Tuesday-Blitz-February-17-2026,,435,FabianoCaruana,titled-tuesday-blitz-february-17-2026-6221393,https://www.chess.com/tournament/live/titled-tuesday-blitz-february-17-2026-6221393
2026-02-24,08:00 AM,Titled-Tuesday-Blitz-February-24-2026,,427,LyonBeast,titled-tuesday-blitz-february-24-2026-6256793,https://www.chess.com/tournament/live/titled-tuesday-blitz-february-24-2026-6256793
2026-03-03,08:00 AM,Titled-Tuesday-Blitz-March-03-2026,,447,Javokhir_Sindarov05,titled-tuesday-blitz-march-03-2026-6262447,https://www.chess.com/tournament/live/titled-tuesday-blitz-march-03-2026-6262447
2026-03-10,09:00 AM,Titled-Tuesday-Blitz-March-10-2026,,476,Sina-Movahed,titled-tuesday-blitz-march-10-2026-6277141,https://www.chess.com/tournament/live/titled-tuesday-blitz-march-10-2026-6277141
2026-03-17,09:00 AM,Titled-Tuesday-Blitz-March-17-2026,,462,nihalsarin,titled-tuesday-blitz-march-17-2026-6282783,https://www.chess.com/tournament/live/titled-tuesday-blitz-march-17-2026-6282783
2026-03-24,09:00 AM,Titled-Tuesday-Blitz-March-24-2026,,431,Zhuu96,titled-tuesday-blitz-march-24-2026-6292855,https://www.chess.com/tournament/live/titled-tuesday-blitz-march-24-2026-6292855
2026-03-31,08:00 AM,Titled-Tuesday-Blitz-March-31-2026,,285,Polish_fighter3000,titled-tuesday-blitz-march-31-2026-6322539,https://www.chess.com/tournament/live/titled-tuesday-blitz-march-31-2026-6322539
2026-04-07,08:00 AM,Titled-Tuesday-Blitz-April-07-2026,,323,Sina-Movahed,titled-tuesday-blitz-april-07-2026-6342683,https://www.chess.com/tournament/live/titled-tuesday-blitz-april-07-2026-6342683
2026-04-14,08:00 AM,Titled-Tuesday-Blitz-April-14-2026,,329,Micki-taryan,titled-tuesday-blitz-april-14-2026-6362193,https://www.chess.com/tournament/live/titled-tuesday-blitz-april-14-2026-6362193
2026-04-21,08:00 AM,Titled-Tuesday-Blitz-April-21-2026,,424,nihalsarin,titled-tuesday-blitz-april-21-2026-6371729,https://www.chess.com/tournament/live/titled-tuesday-blitz-april-21-2026-6371729
2026-04-28,08:00 AM,Titled-Tuesday-Blitz-April-28-2026,,372,Polish_fighter3000,titled-tuesday-blitz-april-28-2026-6391967,https://www.chess.com/tournament/live/titled-tuesday-blitz-april-28-2026-6391967
2026-05-05,08:00 AM,Titled-Tuesday-Blitz-May-05-2026,,343,Hikaru,titled-tuesday-blitz-may-05-2026-6412037,https://www.chess.com/tournament/live/titled-tuesday-blitz-may-05-2026-6412037
2026-05-12,08:00 AM,Titled-Tuesday-Blitz-May-12-2026,,436,lachesisQ,titled-tuesday-blitz-may-12-2026-6431785,https://www.chess.com/tournament/live/titled-tuesday-blitz-may-12-2026-6431785
2026-05-19,08:00 AM,Titled-Tuesday-Blitz-May-19-2026,,428,mishanick,titled-tuesday-blitz-may-19-2026-6451879,https://www.chess.com/tournament/live/titled-tuesday-blitz-may-19-2026-6451879
2026-05-26,08:00 AM,Titled-Tuesday-Blitz-May-26-2026,,425,Jospem,titled-tuesday-blitz-may-26-2026-6481951,https://www.chess.com/tournament/live/titled-tuesday-blitz-may-26-2026-6481951
2026-06-02,08:00 AM,Titled-Tuesday-Blitz-June-02-2026,,520,DenLaz,titled-tuesday-blitz-june-02-2026-6502023,https://www.chess.com/tournament/live/titled-tuesday-blitz-june-02-2026-6502023
2026-06-09,08:00 AM,Titled-Tuesday-Blitz-June-09-2026,,487,Polish_fighter3000,titled-tuesday-blitz-june-09-2026-6521721,https://www.chess.com/tournament/live/titled-tuesday-blitz-june-09-2026-6521721
2026-06-16,08:00 AM,Titled-Tuesday-Blitz-June-16-2026,,444,mishanick,titled-tuesday-blitz-june-16-2026-6542703,https://www.chess.com/tournament/live/titled-tuesday-blitz-june-16-2026-6542703
2026-06-23,08:00 AM,Titled-Tuesday-Blitz-June-23-2026,,471,Annawel,titled-tuesday-blitz-june-23-2026-6562125,https://www.chess.com/tournament/live/titled-tuesday-blitz-june-23-2026-6562125
2026-06-30,08:00 AM,Titled-Tuesday-Blitz-June-30-2026,,442,Jospem,titled-tuesday-blitz-june-30-2026-6581005,https://www.chess.com/tournament/live/titled-tuesday-blitz-june-30-2026-6581005
2026-07-07,08:00 AM,Titled-Tuesday-Blitz-July-07-2026,,405,GHANDEEVAM2003,titled-tuesday-blitz-july-07-2026-6590341,https://www.chess.com/tournament/live/titled-tuesday-blitz-july-07-2026-6590341
