username,p_participate,P_top1_given_play,P_top1,ip_adv_top1,P_top3_given_play,P_top3,ip_adv_top3,P_top8_given_play,P_top8,ip_adv_top8
01Roman,0.2583832997062907,0.0,0.0,,0.0,0.0,,0.0,0.0,
03revilo,0.012122524082692931,0.0,0.0,,0.0,0.0,,0.0,0.0,
0815original,0.012122524082692931,0.0,0.0,,0.0,0.0,,0.0,0.0,
0gZPanda,0.012122524082692931,0.0,0.0,,0.0,0.0,,0.05529595015576324,0.00071,77.8816199376947
0ne_M0ve,0.012122524082692931,0.0,0.0,,0.0,0.0,,0.0,0.0,
107degrees,0.012122524082692931,0.0,0.0,,0.0,0.0,,0.0,0.0,
1800_strength,0.012122524082692931,0.0,0.0,,0.0,0.0,,0.0,0.0,
1977Ivan,0.01329049218635899,0.0,0.0,,0.0,0.0,,0.0,0.0,
19912131712118,0.012122524082692931,0.0,0.0,,0.0,0.0,,0.0,0.0,
1assen,0.39951572496093757,0.0,0.0,,0.0,0.0,,0.0,0.0,
1b31-O,0.012122524082692931,0.0,0.0,,0.0,0.0,,0.0,0.0,
1d51-0,0.012122524082692931,0.0,0.0,,0.0,0.0,,0.0,0.0,
1f3_2g41-0,0.012122524082692931,0.0,0.0,,0.0,0.0,,0.0,0.0,
1g60-1,0.012122524082692931,0.0,0.0,,0.0,0.0,,0.0,0.0,
1lec,0.012122524082692931,0.0,0.0,,0.0,0.0,,0.0,0.0,
1mbl4,0.012122524082692931,0.0,0.0,,0.0,0.0,,0.0,0.0,
1npac3,0.012122524082692931,0.0,0.0,,0.0,0.0,,0.0,0.0,
1random,0.012122524082692931,0.0,0.0,,0.0,0.0,,0.0,0.0,
1stSecond,0.012122524082692931,0.0,0.0,,0.0041876046901172526,5e-05,83.75209380234504,0.048576214405360134,0.00058,83.75209380234506
2008king,0.012122524082692931,0.0,0.0,,0.0,0.0,,0.0,0.0,
2346PL,0.09213143177627474,0.0,0.0,,0.0,0.0,,0.0,0.0,
24pablo209,0.02386237513873474,0.0,0.0,,0.0,0.0,,0.0,0.0,
2Coaches1Profile,0.012122524082692931,0.0,0.0,,0.0,0.0,,0.0,0.0,
2KTNGO,0.012122524082692931,0.0,0.0,,0.0,0.0,,0.0,0.0,
2L8IWUN,0.012122524082692931,0.0,0.0,,0.0,0.0,,0.0,0.0,
2Tilted,0.012122524082692931,0.0,0.0,,0.0,0.0,,0.0,0.0,
2good4u734,0.012122524082692931,0.0,0.0,,0.0,0.0,,0.0,0.0,
2k28Lakers,0.012122524082692931,0.0,0.0,,0.0,0.0,,0.0,0.0,
3Ke31-0,0.012122524082692931,0.0,0.0,,0.0,0.0,,0.0,0.0,
4empechement,0.012122524082692931,0.0,0.0,,0.0,0.0,,0.0,0.0,
50Tugrik,0.012122524082692931,0.0,0.0,,0.0,0.0,,0.0,0.0,
A-Fier,0.30078187317458344,3.300874731803928e-05,1e-05,3.3008747318039275,0.0007922099356329427,0.00024,3.300874731803928,0.0035979534576662817,0.00109,3.300874731803928
A-Shu,0.012122524082692931,0.0,0.0,,0.0,0.0,,0.0,0.0,
A4RookA3,0.012122524082692931,0.0,0.0,,0.0,0.0,,0.0,0.0,
AA95,0.01329049218635899,0.0,0.0,,0.0,0.0,,0.0,0.0,
AC-008,0.012122524082692931,0.0,0.0,,0.0,0.0,,0.0,0.0,
ACH19,0.03206997084548104,0.0,0.0,,0.0,0.0,,0.0,0.0,
AC_20,0.012122524082692931,0.0,0.0,,0.0,0.0,,0.0,0.0,
ACollins05,0.012122524082692931,0.0,0.0,,0.0,0.0,,0.0,0.0,
AD0406,0.13558734188931043,0.0,0.0,,0.0,0.0,,0.0,0.0,
AEMEffi,0.012122524082692931,0.0,0.0,,0.0,0.0,,0.0,0.0,
AGUS2007,0.012122524082692931,0.0,0.0,,0.0,0.0,,0.0,0.0,
AGW2016,0.1040367248356226,0.0,0.0,,0.0,0.0,,0.0,0.0,
AIROPITO7,0.012122524082692931,0.0,0.0,,0.0,0.0,,0.0,0.0,
ALCHESSCHAMPION,0.021541501976284586,0.0,0.0,,0.0,0.0,,0.0,0.0,
ALEXJR20,0.012122524082692931,0.0,0.0,,0.0,0.0,,0.0,0.0,
ALRS-SPS,0.012122524082692931,0.0,0.0,,0.0,0.0,,0.0,0.0,
APOKALIPSA13,0.012122524082692931,0.0,0.0,,0.0,0.0,,0.0,0.0,
APOLLONZEROTV,0.38425675061489634,0.0,0.0,,0.0,0.0,,0.0,0.0,
APS,0.6536043818176387,0.0,0.0,,0.0,0.0,,0.0,0.0,
ARMQUEEN,0.012122524082692931,0.0,0.0,,0.0,0.0,,0.0,0.0,
ARTHURMOTIVATOR,0.012122524082692931,0.0,0.0,,0.0,0.0,,0.0,0.0,
ASCeNDer21,0.39081791907581975,0.0,0.0,,0.0,0.0,,0.0,0.0,
ASKA538,0.012122524082692931,0.0,0.0,,0.0,0.0,,0.0,0.0,
ASVZ,0.052230546880381444,0.0,0.0,,0.0,0.0,,0.0,0.0,
ATM622,0.01329049218635899,0.0,0.0,,0.0,0.0,,0.0,0.0,
AVIELME,0.11609667856470526,0.0,0.0,,0.0,0.0,,0.0,0.0,
AZChessGurus,0.012122524082692931,0.0,0.0,,0.0,0.0,,0.0,0.0,
A_Morgunov,0.01329049218635899,0.0,0.0,,0.0,0.0,,0.0,0.0,
Aakash-Dalvi7,0.2542959788679271,0.0,0.0,,0.0,0.0,,0.0,0.0,
Aalessia,0.012122524082692931,0.0,0.0,,0.0,0.0,,0.0,0.0,
Aamuktha-Guntaka,0.05455480155206007,0.0,0.0,,0.0,0.0,,0.0,0.0,
Aandi123,0.2753104137552614,0.0,0.0,,0.0,0.0,,0.0,0.0,
Aanna12,0.012122524082692931,0.0,0.0,,0.0,0.0,,0.0,0.0,
Aaradhya_Das-03,0.37753219468538735,0.0,0.0,,0.0,0.0,,0.0,0.0,
AaravDenglaOfficial,0.1625116212014545,0.0,0.0,,0.0,0.0,,0.0,0.0,
Aariow,0.012122524082692931,0.0,0.0,,0.0,0.0,,0.0,0.0,
AaronBazanRomero,0.012122524082692931,0.0,0.0,,0.0,0.0,,0.0,0.0,
AaronJZR,0.10574805743812495,0.0,0.0,,0.0,0.0,,0.0,0.0,
Aash20,0.012122524082692931,0.0,0.0,,0.0,0.0,,0.0,0.0,
AbasovN,0.012122524082692931,0.0,0.0,,0.0,0.0,,0.009900990099009901,0.00012,82.50825082508251
Abd-2025,0.012122524082692931,0.0,0.0,,0.0,0.0,,0.0,0.0,
Abdimalik_Abdisalimov,0.012122524082692931,0.0,0.0,,0.0,0.0,,0.0031620553359683794,4e-05,79.05138339920948
AbdulovOrkhan,0.012122524082692931,0.0,0.0,,0.0,0.0,,0.0,0.0,
Abdurakhmanovvvv,0.012122524082692931,0.0,0.0,,0.0,0.0,,0.0,0.0,
Abduzhaparov,0.012122524082692931,0.0,0.0,,0.0,0.0,,0.0,0.0,
Aborigen_came,0.012122524082692931,0.0,0.0,,0.0,0.0,,0.0,0.0,
Abu-AlHussein,0.012122524082692931,0.0,0.0,,0.0,0.0,,0.0,0.0,
Abund,0.17491234744618467,0.0,0.0,,0.0,0.0,,0.0020018302447952414,0.00035,5.719514985129261
Academia3,0.012122524082692931,0.0,0.0,,0.0,0.0,,0.0,0.0,
Accidental-genius13,0.012122524082692931,0.0,0.0,,0.0,0.0,,0.0,0.0,
AccioChess,0.19765392096235918,0.0,0.0,,0.0,0.0,,0.0,0.0,
AcostaPablo,0.015072281316944162,0.0,0.0,,0.0,0.0,,0.0,0.0,
ActorXu,0.012122524082692931,0.0,0.0,,0.0,0.0,,0.005199306759098787,6e-05,86.65511265164645
Actuary44,0.4349018673756806,0.0,0.0,,0.0,0.0,,0.0,0.0,
Acva-Alenok,0.012122524082692931,0.0,0.0,,0.0,0.0,,0.0,0.0,
Adam4757,0.07879548825727209,0.0,0.0,,0.0,0.0,,0.0,0.0,
Adar_07,0.09232394209755039,0.0,0.0,,0.0,0.0,,0.0,0.0,
Adham_Fawzy,0.012122524082692931,0.0,0.0,,0.0,0.0,,0.0008620689655172414,1e-05,86.20689655172413
Adham_Hossam2011,0.012122524082692931,0.0,0.0,,0.0,0.0,,0.0,0.0,
Adnan_Habib,0.02386237513873474,0.0,0.0,,0.0,0.0,,0.0,0.0,
Adrian-thorsen,0.012122524082692931,0.0,0.0,,0.0,0.0,,0.0,0.0,
AdrianMartelli,0.012122524082692931,0.0,0.0,,0.0,0.0,,0.0,0.0,
AdrianaNikolova,0.056572427363630336,0.0,0.0,,0.0,0.0,,0.0,0.0,
AdrianaPalao,0.012122524082692931,0.0,0.0,,0.0,0.0,,0.0,0.0,
AdvanceGuard4,0.012122524082692931,0.0,0.0,,0.0,0.0,,0.0,0.0,
Advik1B,0.07435503898216515,0.0,0.0,,0.0,0.0,,0.0,0.0,
Aemulus20,0.3859730743406443,0.0,0.0,,0.0,0.0,,0.0,0.0,
Agent-JL,0.012122524082692931,0.0,0.0,,0.0,0.0,,0.0,0.0,
Aggressus,0.012122524082692931,0.0,0.0,,0.0,0.0,,0.0,0.0,
Agibileg,0.021541501976284586,0.0,0.0,,0.0,0.0,,0.0,0.0,
Aglo_2012,0.20484878121632608,0.0,0.0,,0.0,0.0,,0.0,0.0,
Agnes66678,0.012122524082692931,0.0,0.0,,0.0,0.0,,0.0,0.0,
Agoking701,0.08745223436482386,0.0,0.0,,0.0,0.0,,0.0,0.0,
Aguiar94,0.48192935142829574,0.0,0.0,,0.0,0.0,,0.0,0.0,
Agustin_Meza,0.012122524082692931,0.0,0.0,,0.0,0.0,,0.0,0.0,
Ahmadalrahely9999,0.012122524082692931,0.0,0.0,,0.0,0.0,,0.0,0.0,
AhmadzadaA,0.012122524082692931,0.0,0.0,,0.0,0.0,,0.0,0.0,
Aiaru-01,0.012122524082692931,0.0,0.0,,0.0,0.0,,0.0,0.0,
Aikiigm,0.012122524082692931,0.0,0.0,,0.0,0.0,,0.0,0.0,
Air-Conditioner07,0.012122524082692931,0.0,0.0,,0.0,0.0,,0.0,0.0,
Airquake,0.012122524082692931,0.0,0.0,,0.0,0.0,,0.0,0.0,
Aisen1011,0.23186623125773856,0.0,0.0,,0.0,0.0,,0.0,0.0,
AjaySanthosh,0.012122524082692931,0.0,0.0,,0.0,0.0,,0.0,0.0,
Ajedrecista3000,0.012122524082692931,0.0,0.0,,0.0,0.0,,0.0,0.0,
AjedrezInteligente,0.02386237513873474,0.0,0.0,,0.0,0.0,,0.0,0.0,
Ajedrez_con_German,0.012122524082692931,0.0,0.0,,0.0,0.0,,0.0,0.0,
AjedrezconPeter,0.18497346201088358,0.0,0.0,,0.0,0.0,,0.0,0.0,
AjedrezenMadrid,0.012122524082692931,0.0,0.0,,0.0,0.0,,0.0,0.0,
AkatsukiLogHorizon,0.012122524082692931,0.0,0.0,,0.0,0.0,,0.0,0.0,
Akewjon,0.10271577423957742,0.0,0.0,,0.0,0.0,,9.707795359673819e-05,1e-05,9.707795359673819
Akhalkalakets_11,0.12695993116515705,0.0,0.0,,0.0,0.0,,0.0,0.0,
Akhayan,0.012122524082692931,0.0,0.0,,0.0,0.0,,0.0,0.0,
Akhilesh_Nagare,0.02386237513873474,0.0,0.0,,0.0,0.0,,0.0,0.0,
Akhmedov_David,0.012122524082692931,0.0,0.0,,0.0,0.0,,0.0,0.0,
Akiba182,0.012122524082692931,0.0,0.0,,0.0,0.0,,0.0,0.0,
AkibaRubi,0.012122524082692931,0.0,0.0,,0.0,0.0,,0.0,0.0,
Aklan10n,0.012122524082692931,0.0,0.0,,0.0,0.0,,0.0,0.0,
Akrakan,0.012122524082692931,0.0,0.0,,0.0,0.0,,0.0,0.0,
AktilekAskarovich,0.012122524082692931,0.0,0.0,,0.0,0.0,,0.0,0.0,
Akylbek2021,0.012122524082692931,0.0,0.0,,0.0,0.0,,0.0,0.0,
Al_Shima,0.012122524082692931,0.0,0.0,,0.0,0.0,,0.0,0.0,
AlainBruxelles,0.42283924888516716,0.0,0.0,,0.0,0.0,,0.0,0.0,
Alain_Otero,0.012122524082692931,0.0,0.0,,0.0,0.0,,0.0,0.0,
Alamzhi21,0.012122524082692931,0.0,0.0,,0.0,0.0,,0.0,0.0,
AlanZhang,0.012122524082692931,0.0,0.0,,0.0,0.0,,0.0,0.0,
AlannaB01,0.02386237513873474,0.0,0.0,,0.0,0.0,,0.0,0.0,
Albaricoque2,0.2815036423323422,0.0,0.0,,0.0,0.0,,0.0,0.0,
Albertopierce,0.012122524082692931,0.0,0.0,,0.0,0.0,,0.0,0.0,
Alblooshi_Hamad,0.012122524082692931,0.0,0.0,,0.0,0.0,,0.0,0.0,
AlbusSevresPotter,0.012122524082692931,0.0,0.0,,0.0,0.0,,0.0,0.0,
AldokhinIvan,0.012122524082692931,0.0,0.0,,0.0,0.0,,0.0,0.0,
AleOnSquares,0.012122524082692931,0.0,0.0,,0.0,0.0,,0.0,0.0,
Alechess1351,0.8382209276783944,0.0,0.0,,0.0,0.0,,0.0,0.0,
AlejandroArias,0.012122524082692931,0.0,0.0,,0.0,0.0,,0.0,0.0,
AlejandroBalde,0.012122524082692931,0.0,0.0,,0.0,0.0,,0.0,0.0,
AlejandroPacheco29,0.012122524082692931,0.0,0.0,,0.0,0.0,,0.0,0.0,
Aleking03,0.012122524082692931,0.0,0.0,,0.0,0.0,,0.0,0.0,
Aleksandar-Topalov,0.012122524082692931,0.0,0.0,,0.0,0.0,,0.0,0.0,
AleksanderHnydiuk,0.012122524082692931,0.0,0.0,,0.0,0.0,,0.0,0.0,
AleksandrAleksikov,0.012122524082692931,0.0,0.0,,0.0,0.0,,0.0,0.0,
AleksandraMilovic,0.012122524082692931,0.0,0.0,,0.0,0.0,,0.0,0.0,
Aleksey_Sorokin,0.012122524082692931,0.0,0.0,,0.0,0.0,,0.0,0.0,
Alen_ChessMate,0.05612415128358415,0.0,0.0,,0.0,0.0,,0.0,0.0,
Alen_Yeremyann,0.012122524082692931,0.0,0.0,,0.0,0.0,,0.0,0.0,
Alenzer,0.36119754104116514,0.0,0.0,,0.0,0.0,,0.0,0.0,
AlessiaSanteramo,0.012122524082692931,0.0,0.0,,0.0,0.0,,0.0,0.0,
Alex-11211,0.012122524082692931,0.0,0.0,,0.0,0.0,,0.0,0.0,
AlexKhripachenko,0.012122524082692931,0.0,0.0,,0.0,0.0,,0.0,0.0,
AlexLongson,0.02197802197802198,0.0,0.0,,0.0,0.0,,0.0,0.0,
AlexMoscow2011,0.1015297980602212,0.0,0.0,,0.0,0.0,,0.0,0.0,
AlexNovitz,0.012122524082692931,0.0,0.0,,0.0,0.0,,0.0,0.0,
AlexOstrovskiy,0.012122524082692931,0.0,0.0,,0.0,0.0,,0.0,0.0,
AlexPapasimakopoulos,0.8597353816968085,0.0,0.0,,0.0,0.0,,0.0004289805335590312,0.00037,1.159406847456841
AlexSuv,0.012122524082692931,0.0,0.0,,0.0,0.0,,0.0,0.0,
AlexTriapishko,0.012122524082692931,0.0,0.0,,0.0024449877750611247,3e-05,81.49959250203749,0.04645476772616137,0.00057,81.49959250203749
AlexTruskavetsky,0.012122524082692931,0.0,0.0,,0.0,0.0,,0.0,0.0,
AlexZambrano,0.012122524082692931,0.0,0.0,,0.0,0.0,,0.0,0.0,
Alex_Banzea,0.5949721693652039,0.0,0.0,,0.0,0.0,,0.0,0.0,
Alex_Sahakyan2006,0.22717534882109042,0.0,0.0,,0.0003996802557953637,9e-05,4.440891731059597,0.006972200017763567,0.00157,4.440891731059597
Alex_Terzi,0.012122524082692931,0.0,0.0,,0.0,0.0,,0.0,0.0,
AlexanderJasinski,0.10795874436861465,0.0,0.0,,0.0,0.0,,0.0,0.0,
AlexanderKing,0.012122524082692931,0.0,0.0,,0.0,0.0,,0.0,0.0,
AlexanderL,0.012122524082692931,0.0023942537909018356,3e-05,79.80845969672785,0.018355945730247406,0.00023,79.80845969672785,0.08140462889066241,0.00102,79.80845969672785
AlexanderMatlak,0.056845044065948154,0.0,0.0,,0.0,0.0,,0.0,0.0,
AlexanderMikli,0.012122524082692931,0.0,0.0,,0.0,0.0,,0.0,0.0,
Alexander_Donchenko,0.38717563743138633,0.00023326940023845317,9e-05,2.5918822248717017,0.00269555751386657,0.00104,2.591882224871702,0.01975014255352237,0.00762,2.5918822248717017
Alexander_Khlebovich,0.012122524082692931,0.0,0.0,,0.0008058017727639,1e-05,80.58017727639,0.029814665592264304,0.00037,80.58017727639002
Alexander_Moskalenko,0.012122524082692931,0.0007987220447284345,1e-05,79.87220447284344,0.006389776357827476,8e-05,79.87220447284344,0.0902555910543131,0.00113,79.87220447284346
Alexander_Zubov,0.012122524082692931,0.02830188679245283,0.00033,85.76329331046313,0.21269296740994853,0.00248,85.76329331046311,0.6063464837049742,0.00707,85.76329331046311
Alexandr_Kholin,0.012122524082692931,0.0,0.0,,0.0,0.0,,0.0,0.0,
Alexandr_Predke,0.012122524082692931,0.0,0.0,,0.0,0.0,,0.0016051364365971107,2e-05,80.25682182985553
AlexandraBotez,0.012122524082692931,0.0,0.0,,0.0,0.0,,0.0,0.0,
AlexandraSamaganova,0.5295099614303979,0.0,0.0,,0.0,0.0,,0.0,0.0,
Alexchess1984,0.012122524082692931,0.0,0.0,,0.0,0.0,,0.0,0.0,
AlexeiShirov,0.012122524082692931,0.0,0.0,,0.0017777777777777779,2e-05,88.88888888888889,0.059555555555555556,0.00067,88.88888888888889
Alexei_Gubajdullin,0.3703651429166946,0.0,0.0,,0.0,0.0,,0.0,0.0,
Alexei_Kornev,0.012122524082692931,0.0,0.0,,0.0,0.0,,0.0,0.0,
AlfilesCruzados,0.012122524082692931,0.0,0.0,,0.0,0.0,,0.0,0.0,
Alfrechess24,0.012122524082692931,0.0,0.0,,0.0,0.0,,0.0,0.0,
Algeriano22,0.012122524082692931,0.0,0.0,,0.0,0.0,,0.0,0.0,
AlhassadiYousefA4,0.12265374895540393,0.0,0.0,,0.0,0.0,,0.0,0.0,
AlhosaniOmran1,0.012122524082692931,0.0,0.0,,0.0,0.0,,0.0,0.0,
AliElier,0.012122524082692931,0.0,0.0,,0.0,0.0,,0.0,0.0,
AliKa2810,0.39542152863829727,0.0,0.0,,0.0,0.0,,0.0,0.0,
Ali_rastbod,0.012122524082692931,0.0,0.0,,0.0,0.0,,0.0023961661341853034,3e-05,79.87220447284345
AlievaSasha,0.050086667677781346,0.0,0.0,,0.0,0.0,,0.0,0.0,
Alimpic,0.012122524082692931,0.0,0.0,,0.0,0.0,,0.0,0.0,
Alina_Gumerovna,0.012122524082692931,0.0,0.0,,0.0,0.0,,0.0,0.0,
Aliso4ka_pirozhok,0.012122524082692931,0.0,0.0,,0.0,0.0,,0.0,0.0,
AlivodicDario,0.012122524082692931,0.0,0.0,,0.0,0.0,,0.0,0.0,
AljoschaFeuerstack,0.02386237513873474,0.0,0.0,,0.0,0.0,,0.0,0.0,
Alkhoori90,0.012122524082692931,0.0,0.0,,0.0,0.0,,0.0,0.0,
AllCer7,0.11403542622981909,0.0,0.0,,0.0,0.0,,0.003915426781519186,0.00045,8.70094840337597
AlleyOoper,0.012122524082692931,0.0,0.0,,0.0,0.0,,0.0,0.0,
Alligatorsnappingturtle,0.012122524082692931,0.0,0.0,,0.0,0.0,,0.0,0.0,
Allion2017,0.012122524082692931,0.0,0.0,,0.0,0.0,,0.0,0.0,
Alliswell998,0.012122524082692931,0.0,0.0,,0.0,0.0,,0.0,0.0,
Allysson_Muniz_2809,0.06168413346113602,0.0,0.0,,0.0,0.0,,0.0,0.0,
AlmaJ98,0.012122524082692931,0.0,0.0,,0.0,0.0,,0.0,0.0,
AlmasChampion1,0.012122524082692931,0.0,0.0,,0.0,0.0,,0.0,0.0,
AlmasRakhmatullaev,0.13905571681421272,0.019214224261542873,0.00268,7.169486664754803,0.050473186119873815,0.00704,7.169486664754803,0.07248351018067106,0.01011,7.169486664754804
Alohamora11,0.012122524082692931,0.0,0.0,,0.0,0.0,,0.0,0.0,
Alomaterapia,0.021541501976284586,0.0,0.0,,0.0,0.0,,0.0,0.0,
Alonmindlin,0.012122524082692931,0.0,0.0,,0.0,0.0,,0.0,0.0,
Alopekos,0.012122524082692931,0.0,0.0,,0.0,0.0,,0.0,0.0,
AlphaGoosee,0.012122524082692931,0.0,0.0,,0.0,0.0,,0.0,0.0,
AlphaPerseii,0.012122524082692931,0.0,0.0,,0.0,0.0,,0.0,0.0,
AlphaZero-31,0.012122524082692931,0.0,0.0,,0.0,0.0,,0.0,0.0,
Alphafischer2019,0.012122524082692931,0.0,0.0,,0.0,0.0,,0.0,0.0,
AlwaysPlayForAWin44,0.05673618341013929,0.0,0.0,,0.0,0.0,,0.0,0.0,
Amadeus2006,0.012122524082692931,0.0,0.0,,0.0,0.0,,0.0,0.0,
AmanteDeMoi,0.012122524082692931,0.0,0.0,,0.0,0.0,,0.0,0.0,
AmardeepB,0.17002500596297201,0.0,0.0,,0.0,0.0,,0.0,0.0,
AmbartsumianTyhran2012,0.18521388858315,0.0,0.0,,0.0,0.0,,0.0,0.0,
Amec24,0.012122524082692931,0.0,0.0,,0.0,0.0,,0.0,0.0,
AmericanFighter_2010,0.012122524082692931,0.0,0.0,,0.0,0.0,,0.0,0.0,
Aminazinas,0.02386237513873474,0.0,0.0,,0.0,0.0,,0.0,0.0,
Amirreza_p,0.012122524082692931,0.0,0.0,,0.0,0.0,,0.0,0.0,
Amor2023,0.012122524082692931,0.0,0.0,,0.0,0.0,,0.0,0.0,
AnaKuchava,0.012122524082692931,0.0,0.0,,0.0,0.0,,0.0,0.0,
Ananya2898,0.021541501976284586,0.0,0.0,,0.0,0.0,,0.0,0.0,
Anar_Aliakbarov,0.012122524082692931,0.0,0.0,,0.0,0.0,,0.0,0.0,
Andrakhanova,0.012122524082692931,0.0,0.0,,0.0,0.0,,0.0,0.0,
AndreGVH,0.012122524082692931,0.0,0.0,,0.007531380753138075,9e-05,83.68200836820083,0.09288702928870293,0.00111,83.68200836820084
AndreiITrifan,0.012122524082692931,0.0,0.0,,0.0,0.0,,0.0,0.0,
Andrei_Belozerov,0.012122524082692931,0.0,0.0,,0.0,0.0,,0.0,0.0,
Andrei_Skvortsov,0.45086522437793114,0.0,0.0,,0.0,0.0,,0.0,0.0,
Andreikka,0.524590450573621,0.008076805851874428,0.00424,1.9049070405364217,0.0461558975921975,0.02423,1.9049070405364217,0.14062023773239865,0.07382,1.904907040536422
Andrej2004,0.012122524082692931,0.0,0.0,,0.0,0.0,,0.0,0.0,
AndresDelgado77,0.012122524082692931,0.0,0.0,,0.0,0.0,,0.0,0.0,
AndrewB92,0.012122524082692931,0.0,0.0,,0.0,0.0,,0.0,0.0,
AndrewDGreen,0.012122524082692931,0.0,0.0,,0.0,0.0,,0.0,0.0,
AndrewMaco,0.012122524082692931,0.0,0.0,,0.0,0.0,,0.0,0.0,
Andrey-Ivanov2011,0.19341665648945855,0.0,0.0,,0.0,0.0,,0.0,0.0,
AndreyNeves,0.012122524082692931,0.0,0.0,,0.0,0.0,,0.0,0.0,
Andrey_Klymchuk,0.7276129279240792,0.0,0.0,,0.0,0.0,,0.0,0.0,
AndriiDiachek,0.5212665721807301,0.0,0.0,,0.0,0.0,,0.0,0.0,
Andrii_Prydun,0.012122524082692931,0.0,0.0,,0.0,0.0,,0.0,0.0,
AngelDeLaSoledad,0.2327108354123507,0.0,0.0,,0.0,0.0,,0.0,0.0,
Angel_Hranitel_37,0.012122524082692931,0.0,0.0,,0.0,0.0,,0.0,0.0,
AngeloGM,0.012122524082692931,0.0,0.0,,0.0,0.0,,0.0,0.0,
Angry_Twin,0.4435863845235899,0.0,0.0,,0.0008349317386889315,0.00037,2.256572266726842,0.019474218661852647,0.00863,2.2565722667268417
AniJak,0.012122524082692931,0.0,0.0,,0.0,0.0,,0.0,0.0,
Anirudhha33,0.012122524082692931,0.0,0.0,,0.0,0.0,,0.0,0.0,
AnishGiri,0.012122524082692931,0.03594771241830065,0.00044,81.69934640522875,0.1437908496732026,0.00176,81.69934640522875,0.380718954248366,0.00466,81.69934640522875
AnishOnYoutube,0.012122524082692931,0.06698950766747377,0.00083,80.71025020177564,0.2453591606133979,0.00304,80.71025020177562,0.45601291364003227,0.00565,80.71025020177562
Anish_Gandhi,0.012122524082692931,0.0,0.0,,0.0,0.0,,0.0,0.0,
Ankit23201,0.012122524082692931,0.0,0.0,,0.0,0.0,,0.0,0.0,
AnkitGajwa,0.297920138797348,0.0,0.0,,0.0,0.0,,0.0,0.0,
Ankudinova_Yelena,0.012122524082692931,0.0,0.0,,0.0,0.0,,0.0,0.0,
AnnaChessChic,0.012122524082692931,0.0,0.0,,0.0,0.0,,0.0,0.0,
Anna_ChessMate,0.012122524082692931,0.0,0.0,,0.0,0.0,,0.0,0.0,
AnnamariM2001,0.012122524082692931,0.0,0.0,,0.0,0.0,,0.0,0.0,
Annawel,0.25400034786557035,0.04098424888331635,0.01046,3.918188229762557,0.06825483896246376,0.01742,3.9181882297625577,0.14661860355771492,0.03742,3.9181882297625577
Answer03,0.3741312032948299,0.0,0.0,,0.0,0.0,,0.0,0.0,
Antek_Radzimski,0.012122524082692931,0.0,0.0,,0.0,0.0,,0.0,0.0,
AnthonyLevin,0.012122524082692931,0.0,0.0,,0.0,0.0,,0.0,0.0,
AnthonyWirig,0.012122524082692931,0.0,0.0,,0.0,0.0,,0.0,0.0,
Antik5,0.012122524082692931,0.0,0.0,,0.0,0.0,,0.0,0.0,
Antipov_Mikhail_Al,0.012122524082692931,0.0,0.0,,0.0,0.0,,0.010906040268456376,0.00013,83.89261744966444
AntonSmirnov,0.012122524082692931,0.0,0.0,,0.0,0.0,,0.00502092050209205,6e-05,83.68200836820084
Anton_Demchenko,0.2288555107328065,0.00043733053441791307,0.0001,4.373305344179131,0.003148779847808974,0.00072,4.373305344179131,0.03516137496720021,0.00804,4.373305344179131
Antoni_Radzimski,0.17221025331668313,0.0,0.0,,0.0,0.0,,0.0,0.0,
AntonioD96,0.012122524082692931,0.0,0.0,,0.0,0.0,,0.0,0.0,
Antonis2056,0.012122524082692931,0.0,0.0,,0.0,0.0,,0.0,0.0,
AntonovaNadezhda,0.012122524082692931,0.0,0.0,,0.0,0.0,,0.0,0.0,
Antosha_Chekhonte,0.6106442240529937,0.0,0.0,,0.0,0.0,,0.0,0.0,
AntunesPeroza,0.02386237513873474,0.0,0.0,,0.0,0.0,,0.0,0.0,
Anu-triz,0.012122524082692931,0.0,0.0,,0.0,0.0,,0.0,0.0,
Anuar_Tureshbayev,0.2124778577350341,0.0,0.0,,0.0,0.0,,0.0,0.0,
AnujShrivatri21,0.012122524082692931,0.0,0.0,,0.0,0.0,,0.0,0.0,
ApacheSVD,0.012122524082692931,0.0,0.0,,0.0,0.0,,0.0,0.0,
ApoIogiA,0.012122524082692931,0.0,0.0,,0.0,0.0,,0.0,0.0,
Apocalyps999,0.012122524082692931,0.0,0.0,,0.0,0.0,,0.0,0.0,
Aqib-20,0.012122524082692931,0.0,0.0,,0.0,0.0,,0.0,0.0,
AquaPython,0.012122524082692931,0.0,0.0,,0.0,0.0,,0.0,0.0,
Aquilate,0.012122524082692931,0.0,0.0,,0.0,0.0,,0.0,0.0,
AquivaRubinstein,0.07641158220772067,0.0,0.0,,0.0,0.0,,0.0,0.0,
Ar4uha,0.012122524082692931,0.0,0.0,,0.0,0.0,,0.0,0.0,
AradNazari,0.012122524082692931,0.0,0.0,,0.0,0.0,,0.0017006802721088435,2e-05,85.03401360544217
Aradhya2000,0.7076311751129005,1.4131678984780181e-05,1e-05,1.413167898478018,0.000466345406497746,0.00033,1.4131678984780183,0.0048330342127948225,0.00342,1.4131678984780183
Aragon,0.012122524082692931,0.0,0.0,,0.0,0.0,,0.0,0.0,
Aram7Adam,0.012122524082692931,0.0,0.0,,0.0,0.0,,0.0,0.0,
Arash_Tahbaz,0.012122524082692931,0.0016680567139282735,2e-05,83.40283569641367,0.020850708924103418,0.00025,83.40283569641367,0.10091743119266056,0.00121,83.40283569641369
ArchibaldCerveza29,0.012122524082692931,0.0,0.0,,0.0,0.0,,0.0,0.0,
Arek_pacitan,0.012122524082692931,0.0,0.0,,0.0,0.0,,0.0,0.0,
Argente,0.012122524082692931,0.0,0.0,,0.0,0.0,,0.0,0.0,
Argentino1,0.012122524082692931,0.0,0.0,,0.0,0.0,,0.0,0.0,
Arhan_Anand,0.012122524082692931,0.0,0.0,,0.0,0.0,,0.0,0.0,
Ariadna_Atreides,0.012122524082692931,0.0,0.0,,0.0,0.0,,0.0,0.0,
Arifarsky,0.012122524082692931,0.0,0.0,,0.0,0.0,,0.0,0.0,
Arigu07,0.012122524082692931,0.0,0.0,,0.0,0.0,,0.0,0.0,
Arimin1329,0.015965166908563134,0.0,0.0,,0.0,0.0,,0.0,0.0,
Arjun2002,0.012122524082692931,0.0,0.0,,0.0,0.0,,0.0,0.0,
Arlan_Mirzhanov,0.31761320488955014,0.0,0.0,,0.0,0.0,,0.0,0.0,
Arlettiii,0.012122524082692931,0.0,0.0,,0.0,0.0,,0.0,0.0,
Arlo2024,0.012122524082692931,0.0,0.0,,0.0,0.0,,0.0,0.0,
ArmanGhevondyanchess,0.012122524082692931,0.0,0.0,,0.0,0.0,,0.0,0.0,
Arman_Hakemi,0.12884660479741503,0.0,0.0,,0.0,0.0,,0.0,0.0,
Armen_ChessMate,0.012122524082692931,0.0,0.0,,0.0,0.0,,0.00611353711790393,7e-05,87.33624454148472
Armin_khajavii,0.012122524082692931,0.0,0.0,,0.0,0.0,,0.0,0.0,
Arnaking20,0.21001332159082245,0.0,0.0,,0.0,0.0,,0.0,0.0,
Arnaldofdelavaramulet,0.012122524082692931,0.0,0.0,,0.0,0.0,,0.0,0.0,
ArrestingPieces,0.012122524082692931,0.0,0.0,,0.0,0.0,,0.0,0.0,
Arseniy_Nesterov,0.4619414106942802,8.655385813822652e-05,4e-05,2.1638464534556627,0.0031592158220452677,0.00146,2.1638464534556627,0.037239797463971956,0.01721,2.1638464534556627
Art10ECHR,0.012122524082692931,0.0,0.0,,0.0,0.0,,0.0,0.0,
Arteler,0.012122524082692931,0.0,0.0,,0.0,0.0,,0.0,0.0,
ArtemDyachuk,0.20938033734565525,0.0,0.0,,0.0,0.0,,0.0,0.0,
Artem_0degov,0.012122524082692931,0.0,0.0,,0.0,0.0,,0.0,0.0,
Artem_Koval,0.012122524082692931,0.0,0.0,,0.0,0.0,,0.0,0.0,
Artem_Sadovskii,0.012122524082692931,0.0,0.0,,0.0,0.0,,0.0,0.0,
Artem_Sadovsky,0.012122524082692931,0.0,0.0,,0.0,0.0,,0.0,0.0,
Artemiki,0.012122524082692931,0.0,0.0,,0.0,0.0,,0.0,0.0,
ArtemyKhan,0.6299474401291325,0.0,0.0,,0.0,0.0,,0.0,0.0,
Artisticonline,0.012122524082692931,0.0,0.0,,0.0,0.0,,0.0,0.0,
Artooooo,0.012122524082692931,0.0,0.0,,0.0,0.0,,0.0,0.0,
Artur0208,0.012122524082692931,0.0,0.0,,0.0,0.0,,0.0,0.0,
Artur_Hoghmrtsyan,0.012122524082692931,0.0,0.0,,0.0,0.0,,0.0,0.0,
ArturoCaceres,0.012122524082692931,0.0,0.0,,0.0,0.0,,0.0,0.0,
Artyom_ChessMate,0.012122524082692931,0.0,0.0,,0.0,0.0,,0.0,0.0,
Arun-kataria,0.012122524082692931,0.0,0.0,,0.0,0.0,,0.0,0.0,
Arvids_Andrejevs,0.012122524082692931,0.0,0.0,,0.0,0.0,,0.0,0.0,
ArvinRasti,0.012122524082692931,0.0,0.0,,0.0,0.0,,0.0,0.0,
AryanTari,0.25199293459306554,0.000913133238049865,0.00023,3.970144513260282,0.004883277751310148,0.00123,3.970144513260283,0.03604891218040337,0.00908,3.970144513260283
Aryan_Tamadon,0.4354664765047431,0.0,0.0,,0.0,0.0,,0.0,0.0,
Arystanner,0.03206997084548104,0.0003109452736318408,1e-05,31.094527363184078,0.001554726368159204,5e-05,31.09452736318408,0.017412935323383085,0.00056,31.094527363184085
Arysya,0.012122524082692931,0.0,0.0,,0.0,0.0,,0.0,0.0,
As0nchess,0.039538714991762765,0.0,0.0,,0.0,0.0,,0.0,0.0,
AsaHoffmann,0.012122524082692931,0.0,0.0,,0.0,0.0,,0.0,0.0,
AsadliVugar,0.012122524082692931,0.0,0.0,,0.0,0.0,,0.0,0.0,
Asalimova,0.10844479020233438,0.0,0.0,,0.0,0.0,,0.0,0.0,
Ash15K,0.012122524082692931,0.0,0.0,,0.0,0.0,,0.0,0.0,
Ashedu66,0.012122524082692931,0.0,0.0,,0.0,0.0,,0.0,0.0,
AshotParvanyan,0.012122524082692931,0.0,0.0,,0.0,0.0,,0.0,0.0,
AsianMaster2501,0.012122524082692931,0.0,0.0,,0.0,0.0,,0.0,0.0,
Aslanov_Umid,0.04360812425328554,0.0,0.0,,0.0,0.0,,0.0,0.0,
AsortaFairytale,0.012122524082692931,0.0,0.0,,0.0,0.0,,0.0,0.0,
Aspirant-Bitume,0.6678204195280989,0.0,0.0,,0.0,0.0,,0.0,0.0,
Assdour,0.07915610990572794,0.0,0.0,,0.0,0.0,,0.0,0.0,
AsselLesbekova,0.012122524082692931,0.0,0.0,,0.0,0.0,,0.0,0.0,
AsterPhoenix,0.012122524082692931,0.0,0.0,,0.0,0.0,,0.0,0.0,
Aswathchess,0.012122524082692931,0.0,0.0,,0.0,0.0,,0.0,0.0,
AtabayevSaparmyrat,0.012122524082692931,0.0,0.0,,0.0,0.0,,0.0,0.0,
Atanejhad,0.012122524082692931,0.0,0.0,,0.0,0.0,,0.0,0.0,
Athanasios2,0.012122524082692931,0.0,0.0,,0.0,0.0,,0.0,0.0,
AthanasiusLefebvre,0.012122524082692931,0.0,0.0,,0.0,0.0,,0.0,0.0,
Ati1517,0.012122524082692931,0.0,0.0,,0.0,0.0,,0.0,0.0,
Atousa,0.012122524082692931,0.0,0.0,,0.0,0.0,,0.0,0.0,
Atousa1,0.012122524082692931,0.0,0.0,,0.0,0.0,,0.0,0.0,
AttackSparrow,0.012122524082692931,0.0,0.0,,0.0,0.0,,0.0,0.0,
Attacker88,0.012122524082692931,0.0,0.0,,0.0,0.0,,0.0,0.0,
Attacker_2006,0.012122524082692931,0.0,0.0,,0.0,0.0,,0.0,0.0,
Attacks_Hurricane,0.012122524082692931,0.0,0.0,,0.0,0.0,,0.0,0.0,
AttilaTurzo,0.012122524082692931,0.0,0.0,,0.0,0.0,,0.0,0.0,
AungTZ,0.012122524082692931,0.0,0.0,,0.0,0.0,,0.0,0.0,
Aural1011,0.09002803834326094,0.0,0.0,,0.0,0.0,,0.0,0.0,
Aureliano-Buendia,0.012122524082692931,0.0,0.0,,0.0,0.0,,0.0,0.0,
AurumO,0.012122524082692931,0.0,0.0,,0.0,0.0,,0.0,0.0,
Austen48,0.012122524082692931,0.0,0.0,,0.0,0.0,,0.0,0.0,
AustinThomas12345,0.012122524082692931,0.0,0.0,,0.0,0.0,,0.0,0.0,
Autarch64,0.49535048437500007,0.0,0.0,,0.0,0.0,,0.0,0.0,
AvitalBor,0.012122524082692931,0.0,0.0,,0.0,0.0,,0.0,0.0,
Avorton,0.012122524082692931,0.0,0.0,,0.0,0.0,,0.0,0.0,
AwareIdea,0.012122524082692931,0.0,0.0,,0.0,0.0,,0.0,0.0,
Axolotl_2015,0.12183484819349646,0.0,0.0,,0.0,0.0,,0.0,0.0,
AyMitecK,0.012122524082692931,0.0,0.0,,0.0,0.0,,0.0,0.0,
AyelenChess,0.20657314243663394,0.0,0.0,,0.0,0.0,,0.0,0.0,
Aygehovit1992,0.5451448579385103,0.0,0.0,,0.0,0.0,,0.0005856408191650958,0.00032,1.8301275598909241
Azalea95,0.012122524082692931,0.0,0.0,,0.0,0.0,,0.0,0.0,
Azatic,0.012122524082692931,0.0,0.0,,0.0,0.0,,0.0,0.0,
Azerichess,0.012122524082692931,0.025538707102952914,0.00032,79.80845969672785,0.05107741420590583,0.00064,79.80845969672785,0.05506783719074222,0.00069,79.80845969672787
Azeryahu,0.012122524082692931,0.0,0.0,,0.0,0.0,,0.0007993605115907274,1e-05,79.93605115907273
Azoulas1,0.012122524082692931,0.0,0.0,,0.0,0.0,,0.0,0.0,
B-man,0.012122524082692931,0.0,0.0,,0.0,0.0,,0.0,0.0,
BAS8892,0.012122524082692931,0.0,0.0,,0.0,0.0,,0.0,0.0,
BENO_CHESS,0.012122524082692931,0.0,0.0,,0.0,0.0,,0.0,0.0,
BIANCHIALBINO,0.012122524082692931,0.0,0.0,,0.0,0.0,,0.0,0.0,
BILLYS2010,0.7634134605747462,0.0,0.0,,0.0,0.0,,0.0,0.0,
BJthechessgod,0.012122524082692931,0.0,0.0,,0.0,0.0,,0.0,0.0,
BM223344,0.012122524082692931,0.0,0.0,,0.0,0.0,,0.0,0.0,
BRYANtheBUTCHER,0.012122524082692931,0.0,0.0,,0.0,0.0,,0.0,0.0,
BUFFYPIZZA,0.012122524082692931,0.0,0.0,,0.0,0.0,,0.0,0.0,
B_Griffin,0.535040159022999,0.0,0.0,,0.0,0.0,,0.0,0.0,
B_nn_t,0.20969889681314302,0.0,0.0,,0.0,0.0,,0.0,0.0,
BaDi50,0.012122524082692931,0.0,0.0,,0.0,0.0,,0.0,0.0,
Baag4Life,0.012122524082692931,0.0,0.0,,0.0,0.0,,0.0,0.0,
Babageldi,0.012122524082692931,0.0,0.0,,0.0,0.0,,0.005833333333333334,7e-05,83.33333333333334
BabageldiAnnaberdiyev,0.012122524082692931,0.0,0.0,,0.0,0.0,,0.0,0.0,
Babarsik1977,0.012122524082692931,0.0,0.0,,0.0,0.0,,0.0,0.0,
Babbelbox,0.012122524082692931,0.0,0.0,,0.0,0.0,,0.0,0.0,
BabyAnton,0.012122524082692931,0.0,0.0,,0.0,0.0,,0.0,0.0,
BabyBoss31,0.012122524082692931,0.0,0.0,,0.0,0.0,,0.0,0.0,
BabyFacedAssasin,0.012122524082692931,0.0,0.0,,0.0,0.0,,0.0,0.0,
Bacallao2019,0.012122524082692931,0.0,0.0,,0.0,0.0,,0.0,0.0,
Back1nBusiness,0.012122524082692931,0.0,0.0,,0.0,0.0,,0.0,0.0,
Bacus79,0.7150814208692128,0.0,0.0,,0.0,0.0,,0.0,0.0,
Bacyanide,0.012122524082692931,0.0,0.0,,0.0,0.0,,0.0,0.0,
Bad4life,0.012122524082692931,0.0,0.0,,0.0,0.0,,0.0,0.0,
Bad_left_hook,0.012122524082692931,0.0,0.0,,0.0,0.0,,0.0,0.0,
Badlyplayed,0.012122524082692931,0.0,0.0,,0.0,0.0,,0.0,0.0,
BahadirOzen,0.012122524082692931,0.0,0.0,,0.0,0.0,,0.0,0.0,
BairaKovanova,0.012122524082692931,0.0,0.0,,0.0,0.0,,0.0,0.0,
Baku_Boulevard,0.012122524082692931,0.0018001800180018,2e-05,90.00900090009,0.025202520252025202,0.00028,90.00900090009002,0.1278127812781278,0.00142,90.00900090009
Bala-Afiada,0.012122524082692931,0.0,0.0,,0.0,0.0,,0.0,0.0,
Balla_Tamas,0.012122524082692931,0.0,0.0,,0.0,0.0,,0.0,0.0,
BallottiLuca,0.012122524082692931,0.0,0.0,,0.0,0.0,,0.0,0.0,
BanwabeesAreCool,0.012122524082692931,0.0,0.0,,0.0,0.0,,0.0,0.0,
BaptisteYannick,0.012122524082692931,0.0,0.0,,0.0,0.0,,0.0,0.0,
Bapttoche,0.27347280129705154,0.0,0.0,,0.0,0.0,,0.0,0.0,
Barath1308,0.012122524082692931,0.0,0.0,,0.0,0.0,,0.0,0.0,
Baratheont,0.7755244369717506,0.0,0.0,,0.0,0.0,,0.0,0.0,
Barbix1,0.012122524082692931,0.0,0.0,,0.0,0.0,,0.0,0.0,
Barboval,0.012122524082692931,0.0,0.0,,0.0,0.0,,0.0,0.0,
Barbus89,0.012122524082692931,0.0,0.0,,0.0,0.0,,0.0,0.0,
BardArtem,0.09674997776062837,0.0,0.0,,0.0,0.0,,0.0024532352039251764,0.00024,10.221813349688235
Bardiya06,0.7095285320916358,0.0008157868827095377,0.00058,1.4065291081198925,0.0183270742788022,0.01303,1.4065291081198925,0.15374769680858547,0.10931,1.4065291081198925
BarloNadera,0.012122524082692931,0.0,0.0,,0.0,0.0,,0.0,0.0,
Barmen_EV,0.012122524082692931,0.0,0.0,,0.0,0.0,,0.0,0.0,
Baron_von_Koenig,0.012122524082692931,0.0,0.0,,0.0,0.0,,0.0,0.0,
Baronessa08,0.012122524082692931,0.0,0.0,,0.0,0.0,,0.0,0.0,
BartSimpson24,0.012122524082692931,0.0,0.0,,0.0,0.0,,0.0,0.0,
BashiqChess,0.012122524082692931,0.0,0.0,,0.0,0.0,,0.0,0.0,
BashirliSaadat,0.22427138096642465,0.0,0.0,,0.0,0.0,,0.0,0.0,
BashirovKemal,0.012122524082692931,0.0,0.0,,0.0,0.0,,0.0,0.0,
BasilSmash,0.012122524082692931,0.0,0.0,,0.0,0.0,,0.0,0.0,
Bastiandash,0.012122524082692931,0.0,0.0,,0.0,0.0,,0.0,0.0,
Basyak97,0.012122524082692931,0.0,0.0,,0.0,0.0,,0.0,0.0,
BatboldNyamsuren0919,0.012122524082692931,0.0,0.0,,0.0,0.0,,0.0,0.0,
Bathory44,0.10837504557821116,0.0,0.0,,0.0,0.0,,0.0,0.0,
Batko_2010,0.012122524082692931,0.0,0.0,,0.0,0.0,,0.005263157894736842,6e-05,87.71929824561403
Battery_chess,0.6788290501842473,0.0,0.0,,0.0,0.0,,0.0,0.0,
Battever,0.012122524082692931,0.0,0.0,,0.0,0.0,,0.0,0.0,
Battlecruiser_Operational,0.012122524082692931,0.0,0.0,,0.0,0.0,,0.0,0.0,
Bauman_Guy,0.012122524082692931,0.0,0.0,,0.00980392156862745,0.00012,81.69934640522875,0.07434640522875817,0.00091,81.69934640522875
BaylavChess,0.012122524082692931,0.0,0.0,,0.0,0.0,,0.0,0.0,
Bayramov_Serdar,0.012122524082692931,0.0,0.0,,0.0,0.0,,0.0,0.0,
BeReal24,0.012122524082692931,0.0,0.0,,0.0,0.0,,0.0,0.0,
BeReceptive,0.012122524082692931,0.0,0.0,,0.0,0.0,,0.0,0.0,
BeanScreen,0.36606226420621646,0.0,0.0,,0.0,0.0,,0.0,0.0,
BeardedNM,0.012122524082692931,0.0,0.0,,0.0,0.0,,0.0,0.0,
Beaterawn,0.012122524082692931,0.0,0.0,,0.0,0.0,,0.0,0.0,
BeautiFullMindChess,0.026400515132002575,0.0,0.0,,0.0,0.0,,0.0,0.0,
Beawuids,0.2514785117923362,0.0,0.0,,0.0,0.0,,0.0,0.0,
BebeBonito2022,0.012122524082692931,0.0,0.0,,0.0,0.0,,0.0,0.0,
Beca95,0.9551223841828504,0.015587680703959774,0.01488,1.0475591870940708,0.03182484810391787,0.03038,1.0475591870940708,0.08168866540959564,0.07798,1.0475591870940708
BegmuratovKh2010,0.012122524082692931,0.0023961661341853034,3e-05,79.87220447284345,0.01437699680511182,0.00018,79.87220447284344,0.08466453674121406,0.00106,79.87220447284345
Bekaeasycool,0.01329049218635899,0.0,0.0,,0.0,0.0,,0.0,0.0,
Bekkedahl,0.012122524082692931,0.0,0.0,,0.0,0.0,,0.0,0.0,
BelaKis,0.021541501976284586,0.0,0.0,,0.0,0.0,,0.0,0.0,
Beletko,0.012122524082692931,0.0,0.0,,0.0,0.0,,0.0,0.0,
Belka1989,0.012122524082692931,0.0,0.0,,0.0,0.0,,0.0,0.0,
Beltraxtor,0.09505840808652724,0.0,0.0,,0.0,0.0,,0.0,0.0,
BelyakovBogdan,0.012122524082692931,0.0,0.0,,0.0,0.0,,0.0,0.0,
BenchGM,0.012122524082692931,0.0,0.0,,0.0,0.0,,0.0,0.0,
Bencus12,0.6193055996419597,0.0,0.0,,0.0,0.0,,0.0,0.0,
Bent_Carlsen,0.012122524082692931,0.0,0.0,,0.0,0.0,,0.0,0.0,
Berant,0.012122524082692931,0.0,0.0,,0.0,0.0,,0.0,0.0,
Berardino,0.4719063494914878,0.0,0.0,,0.0,0.0,,0.0,0.0,
BerlinDrawer,0.012122524082692931,0.0,0.0,,0.0,0.0,,0.0,0.0,
Berlin_wa11,0.012122524082692931,0.0,0.0,,0.0,0.0,,0.0,0.0,
BerndWolfram,0.012122524082692931,0.0,0.0,,0.0,0.0,,0.0,0.0,
Bertalan1126,0.012122524082692931,0.0,0.0,,0.0,0.0,,0.0,0.0,
BestByTestbro,0.03206997084548104,0.0,0.0,,0.0,0.0,,0.0,0.0,
BestStelker,0.012122524082692931,0.0,0.0,,0.0,0.0,,0.0,0.0,
BestestBP,0.1479379014579463,0.0,0.0,,0.0,0.0,,0.0,0.0,
Bestromano,0.012122524082692931,0.0,0.0,,0.0,0.0,,0.0,0.0,
BetonCarlsen,0.012122524082692931,0.0,0.0,,0.0,0.0,,0.0,0.0,
Better_Chess_Faster,0.012122524082692931,0.0,0.0,,0.0,0.0,,0.0,0.0,
BeyondMadness,0.012122524082692931,0.0,0.0,,0.0,0.0,,0.0,0.0,
Bhagya_2312,0.012122524082692931,0.0,0.0,,0.0,0.0,,0.0,0.0,
BigAl,0.012122524082692931,0.0,0.0,,0.0,0.0,,0.0,0.0,
BigPiano,0.2040925678103508,0.0,0.0,,0.0,0.0,,0.0,0.0,
Big_Finky,0.012122524082692931,0.0,0.0,,0.0,0.0,,0.0,0.0,
Bigfish1995,0.012122524082692931,0.050970873786407765,0.00063,80.90614886731392,0.13187702265372167,0.00163,80.90614886731392,0.22653721682847897,0.0028,80.90614886731392
Bikuzhin_Maxim,0.012122524082692931,0.0,0.0,,0.0,0.0,,0.0,0.0,
Bilan_Danila,0.012122524082692931,0.0,0.0,,0.0,0.0,,0.0,0.0,
BilicVladimir,0.012122524082692931,0.0,0.0,,0.0,0.0,,0.0,0.0,
BillCoe,0.015965166908563134,0.0,0.0,,0.0,0.0,,0.0,0.0,
BillieKimbah,0.39558545572479037,0.001876548152225586,0.00075,2.502064202967448,0.014536993019240874,0.00581,2.502064202967448,0.09059974478945129,0.03621,2.502064202967448
Billy_thekid30,0.021541501976284586,0.0,0.0,,0.0,0.0,,0.0,0.0,
BilodeauA,0.12423365868899619,0.005815831987075929,0.00072,8.077544426494345,0.016720516962843296,0.00207,8.077544426494347,0.034733441033925685,0.0043,8.077544426494345
Bimaniv,0.012122524082692931,0.0,0.0,,0.0,0.0,,0.0,0.0,
Binary010,0.012122524082692931,0.0,0.0,,0.0,0.0,,0.0,0.0,
Biranidun,0.012122524082692931,0.0,0.0,,0.0,0.0,,0.001652892561983471,2e-05,82.64462809917354
BirdMaster3000,0.0788006364449712,0.0,0.0,,0.0,0.0,,0.0029036737785633126,0.00023,12.624668602449185
Biregina,0.012122524082692931,0.0,0.0,,0.0,0.0,,0.0,0.0,
BishopPairMasterr,0.012122524082692931,0.0,0.0,,0.0,0.0,,0.0,0.0,
Bishops83,0.012122524082692931,0.0,0.0,,0.0,0.0,,0.0,0.0,
Bizhigitov_Zhangir,0.012122524082692931,0.0,0.0,,0.0,0.0,,0.0,0.0,
BjarkeSahl,0.012122524082692931,0.0,0.0,,0.0,0.0,,0.0,0.0,
Bkmzzzzz,0.012122524082692931,0.0,0.0,,0.0,0.0,,0.0,0.0,
BlackBoarder,0.1104188476343511,0.0,0.0,,0.0,0.0,,0.0002723064355087592,3e-05,9.076881183625307
BlackGod93,0.012122524082692931,0.0,0.0,,0.0,0.0,,0.0,0.0,
BlackGrove,0.012122524082692931,0.0,0.0,,0.0,0.0,,0.0,0.0,
BlackWidow515,0.012122524082692931,0.0,0.0,,0.0,0.0,,0.0,0.0,
Black_Biker,0.012122524082692931,0.0,0.0,,0.0,0.0,,0.0,0.0,
Black_Swan1502,0.012122524082692931,0.0,0.0,,0.0,0.0,,0.0,0.0,
Blackmind96,0.012122524082692931,0.0,0.0,,0.0,0.0,,0.0,0.0,
Blackwhite017,0.012122524082692931,0.0,0.0,,0.0,0.0,,0.0,0.0,
Blagorod,0.012122524082692931,0.0,0.0,,0.0,0.0,,0.0,0.0,
BlankaEjs,0.2674950525153935,0.0,0.0,,0.0,0.0,,0.0,0.0,
BlitzWizard04,0.012122524082692931,0.0,0.0,,0.0,0.0,,0.0,0.0,
Blitz_Lover1,0.1640176004378572,0.0,0.0,,0.0,0.0,,0.0,0.0,
Blitzking642,0.012122524082692931,0.0,0.0,,0.0,0.0,,0.0,0.0,
Blitzstream,0.012122524082692931,0.0,0.0,,0.0,0.0,,0.0,0.0,
BlueWizzard,0.012122524082692931,0.0,0.0,,0.0,0.0,,0.013054830287206266,0.00015,87.03220191470845
Blue_Capybara,0.012122524082692931,0.0,0.0,,0.0,0.0,,0.0008136696501220504,1e-05,81.36696501220504
BlunderMaster2335,0.07054505614578008,0.0,0.0,,0.0,0.0,,0.0,0.0,
BlunderingPanda01,0.012122524082692931,0.0,0.0,,0.0,0.0,,0.0,0.0,
Bob_2004,0.012122524082692931,0.0,0.0,,0.0,0.0,,0.0,0.0,
BobbyFischer1508,0.012122524082692931,0.0,0.0,,0.0,0.0,,0.0,0.0,
BobbyFisher_1943,0.012122524082692931,0.0,0.0,,0.0,0.0,,0.0,0.0,
BobbySteen89,0.012122524082692931,0.0,0.0,,0.0,0.0,,0.0,0.0,
Bobbybunny,0.012122524082692931,0.0,0.0,,0.0,0.0,,0.0,0.0,
BocharovD,0.012122524082692931,0.0,0.0,,0.0,0.0,,0.0,0.0,
Bodhanas,0.012122524082692931,0.0,0.0,,0.0,0.0,,0.0,0.0,
Bodnar_Mykola,0.012122524082692931,0.0,0.0,,0.0,0.0,,0.0,0.0,
BogdanDeac,0.32880269947610974,0.013767171058616611,0.00454,3.0324165327349366,0.056069381690268975,0.01849,3.0324165327349366,0.2564211420080662,0.08456,3.032416532734936
Bogdan_Bodnar,0.012122524082692931,0.0,0.0,,0.0,0.0,,0.0,0.0,
Boliviar,0.026400515132002575,0.0,0.0,,0.0,0.0,,0.0,0.0,
Bongcloudtransvestit,0.012122524082692931,0.0,0.0,,0.0,0.0,,0.0,0.0,
Boninknights,0.012122524082692931,0.0,0.0,,0.0,0.0,,0.0,0.0,
Boorchess,0.012122524082692931,0.0,0.0,,0.0,0.0,,0.0,0.0,
BorchisChess,0.012122524082692931,0.0,0.0,,0.0,0.0,,0.0,0.0,
Boris_Plotnikov,0.09557494755637515,0.0,0.0,,0.0,0.0,,0.0,0.0,
BornaFranc007,0.012122524082692931,0.0,0.0,,0.0,0.0,,0.0,0.0,
Boryboy,0.012122524082692931,0.0,0.0,,0.0,0.0,,0.0,0.0,
Boss_08_Kross,0.012122524082692931,0.0,0.0,,0.0,0.0,,0.0,0.0,
Botvinnak,0.012122524082692931,0.0,0.0,,0.0,0.0,,0.0,0.0,
Boudicca64,0.012122524082692931,0.0,0.0,,0.0,0.0,,0.0,0.0,
Boundless_Strike,0.999592262588195,0.0,0.0,,0.0,0.0,,0.0,0.0,
Boxerandchessplayer,0.012122524082692931,0.0,0.0,,0.0,0.0,,0.0,0.0,
BozeKat,0.012122524082692931,0.0,0.0,,0.0,0.0,,0.0,0.0,
Brahianzevich,0.012122524082692931,0.0,0.0,,0.0,0.0,,0.0,0.0,
BrandonJacobson,0.012122524082692931,0.0,0.0,,0.001583531274742676,2e-05,79.1765637371338,0.047505938242280284,0.0006,79.17656373713382
BrandonJiang123456,0.012122524082692931,0.0,0.0,,0.0,0.0,,0.0,0.0,
Brave_spirit12,0.06663171121645117,0.0,0.0,,0.002663115845539281,0.00018,14.795088030773783,0.050303299304630865,0.0034,14.795088030773785
Brawny_Wizard,0.4359822400545264,0.0,0.0,,0.0,0.0,,0.0,0.0,
Breamish1,0.012122524082692931,0.0,0.0,,0.0,0.0,,0.0,0.0,
BreatheChessAlways,0.012122524082692931,0.0,0.0,,0.0,0.0,,0.0,0.0,
BredReimagined,0.012122524082692931,0.0,0.0,,0.0,0.0,,0.0,0.0,
Bright_Panda23,0.12175421470020503,0.0,0.0,,0.0,0.0,,0.0,0.0,
Brilliant_Move_11,0.2990021905679259,0.0,0.0,,0.0,0.0,,0.0,0.0,
BrockLesnar16,0.5562946875000001,0.0,0.0,,0.0,0.0,,0.0,0.0,
BroderickBauml,0.4846477793195947,0.0,0.0,,0.0,0.0,,0.0,0.0,
BrokenFritz,0.012122524082692931,0.0,0.0,,0.0,0.0,,0.0,0.0,
Brown_Mamba24,0.012122524082692931,0.0,0.0,,0.0,0.0,,0.0,0.0,
Bruno314159,0.015669149755972257,0.0,0.0,,0.0,0.0,,0.0,0.0,
Bryanl106,0.12604505358140589,0.0,0.0,,0.0,0.0,,0.0,0.0,
Bryantman2014,0.16970126032187477,0.0,0.0,,0.0,0.0,,0.0,0.0,
Budisavljevic,0.012122524082692931,0.0,0.0,,0.0,0.0,,0.0,0.0,
Bugcrusher,0.012122524082692931,0.0,0.0,,0.0,0.0,,0.0,0.0,
BulajaNS,0.012122524082692931,0.0,0.0,,0.0,0.0,,0.0,0.0,
Bulatova_Kamaliya,0.012122524082692931,0.0,0.0,,0.0,0.0,,0.0,0.0,
Bulldog167,0.012122524082692931,0.0,0.0,,0.0036496350364963502,4e-05,91.24087591240875,0.04288321167883212,0.00047,91.24087591240877
BulletCloud,0.20159996861440274,0.0,0.0,,0.0,0.0,,0.0,0.0,
Bullet_Jachym08,0.012122524082692931,0.0,0.0,,0.0,0.0,,0.0,0.0,
Bullhouse14,0.012122524082692931,0.0,0.0,,0.0,0.0,,0.0,0.0,
Burgsvik,0.012122524082692931,0.0,0.0,,0.0,0.0,,0.0,0.0,
BurningggIce,0.012122524082692931,0.0,0.0,,0.0,0.0,,0.0,0.0,
Burovic00,0.012122524082692931,0.0,0.0,,0.0,0.0,,0.0,0.0,
BursaBBSatranc,0.012122524082692931,0.0,0.0,,0.0,0.0,,0.0,0.0,
Bushonica,0.012122524082692931,0.0,0.0,,0.0,0.0,,0.0,0.0,
BuyBoxBandit,0.029278350515463916,0.0,0.0,,0.0,0.0,,0.0,0.0,
Buzhizhebuguai,0.012122524082692931,0.0,0.0,,0.0,0.0,,0.0,0.0,
Bykov_Egor,0.012122524082692931,0.0,0.0,,0.0,0.0,,0.0,0.0,
Byniolus,0.6754617809201886,0.0003864045060710093,0.00026,1.4861711771961896,0.005810929302837101,0.00391,1.4861711771961894,0.019201331609374768,0.01292,1.4861711771961896
CADMartin,0.012122524082692931,0.0,0.0,,0.0,0.0,,0.0,0.0,
CCGoodKnightRookie,0.1283980832701859,0.0,0.0,,0.0,0.0,,0.0,0.0,
CD3m,0.012122524082692931,0.0,0.0,,0.0,0.0,,0.0,0.0,
CDOEspiao,0.012122524082692931,0.0,0.0,,0.0,0.0,,0.0,0.0,
CFN_Good_Evening,0.012122524082692931,0.0,0.0,,0.0,0.0,,0.0,0.0,
CFalcons8,0.012122524082692931,0.0,0.0,,0.0,0.0,,0.0,0.0,
CKJY2796,0.09224309928558967,0.0,0.0,,0.0,0.0,,0.0,0.0,
CMButgood,0.012122524082692931,0.0,0.0,,0.0,0.0,,0.0,0.0,
CM_rui,0.012122524082692931,0.0,0.0,,0.0,0.0,,0.0,0.0,
CMmauricio,0.012122524082692931,0.0,0.0,,0.0,0.0,,0.0,0.0,
COLNZHE,0.029278350515463916,0.0,0.0,,0.0,0.0,,0.0,0.0,
CPOR3,0.012122524082692931,0.0,0.0,,0.0,0.0,,0.0,0.0,
CRObliterator,0.012122524082692931,0.0,0.0,,0.0,0.0,,0.0,0.0,
CSB7,0.27935506758525236,0.0,0.0,,0.0002146767326201295,6e-05,3.5779455436688252,0.0033632688110486956,0.00094,3.5779455436688252
CURRUTACO59,0.012122524082692931,0.0,0.0,,0.0,0.0,,0.0,0.0,
CYNDAD,0.012122524082692931,0.0,0.0,,0.0,0.0,,0.0,0.0,
C_Busta,0.012122524082692931,0.0,0.0,,0.0,0.0,,0.0,0.0,
C_K_G,0.012122524082692931,0.0,0.0,,0.0,0.0,,0.0,0.0,
Caclox,0.012122524082692931,0.0,0.0,,0.0,0.0,,0.0,0.0,
Cacriefils1984,0.012122524082692931,0.0,0.0,,0.0,0.0,,0.0,0.0,
Caisachess,0.012122524082692931,0.0,0.0,,0.0,0.0,,0.0,0.0,
CalculatedRhysks_Youtube,0.012122524082692931,0.0,0.0,,0.0,0.0,,0.0,0.0,
Caleb_Klenoff,0.012122524082692931,0.0,0.0,,0.0,0.0,,0.0,0.0,
Caleuche,0.012122524082692931,0.0,0.0,,0.0,0.0,,0.0,0.0,
CalinGheorghiu,0.012122524082692931,0.0,0.0,,0.0,0.0,,0.0,0.0,
CalmdownCalabreso,0.012122524082692931,0.0,0.0,,0.0,0.0,,0.0,0.0,
Cambek64,0.012122524082692931,0.0,0.0,,0.0,0.0,,0.0,0.0,
CamillaEffect,0.012122524082692931,0.0,0.0,,0.0,0.0,,0.0,0.0,
Camilla_Lee,0.012122524082692931,0.0,0.0,,0.0,0.0,,0.0,0.0,
Campelov,0.012122524082692931,0.0,0.0,,0.0,0.0,,0.0,0.0,
Canal_Showdrez,0.012122524082692931,0.0,0.0,,0.0,0.0,,0.0,0.0,
Candidates14,0.559838555363828,0.0,0.0,,0.0,0.0,,0.0,0.0,
CanidateMaster,0.43087123870708866,0.0,0.0,,0.0,0.0,,0.0,0.0,
Capablanca_Oujda_2021,0.012122524082692931,0.0,0.0,,0.0,0.0,,0.0,0.0,
Capitan-A,0.012122524082692931,0.0,0.0,,0.0,0.0,,0.0,0.0,
CaptainCasanova,0.012122524082692931,0.0,0.0,,0.0,0.0,,0.0035938903863432167,4e-05,89.84725965858041
Caracal3000,0.012122524082692931,0.0,0.0,,0.0,0.0,,0.0,0.0,
Caracternin123,0.012122524082692931,0.0,0.0,,0.0,0.0,,0.0,0.0,
Caradhrast,0.012122524082692931,0.0,0.0,,0.0,0.0,,0.0,0.0,
CarlMagnuson,0.012122524082692931,0.0,0.0,,0.0,0.0,,0.0,0.0,
Carlitus2004,0.012122524082692931,0.0,0.0,,0.0,0.0,,0.0,0.0,
Carlos-Axarlian,0.012122524082692931,0.0,0.0,,0.0,0.0,,0.0,0.0,
Carlos-Godoy,0.012122524082692931,0.0,0.0,,0.0,0.0,,0.0,0.0,
CarlosAlbornoz,0.012122524082692931,0.0,0.0,,0.0,0.0,,0.0,0.0,
CarlosjPineror,0.012122524082692931,0.0,0.0,,0.0,0.0,,0.0,0.0,
CarlssonLudvig,0.012122524082692931,0.0,0.0,,0.0,0.0,,0.0,0.0,
Carnivoras,0.039538714991762765,0.0005116398055768739,2e-05,25.581990278843694,0.012023535431056536,0.00047,25.581990278843694,0.023791250959324637,0.00093,25.581990278843694
Caroexpert,0.01329049218635899,0.0,0.0,,0.0,0.0,,0.0,0.0,
Carolina-moon,0.012122524082692931,0.0,0.0,,0.0,0.0,,0.0,0.0,
Carow-Kann,0.012122524082692931,0.0,0.0,,0.0,0.0,,0.0,0.0,
CarrotsandPizza,0.012122524082692931,0.0,0.0,,0.0,0.0,,0.0,0.0,
Casablanca,0.012122524082692931,0.0,0.0,,0.0,0.0,,0.0,0.0,
Casper,0.32647376470617767,0.0,0.0,,0.0,0.0,,0.0,0.0,
CaspiIsrael,0.012122524082692931,0.0,0.0,,0.0,0.0,,0.0,0.0,
CatLivesMatter,0.012122524082692931,0.0,0.0,,0.0,0.0,,0.0,0.0,
CatLoverPL,0.012122524082692931,0.0,0.0,,0.0,0.0,,0.0,0.0,
CatalinnC10,0.09699327538316929,0.0,0.0,,0.0,0.0,,0.0,0.0,
Caterpiller35,0.012122524082692931,0.0,0.0,,0.0,0.0,,0.0,0.0,
Cayse,0.37397560063233876,0.001462299266191641,0.00055,2.658725938530256,0.007790066999893651,0.00293,2.6587259385302566,0.032516218228225036,0.01223,2.6587259385302566
Cecile-Haussernot,0.012122524082692931,0.0,0.0,,0.0,0.0,,0.0,0.0,
Ceejay271,0.012122524082692931,0.0,0.0,,0.0,0.0,,0.0,0.0,
ChEsper99,0.012122524082692931,0.0,0.0,,0.0,0.0,,0.0,0.0,
Cha_ChaRealSmooth,0.012122524082692931,0.0,0.0,,0.0,0.0,,0.0,0.0,
ChadBiryani,0.012122524082692931,0.0,0.0,,0.0,0.0,,0.0,0.0,
ChainedDowntohell,0.029278350515463916,0.0,0.0,,0.0,0.0,,0.0,0.0,
Chaitanya1932,0.012122524082692931,0.0,0.0,,0.0,0.0,,0.0,0.0,
Chaldon,0.012122524082692931,0.0,0.0,,0.0,0.0,,0.0,0.0,
Chamal_Gedgafov,0.012122524082692931,0.0,0.0,,0.0,0.0,,0.0,0.0,
ChampArden,0.012122524082692931,0.0,0.0,,0.0,0.0,,0.0,0.0,
ChampJiguur,0.012122524082692931,0.0,0.0,,0.0,0.0,,0.0,0.0,
ChampStan,0.012122524082692931,0.0,0.0,,0.0,0.0,,0.0,0.0,
Championnn-9,0.02386237513873474,0.0,0.0,,0.0,0.0,,0.0,0.0,
Chandradi,0.10983112754692947,0.0,0.0,,0.0,0.0,,0.0,0.0,
Chaos_Magic,0.012122524082692931,0.0,0.0,,0.0,0.0,,0.0,0.0,
Charodej1,0.012122524082692931,0.0,0.0,,0.0,0.0,,0.0,0.0,
Chaubunagungamaug1,0.012122524082692931,0.0,0.0,,0.0,0.0,,0.0,0.0,
Chaubunagungamaug11,0.012122524082692931,0.0,0.0,,0.0,0.0,,0.0,0.0,
Chaubunagungamaug2,0.012122524082692931,0.0,0.0,,0.0,0.0,,0.0,0.0,
ChawitAp,0.03206997084548104,0.0,0.0,,0.0,0.0,,0.0,0.0,
Chebupelka52,0.012122524082692931,0.0,0.0,,0.0,0.0,,0.0,0.0,
CheckBits,0.012122524082692931,0.0,0.0,,0.0,0.0,,0.0,0.0,
CheckThis4,0.012122524082692931,0.0,0.0,,0.0,0.0,,0.005008347245409015,6e-05,83.47245409015025
Cheer_Down,0.8429803345929057,0.0,0.0,,0.0,0.0,,0.0,0.0,
ChellyArt,0.012122524082692931,0.0,0.0,,0.0,0.0,,0.0,0.0,
Chellyart,0.24161952686790528,0.0,0.0,,0.0,0.0,,0.0,0.0,
ChelsieMonica,0.01329049218635899,0.0,0.0,,0.0,0.0,,0.0,0.0,
Chemim21,0.012122524082692931,0.0,0.0,,0.0,0.0,,0.0,0.0,
Chempiblinka,0.012122524082692931,0.0,0.0,,0.0,0.0,,0.0,0.0,
ChempionBg,0.012122524082692931,0.0,0.0,,0.0,0.0,,0.0,0.0,
Chenitha201583,0.012122524082692931,0.0,0.0,,0.0,0.0,,0.0,0.0,
Chera_Chola_Pandya_in2024,0.5474401698857738,0.0,0.0,,0.0,0.0,,0.0007682458386683739,0.00042,1.8291567587342235
Cherepov_Alexej,0.2421747671637135,0.0,0.0,,0.0,0.0,,0.0,0.0,
Cherneevo_23,0.16390588740355555,0.0,0.0,,0.0,0.0,,0.0,0.0,
Chernobay_Artem,0.012122524082692931,0.0,0.0,,0.0,0.0,,0.0,0.0,
Chernov_Alexander_A,0.012122524082692931,0.0,0.0,,0.0,0.0,,0.0,0.0,
Chernov_Mikhail,0.17043075418902748,0.0,0.0,,0.0,0.0,,0.0,0.0,
Chernyavsky_A,0.015669149755972257,0.0,0.0,,0.0,0.0,,0.0,0.0,
Chess2smart,0.012122524082692931,0.0,0.0,,0.0,0.0,,0.0,0.0,
Chess4always,0.012122524082692931,0.0,0.0,,0.0,0.0,,0.0,0.0,
ChessAdvanceUSA,0.01329049218635899,0.0,0.0,,0.0,0.0,,0.0,0.0,
ChessArchitect64,0.012122524082692931,0.0,0.0,,0.0,0.0,,0.0,0.0,
ChessBliss09,0.015669149755972257,0.0,0.0,,0.0,0.0,,0.0,0.0,
ChessBrah,0.012122524082692931,0.0,0.0,,0.0,0.0,,0.01200960768614892,0.00015,80.0640512409928
ChessBrainiacOnTwitch,0.012122524082692931,0.0,0.0,,0.0,0.0,,0.0,0.0,
ChessEnthusiastOne,0.012122524082692931,0.0,0.0,,0.0,0.0,,0.0,0.0,
ChessFanNM,0.012122524082692931,0.0,0.0,,0.0,0.0,,0.0,0.0,
ChessFighter1975,0.0446927374301676,0.0,0.0,,0.0,0.0,,0.0,0.0,
ChessFighter_2011,0.55404764019915,0.014898484930371651,0.00827,1.8015096650993534,0.050928678232358714,0.02827,1.8015096650993532,0.1540470914626457,0.08551,1.8015096650993532
ChessFunMaker,0.012122524082692931,0.0,0.0,,0.0,0.0,,0.0,0.0,
ChessGiantYouTube,0.012122524082692931,0.0,0.0,,0.0,0.0,,0.0,0.0,
ChessIsShocking,0.4554290114592365,0.0,0.0,,0.0,0.0,,0.0,0.0,
ChessKhan11,0.021541501976284586,0.0,0.0,,0.0,0.0,,0.0,0.0,
ChessLebaneseSalah,0.015965166908563134,0.0,0.0,,0.0,0.0,,0.0,0.0,
ChessLover0108,0.19099413937708912,0.00020910659208531548,4e-05,5.227664802132886,0.00324115217732239,0.00062,5.227664802132887,0.0981232683360343,0.01877,5.227664802132888
ChessMarkoD,0.35324589146486884,0.0,0.0,,0.0,0.0,,0.0,0.0,
ChessMaster2011_1,0.012122524082692931,0.0,0.0,,0.0,0.0,,0.0015923566878980893,2e-05,79.61783439490446
ChessMasterV777,0.4492030782244483,0.0,0.0,,0.0,0.0,,0.0,0.0,
ChessMavenYeti,0.012122524082692931,0.0,0.0,,0.0,0.0,,0.0,0.0,
ChessPlayer522009,0.012122524082692931,0.0,0.0,,0.0,0.0,,0.0,0.0,
ChessQueen,0.234351939632935,0.0,0.0,,0.0,0.0,,0.0,0.0,
ChessRespected,0.012122524082692931,0.0,0.0,,0.0,0.0,,0.0,0.0,
ChessRook_E,0.012122524082692931,0.0,0.0,,0.0,0.0,,0.0,0.0,
ChessSG1,0.015669149755972257,0.0,0.0,,0.0,0.0,,0.0,0.0,
ChessSharkz,0.012122524082692931,0.0,0.0,,0.0,0.0,,0.006498781478472786,8e-05,81.23476848090982
ChessShop,0.012122524082692931,0.0,0.0,,0.0,0.0,,0.0,0.0,
ChessSkool,0.012122524082692931,0.0,0.0,,0.0,0.0,,0.0,0.0,
ChessSwole,0.012122524082692931,0.0,0.0,,0.0,0.0,,0.0,0.0,
ChessTankMan,0.012122524082692931,0.0,0.0,,0.0,0.0,,0.0,0.0,
ChessVegaAcademy,0.012122524082692931,0.0,0.0,,0.0,0.0,,0.0,0.0,
ChessWarrior3,0.09612328615995477,0.0,0.0,,0.0,0.0,,0.0,0.0,
ChessWarrior7197,0.0,0.0,0.0,,0.0,0.0,,0.0,0.0,
ChessWizard1905,0.012122524082692931,0.0,0.0,,0.0,0.0,,0.0,0.0,
Chess_Caio2007,0.012122524082692931,0.0,0.0,,0.0,0.0,,0.0,0.0,
Chess_Diligent,0.012122524082692931,0.0,0.0,,0.0,0.0,,0.0,0.0,
Chess_Gainz,0.012122524082692931,0.0,0.0,,0.0,0.0,,0.0,0.0,
Chess_RSM,0.012122524082692931,0.0,0.0,,0.0,0.0,,0.0,0.0,
Chess_Star1234,0.012122524082692931,0.0,0.0,,0.0,0.0,,0.0,0.0,
Chess_master1982,0.012122524082692931,0.0,0.0,,0.0,0.0,,0.0,0.0,
Chess_maverick18,0.01329049218635899,0.0,0.0,,0.0,0.0,,0.0,0.0,
Chessbard1972,0.1881923218306988,0.0,0.0,,0.0,0.0,,0.0,0.0,
ChessboArt,0.012122524082692931,0.0,0.0,,0.0,0.0,,0.0,0.0,
Chesscoach_Golichenko,0.012122524082692931,0.0,0.0,,0.0,0.0,,0.0,0.0,
Chesscoach_uk,0.012122524082692931,0.0,0.0,,0.0,0.0,,0.0,0.0,
ChesscularGodofchess,0.012122524082692931,0.0,0.0,,0.0,0.0,,0.0,0.0,
Chessdemon2019,0.012122524082692931,0.0,0.0,,0.0,0.0,,0.0,0.0,
Chessdreamer2001,0.012122524082692931,0.0,0.0,,0.0,0.0,,0.0,0.0,
Chessdreamer2020,0.012122524082692931,0.0,0.0,,0.0,0.0,,0.0,0.0,
Chessdude1987,0.012122524082692931,0.0,0.0,,0.0,0.0,,0.0,0.0,
Chessexplained,0.012122524082692931,0.0,0.0,,0.0,0.0,,0.0,0.0,
Chessgod9oninsta,0.012122524082692931,0.0,0.0,,0.0,0.0,,0.0,0.0,
Chessgodisback2008,0.012122524082692931,0.0,0.0,,0.0,0.0,,0.0,0.0,
ChessicallyInclined,0.012122524082692931,0.0,0.0,,0.0,0.0,,0.0007911392405063291,1e-05,79.1139240506329
Chessjester21,0.012122524082692931,0.0,0.0,,0.0,0.0,,0.0,0.0,
Chessmasterzt,0.012122524082692931,0.0,0.0,,0.0,0.0,,0.0,0.0,
Chessmatenokk17,0.021541501976284586,0.0,0.0,,0.0,0.0,,0.0,0.0,
Chessmatus,0.012122524082692931,0.0,0.0,,0.0,0.0,,0.0,0.0,
Chessmissile07,0.012122524082692931,0.0,0.0,,0.007614213197969543,9e-05,84.60236886632825,0.0676818950930626,0.0008,84.60236886632825
Chessraf-com,0.012122524082692931,0.0,0.0,,0.0,0.0,,0.0,0.0,
Chesssplayer21,0.08437786556292697,0.00011721955222131051,1e-05,11.72195522213105,0.002696049701090142,0.00023,11.72195522213105,0.02907044895088501,0.00248,11.721955222131053
Chesstar,0.012122524082692931,0.0,0.0,,0.0,0.0,,0.0,0.0,
ChessteacherPalmS,0.012122524082692931,0.0,0.0,,0.0,0.0,,0.0,0.0,
Chesstiger64,0.012122524082692931,0.0,0.0,,0.0,0.0,,0.0,0.0,
Chesstrainer1,0.012122524082692931,0.0,0.0,,0.0,0.0,,0.0,0.0,
ChesswithAkeem,0.5978912249994291,0.0,0.0,,0.0,0.0,,0.0,0.0,
Chessy222222,0.012122524082692931,0.0,0.0,,0.0,0.0,,0.0,0.0,
ChesterF,0.012122524082692931,0.0,0.0,,0.0,0.0,,0.0,0.0,
ChhunnuBabu,0.19908756796198507,0.0,0.0,,0.0,0.0,,0.0,0.0,
Chigorinetz,0.012122524082692931,0.0,0.0,,0.0,0.0,,0.0,0.0,
Chill_Out112,0.01329049218635899,0.0,0.0,,0.0,0.0,,0.0,0.0,
Chimpinha,0.012122524082692931,0.0,0.0,,0.0,0.0,,0.0,0.0,
ChinguunSu,0.012122524082692931,0.0,0.0,,0.0,0.0,,0.0,0.0,
Chinni2250,0.012122524082692931,0.0,0.0,,0.0,0.0,,0.0,0.0,
Chocolate_pieces,0.012122524082692931,0.0,0.0,,0.0,0.0,,0.0,0.0,
Chomiczek786,0.09927664233110282,0.0,0.0,,0.0,0.0,,0.0,0.0,
Chopper1905,0.012122524082692931,0.0,0.0,,0.0,0.0,,0.0,0.0,
ChrisSuleman,0.012122524082692931,0.0,0.0,,0.0,0.0,,0.0,0.0,
Christ_is_alive,0.012122524082692931,0.0,0.0,,0.0,0.0,,0.0,0.0,
Christian-Toth,0.012122524082692931,0.0,0.0,,0.0,0.0,,0.0,0.0,
ChristianArca,0.012122524082692931,0.0,0.0,,0.0,0.0,,0.0,0.0,
Christian_Jordan,0.012122524082692931,0.0,0.0,,0.0,0.0,,0.0,0.0,
ChristopherGarz,0.012122524082692931,0.0,0.0,,0.0,0.0,,0.0,0.0,
ChristopherYoo,0.7684466213724103,0.02624214102547414,0.02016,1.3016935032477253,0.10028246749020475,0.07704,1.3016935032477253,0.3030602814261354,0.23282,1.3016935032477253
ChronicUnhappiness,0.012122524082692931,0.0,0.0,,0.0,0.0,,0.0,0.0,
Chuchofrio1,0.012122524082692931,0.0,0.0,,0.0,0.0,,0.0,0.0,
ChuckPhil,0.012122524082692931,0.0,0.0,,0.0,0.0,,0.0,0.0,
Chushoudelu,0.012122524082692931,0.0,0.0,,0.0,0.0,,0.0,0.0,
Chxss_Khxsbu,0.012122524082692931,0.0,0.0,,0.0,0.0,,0.0,0.0,
Cipy77,0.012122524082692931,0.0,0.0,,0.0,0.0,,0.0,0.0,
CiricPX,0.05221662165581292,0.0,0.0,,0.0,0.0,,0.0,0.0,
Cirky,0.021541501976284586,0.0,0.0,,0.0,0.0,,0.0,0.0,
CixPer1968,0.012122524082692931,0.0,0.0,,0.0,0.0,,0.0,0.0,
ClauAmura,0.012122524082692931,0.0,0.0,,0.0,0.0,,0.0,0.0,
ClauSanLuis,0.012122524082692931,0.0,0.0,,0.0,0.0,,0.0,0.0,
ClaudiaSof,0.012122524082692931,0.0,0.0,,0.0,0.0,,0.0,0.0,
ClayK1ng,0.012122524082692931,0.0,0.0,,0.0,0.0,,0.0,0.0,
Clown-Master_64,0.012122524082692931,0.0,0.0,,0.0,0.0,,0.0,0.0,
ClubLeonChess,0.012122524082692931,0.0,0.0,,0.0,0.0,,0.0,0.0,
Cluke86,0.012122524082692931,0.0,0.0,,0.0,0.0,,0.0,0.0,
ClydeHillKid,0.012122524082692931,0.0,0.0,,0.0,0.0,,0.0,0.0,
Cmorales2001,0.012122524082692931,0.0,0.0,,0.0,0.0,,0.0,0.0,
CoDobrego,0.012122524082692931,0.0,0.0,,0.0,0.0,,0.0,0.0,
CoachKevinVelazquez,0.012122524082692931,0.0,0.0,,0.0,0.0,,0.0,0.0,
CoachSuhaas,0.02197802197802198,0.0,0.0,,0.0,0.0,,0.0,0.0,
CoachVadim,0.012122524082692931,0.0,0.0,,0.0,0.0,,0.0,0.0,
Coach_Istvanovszki,0.012122524082692931,0.0,0.0,,0.0,0.0,,0.0,0.0,
Coachpoker,0.012122524082692931,0.0,0.0,,0.0,0.0,,0.0,0.0,
CoastalJourney,0.012122524082692931,0.0,0.0,,0.0,0.0,,0.0,0.0,
Cobysters,0.0446927374301676,0.0,0.0,,0.0,0.0,,0.0,0.0,
Cocoguette23,0.012122524082692931,0.0,0.0,,0.0,0.0,,0.0,0.0,
Cocolino31,0.012122524082692931,0.0,0.0,,0.0,0.0,,0.0,0.0,
Cocosiukas,0.28930634498679386,0.0,0.0,,0.0,0.0,,0.0,0.0,
ColErranMorad,0.012122524082692931,0.0,0.0,,0.0,0.0,,0.0,0.0,
Colchonero64,0.012122524082692931,0.0,0.0,,0.0,0.0,,0.0,0.0,
ColinFederer,0.38877458218874555,0.0,0.0,,0.0,0.0,,0.0,0.0,
Colombiano07,0.012122524082692931,0.0,0.0,,0.0,0.0,,0.0,0.0,
ColorChangingPawn,0.08867429459074348,0.0,0.0,,0.0,0.0,,0.0,0.0,
ColorsTrilogy,0.012122524082692931,0.0,0.0,,0.0,0.0,,0.0,0.0,
CombativeWombat,0.012122524082692931,0.0,0.0,,0.0,0.0,,0.0,0.0,
Commando_Droid,0.012122524082692931,0.0,0.0,,0.0,0.0,,0.0,0.0,
CompletePatzer54,0.01329049218635899,0.0,0.0,,0.0,0.0,,0.0,0.0,
Completely_Alien,0.012122524082692931,0.0,0.0,,0.0,0.0,,0.0,0.0,
ComradeEyelash,0.012122524082692931,0.0,0.0,,0.0,0.0,,0.0,0.0,
Connectedcloud,0.012122524082692931,0.0,0.0,,0.0,0.0,,0.0,0.0,
ContrVersia,0.48960599241042974,0.00026659010745632024,0.00013,2.0506931342793866,0.0032400951521614307,0.00158,2.0506931342793866,0.027622836518743334,0.01347,2.0506931342793866
Corporate_Mundo,0.012122524082692931,0.0,0.0,,0.0,0.0,,0.0,0.0,
Cosi43,0.012122524082692931,0.0,0.0,,0.0,0.0,,0.0,0.0,
CosmoKramer2260,0.15407377508216202,0.0,0.0,,0.0,0.0,,0.0,0.0,
CraiggoryC,0.012122524082692931,0.0,0.0,,0.0,0.0,,0.0,0.0,
Crasmus,0.012122524082692931,0.0,0.0,,0.0,0.0,,0.0,0.0,
Crasyhealer,0.012122524082692931,0.0,0.0,,0.0,0.0,,0.0,0.0,
CrazyAdvenTures,0.012122524082692931,0.0,0.0,,0.0,0.0,,0.0,0.0,
CrazyMartian,0.012122524082692931,0.0,0.0,,0.0,0.0,,0.0,0.0,
Crazy_girl99,0.012122524082692931,0.0,0.0,,0.0,0.0,,0.0,0.0,
Crazy_passion_fruit,0.012122524082692931,0.0,0.0,,0.0,0.0,,0.0,0.0,
CrgKrishna,0.012122524082692931,0.0,0.0,,0.0,0.0,,0.0007867820613690008,1e-05,78.67820613690007
CrimeFightingSpider07,0.012122524082692931,0.0,0.0,,0.0,0.0,,0.0,0.0,
CristhianPortalR,0.012122524082692931,0.0,0.0,,0.0,0.0,,0.0,0.0,
Cristi_Coca,0.012122524082692931,0.0,0.0,,0.0,0.0,,0.0,0.0,
CristianS27,0.012122524082692931,0.0,0.0,,0.0,0.0,,0.0,0.0,
CristobalBlanco,0.012122524082692931,0.0,0.0,,0.0,0.0,,0.0,0.0,
Cruel_Yaro,0.12312822422054537,0.0,0.0,,0.0,0.0,,0.0,0.0,
CrushingKings,0.012122524082692931,0.0,0.0,,0.0,0.0,,0.0,0.0,
CruzWilliam,0.012122524082692931,0.0,0.0,,0.0,0.0,,0.0,0.0,
Cryptic_Warrior,0.293509771328901,0.0,0.0,,0.0,0.0,,0.0,0.0,
Cryptinz,0.012122524082692931,0.0,0.0,,0.0,0.0,,0.0,0.0,
Cryptochess,0.012122524082692931,0.0,0.0,,0.0,0.0,,0.0,0.0,
Cuajada_Zero,0.012122524082692931,0.0,0.0,,0.0,0.0,,0.0,0.0,
CuattroPrincesses,0.012122524082692931,0.0,0.0,,0.0,0.0,,0.0,0.0,
Cubitas,0.012122524082692931,0.0,0.0,,0.0,0.0,,0.0,0.0,
Cuchulin,0.012122524082692931,0.0,0.0,,0.0,0.0,,0.0,0.0,
CuteSheepCloud,0.012122524082692931,0.0,0.0,,0.0,0.0,,0.0,0.0,
Cxrjs,0.012122524082692931,0.0,0.0,,0.0,0.0,,0.0,0.0,
CyberSurfer12,0.03206997084548104,0.0,0.0,,0.0,0.0,,0.0,0.0,
CzechChessplayer17,0.3822481731996951,0.0,0.0,,0.0,0.0,,0.0,0.0,
CzechmVIII,0.012122524082692931,0.0,0.0,,0.0,0.0,,0.0,0.0,
D0Br0V01skiy,0.012122524082692931,0.0,0.0,,0.0,0.0,,0.0,0.0,
DACF2905,0.15004982867544175,0.0,0.0,,0.0,0.0,,0.0,0.0,
DAVIDHDZSTS,0.012122524082692931,0.0,0.0,,0.0,0.0,,0.0,0.0,
DCacheiro,0.012122524082692931,0.0,0.0,,0.0,0.0,,0.0,0.0,
DDTerziev04,0.012122524082692931,0.0,0.0,,0.0,0.0,,0.0,0.0,
DFeco,0.012122524082692931,0.0,0.0,,0.0,0.0,,0.0,0.0,
DIMONBANAN,0.012122524082692931,0.0,0.0,,0.0,0.0,,0.0,0.0,
DKmirl,0.012122524082692931,0.0,0.0,,0.0,0.0,,0.0,0.0,
DMotos,0.012122524082692931,0.0,0.0,,0.0,0.0,,0.0,0.0,
DNPascual,0.42104791171875,0.0,0.0,,0.0,0.0,,0.0,0.0,
DNextEpisode,0.012122524082692931,0.0,0.0,,0.0,0.0,,0.0,0.0,
DON_ROTOR,0.012122524082692931,0.0,0.0,,0.0,0.0,,0.0,0.0,
DTChess,0.012122524082692931,0.0,0.0,,0.0,0.0,,0.0,0.0,
DaRk_KiNg_30,0.012122524082692931,0.0,0.0,,0.0,0.0,,0.0,0.0,
DaVVIttttt2009,0.23989745425322262,0.0,0.0,,0.0,0.0,,0.0,0.0,
Daaksboy,0.012122524082692931,0.0,0.0,,0.0,0.0,,0.0,0.0,
Dacean99,0.012122524082692931,0.0,0.0,,0.0,0.0,,0.0,0.0,
Daffidollchess2,0.012122524082692931,0.0,0.0,,0.0,0.0,,0.0,0.0,
Dahamdi_Sanudula,0.012122524082692931,0.0,0.0,,0.0,0.0,,0.0,0.0,
Dale,0.012122524082692931,0.0,0.0,,0.0,0.0,,0.0,0.0,
DamianSchualle,0.012122524082692931,0.0,0.0,,0.0,0.0,,0.0,0.0,
DamianoLew95,0.012122524082692931,0.0,0.0,,0.0,0.0,,0.0,0.0,
DampFalcon,0.012122524082692931,0.0,0.0,,0.0,0.0,,0.0,0.0,
DanLowinger,0.012122524082692931,0.0,0.0,,0.0,0.0,,0.0,0.0,
Dangerousboy228,0.015669149755972257,0.0,0.0,,0.0,0.0,,0.0,0.0,
Dani097,0.057371184081870995,0.0,0.0,,0.0,0.0,,0.0,0.0,
DanielDardha2005,0.012122524082692931,0.0016877637130801688,2e-05,84.38818565400844,0.016033755274261603,0.00019,84.38818565400844,0.07848101265822785,0.00093,84.38818565400844
DanielMieles1985,0.012122524082692931,0.0,0.0,,0.0,0.0,,0.0,0.0,
DanielNaroditsky,0.0,0.0,0.0,,0.0,0.0,,0.0,0.0,
DanielSaiz01,0.012122524082692931,0.0,0.0,,0.0,0.0,,0.0,0.0,
DanielTitichoca,0.06689814129460461,0.0,0.0,,0.0,0.0,,0.0,0.0,
Daniel_Recker07,0.012122524082692931,0.0,0.0,,0.0,0.0,,0.0,0.0,
Daniel_Salinas,0.012122524082692931,0.0,0.0,,0.0,0.0,,0.0,0.0,
DanikPrazak,0.012122524082692931,0.0,0.0,,0.0,0.0,,0.0,0.0,
DanilNajdin,0.012122524082692931,0.0,0.0,,0.0,0.0,,0.0,0.0,
Danioo,0.01329049218635899,0.0,0.0,,0.0,0.0,,0.0,0.0,
Danishcrown,0.012122524082692931,0.0,0.0,,0.0,0.0,,0.0,0.0,
Danito1954,0.012122524082692931,0.0,0.0,,0.0,0.0,,0.0,0.0,
Danny_Billiards,0.012122524082692931,0.0,0.0,,0.0,0.0,,0.0,0.0,
DanyKopy,0.012122524082692931,0.0,0.0,,0.0,0.0,,0.0,0.0,
DanylaBagrov,0.5151833116726734,0.0,0.0,,0.0,0.0,,0.0,0.0,
DarZay,0.012122524082692931,0.0,0.0,,0.0,0.0,,0.0,0.0,
Dare-Dare,0.012122524082692931,0.0,0.0,,0.0,0.0,,0.0,0.0,
Darius321,0.04360812425328554,0.0,0.0,,0.0,0.0,,0.0,0.0,
DarkAlekhine,0.638428682120576,0.0,0.0,,3.144752979653448e-05,2e-05,1.572376489826724,0.0034435045127205258,0.00219,1.572376489826724
DarkPassenger007,0.012122524082692931,0.0,0.0,,0.0,0.0,,0.0,0.0,
DarkStorm64,0.10632635925530994,0.0,0.0,,0.0,0.0,,0.0,0.0,
Darkbluelord,0.012122524082692931,0.0,0.0,,0.0,0.0,,0.0,0.0,
Darkdefense16,0.012122524082692931,0.0,0.0,,0.0,0.0,,0.0,0.0,
Darko-Dimitrijevic,0.012122524082692931,0.0,0.0,,0.0,0.0,,0.0,0.0,
Dashi10,0.012122524082692931,0.0,0.0,,0.0,0.0,,0.0,0.0,
Dave_ChessMate,0.012122524082692931,0.0,0.0,,0.0,0.0,,0.0,0.0,
DavidGavrilescu18,0.012122524082692931,0.0,0.0,,0.0016012810248198558,2e-05,80.06405124099278,0.03122497998398719,0.00039,80.0640512409928
DavidLana1987,0.05890609703599756,0.0,0.0,,0.0,0.0,,0.0,0.0,
DavidStevanic,0.012122524082692931,0.0,0.0,,0.0,0.0,,0.0,0.0,
David_ATM,0.012122524082692931,0.0,0.0,,0.0,0.0,,0.0,0.0,
David_Arutinian,0.012122524082692931,0.0016611295681063123,2e-05,83.05647840531562,0.015780730897009966,0.00019,83.0564784053156,0.1818936877076412,0.00219,83.05647840531562
David_George21,0.22843405262710878,0.0,0.0,,0.0,0.0,,0.0,0.0,
Davidalhesa2007,0.012122524082692931,0.0,0.0,,0.0,0.0,,0.0,0.0,
DavitSantryan02,0.012122524082692931,0.0,0.0,,0.0,0.0,,0.0,0.0,
DavtyanArsen,0.1752967210336684,0.0,0.0,,0.0,0.0,,0.0,0.0,
DawidCzerw,0.7057703115749225,0.0,0.0,,0.0,0.0,,0.0,0.0,
DeArron_Fox,0.19189142389351527,0.0,0.0,,0.0,0.0,,0.0,0.0,
DeGrootteZ,0.012122524082692931,0.0,0.0,,0.0,0.0,,0.03289473684210526,0.0004,82.23684210526315
DeTimmerman,0.012122524082692931,0.0,0.0,,0.0,0.0,,0.0,0.0,
Deadmold,0.012122524082692931,0.0,0.0,,0.0,0.0,,0.0,0.0,
DeanKlobucar,0.2084960432832742,0.0,0.0,,0.0,0.0,,0.0,0.0,
DebileMenthol,0.012122524082692931,0.0,0.0,,0.0,0.0,,0.0,0.0,
Debooshzilla,0.012122524082692931,0.0,0.0,,0.0,0.0,,0.0,0.0,
Dedic8,0.012122524082692931,0.0,0.0,,0.0,0.0,,0.0032626427406199023,4e-05,81.56606851549755
Deenzerz,0.021541501976284586,0.0,0.0,,0.0,0.0,,0.0,0.0,
Deeper44,0.012122524082692931,0.0,0.0,,0.0,0.0,,0.0,0.0,
DefenceWinsChampionships,0.012122524082692931,0.0,0.0,,0.0,0.0,,0.0,0.0,
Defend1r,0.0570455899129653,0.0,0.0,,0.0,0.0,,0.0,0.0,
Defenstrator,0.012122524082692931,0.0,0.0,,0.0,0.0,,0.0,0.0,
DefiantChair,0.012122524082692931,0.0,0.0,,0.0,0.0,,0.0,0.0,
DejaVu-69,0.012122524082692931,0.0,0.0,,0.0,0.0,,0.0,0.0,
Delfin000,0.012122524082692931,0.0,0.0,,0.0,0.0,,0.0,0.0,
Demeter39,0.15069397869425177,0.0,0.0,,0.0,0.0,,0.0,0.0,
Demyan7777,0.25571998481177804,0.0,0.0,,0.0,0.0,,0.0,0.0,
DenLaz,0.8324694482671049,0.08974482195203998,0.0747,1.2014032389831322,0.2637200249891874,0.21951,1.2014032389831324,0.4784468258926426,0.39824,1.2014032389831324
DenielSafarov,0.012122524082692931,0.0,0.0,,0.0,0.0,,0.0,0.0,
DenisQ,0.012122524082692931,0.0,0.0,,0.0,0.0,,0.0,0.0,
Denis_Makhnyov,0.015669149755972257,0.002621231979030144,4e-05,65.5307994757536,0.009174311926605505,0.00014,65.53079947575361,0.045216251638269984,0.00069,65.53079947575361
Denisenko_Denis,0.012122524082692931,0.0,0.0,,0.0,0.0,,0.0,0.0,
DenishevM,0.012122524082692931,0.0,0.0,,0.0,0.0,,0.0,0.0,
DenizDirikolu09,0.4079240110472483,0.0,0.0,,0.0,0.0,,0.0,0.0,
DenizG123,0.012122524082692931,0.0,0.0,,0.0,0.0,,0.0,0.0,
DenizSeyhanoglu1,0.012122524082692931,0.0,0.0,,0.0,0.0,,0.0,0.0,
Denmark2015,0.012122524082692931,0.0,0.0,,0.0,0.0,,0.0,0.0,
DerKnipser,0.012122524082692931,0.0,0.0,,0.0,0.0,,0.0,0.0,
Der_Balak_3Halak,0.08463491818331453,0.0,0.0,,0.0,0.0,,0.0,0.0,
Der_Honigdachs,0.012122524082692931,0.0,0.0,,0.0,0.0,,0.0,0.0,
Deuterio010,0.012122524082692931,0.0,0.0,,0.0,0.0,,0.0,0.0,
DevikBronstein,0.01329049218635899,0.0,0.0,,0.0,0.0,,0.0,0.0,
Devil_Sun,0.13491869948006327,0.0,0.0,,0.0,0.0,,0.0,0.0,
Devil_of_chess777,0.012122524082692931,0.0,0.0,,0.0,0.0,,0.0,0.0,
Dewarfd,0.012122524082692931,0.0,0.0,,0.0,0.0,,0.0,0.0,
Dexter_Dyke,0.012122524082692931,0.0,0.0,,0.0,0.0,,0.0,0.0,
DeyanKostov,0.012122524082692931,0.0,0.0,,0.0,0.0,,0.0,0.0,
Dhaydon19,0.012122524082692931,0.0,0.0,,0.0,0.0,,0.0,0.0,
Diamantidis_13,0.012122524082692931,0.0,0.0,,0.0,0.0,,0.0,0.0,
DianaMirza,0.01329049218635899,0.0,0.0,,0.0,0.0,,0.0,0.0,
Diana_Omurbekova,0.012122524082692931,0.0,0.0,,0.0,0.0,,0.0,0.0,
Diaschess88,0.012122524082692931,0.0,0.0,,0.0,0.0,,0.0,0.0,
Didici,0.2758408718928637,0.0,0.0,,0.0,0.0,,0.0,0.0,
Diego_FloresQ,0.012122524082692931,0.0,0.0,,0.0,0.0,,0.0,0.0,
Dilshad92,0.012122524082692931,0.0,0.0,,0.0,0.0,,0.0,0.0,
DinaBelenkaya,0.012122524082692931,0.0,0.0,,0.0,0.0,,0.0,0.0,
Dinamo3,0.012122524082692931,0.0,0.0,,0.0,0.0,,0.0,0.0,
Dinamo81,0.14670463525232968,0.0,0.0,,0.0,0.0,,0.0,0.0,
Dinnukhammedtulendinov,0.012122524082692931,0.0,0.0,,0.0,0.0,,0.0,0.0,
Dino_Ballecer,0.012122524082692931,0.0,0.0,,0.0,0.0,,0.0,0.0,
Dinosaurio_1975,0.012122524082692931,0.0,0.0,,0.0,0.0,,0.0,0.0,
Dinosaurioyogurt,0.08592999246632597,0.0,0.0,,0.0,0.0,,0.0,0.0,
DiogenesSinopeus,0.012122524082692931,0.0,0.0,,0.0,0.0,,0.0,0.0,
DirtyKabab,0.012122524082692931,0.0,0.0,,0.0,0.0,,0.0,0.0,
Dishal2010,0.25587152287938486,0.0,0.0,,0.0,0.0,,0.0,0.0,
DishonorOnYourCow,0.08082376193342877,0.0,0.0,,0.0,0.0,,0.0,0.0,
Ditman2007,0.012122524082692931,0.0,0.0,,0.0,0.0,,0.0,0.0,
DitmanSolo,0.012122524082692931,0.0,0.0,,0.0,0.0,,0.0,0.0,
Divljasvinja14,0.012122524082692931,0.0,0.0,,0.0,0.0,,0.0,0.0,
Dixit_Nikhil,0.288022780829183,0.0,0.0,,0.0,0.0,,0.0,0.0,
Djager97,0.33556937858385016,0.0,0.0,,0.0,0.0,,0.0,0.0,
DmitriiZakurdaev,0.012122524082692931,0.0,0.0,,0.0,0.0,,0.0,0.0,
DmitryMaximov,0.012122524082692931,0.0,0.0,,0.0,0.0,,0.0,0.0,
Dmitry_Konenkin,0.012122524082692931,0.0,0.0,,0.0,0.0,,0.0,0.0,
Dmitry_Ponomarev,0.012122524082692931,0.0,0.0,,0.0,0.0,,0.0,0.0,
DoMyk16,0.4035091709501107,0.0,0.0,,0.0,0.0,,0.0,0.0,
DobrivojPopovic,0.012122524082692931,0.0,0.0,,0.0,0.0,,0.0,0.0,
Doctor_Luber,0.012122524082692931,0.0,0.0,,0.0,0.0,,0.0,0.0,
DoggieBones3000,0.012122524082692931,0.0,0.0,,0.0,0.0,,0.0,0.0,
Dolphin_2010,0.14518788495858703,0.0006916107614634483,0.0001,6.916107614634483,0.009129262051317519,0.00132,6.916107614634484,0.08963275468566291,0.01296,6.916107614634484
Dom1nant1337,0.012122524082692931,0.0,0.0,,0.0,0.0,,0.0,0.0,
DominguezOnYoutube,0.012122524082692931,0.0,0.0,,0.0008726003490401396,1e-05,87.26003490401395,0.08027923211169284,0.00092,87.26003490401395
DonBroca,0.012122524082692931,0.0,0.0,,0.0,0.0,,0.0,0.0,
DonCiao,0.012122524082692931,0.0,0.0,,0.0,0.0,,0.0,0.0,
DonJuanEGenaro,0.012122524082692931,0.0,0.0,,0.0,0.0,,0.0,0.0,
DonJuan_34,0.012122524082692931,0.0,0.0,,0.0,0.0,,0.0,0.0,
DonMicheleCorleone,0.021541501976284586,0.0,0.0,,0.0,0.0,,0.0,0.0,
DonPreuss,0.012122524082692931,0.0,0.0,,0.0,0.0,,0.0,0.0,
DonkyDonkyDonkey,0.15487519724459775,0.0017347725520431765,0.00027,6.425083526085839,0.009701876124389617,0.00151,6.425083526085839,0.06335132356720638,0.00986,6.42508352608584
Donskov_AN,0.012122524082692931,0.0,0.0,,0.0,0.0,,0.0,0.0,
DontMessWithTheFish,0.039538714991762765,0.0,0.0,,0.0,0.0,,0.0,0.0,
Dont_be_a_C0unt,0.012122524082692931,0.0,0.0,,0.0,0.0,,0.0,0.0,
Dontmesswithme_2,0.0446927374301676,0.0,0.0,,0.0,0.0,,0.0,0.0,
Doomfist26,0.012122524082692931,0.0,0.0,,0.0,0.0,,0.0,0.0,
Doomking,0.012122524082692931,0.0,0.0,,0.0,0.0,,0.0,0.0,
DopplerCharlotteDeWitte,0.012122524082692931,0.0,0.0,,0.0,0.0,,0.0,0.0,
Doraemon7,0.012122524082692931,0.0,0.0,,0.0,0.0,,0.0,0.0,
DoraemonAndMe,0.4888916565002015,0.0,0.0,,0.0,0.0,,0.0,0.0,
DoubleTactic,0.1654665132864547,0.0,0.0,,0.0,0.0,,0.0,0.0,
Doublekk14,0.012122524082692931,0.0,0.0,,0.0,0.0,,0.0,0.0,
Doudou2015,0.012122524082692931,0.0,0.0,,0.0,0.0,,0.0,0.0,
Dr-Bassem,0.1650547606612575,0.0,0.0,,0.0,0.0,,0.0,0.0,
DrCeltic,0.012122524082692931,0.0,0.0,,0.0,0.0,,0.0,0.0,
DrDreBeats,0.012122524082692931,0.0,0.0,,0.0,0.0,,0.0,0.0,
DrIMpractical1,0.029278350515463916,0.0,0.0,,0.0,0.0,,0.0,0.0,
DrKerfuffle,0.012122524082692931,0.0,0.0,,0.0,0.0,,0.03122497998398719,0.00039,80.0640512409928
DrKiller67,0.24832719811027898,0.0,0.0,,0.0,0.0,,0.0,0.0,
DrMamaliga,0.012122524082692931,0.0,0.0,,0.0,0.0,,0.0,0.0,
DrN00binator,0.012122524082692931,0.0,0.0,,0.0,0.0,,0.0,0.0,
DrRiebert,0.015669149755972257,0.0,0.0,,0.0,0.0,,0.0,0.0,
DrVelja,0.07845107231356237,0.004678214692122898,0.00037,12.64382349222405,0.008471361739790113,0.00067,12.64382349222405,0.061828296876975594,0.00489,12.643823492224048
DrVitman,0.012122524082692931,0.0,0.0,,0.0,0.0,,0.0,0.0,
DrWonderKid,0.4487725937684201,0.0,0.0,,0.0,0.0,,0.0,0.0,
Dr_MorbiusBat,0.015669149755972257,0.0,0.0,,0.0,0.0,,0.0,0.0,
Dr_Pepper18,0.012122524082692931,0.0,0.0,,0.0,0.0,,0.0,0.0,
Dr_Rad87,0.012122524082692931,0.0,0.0,,0.0,0.0,,0.0,0.0,
Dr_Tyger,0.192841168112765,0.0102863641062752,0.00199,5.169027189083015,0.029876977152899824,0.00578,5.169027189083014,0.16003308177401013,0.03096,5.169027189083014
Dr_crypt,0.012122524082692931,0.0,0.0,,0.0,0.0,,0.0,0.0,
Dr_troll,0.012122524082692931,0.0,0.0,,0.0,0.0,,0.0,0.0,
Dracomaniac,0.012122524082692931,0.0,0.0,,0.0,0.0,,0.0,0.0,
Dragnaros,0.012122524082692931,0.0,0.0,,0.0,0.0,,0.0,0.0,
Dragon-Sword,0.012122524082692931,0.0,0.0,,0.0,0.0,,0.0,0.0,
DragonB70,0.0707180886185608,0.0,0.0,,0.0,0.0,,0.0,0.0,
DragonWizard02,0.012122524082692931,0.0,0.0,,0.0,0.0,,0.0,0.0,
Dragon_Dmitry,0.012122524082692931,0.0,0.0,,0.0,0.0,,0.0,0.0,
Dragonzprem,0.012122524082692931,0.0,0.0,,0.0,0.0,,0.0,0.0,
Drags95,0.012122524082692931,0.0,0.0,,0.0,0.0,,0.0007716049382716049,1e-05,77.16049382716048
DraningWaterHi,0.012122524082692931,0.0,0.0,,0.0,0.0,,0.0,0.0,
Dream2World_Number1,0.012122524082692931,0.0,0.0,,0.0,0.0,,0.0,0.0,
DreamDestroyer228,0.012122524082692931,0.0,0.0,,0.0,0.0,,0.0,0.0,
Dreamer_01,0.012122524082692931,0.0,0.0,,0.0,0.0,,0.0,0.0,
DreamsAreFake,0.23145304559809252,0.0,0.0,,0.0,0.0,,0.0,0.0,
Drstrange2015,0.012122524082692931,0.0,0.0,,0.0,0.0,,0.0,0.0,
Druid24,0.012122524082692931,0.0,0.0,,0.0,0.0,,0.0,0.0,
DryCounty,0.012122524082692931,0.0,0.0,,0.0,0.0,,0.0,0.0,
DuDaKi,0.012122524082692931,0.0,0.0,,0.0,0.0,,0.0,0.0,
DubiousM0ves532,0.012122524082692931,0.0,0.0,,0.0,0.0,,0.0,0.0,
Dubs123,0.012122524082692931,0.0,0.0,,0.0,0.0,,0.0,0.0,
Ducke13,0.012122524082692931,0.0,0.0,,0.0,0.0,,0.0,0.0,
DucksParadise,0.012122524082692931,0.0,0.0,,0.0,0.0,,0.0,0.0,
DudkinaU2010,0.012122524082692931,0.0,0.0,,0.0,0.0,,0.0,0.0,
Duhless,0.5521476857637886,0.008567133361105577,0.00473,1.8112332687326802,0.026824364709930992,0.01481,1.81123326873268,0.13176722030030247,0.07275,1.81123326873268
DuleMudule,0.012122524082692931,0.0,0.0,,0.0016420361247947454,2e-05,82.10180623973727,0.03201970443349754,0.00039,82.10180623973729
DumbKing75,0.012122524082692931,0.0,0.0,,0.0,0.0,,0.0,0.0,
Duong57,0.012122524082692931,0.0,0.0,,0.0,0.0,,0.0,0.0,
Durarbayli,0.36848560771323186,0.00340678653508179,0.00126,2.7037988373664996,0.017060970663782614,0.00631,2.7037988373665,0.06099770177098824,0.02256,2.7037988373665
DvaHrasta,0.2183395618732896,0.0,0.0,,0.0,0.0,,0.0,0.0,
Dxtrmined,0.012122524082692931,0.0,0.0,,0.0,0.0,,0.0,0.0,
Dyadya81,0.012122524082692931,0.0,0.0,,0.0,0.0,,0.0,0.0,
Dzidzik2203,0.012122524082692931,0.0,0.0,,0.0,0.0,,0.0,0.0,
EAtakishiyev11,0.012122524082692931,0.0,0.0,,0.0,0.0,,0.0,0.0,
EDaMatta,0.012122524082692931,0.0,0.0,,0.0,0.0,,0.0,0.0,
EGK_06,0.17728798071851287,0.0,0.0,,0.0,0.0,,0.0,0.0,
ELAREMETR,0.051931737104999855,0.0,0.0,,0.0,0.0,,0.0,0.0,
ELECTRODYNAMIC_DRACULA,0.012122524082692931,0.0008045052292839903,1e-05,80.45052292839902,0.0249396621078037,0.00031,80.45052292839904,0.08688656476267095,0.00108,80.45052292839902
ELGOAT010,0.012122524082692931,0.0,0.0,,0.0,0.0,,0.0,0.0,
ELPRIMO0O0,0.012122524082692931,0.0,0.0,,0.0,0.0,,0.0,0.0,
EMANJDJ,0.012122524082692931,0.0,0.0,,0.0,0.0,,0.0,0.0,
ENajer77,0.012122524082692931,0.0,0.0,,0.0,0.0,,0.011191047162270184,0.00014,79.93605115907275
EREBUNI91,0.012122524082692931,0.0008960573476702509,1e-05,89.60573476702508,0.004480286738351254,5e-05,89.60573476702508,0.034050179211469536,0.00038,89.60573476702508
ETTrainer,0.012122524082692931,0.0,0.0,,0.0,0.0,,0.0,0.0,
EZ-58,0.025746826387299682,0.0,0.0,,0.0,0.0,,0.0,0.0,
Eagle_2019,0.24607548205200935,8.09323405632891e-05,2e-05,4.046617028164454,0.0012139851084493364,0.0003,4.046617028164455,0.015336678536743283,0.00379,4.046617028164454
Earlybird2012,0.2051972934273581,0.0,0.0,,0.0,0.0,,0.0,0.0,
Echecmat,0.012122524082692931,0.0,0.0,,0.0,0.0,,0.0,0.0,
Echsoterik,0.012122524082692931,0.0,0.0,,0.0,0.0,,0.0,0.0,
EcosseKillie,0.012122524082692931,0.0,0.0,,0.0,0.0,,0.0,0.0,
EddieMarsalla,0.012122524082692931,0.0,0.0,,0.0,0.0,,0.0,0.0,
EddieUrquhart,0.012122524082692931,0.0,0.0,,0.0,0.0,,0.0,0.0,
EdenDzung06,0.012122524082692931,0.0,0.0,,0.0,0.0,,0.0,0.0,
EdenHazard8,0.012122524082692931,0.0,0.0,,0.0,0.0,,0.0,0.0,
EdgarAndreasyan2008,0.06988282844013664,0.0,0.0,,0.0,0.0,,0.0,0.0,
EdmundPlayer,0.012122524082692931,0.0,0.0,,0.0,0.0,,0.0,0.0,
EduardArbereshi,0.012122524082692931,0.0,0.0,,0.0,0.0,,0.0,0.0,
Eduard_Limonov,0.012122524082692931,0.0,0.0,,0.006488240064882401,8e-05,81.10300081103,0.021897810218978103,0.00027,81.10300081103001
Eeleyah,0.012122524082692931,0.0,0.0,,0.0,0.0,,0.0,0.0,
Eesha-Karavade,0.012122524082692931,0.0,0.0,,0.0,0.0,,0.0,0.0,
Efremov_Vlad,0.012122524082692931,0.0,0.0,,0.0,0.0,,0.0,0.0,
EfrenRamos1,0.012122524082692931,0.0,0.0,,0.0,0.0,,0.0,0.0,
EgeOZZ2020,0.13534551651423304,0.0,0.0,,0.0,0.0,,0.0,0.0,
Egehany09,0.1113414804441903,0.0,0.0,,0.0,0.0,,0.0,0.0,
EggLoser,0.012122524082692931,0.0,0.0,,0.0,0.0,,0.0,0.0,
EgorYakovlev,0.012122524082692931,0.0,0.0,,0.0,0.0,,0.0,0.0,
Egor_Koshulyan,0.012122524082692931,0.0,0.0,,0.0,0.0,,0.0,0.0,
Egor_Pakhomov,0.012122524082692931,0.0,0.0,,0.0,0.0,,0.0,0.0,
Einherjar521,0.012122524082692931,0.0,0.0,,0.0,0.0,,0.0,0.0,
Eivissa,0.012122524082692931,0.0,0.0,,0.0,0.0,,0.0,0.0,
Ekko_li,0.012122524082692931,0.0,0.0,,0.0,0.0,,0.0,0.0,
Ekose,0.012122524082692931,0.0,0.0,,0.0,0.0,,0.0,0.0,
ElCoachRene,0.012122524082692931,0.0,0.0,,0.0,0.0,,0.0,0.0,
ElDivis,0.012122524082692931,0.0,0.0,,0.0,0.0,,0.0,0.0,
ElEspartanooo,0.039538714991762765,0.0,0.0,,0.0,0.0,,0.0,0.0,
ElTioPacifico,0.012122524082692931,0.0,0.0,,0.0,0.0,,0.0,0.0,
ElVital,0.4082094124398008,0.0,0.0,,0.0,0.0,,0.0,0.0,
El_Matador12,0.012122524082692931,0.0,0.0,,0.0,0.0,,0.0,0.0,
El_ultimo_Pablo,0.012122524082692931,0.0,0.0,,0.0,0.0,,0.0,0.0,
Elaisaz,0.012122524082692931,0.0,0.0,,0.0,0.0,,0.0,0.0,
Elbebiber,0.012122524082692931,0.0,0.0,,0.0,0.0,,0.0,0.0,
Elbek_Jumanov,0.012122524082692931,0.0,0.0,,0.0,0.0,,0.0,0.0,
ElefanteNegro,0.07577607058103095,0.0,0.0,,0.0,0.0,,0.0,0.0,
Elegance_Riks,0.012122524082692931,0.0,0.0,,0.0,0.0,,0.0,0.0,
ElenGajger,0.012122524082692931,0.0,0.0,,0.0,0.0,,0.0,0.0,
ElenaPershina,0.012122524082692931,0.0,0.0,,0.0,0.0,,0.0,0.0,
ElephantChessGenius,0.012122524082692931,0.0,0.0,,0.0,0.0,,0.0,0.0,
Elessar16,0.12088286400417474,0.0,0.0,,0.0,0.0,,0.0,0.0,
Eleyah,0.060956105701626996,0.0,0.0,,0.0,0.0,,0.0,0.0,
Elfangm2,0.012122524082692931,0.0,0.0,,0.0,0.0,,0.0,0.0,
ElijahLogozar,0.20083515452570141,0.0,0.0,,0.0,0.0,,0.0,0.0,
ElijahLogozarStudent,0.012122524082692931,0.0,0.0,,0.0,0.0,,0.0,0.0,
ElimChessKG,0.4259200476270852,0.0,0.0,,0.0,0.0,,0.0,0.0,
EliteChess0967,0.012122524082692931,0.0,0.0,,0.0,0.0,,0.0,0.0,
Eliteplayer3,0.012122524082692931,0.0,0.0,,0.0,0.0,,0.0,0.0,
Eliwood44,0.012122524082692931,0.0,0.0,,0.0,0.0,,0.0,0.0,
Ellaijio_B,0.012122524082692931,0.0,0.0,,0.0,0.0,,0.0,0.0,
ElliotAldersonTwitch,0.313288339270845,0.0,0.0,,0.0,0.0,,0.0,0.0,
Elnaz_Kaliakhmet,0.16893317038819602,0.0,0.0,,0.0,0.0,,0.0,0.0,
Eloist,0.4813705819820546,0.0,0.0,,0.0,0.0,,0.0,0.0,
EloquentSpeaker2010,0.012122524082692931,0.0,0.0,,0.0,0.0,,0.0,0.0,
Elprofessor21,0.0436352812792973,0.0,0.0,,0.0,0.0,,0.0,0.0,
Elsa167,0.012122524082692931,0.0,0.0,,0.0025929127052722557,3e-05,86.43042350907518,0.037165082108902334,0.00043,86.4304235090752
Elshan1985,0.012122524082692931,0.0,0.0,,0.0,0.0,,0.0,0.0,
Eltaj_Safarli,0.012122524082692931,0.01129032258064516,0.00014,80.64516129032258,0.09838709677419355,0.00122,80.64516129032259,0.2806451612903226,0.00348,80.64516129032258
Emeraldddd,0.012122524082692931,0.0,0.0,,0.0,0.0,,0.0,0.0,
EmilRisteski,0.012122524082692931,0.0,0.0,,0.0,0.0,,0.0,0.0,
Emily_Dawn,0.012122524082692931,0.0,0.0,,0.0,0.0,,0.0,0.0,
EmirhanTarlabasi,0.08282910617731572,0.0,0.0,,0.0,0.0,,0.0,0.0,
EmmaChess,0.012122524082692931,0.0,0.0,,0.0,0.0,,0.0,0.0,
Emon005,0.3092144827606241,0.0,0.0,,0.0,0.0,,0.0,0.0,
Emp3rador,0.012122524082692931,0.0,0.0,,0.0,0.0,,0.0,0.0,
En-Quosantt,0.012122524082692931,0.0,0.0,,0.0,0.0,,0.0,0.0,
EndGameDestroyer,0.845347267587971,0.0,0.0,,0.0,0.0,,0.0,0.0,
Engima32,0.012122524082692931,0.0,0.0,,0.0,0.0,,0.0,0.0,
EngineerSpock,0.012122524082692931,0.0,0.0,,0.0,0.0,,0.0,0.0,
Englishman_18,0.012122524082692931,0.0,0.0,,0.0,0.0,,0.0,0.0,
EnisMetin34,0.012122524082692931,0.0,0.0,,0.0,0.0,,0.0,0.0,
Enrica007,0.012122524082692931,0.0,0.0,,0.0,0.0,,0.0,0.0,
Enriquack,0.012122524082692931,0.0,0.0,,0.0,0.0,,0.0,0.0,
EnvigadoCity,0.012122524082692931,0.0,0.0,,0.0,0.0,,0.0,0.0,
EnzoFerrara,0.4636339821653031,0.0,0.0,,0.0,0.0,,0.0,0.0,
EphraimRosenstockOfficial,0.015965166908563134,0.0,0.0,,0.0,0.0,,0.0,0.0,
EpicPlayz282,0.012122524082692931,0.0,0.0,,0.0,0.0,,0.0,0.0,
EpicSwindler2010,0.13771306318386983,0.0,0.0,,0.0,0.0,,0.0,0.0,
EpicWarrior2015,0.012122524082692931,0.0,0.0,,0.0,0.0,,0.0,0.0,
Epica11,0.06689240071384228,0.0,0.0,,0.0,0.0,,0.0,0.0,
Er_is_geen_hoop_meer,0.012122524082692931,0.0,0.0,,0.0,0.0,,0.0,0.0,
Erdnya15,0.012122524082692931,0.0,0.0,,0.0,0.0,,0.000855431993156544,1e-05,85.54319931565439
Erebuni_is_back,0.012122524082692931,0.0016025641025641025,2e-05,80.12820512820512,0.026442307692307692,0.00033,80.12820512820512,0.057692307692307696,0.00072,80.12820512820512
ErenEYM11,0.09694061718644928,0.0,0.0,,0.0,0.0,,0.0,0.0,
Ergali_Suleimen,0.012122524082692931,0.0,0.0,,0.0,0.0,,0.004201680672268907,5e-05,84.03361344537814
Erik1971,0.012122524082692931,0.0,0.0,,0.0,0.0,,0.0,0.0,
ErikBlomqvist,0.012122524082692931,0.0,0.0,,0.0,0.0,,0.0,0.0,
ErikRonka,0.012122524082692931,0.0,0.0,,0.0,0.0,,0.0,0.0,
Ermito2020,0.012122524082692931,0.0,0.0,,0.0,0.0,,0.0,0.0,
ErtenKerem,0.012122524082692931,0.0,0.0,,0.0,0.0,,0.0,0.0,
Esa_2009,0.17463565879028062,0.0,0.0,,0.0,0.0,,0.0,0.0,
Escanor89,0.012122524082692931,0.0,0.0,,0.0,0.0,,0.0,0.0,
Escudito,0.3391561200033899,0.0,0.0,,0.0,0.0,,0.0,0.0,
EseVeisi,0.5743546603418661,0.0,0.0,,0.0,0.0,,0.0,0.0,
EsmeraldasAnderson03,0.1275394497629852,0.0,0.0,,0.0,0.0,,0.0,0.0,
EspinoSolano,0.012122524082692931,0.0,0.0,,0.0,0.0,,0.0,0.0,
Estrategia_vs_Tactica,0.012122524082692931,0.0,0.0,,0.0,0.0,,0.0,0.0,
EstudiandoAjedrezRD,0.012122524082692931,0.0,0.0,,0.0,0.0,,0.0,0.0,
EternalNight8,0.021541501976284586,0.0,0.0,,0.0,0.0,,0.0,0.0,
Eternauta2400,0.012122524082692931,0.0,0.0,,0.0,0.0,,0.0,0.0,
Etoilegeniale,0.012122524082692931,0.0,0.0,,0.0,0.0,,0.0,0.0,
Euge_chess,0.012122524082692931,0.0,0.0,,0.0,0.0,,0.0,0.0,
EugeneFurman,0.8353818616256232,0.0,0.0,,0.0,0.0,,0.0,0.0,
EugeneRougon,0.012122524082692931,0.0,0.0,,0.0,0.0,,0.0,0.0,
Europe03,0.012122524082692931,0.0,0.0,,0.0,0.0,,0.0,0.0,
Eusebius,0.012122524082692931,0.0,0.0,,0.0,0.0,,0.0,0.0,
Evan_Attaker,0.012122524082692931,0.0,0.0,,0.0,0.0,,0.0,0.0,
Evandro_Barbosa,0.012122524082692931,0.0,0.0,,0.0,0.0,,0.0,0.0,
Everyfishknows,0.012122524082692931,0.0,0.0,,0.0,0.0,,0.0,0.0,
Evgeny81,0.012122524082692931,0.0,0.0,,0.0,0.0,,0.00253592561284869,3e-05,84.53085376162299
EvgenyBurmakin,0.012122524082692931,0.0,0.0,,0.0,0.0,,0.0,0.0,
Evhen_Taranenko,0.012122524082692931,0.0,0.0,,0.0,0.0,,0.0,0.0,
EvilMorty23,0.012122524082692931,0.0,0.0,,0.0,0.0,,0.0,0.0,
ExceptionallyDubious,0.012122524082692931,0.0,0.0,,0.0,0.0,,0.0,0.0,
ExchangeAB,0.012122524082692931,0.0,0.0,,0.0,0.0,,0.0,0.0,
ExcitingTrap,0.026967340126187907,0.0,0.0,,0.0,0.0,,0.0,0.0,
Experience_Chess,0.012122524082692931,0.0,0.0,,0.0,0.0,,0.0049586776859504135,6e-05,82.64462809917356
Exploring_Chess,0.012122524082692931,0.0,0.0,,0.0,0.0,,0.0,0.0,
ExplosiveHamster228,0.012122524082692931,0.0,0.0,,0.0,0.0,,0.0,0.0,
ExtremeLearner,0.01329049218635899,0.0,0.0,,0.0,0.0,,0.0,0.0,
Ezov,0.012122524082692931,0.0,0.0,,0.0,0.0,,0.0,0.0,
F-Ghaith2021,0.012122524082692931,0.0,0.0,,0.0,0.0,,0.0,0.0,
F1-Herakles,0.012122524082692931,0.0,0.0,,0.0,0.0,,0.0,0.0,
F7m_08,0.012122524082692931,0.0,0.0,,0.0,0.0,,0.0,0.0,
FARIZA2018,0.4468764774486726,0.0,0.0,,0.0,0.0,,0.0,0.0,
FCM002,0.012122524082692931,0.0,0.0,,0.0,0.0,,0.0,0.0,
FERNANDEZL1983,0.012122524082692931,0.0,0.0,,0.0,0.0,,0.0,0.0,
FGHSMN,0.6539986473921554,0.010339824360442918,0.00677,1.5273004963726615,0.03967926689576174,0.02598,1.5273004963726613,0.09567010309278351,0.06264,1.5273004963726613
FLYD,0.012122524082692931,0.0,0.0,,0.0,0.0,,0.0,0.0,
FLamps8,0.012122524082692931,0.0,0.0,,0.0,0.0,,0.0,0.0,
FM-DavidsonR,0.012122524082692931,0.0,0.0,,0.0,0.0,,0.0,0.0,
FMCASTE,0.012122524082692931,0.0,0.0,,0.0,0.0,,0.0,0.0,
FMCarmona,0.012122524082692931,0.0,0.0,,0.0,0.0,,0.0,0.0,
FMJoseHerrera,0.012122524082692931,0.0,0.0,,0.0,0.0,,0.0,0.0,
FMOlexandrProhorov,0.012122524082692931,0.0,0.0,,0.0,0.0,,0.0,0.0,
FMStan15,0.012122524082692931,0.0,0.0,,0.0,0.0,,0.0,0.0,
FMVolodymyrSakun,0.19508605800868084,0.0,0.0,,0.0,0.0,,0.0,0.0,
FMYiLiu,0.012122524082692931,0.0,0.0,,0.0,0.0,,0.0,0.0,
FM_Crow_FGM,0.012122524082692931,0.0,0.0,,0.0,0.0,,0.0,0.0,
FM_Kappeler,0.012122524082692931,0.0,0.0,,0.0,0.0,,0.0,0.0,
FM_VS99,0.012122524082692931,0.0,0.0,,0.0,0.0,,0.0,0.0,
FMalexhdez,0.015965166908563134,0.0,0.0,,0.0,0.0,,0.0,0.0,
FMjchristie,0.012122524082692931,0.0,0.0,,0.0,0.0,,0.0,0.0,
FREDERICKtheMATE,0.3774813954066454,0.0,0.0,,0.0,0.0,,2.655971952936177e-05,1e-05,2.6559719529361767
FREZZY23,0.012122524082692931,0.0,0.0,,0.0,0.0,,0.0,0.0,
FUNNY_MAN1234,0.012122524082692931,0.0,0.0,,0.0,0.0,,0.0,0.0,
FXDon77,0.012122524082692931,0.0,0.0,,0.000877963125548727,1e-05,87.79631255487269,0.02633889376646181,0.0003,87.7963125548727
FabianoCaruana,0.5415466859068321,0.035384360075968506,0.01919,1.8438957830103444,0.16213375620009957,0.08793,1.8438957830103444,0.38976269061272656,0.21138,1.8438957830103442
FabinanaG,0.012122524082692931,0.0,0.0,,0.0,0.0,,0.0,0.0,
FadingMustard,0.012122524082692931,0.0,0.0,,0.0,0.0,,0.0,0.0,
FairChess_on_YouTube,0.0,0.0,0.0,,0.0,0.0,,0.0,0.0,
FajnaFokaofficial,0.012122524082692931,0.0,0.0,,0.0,0.0,,0.0,0.0,
Fan_Of_Chucky,0.012122524082692931,0.0,0.0,,0.0,0.0,,0.0,0.0,
FandiMazen,0.012122524082692931,0.0,0.0,,0.0,0.0,,0.0,0.0,
Fandorin779,0.012122524082692931,0.0,0.0,,0.0,0.0,,0.0,0.0,
Fandorine,0.05678963092150086,0.02942182689018132,0.00172,17.105713308244955,0.041224769072870336,0.00241,17.105713308244955,0.07612042422169005,0.00445,17.105713308244955
Fang3416,0.012122524082692931,0.0,0.0,,0.0,0.0,,0.0,0.0,
Fantastic_Power,0.012122524082692931,0.0,0.0,,0.0,0.0,,0.0,0.0,
Faridov2010,0.012122524082692931,0.0,0.0,,0.0,0.0,,0.0,0.0,
FastRocket2007,0.22868273244781798,0.0,0.0,,0.0,0.0,,0.0,0.0,
FaustinoOro,0.4044122330204075,0.002427785760293316,0.00098,2.4773324084625674,0.015309914284298667,0.00618,2.4773324084625674,0.09488183124411634,0.0383,2.4773324084625674
Fawolizzo,0.012122524082692931,0.0,0.0,,0.0,0.0,,0.0,0.0,
Fdpo95,0.012122524082692931,0.0,0.0,,0.0,0.0,,0.0,0.0,
FearlessFighter007,0.01329049218635899,0.0,0.0,,0.0,0.0,,0.0,0.0,
Fearless_Fighter_2800,0.07856197223888861,0.0,0.0,,0.0,0.0,,0.0,0.0,
FedaMaster,0.012122524082692931,0.0,0.0,,0.0,0.0,,0.0,0.0,
Fedor_AntipovSPB,0.16733859926132147,0.0,0.0,,0.0,0.0,,0.0,0.0,
Fedoseev-Vladimir,0.325139465910019,0.0002764722145424385,9e-05,3.071913494915983,0.011673271280680736,0.0038,3.071913494915983,0.2510674899394833,0.08173,3.071913494915983
Feegus,0.021541501976284586,0.0,0.0,,0.0,0.0,,0.0,0.0,
FeketeBarika,0.012122524082692931,0.0,0.0,,0.0,0.0,,0.0,0.0,
Felix-Rose,0.012122524082692931,0.0,0.0,,0.0,0.0,,0.0,0.0,
FelixBlohberger,0.012122524082692931,0.0,0.0,,0.0,0.0,,0.0,0.0,
Felixto2010,0.012122524082692931,0.0,0.0,,0.0,0.0,,0.0,0.0,
Fengwi,0.012122524082692931,0.0,0.0,,0.0,0.0,,0.0,0.0,
FerAsensio2024,0.012122524082692931,0.0,0.0,,0.0,0.0,,0.0,0.0,
Ferenc83,0.012122524082692931,0.0,0.0,,0.0,0.0,,0.0,0.0,
FernandoArauzAlonso,0.012122524082692931,0.0,0.0,,0.0,0.0,,0.0,0.0,
Fernando_Offermann,0.012122524082692931,0.0,0.0,,0.0,0.0,,0.0,0.0,
Ferreret64,0.1283584518978162,0.0,0.0,,0.0,0.0,,0.0,0.0,
Fettucinii,0.012122524082692931,0.0,0.0,,0.0,0.0,,0.0,0.0,
Fh2411,0.8113007149085006,0.0,0.0,,0.0,0.0,,0.0,0.0,
Fighterman91,0.012122524082692931,0.0,0.0,,0.0,0.0,,0.0,0.0,
FightingDragon84,0.012122524082692931,0.0,0.0,,0.0,0.0,,0.0,0.0,
FilipKlim,0.17498154425318366,0.0,0.0,,0.0,0.0,,0.0,0.0,
Filipets,0.012122524082692931,0.0,0.0,,0.0,0.0,,0.0,0.0,
Finejupiter,0.012122524082692931,0.0,0.0,,0.0,0.0,,0.0,0.0,
Fins0905,0.01329049218635899,0.0,0.0,,0.0,0.0,,0.0014925373134328358,2e-05,74.62686567164178
Firegrizzly,0.012122524082692931,0.0,0.0,,0.0,0.0,,0.0,0.0,
Firouzja2003,0.0,0.0,0.0,,0.0,0.0,,0.0,0.0,
FischerBobbyJames,0.32815497904069263,0.0,0.0,,0.0,0.0,,0.0,0.0,
FischerKasparow,0.012122524082692931,0.0,0.0,,0.0,0.0,,0.0,0.0,
Fischerev7,0.012122524082692931,0.0,0.0,,0.0,0.0,,0.0,0.0,
Fisher_TheGalactic,0.012122524082692931,0.0,0.0,,0.0,0.0,,0.0,0.0,
Fivetrick,0.012122524082692931,0.0,0.0,,0.0,0.0,,0.0,0.0,
Fjal,0.22400838066678508,0.0,0.0,,0.0,0.0,,0.0,0.0,
Flaccidmoves,0.012122524082692931,0.0,0.0,,0.0,0.0,,0.0,0.0,
Flameboard08,0.012122524082692931,0.0,0.0,,0.0,0.0,,0.0,0.0,
Flaming_Flare,0.012122524082692931,0.0,0.0,,0.0,0.0,,0.0,0.0,
FlashingDragon,0.012122524082692931,0.0,0.0,,0.0,0.0,,0.0,0.0,
Flawless_Fighter,0.5501655799571643,0.0,0.0,,0.0,0.0,,0.0,0.0,
Fleetw00dMac,0.012122524082692931,0.0,0.0,,0.0,0.0,,0.0,0.0,
FlemingA,0.012122524082692931,0.0,0.0,,0.0,0.0,,0.0,0.0,
FleursBouquet,0.012122524082692931,0.0,0.0,,0.0,0.0,,0.0,0.0,
FloMasterAAK,0.012122524082692931,0.0,0.0,,0.0,0.0,,0.0,0.0,
Flopezin,0.012122524082692931,0.0,0.0,,0.0,0.0,,0.0,0.0,
Flora,0.012122524082692931,0.0,0.0,,0.0,0.0,,0.0,0.0,
FlorentinS2011,0.32026617991007744,0.0,0.0,,0.0,0.0,,0.0,0.0,
FoggyMorning,0.11186084753225213,0.0,0.0,,0.0,0.0,,0.0,0.0,
FollowRivers,0.07179142115375982,0.0,0.0,,0.0,0.0,,0.0,0.0,
Fomkin_Dmitry,0.012122524082692931,0.0,0.0,,0.0,0.0,,0.0,0.0,
Fonsofan,0.012122524082692931,0.0,0.0,,0.0,0.0,,0.0032,4e-05,80.0
FontVella8,0.012122524082692931,0.0,0.0,,0.0,0.0,,0.0,0.0,
Fore_Man,0.012122524082692931,0.0,0.0,,0.0,0.0,,0.0,0.0,
Forge13,0.012122524082692931,0.0,0.0,,0.0,0.0,,0.0,0.0,
FormerProdigy,0.13652591103171102,0.00014684287812041116,2e-05,7.342143906020557,0.0025697503671071953,0.00035,7.342143906020558,0.024375917767988253,0.00332,7.342143906020558
Fortitudine,0.012122524082692931,0.0,0.0,,0.0,0.0,,0.0,0.0,
ForyFo,0.012122524082692931,0.0,0.0,,0.0,0.0,,0.0,0.0,
FoxOnTheRun97,0.06864187313701418,0.0,0.0,,0.0,0.0,,0.0,0.0,
Fractingale,0.012122524082692931,0.0,0.0,,0.0,0.0,,0.0,0.0,
Fradi82,0.012122524082692931,0.0,0.0,,0.0,0.0,,0.0,0.0,
Fraler15,0.012122524082692931,0.0,0.0,,0.0,0.0,,0.0,0.0,
Francesatop,0.08263968402712314,0.0,0.0,,0.0,0.0,,0.0,0.0,
FrancescoLS,0.012122524082692931,0.0,0.0,,0.0,0.0,,0.0,0.0,
Francesco_Bernoulli,0.012122524082692931,0.0,0.0,,0.0,0.0,,0.0,0.0,
Francisco_Ferrari,0.012122524082692931,0.0,0.0,,0.0,0.0,,0.0,0.0,
FrankDux44,0.012122524082692931,0.0,0.0,,0.0,0.0,,0.0,0.0,
Frankie_Badacsonyi,0.012122524082692931,0.0,0.0,,0.0,0.0,,0.0,0.0,
FranklinAPalomo,0.012122524082692931,0.0,0.0,,0.0,0.0,,0.0,0.0,
Franmu14,0.012122524082692931,0.0,0.0,,0.0,0.0,,0.0,0.0,
Fravatel,0.012122524082692931,0.0,0.0,,0.0,0.0,,0.0,0.0,
FredddieCroderg,0.012122524082692931,0.0,0.0,,0.0,0.0,,0.0,0.0,
FredyMatsuura,0.012122524082692931,0.0,0.0,,0.0,0.0,,0.0,0.0,
Freecs56,0.012122524082692931,0.0,0.0,,0.0,0.0,,0.0,0.0,
Freeeeeeeeeeeeeeeeee,0.13651196393518975,0.0,0.0,,0.0,0.0,,0.0,0.0,
Freefresh,0.012122524082692931,0.0,0.0,,0.0,0.0,,0.0,0.0,
FrenchHarvey,0.012122524082692931,0.0,0.0,,0.0,0.0,,0.0,0.0,
FrenchMonster2002,0.012122524082692931,0.0,0.0,,0.0,0.0,,0.0,0.0,
FrenchPlayer2203,0.012122524082692931,0.0,0.0,,0.0,0.0,,0.0,0.0,
FrigidusSinapis,0.012122524082692931,0.0,0.0,,0.0,0.0,,0.0,0.0,
Fritz1K,0.012122524082692931,0.0,0.0,,0.0,0.0,,0.0,0.0,
Frogo47,0.012122524082692931,0.0,0.0,,0.0,0.0,,0.0,0.0,
Frolyanov_D,0.012122524082692931,0.0,0.0,,0.0,0.0,,0.0,0.0,
FuenfgegenWilly,0.012122524082692931,0.0,0.0,,0.0,0.0,,0.0,0.0,
Fumitoks,0.012122524082692931,0.0,0.0,,0.0,0.0,,0.0,0.0,
FunnyDuck66,0.012122524082692931,0.0,0.0,,0.0,0.0,,0.0,0.0,
Fusikk,0.16798241338008607,0.0,0.0,,5.954507562224604e-05,1e-05,5.954507562224603,0.001488626890556151,0.00025,5.954507562224604
FutureRise,0.10841269768716359,0.0,0.0,,0.0,0.0,,0.0,0.0,
Fuzesabonyilaci,0.012122524082692931,0.0,0.0,,0.0,0.0,,0.0,0.0,
Fy_Rakotomaharo,0.09281520120039378,0.0,0.0,,0.0,0.0,,0.0,0.0,
G-KAMILO,0.012122524082692931,0.0,0.0,,0.0,0.0,,0.0,0.0,
G10De_Arrascaeta,0.01329049218635899,0.0,0.0,,0.0,0.0,,0.0,0.0,
GABUZYAN_CHESSMOOD,0.012122524082692931,0.0,0.0,,0.0008071025020177562,1e-05,80.71025020177562,0.06941081517352704,0.00086,80.71025020177564
GAO,0.184167629664651,0.0,0.0,,0.0,0.0,,0.0,0.0,
GAZZAN_3000,0.012122524082692931,0.0,0.0,,0.0,0.0,,0.0,0.0,
GAusal,0.039538714991762765,0.0,0.0,,0.0,0.0,,0.0,0.0,
GCamachoMartinez,0.01329049218635899,0.0,0.0,,0.0,0.0,,0.0,0.0,
GGmiszczu,0.012122524082692931,0.0,0.0,,0.0,0.0,,0.0,0.0,
GGuseinov,0.012122524082692931,0.0008375209380234506,1e-05,83.75209380234506,0.0041876046901172526,5e-05,83.75209380234504,0.005025125628140704,6e-05,83.75209380234506
GHANDEEVAM2003,0.0,0.0,0.0,,0.0,0.0,,0.0,0.0,
GKARU,0.012122524082692931,0.0,0.0,,0.0,0.0,,0.0,0.0,
GM-2023,0.012122524082692931,0.0,0.0,,0.0,0.0,,0.0,0.0,
GM-2024-GM,0.012122524082692931,0.0,0.0,,0.0,0.0,,0.0,0.0,
GM-MamaPenny,0.012122524082692931,0.0,0.0,,0.0,0.0,,0.0,0.0,
GM4life,0.021541501976284586,0.0,0.0,,0.0,0.0,,0.0,0.0,
GMAkobianSTL,0.0446927374301676,0.0,0.0,,0.0006561679790026247,3e-05,21.872265966754156,0.013123359580052493,0.0006,21.872265966754156
GMAneta,0.012122524082692931,0.0,0.0,,0.0,0.0,,0.0,0.0,
GMBenjaminBok,0.7362416147034481,0.00584478105802742,0.00431,1.3560976932778237,0.025142051233370852,0.01854,1.3560976932778237,0.0914145455038581,0.06741,1.3560976932778237
GMBenjaminFinegold,0.012122524082692931,0.0,0.0,,0.0,0.0,,0.0,0.0,
GMCarbone,0.012122524082692931,0.0,0.0,,0.0,0.0,,0.0,0.0,
GMChessrob,0.012122524082692931,0.0,0.0,,0.0,0.0,,0.0,0.0,
GMFYHR1,0.012122524082692931,0.0,0.0,,0.0,0.0,,0.0,0.0,
GMForgacs,0.012122524082692931,0.0,0.0,,0.0,0.0,,0.0,0.0,
GMG,0.1110971982338309,0.0,0.0,,0.0001786033220217896,2e-05,8.93016610108948,0.0010716199321307376,0.00012,8.93016610108948
GMGrandFa,0.012122524082692931,0.0,0.0,,0.0,0.0,,0.0,0.0,
GMHess,0.012122524082692931,0.0,0.0,,0.0,0.0,,0.012934518997574777,0.00016,80.84074373484235
GMJustin,0.012122524082692931,0.0,0.0,,0.0,0.0,,0.0,0.0,
GMJustin5,0.012122524082692931,0.0,0.0,,0.0,0.0,,0.0,0.0,
GMKrikor,0.6023188352698613,0.0,0.0,,0.0,0.0,,0.0004160772239327619,0.00025,1.6643088957310477
GMMatamoros,0.012122524082692931,0.0,0.0,,0.0,0.0,,0.0,0.0,
GMMelik,0.012122524082692931,0.0,0.0,,0.0,0.0,,0.0,0.0,
GMMikhailKazakov,0.012122524082692931,0.0,0.0,,0.0,0.0,,0.0,0.0,
GMNeiksans,0.012122524082692931,0.0,0.0,,0.0,0.0,,0.0030959752321981426,4e-05,77.39938080495355
GMR7525,0.5648561816495128,0.0,0.0,,0.0,0.0,,0.0,0.0,
GMRafpig,0.012122524082692931,0.0,0.0,,0.0,0.0,,0.0,0.0,
GMShoti,0.055380397721582854,0.0,0.0,,0.0,0.0,,0.0,0.0,
GMSrinath,0.15593293900082003,0.0,0.0,,0.0,0.0,,0.0,0.0,
GMT4114,0.012122524082692931,0.0,0.0,,0.0,0.0,,0.0,0.0,
GMTalks_Youtube,0.012122524082692931,0.0,0.0,,0.0,0.0,,0.0,0.0,
GMVignirVatnar,0.012122524082692931,0.0,0.0,,0.0,0.0,,0.014107883817427386,0.00017,82.9875518672199
GMWSO,0.5106789853414347,0.022945821280587912,0.01174,1.954499257290282,0.09139238527089359,0.04676,1.954499257290282,0.2493159252599484,0.12756,1.954499257290282
GMZaven,0.012122524082692931,0.0,0.0,,0.0,0.0,,0.0,0.0,
GM_Crest,0.012122524082692931,0.0,0.0,,0.0,0.0,,0.0,0.0,
GM_Huschenbeth,0.08090725290683343,0.0,0.0,,0.0,0.0,,0.0,0.0,
GM_LOADING,0.012122524082692931,0.0,0.0,,0.0,0.0,,0.0,0.0,
GM_RobertoMogranzini,0.012122524082692931,0.0,0.0,,0.0,0.0,,0.0,0.0,
GM_Schlaechter,0.012122524082692931,0.0,0.0,,0.0,0.0,,0.0,0.0,
GM_dmitrij,0.42323951088107503,0.0020904599011782594,0.00088,2.375522614975295,0.011497529456480426,0.00484,2.375522614975295,0.04508741923223109,0.01898,2.3755226149752944
GM_path,0.2776020941604667,0.0,0.0,,0.0,0.0,,0.0,0.0,
GM_shahin,0.08016844821792603,0.0,0.0,,0.0,0.0,,0.0,0.0,
GMaka,0.06695390400238835,0.0,0.0,,0.0,0.0,,0.0,0.0,
GMdj77,0.04448055697795482,0.0,0.0,,0.0,0.0,,0.0,0.0,
GMharikrishna,0.012122524082692931,0.006644518272425249,8e-05,83.05647840531562,0.0606312292358804,0.00073,83.05647840531562,0.08803986710963455,0.00106,83.05647840531562
GMthekingindian,0.012122524082692931,0.0,0.0,,0.0,0.0,,0.0,0.0,
GOGIEFF,0.17746159563622335,0.017955645615220082,0.00319,5.628729032984352,0.04154002026342452,0.00738,5.628729032984352,0.11983564111223685,0.02129,5.628729032984352
GORA2012,0.16721072312678503,0.0,0.0,,0.0,0.0,,0.0,0.0,
GOTY09,0.11368140548711773,0.0,0.0,,0.0,0.0,,0.0,0.0,
GP9isback23,0.012122524082692931,0.0,0.0,,0.0,0.0,,0.0,0.0,
GUST_b,0.012122524082692931,0.0,0.0,,0.0,0.0,,0.0,0.0,
GWR2024,0.012122524082692931,0.0,0.0,,0.0,0.0,,0.0,0.0,
Ga_R,0.5002675995197144,0.0,0.0,,5.988621618924044e-05,3e-05,1.9962072063080147,0.011178760355324883,0.0056,1.996207206308015
GaalZsoka,0.02238462481710942,0.0,0.0,,0.0,0.0,,0.0,0.0,
Gabcur,0.11071145464902737,0.0,0.0,,0.0,0.0,,0.0,0.0,
Gabix_94,0.012122524082692931,0.0,0.0,,0.0,0.0,,0.0,0.0,
GabrielCarckeno,0.25147987424321094,0.0,0.0,,0.0,0.0,,0.0,0.0,
Gabrielian_Artur,0.10796888875008524,0.0,0.0,,0.0,0.0,,0.0,0.0,
Gachatur09,0.012122524082692931,0.0,0.0,,0.0,0.0,,0.0,0.0,
GadimbayliA,0.012122524082692931,0.0,0.0,,0.0,0.0,,0.01597444089456869,0.0002,79.87220447284345
GainfulDot,0.012122524082692931,0.0,0.0,,0.0,0.0,,0.0,0.0,
GaiozNigalidze,0.012122524082692931,0.0,0.0,,0.0,0.0,,0.0,0.0,
Gakov06,0.012122524082692931,0.0,0.0,,0.0,0.0,,0.0,0.0,
GalaxyRoman,0.012122524082692931,0.0,0.0,,0.0,0.0,,0.0,0.0,
GalaxySearcher,0.5537246003978806,0.0,0.0,,0.0,0.0,,0.0,0.0,
Galileo22,0.012122524082692931,0.0,0.0,,0.0,0.0,,0.0,0.0,
GalperinPlaton,0.012122524082692931,0.06694214876033058,0.00081,82.64462809917356,0.15867768595041323,0.00192,82.64462809917356,0.17520661157024794,0.00212,82.64462809917356
GamayevOleg,0.012122524082692931,0.0,0.0,,0.0,0.0,,0.0,0.0,
GambitGiesbergen,0.5441869365036832,0.0,0.0,,0.0,0.0,,0.0,0.0,
GameOverBro,0.3419456719287703,0.0,0.0,,0.0,0.0,,0.0,0.0,
Gameking51,0.01329049218635899,0.0,0.0,,0.0,0.0,,0.0,0.0,
Gamer_boy101,0.24570781793409213,0.0,0.0,,0.0,0.0,,0.0,0.0,
GanarDespacito,0.012122524082692931,0.0,0.0,,0.0,0.0,,0.0,0.0,
Ganec4,0.03206997084548104,0.0,0.0,,0.0,0.0,,0.0,0.0,
Gangster-accountant01,0.015669149755972257,0.0,0.0,,0.0,0.0,,0.0,0.0,
Gangsterrito,0.14648722335914974,0.0,0.0,,0.0,0.0,,0.0,0.0,
Ganiev_Artur11,0.4688090558555026,0.0,0.0,,0.0,0.0,,0.0,0.0,
Gannibal53,0.012122524082692931,0.0,0.0,,0.0,0.0,,0.0,0.0,
Ganziitoo,0.012122524082692931,0.0,0.0,,0.0,0.0,,0.0,0.0,
GarayevKanan,0.012122524082692931,0.0,0.0,,0.0,0.0,,0.0,0.0,
Gareth-Bale11,0.5121019125068537,0.006257088107621916,0.0032,1.9553400336318485,0.011223651793046812,0.00574,1.9553400336318487,0.037874936451448904,0.01937,1.9553400336318485
Garmendiarov,0.012122524082692931,0.0,0.0,,0.0,0.0,,0.0,0.0,
GarnikN,0.18324133135132792,0.0,0.0,,0.0,0.0,,0.0,0.0,
GasconJR,0.012122524082692931,0.0,0.0,,0.0,0.0,,0.0,0.0,
GasparAsprelliok,0.02386237513873474,0.0,0.0,,0.0,0.0,,0.0,0.0,
GatoRojo150,0.012122524082692931,0.0,0.0,,0.0,0.0,,0.0,0.0,
GatorCity,0.012122524082692931,0.0,0.0,,0.0,0.0,,0.0,0.0,
Gauravthegm,0.012122524082692931,0.0,0.0,,0.0,0.0,,0.0,0.0,
GelmanAlexander,0.8350815314798441,0.0,0.0,,0.0,0.0,,0.0,0.0,
GeloBall98,0.015669149755972257,0.0,0.0,,0.0,0.0,,0.0,0.0,
Gen-Gutman,0.5926049908133797,0.0,0.0,,0.0,0.0,,0.0,0.0,
GeneralZod,0.57104791171875,0.0,0.0,,0.0,0.0,,0.0,0.0,
Genghis_K,0.01329049218635899,0.002257336343115124,3e-05,75.24454477050413,0.004514672686230248,6e-05,75.24454477050413,0.020316027088036117,0.00027,75.24454477050413
GenivanTruthfulPrince,0.15018230066502425,0.0,0.0,,0.0,0.0,,0.0,0.0,
Gennady_Kozlov,0.11376428481561311,0.0,0.0,,0.0,0.0,,0.0,0.0,
GensUnaSumus,0.012122524082692931,0.0,0.0,,0.0,0.0,,0.0,0.0,
Gentlejimmy7,0.012122524082692931,0.0,0.0,,0.0,0.0,,0.0,0.0,
GeorgMeier,0.15006819967511054,0.0,0.0,,0.0005997600959616154,9e-05,6.6640010662401705,0.04451552712248434,0.00668,6.6640010662401705
GeorgiosSouleidis,0.9984255660901167,0.0,0.0,,0.0,0.0,,0.0,0.0,
Gerasimenyuk_Miha,0.012122524082692931,0.0,0.0,,0.0,0.0,,0.0,0.0,
Geremyx,0.012122524082692931,0.0,0.0,,0.0,0.0,,0.0,0.0,
Gergo85,0.012122524082692931,0.0,0.0,,0.0,0.0,,0.0,0.0,
German_Bazeev,0.012122524082692931,0.0,0.0,,0.002514668901927913,3e-05,83.82229673093043,0.026823134953897737,0.00032,83.82229673093042
Germanovs_Georgijs,0.7053076197557121,0.0,0.0,,0.0,0.0,,0.0005536941336816401,0.00039,1.4197285479016413
Gerodot71,0.012122524082692931,0.0,0.0,,0.0,0.0,,0.0,0.0,
Geroinia,0.0546438481866877,0.0,0.0,,0.0,0.0,,0.0,0.0,
Gertsog,0.012122524082692931,0.0,0.0,,0.0,0.0,,0.0,0.0,
GianmarcoVaR,0.012122524082692931,0.0,0.0,,0.0,0.0,,0.0,0.0,
Gianmarco_es,0.3606927877778776,0.0,0.0,,0.0,0.0,,0.002772771384999307,0.001,2.7727713849993068
Giannos_barbagiannos,0.3687874994618278,0.0,0.0,,0.0,0.0,,0.0,0.0,
Giantgoogachess,0.05662556329964035,0.0,0.0,,0.0,0.0,,0.0,0.0,
GiftedThing,0.012122524082692931,0.0,0.0,,0.0,0.0,,0.0,0.0,
GilbertoHernandezAmura,0.012122524082692931,0.0,0.0,,0.0,0.0,,0.0,0.0,
Ginger_GM,0.8934753567560686,0.0,0.0,,0.0,0.0,,0.00015685571515002128,0.00014,1.1203979653572949
Ginzburg_Yakov,0.012122524082692931,0.0,0.0,,0.0,0.0,,0.0,0.0,
Giorgi-Sibashvili,0.012122524082692931,0.0,0.0,,0.0,0.0,,0.0,0.0,
GiorgianBarbosa,0.012122524082692931,0.0,0.0,,0.0,0.0,,0.0,0.0,
Giorno,0.012122524082692931,0.0,0.0,,0.0,0.0,,0.0,0.0,
Glaive_64,0.012122524082692931,0.0,0.0,,0.0,0.0,,0.0,0.0,
GlavkonVVS,0.012122524082692931,0.0,0.0,,0.0,0.0,,0.0,0.0,
Glek_Igor,0.012122524082692931,0.0,0.0,,0.0,0.0,,0.0,0.0,
GlennTipton,0.012122524082692931,0.0,0.0,,0.0,0.0,,0.0,0.0,
Glezcanow,0.012122524082692931,0.0,0.0,,0.0,0.0,,0.0,0.0,
Glidzhian_Gor,0.012122524082692931,0.0,0.0,,0.0,0.0,,0.0,0.0,
Glkllkllk,0.4598041617187501,0.0,0.0,,0.0,0.0,,0.0,0.0,
GmSergioBarrientos,0.012122524082692931,0.0,0.0,,0.0,0.0,,0.0,0.0,
Gmedmundo,0.012122524082692931,0.0,0.0,,0.0,0.0,,0.0,0.0,
Gmgunsal,0.24231382885145578,0.0,0.0,,0.0,0.0,,0.0,0.0,
Gnechko_Ruslan,0.012122524082692931,0.0,0.0,,0.0,0.0,,0.0,0.0,
GoValya,0.012122524082692931,0.0,0.0,,0.0,0.0,,0.0,0.0,
GobiQuanvo,0.0446927374301676,0.0,0.0,,0.0,0.0,,0.0,0.0,
Gobra55,0.012122524082692931,0.0,0.0,,0.0,0.0,,0.0,0.0,
GodDMuhammad,0.012122524082692931,0.0,0.0,,0.0,0.0,,0.0,0.0,
God_speedmove,0.6145498151249479,0.0,0.0,,0.0,0.0,,0.0,0.0,
GodzillaChessYoutube,0.012122524082692931,0.0,0.0,,0.0,0.0,,0.0,0.0,
Godzillator,0.31132107673428394,0.0,0.0,,0.0,0.0,,0.0,0.0,
Goffredo_Fofi,0.039538714991762765,0.0,0.0,,0.0,0.0,,0.0,0.0,
Gogogogogogogogo5,0.012122524082692931,0.0,0.0,,0.0,0.0,,0.0,0.0,
Gogolev_Artemy,0.2952722892065078,0.0,0.0,,0.0,0.0,,0.0,0.0,
Goi_Manne,0.012122524082692931,0.0,0.0,,0.0,0.0,,0.0,0.0,
Gold_Ocean,0.012122524082692931,0.0,0.0,,0.0,0.0,,0.0,0.0,
GoldenShare,0.012122524082692931,0.0,0.0,,0.0,0.0,,0.0,0.0,
Golden_Kn1ght,0.026400515132002575,0.0,0.0,,0.0,0.0,,0.0,0.0,
GolfBeforeChess,0.012122524082692931,0.0,0.0,,0.0,0.0,,0.0,0.0,
GoltsevDmitry2000,0.012122524082692931,0.0,0.0,,0.0,0.0,,0.006309148264984227,8e-05,78.86435331230282
Golubovsky,0.012122524082692931,0.0,0.0,,0.0,0.0,,0.0,0.0,
GoodOIdBell,0.012122524082692931,0.0,0.0,,0.0,0.0,,0.0,0.0,
GoodOldBell,0.07027197644233218,0.0,0.0,,0.0,0.0,,0.0,0.0,
Good_Knight_Kiss,0.012122524082692931,0.0,0.0,,0.0,0.0,,0.0,0.0,
Gora2812,0.04360812425328554,0.0,0.0,,0.0,0.0,,0.0,0.0,
Goran_Vajic,0.012122524082692931,0.0,0.0,,0.0,0.0,,0.0,0.0,
Gordima,0.44592069810182305,0.0,0.0,,2.2428061991163345e-05,1e-05,2.2428061991163344,0.0011438311615493304,0.00051,2.242806199116334
Goryachkina,0.012122524082692931,0.0,0.0,,0.0,0.0,,0.0,0.0,
GotCheeseCheckers,0.012122524082692931,0.0,0.0,,0.0,0.0,,0.0,0.0,
GothamChess,0.012122524082692931,0.0,0.0,,0.0,0.0,,0.0,0.0,
Goughfather,0.012122524082692931,0.0,0.0,,0.0,0.0,,0.0,0.0,
GradualismUnleashed,0.012122524082692931,0.0,0.0,,0.0,0.0,,0.0,0.0,
Grammnik,0.012122524082692931,0.0,0.0,,0.0,0.0,,0.0,0.0,
Granatomet552,0.026400515132002575,0.0,0.0,,0.0,0.0,,0.0,0.0,
Grande_Strategia,0.012122524082692931,0.0,0.0,,0.0,0.0,,0.0,0.0,
Grandelicious,0.4214172792910934,0.0035454242611716556,0.00149,2.379479369913863,0.03800028553752439,0.01597,2.3794793699138626,0.15499928615618902,0.06514,2.3794793699138626
Grandmaster1369,0.012122524082692931,0.0,0.0,,0.0,0.0,,0.0,0.0,
Grandmaster2B,0.012122524082692931,0.0,0.0,,0.0,0.0,,0.0,0.0,
Grant06,0.012122524082692931,0.0,0.0,,0.0,0.0,,0.0,0.0,
Gravity_Chess,0.38463999298769824,0.0,0.0,,0.0,0.0,,2.5960539979231568e-05,1e-05,2.5960539979231565
Gray_3024,0.72941417623786,0.0,0.0,,0.0,0.0,,0.0,0.0,
GreatOwl02,0.012122524082692931,0.0,0.0,,0.0,0.0,,0.0,0.0,
Grebeniuk-S,0.012122524082692931,0.0,0.0,,0.0,0.0,,0.0,0.0,
Grebnev_A,0.012122524082692931,0.0,0.0,,0.0,0.0,,0.0,0.0,
Grecescu,0.012122524082692931,0.0,0.0,,0.0,0.0,,0.0,0.0,
GreenPeach24,0.012122524082692931,0.0,0.0,,0.0,0.0,,0.0,0.0,
GreenViper2025,0.012122524082692931,0.0,0.0,,0.0,0.0,,0.0,0.0,
GregLeBarbare,0.012122524082692931,0.0,0.0,,0.0,0.0,,0.0,0.0,
Greguer,0.012122524082692931,0.0,0.0,,0.0,0.0,,0.0,0.0,
Grieve72,0.25075873914323127,0.0,0.0,,0.0,0.0,,0.0,0.0,
GriffinMac,0.012122524082692931,0.0,0.0,,0.0,0.0,,0.0,0.0,
Grifo2003,0.012122524082692931,0.0,0.0,,0.0,0.0,,0.0,0.0,
GrigorDilanyan,0.012122524082692931,0.0,0.0,,0.0,0.0,,0.0,0.0,
GrigorGrigorov,0.012122524082692931,0.0,0.0,,0.0,0.0,,0.0,0.0,
Grillojuancruz,0.012122524082692931,0.0,0.0,,0.0,0.0,,0.0,0.0,
Grind2Glory,0.012122524082692931,0.0,0.0,,0.0,0.0,,0.0,0.0,
Grindaveci,0.012122524082692931,0.0,0.0,,0.0,0.0,,0.0,0.0,
Grischuk,0.6301697464475708,0.010312713195513176,0.0065,1.586571260848181,0.04655000079328563,0.02934,1.586571260848181,0.20753938663155055,0.13081,1.5865712608481808
Grishap06,0.04360812425328554,0.0,0.0,,0.0,0.0,,0.0,0.0,
GroovyKettle,0.012122524082692931,0.0,0.0,,0.0,0.0,,0.011627906976744186,0.00014,83.05647840531562
Grossboss19,0.012122524082692931,0.0,0.0,,0.0,0.0,,0.0,0.0,
GrotBchess,0.6096008092895377,0.0,0.0,,0.0,0.0,,0.0,0.0,
Grukjr,0.012122524082692931,0.0,0.0,,0.0,0.0,,0.0,0.0,
GrumbleBruno,0.012122524082692931,0.0,0.0,,0.0,0.0,,0.0,0.0,
Gryffindorac8,0.586939800535274,0.0,0.0,,0.0,0.0,,0.0,0.0,
Gudmundur_Kjartansson,0.012122524082692931,0.0,0.0,,0.0,0.0,,0.0,0.0,
Guillaumeg63,0.3188173086529185,0.0,0.0,,0.0,0.0,,0.0,0.0,
GukeshDommaraju,0.012122524082692931,0.0554675118858954,0.0007,79.23930269413628,0.26465927099841524,0.00334,79.2393026941363,0.40729001584786056,0.00514,79.2393026941363
GulamaliRises,0.012122524082692931,0.0,0.0,,0.0,0.0,,0.0,0.0,
Gulbirra9,0.012122524082692931,0.0,0.0,,0.0,0.0,,0.0,0.0,
Guldona_2007,0.012122524082692931,0.0,0.0,,0.0,0.0,,0.0,0.0,
GulenayAydin,0.012122524082692931,0.0,0.0,,0.0,0.0,,0.0,0.0,
Guliev_Gasan,0.06276303999686633,0.0,0.0,,0.0,0.0,,0.0,0.0,
Gumugama,0.012122524082692931,0.0,0.0,,0.0,0.0,,0.0,0.0,
Gunner214,0.05583552070280021,0.0,0.0,,0.0,0.0,,0.0,0.0,
Guriempire,0.012122524082692931,0.0,0.0,,0.0,0.0,,0.0,0.0,
Gurvich_Vitaly,0.012122524082692931,0.0,0.0,,0.0,0.0,,0.0,0.0,
GustavoAOliveira,0.012122524082692931,0.0,0.0,,0.0,0.0,,0.0,0.0,
GuyTaf,0.012122524082692931,0.0,0.0,,0.0,0.0,,0.0,0.0,
Guzikov_Daniil,0.4232276296209017,0.0,0.0,,0.0,0.0,,0.0,0.0,
Guzman70,0.012122524082692931,0.0,0.0,,0.0,0.0,,0.0,0.0,
Gyulamiryan-koryun,0.012122524082692931,0.0,0.0,,0.0,0.0,,0.0,0.0,
GyurjinyanValter,0.08557429388331193,0.0,0.0,,0.0,0.0,,0.0,0.0,
Gzucaritas,0.012122524082692931,0.0,0.0,,0.0,0.0,,0.0,0.0,
H3nriqueTV,0.012122524082692931,0.0,0.0,,0.0,0.0,,0.0,0.0,
H7DJK,0.012122524082692931,0.0,0.0,,0.0,0.0,,0.0,0.0,
HAMOOD-ALBUSAIDI,0.01329049218635899,0.0,0.0,,0.0,0.0,,0.0,0.0,
HATilay,0.012122524082692931,0.0,0.0,,0.0,0.0,,0.0,0.0,
HElissalt,0.012122524082692931,0.0,0.0,,0.0,0.0,,0.0,0.0,
HOANGCANHHUAN,0.012122524082692931,0.0,0.0,,0.0,0.0,,0.0,0.0,
HPanesso,0.012122524082692931,0.0,0.0,,0.0,0.0,,0.0,0.0,
HS03935,0.3078230664603855,0.0,0.0,,0.0,0.0,,0.0,0.0,
HSH1987,0.012122524082692931,0.0,0.0,,0.0,0.0,,0.0,0.0,
HVillagra,0.4810484038557349,0.0020524089891367442,0.00099,2.0731403930674186,0.019736296542001826,0.00952,2.0731403930674186,0.07005141388174807,0.03379,2.0731403930674186
HZMC92,0.012122524082692931,0.0,0.0,,0.0,0.0,,0.0,0.0,
HackWithBlack,0.012122524082692931,0.0,0.0,,0.0,0.0,,0.0,0.0,
HackingKid98,0.012122524082692931,0.0,0.0,,0.0,0.0,,0.0,0.0,
Hadza_3,0.012122524082692931,0.0,0.0,,0.0,0.0,,0.0,0.0,
Hajialiyev_Islam2008,0.0861523132469926,0.0,0.0,,0.0,0.0,,0.0,0.0,
HajiyevKanan,0.012122524082692931,0.0,0.0,,0.0,0.0,,0.0,0.0,
HakanTooGood,0.012122524082692931,0.0,0.0,,0.0,0.0,,0.0,0.0,
Hakan_Erdogan,0.012122524082692931,0.0,0.0,,0.0,0.0,,0.0,0.0,
Hakiki_satranc,0.012122524082692931,0.0,0.0,,0.0,0.0,,0.0,0.0,
HalfIsCrayfish,0.012122524082692931,0.0,0.0,,0.0,0.0,,0.0,0.0,
Halk1ng,0.012122524082692931,0.0,0.0,,0.0,0.0,,0.0,0.0,
Hambardzumyan_Yuri,0.012122524082692931,0.0,0.0,,0.0,0.0,,0.0,0.0,
HamedWafa4,0.012122524082692931,0.0,0.0,,0.0,0.0,,0.0,0.0,
Hamidrezatahmasebii,0.012122524082692931,0.0,0.0,,0.0,0.0,,0.0,0.0,
Hamisandwich,0.012122524082692931,0.0,0.0,,0.0,0.0,,0.0,0.0,
Hamlet,0.03206997084548104,0.0,0.0,,0.0,0.0,,0.0,0.0,
HanSchut,0.012122524082692931,0.0,0.0,,0.0,0.0,,0.0,0.0,
Hananmo,0.012122524082692931,0.0,0.0,,0.0,0.0,,0.0,0.0,
HandKnit,0.012122524082692931,0.0,0.0,,0.0,0.0,,0.0,0.0,
Hanging_pointer,0.012122524082692931,0.0,0.0,,0.0,0.0,,0.0,0.0,
HankMD,0.012122524082692931,0.0,0.0,,0.0,0.0,,0.0,0.0,
HannahSayceStreams,0.17178417191338946,0.0,0.0,,0.0,0.0,,0.0,0.0,
HansOnTwitch,0.0,0.0,0.0,,0.0,0.0,,0.0,0.0,
Happy1712Drummer,0.012122524082692931,0.0,0.0,,0.0,0.0,,0.0,0.0,
HappyPawny,0.012122524082692931,0.0,0.0,,0.0,0.0,,0.0,0.0,
Haragas,0.012122524082692931,0.0,0.0,,0.0,0.0,,0.0,0.0,
Harald_Schmidt,0.012122524082692931,0.0,0.0,,0.0,0.0,,0.0,0.0,
Haramball08,0.1762254401023279,0.0,0.0,,0.0,0.0,,0.0,0.0,
HarryHexblade,0.10334262320638589,0.0,0.0,,0.0,0.0,,0.0,0.0,
Harry_Rakkel,0.012122524082692931,0.0,0.0,,0.0,0.0,,0.0,0.0,
Harsha_Bharathakoti,0.4523928500710618,0.00017637850827876623,8e-05,2.204731353484578,0.003990563749807086,0.00181,2.204731353484578,0.01530083559318297,0.00694,2.204731353484578
HaryKane,0.01576208899869847,0.0,0.0,,0.0,0.0,,0.0,0.0,
Hasangatin_Ramil,0.03206997084548104,0.0,0.0,,0.0,0.0,,0.0,0.0,
Hatsummei,0.012122524082692931,0.0,0.0,,0.0,0.0,,0.0,0.0,
HatsuzukiMeiso,0.10912331607263061,0.0,0.0,,0.0,0.0,,0.0,0.0,
Hattori-Hanzo78,0.03206997084548104,0.0,0.0,,0.0,0.0,,0.0,0.0,
Hauptsache_Gambit,0.012122524082692931,0.0,0.0,,0.0,0.0,,0.0,0.0,
Haykoooo0o,0.012122524082692931,0.0,0.0,,0.0,0.0,,0.0,0.0,
Haykos,0.012122524082692931,0.0,0.0,,0.0,0.0,,0.0,0.0,
Heineccius,0.012122524082692931,0.0,0.0,,0.0,0.0,,0.0,0.0,
HeinichessPY,0.012122524082692931,0.0,0.0,,0.0,0.0,,0.0,0.0,
Heinza9,0.012122524082692931,0.0,0.0,,0.0,0.0,,0.0,0.0,
Heliosis11,0.012122524082692931,0.0,0.0,,0.0,0.0,,0.0,0.0,
Hell_team_captain,0.012122524082692931,0.0,0.0,,0.0,0.0,,0.0,0.0,
HelvertHernandez,0.012122524082692931,0.0,0.0,,0.0,0.0,,0.0,0.0,
HenriL,0.012122524082692931,0.0,0.0,,0.0,0.0,,0.0,0.0,
HenryHoInHei,0.012122524082692931,0.0,0.0,,0.0,0.0,,0.0,0.0,
Henryk_S,0.012122524082692931,0.0,0.0,,0.0,0.0,,0.0,0.0,
Hephaestus_11,0.6229615338433306,0.0,0.0,,0.0,0.0,,0.0,0.0,
Heritiana_Andria,0.2857081167579743,0.0,0.0,,0.0,0.0,,0.0,0.0,
Herman-NY,0.012122524082692931,0.0,0.0,,0.0,0.0,,0.0,0.0,
Herminiah,0.06673619251239157,0.0,0.0,,0.0,0.0,,0.0,0.0,
HeroRubiksCube,0.012122524082692931,0.0,0.0,,0.0,0.0,,0.0,0.0,
HeroWilczek,0.012122524082692931,0.0,0.0,,0.0,0.0,,0.0,0.0,
Herzog2012,0.01329049218635899,0.0,0.0,,0.0,0.0,,0.0,0.0,
Heydarli77,0.012122524082692931,0.0,0.0,,0.0,0.0,,0.0,0.0,
HiHaruka,0.012122524082692931,0.0,0.0,,0.0,0.0,,0.0,0.0,
HiTechPanama,0.012122524082692931,0.0,0.0,,0.0,0.0,,0.0,0.0,
HighChessFM,0.5767221152238021,0.0,0.0,,0.0,0.0,,0.0,0.0,
HighLawView,0.012122524082692931,0.0,0.0,,0.0,0.0,,0.0,0.0,
Hikaru,0.880216416074916,0.14323812117704468,0.12622,1.1348290380054245,0.3346724315981797,0.29491,1.1348290380054245,0.6090854412782715,0.53672,1.1348290380054247
Hilary46,0.012122524082692931,0.0,0.0,,0.0,0.0,,0.0,0.0,
HimalLama,0.012122524082692931,0.0,0.0,,0.0,0.0,,0.0,0.0,
HimmyBuckets21,0.012122524082692931,0.0,0.0,,0.0,0.0,,0.0,0.0,
HindsightIs2700,0.012122524082692931,0.0,0.0,,0.0,0.0,,0.0,0.0,
Hippotaner,0.012122524082692931,0.0,0.0,,0.0,0.0,,0.0,0.0,
HipsterChess22,0.012122524082692931,0.0,0.0,,0.0,0.0,,0.0,0.0,
Hirna2005,0.015965166908563134,0.0,0.0,,0.0,0.0,,0.0,0.0,
HittingRookBottom,0.012122524082692931,0.0,0.0,,0.0,0.0,,0.0,0.0,
HomeAlone20,0.03206997084548104,0.0,0.0,,0.0,0.0,,0.0,0.0,
Homelander150,0.06785417807795482,0.0,0.0,,0.0,0.0,,0.0,0.0,
HonestJoe1,0.12237315743898312,0.0,0.0,,0.0,0.0,,0.0,0.0,
Hongjin,0.012122524082692931,0.0,0.0,,0.0,0.0,,0.0,0.0,
Honiex,0.012122524082692931,0.0,0.0,,0.0,0.0,,0.0,0.0,
HonzaRubes95,0.012122524082692931,0.0,0.0,,0.0,0.0,,0.0,0.0,
HonzaVykouk,0.012122524082692931,0.0,0.0,,0.0,0.0,,0.0,0.0,
Hooded_Old_Man,0.012122524082692931,0.0,0.0,,0.0,0.0,,0.0,0.0,
Hope_6,0.012122524082692931,0.0,0.0,,0.0,0.0,,0.004866180048661801,6e-05,81.10300081103001
Horokoskii,0.012122524082692931,0.0,0.0,,0.0,0.0,,0.0,0.0,
Hoshka,0.012122524082692931,0.0,0.0,,0.0,0.0,,0.0,0.0,
Houdinovic,0.012122524082692931,0.0,0.0,,0.0,0.0,,0.0,0.0,
HouseOfDurin,0.01329049218635899,0.0,0.0,,0.0,0.0,,0.0,0.0,
Hovik_Hayrapetyan,0.012122524082692931,0.0,0.0,,0.0,0.0,,0.0,0.0,
HowTo2Draw,0.012122524082692931,0.0,0.0,,0.0,0.0,,0.0,0.0,
HrairSimonian,0.012122524082692931,0.0,0.0,,0.0,0.0,,0.0,0.0,
Hrant_ChessMood,0.012122524082692931,0.008818342151675485,0.0001,88.18342151675485,0.026455026455026454,0.0003,88.18342151675485,0.03262786596119929,0.00037,88.18342151675485
HrvojeZagreb,0.3458401893335847,0.0,0.0,,0.0,0.0,,0.0,0.0,
Hsper248,0.012122524082692931,0.0,0.0,,0.0,0.0,,0.0,0.0,
Hudijegszid,0.012122524082692931,0.0,0.0,,0.0,0.0,,0.0,0.0,
Hugo-Berthier,0.012122524082692931,0.0,0.0,,0.0,0.0,,0.0,0.0,
HugoBoss7266,0.012122524082692931,0.0,0.0,,0.0,0.0,,0.0,0.0,
Hui_Li_Macau,0.012122524082692931,0.0,0.0,,0.0,0.0,,0.0,0.0,
Hunninn,0.01329049218635899,0.0,0.0,,0.0,0.0,,0.0,0.0,
HunterBRR,0.10117336788866109,0.0,0.0,,0.0,0.0,,0.0,0.0,
Huragan007,0.012122524082692931,0.0,0.0,,0.0,0.0,,0.0,0.0,
Hurghada,0.012122524082692931,0.0,0.0,,0.0,0.0,,0.0,0.0,
Hurricane_Morphy,0.012122524082692931,0.0,0.0,,0.0,0.0,,0.0,0.0,
HusainNakara,0.012122524082692931,0.0,0.0,,0.0,0.0,,0.0,0.0,
HuskyWithAHat,0.012122524082692931,0.0,0.0,,0.0,0.0,,0.0,0.0,
HypeMan111,0.012122524082692931,0.0,0.0,,0.0,0.0,,0.0,0.0,
Hypercar,0.012122524082692931,0.0,0.0,,0.0,0.0,,0.0,0.0,
I-Mesquita,0.012122524082692931,0.0,0.0,,0.0,0.0,,0.0,0.0,
I-have-no-rizz,0.07970069123715295,0.0,0.0,,0.0,0.0,,0.0,0.0,
IANOV0007,0.012122524082692931,0.0,0.0,,0.0,0.0,,0.0,0.0,
IC3S2,0.012122524082692931,0.0,0.0,,0.0,0.0,,0.0,0.0,
IECS12,0.012122524082692931,0.0,0.0,,0.0,0.0,,0.0,0.0,
ILvip11x02,0.012122524082692931,0.0,0.0,,0.0,0.0,,0.0,0.0,
IMAghasiyevKamal,0.012122524082692931,0.0,0.0,,0.0,0.0,,0.0,0.0,
IMDT02,0.012122524082692931,0.0,0.0,,0.0,0.0,,0.0,0.0,
IMGC,0.012122524082692931,0.0,0.0,,0.0,0.0,,0.0,0.0,
IMJonathanCarlstedt,0.01329049218635899,0.0,0.0,,0.0,0.0,,0.0,0.0,
IMRosen,0.4705088585988119,0.0,0.0,,0.0,0.0,,0.00010658253751705321,5e-05,2.131650750341064
IMSlavin,0.012122524082692931,0.0,0.0,,0.0,0.0,,0.0,0.0,
IMUffeVinther-Schou,0.012122524082692931,0.0,0.0,,0.0,0.0,,0.0,0.0,
IMVadim,0.012122524082692931,0.0,0.0,,0.0,0.0,,0.0,0.0,
IMVoja,0.012122524082692931,0.0,0.0,,0.0,0.0,,0.0,0.0,
IM_Alex_Ivanov,0.0446927374301676,0.0,0.0,,0.0,0.0,,0.0,0.0,
IM_ArthurDW08,0.012122524082692931,0.008417508417508417,0.0001,84.17508417508417,0.045454545454545456,0.00054,84.17508417508418,0.058922558922558925,0.0007,84.17508417508418
IM_Tissir,0.012122524082692931,0.0,0.0,,0.0,0.0,,0.0,0.0,
IMaksim2010,0.012122524082692931,0.0,0.0,,0.0,0.0,,0.0,0.0,
IMchanged,0.012122524082692931,0.0,0.0,,0.0,0.0,,0.001635322976287817,2e-05,81.76614881439083
INDIAN-ELEPHANT,0.012122524082692931,0.0,0.0,,0.0,0.0,,0.0,0.0,
INLOVEWITHF,0.012122524082692931,0.0,0.0,,0.0,0.0,,0.0,0.0,
INZLF,0.012122524082692931,0.0,0.0,,0.0,0.0,,0.0,0.0,
IPAchess,0.012122524082692931,0.0,0.0,,0.0,0.0,,0.0,0.0,
ISAAC2906PER,0.06518906651663516,0.0,0.0,,0.0,0.0,,0.0,0.0,
ITheOnlyME,0.012122524082692931,0.0,0.0,,0.0,0.0,,0.0,0.0,
I_am_Javi,0.012122524082692931,0.0,0.0,,0.0008410428931875525,1e-05,84.10428931875525,0.017661900756938603,0.00021,84.10428931875525
IakovUlivar,0.012122524082692931,0.0,0.0,,0.0,0.0,,0.0,0.0,
IamSchrodingersCat,0.012122524082692931,0.0,0.0,,0.0,0.0,,0.0,0.0,
Iana_Shirova,0.012122524082692931,0.0,0.0,,0.0,0.0,,0.0,0.0,
Iball95,0.22063301736545662,0.0,0.0,,0.00022452736988638915,5e-05,4.4905473977277826,0.0025147065427275584,0.00056,4.490547397727783
Ibon17,0.012122524082692931,0.0,0.0,,0.0,0.0,,0.0,0.0,
Icaro_83,0.7820352118624525,0.0,0.0,,0.0,0.0,,0.0,0.0,
IchbinBerliner2012,0.10847385822239097,0.0,0.0,,0.0,0.0,,0.0,0.0,
Idiioteque,0.012122524082692931,0.0,0.0,,0.0,0.0,,0.0,0.0,
IdoBenArtzi,0.02386237513873474,0.0,0.0,,0.0,0.0,,0.0,0.0,
IfanRJ,0.15011290348519749,0.0,0.0,,0.0,0.0,,0.0,0.0,
IgnacioCavadini,0.012122524082692931,0.0,0.0,,0.0,0.0,,0.0,0.0,
IgorBjelobrk,0.012122524082692931,0.0,0.0,,0.0,0.0,,0.0,0.0,
IgorM2008,0.012122524082692931,0.0,0.0,,0.0,0.0,,0.0,0.0,
Igor_Janik,0.2697279927816569,0.0,0.0,,0.0,0.0,,0.0017040823886789657,0.00046,3.704526931910795
Igor_Kowalski,0.012122524082692931,0.0,0.0,,0.0,0.0,,0.0,0.0,
Igor_Lysyj,0.026400515132002575,0.0007619047619047619,2e-05,38.095238095238095,0.0030476190476190477,8e-05,38.095238095238095,0.02895238095238095,0.00076,38.095238095238095
Igorbarbashin,0.012122524082692931,0.0,0.0,,0.0,0.0,,0.0,0.0,
Igrok3069,0.012122524082692931,0.0,0.0,,0.0,0.0,,0.0,0.0,
IlSultanoo,0.012122524082692931,0.0,0.0,,0.0,0.0,,0.0,0.0,
Il_Cavallo_Matto,0.02386237513873474,0.0,0.0,,0.0,0.0,,0.0,0.0,
IlanSchnaider,0.5269678092769378,0.0,0.0,,0.0,0.0,,0.00018923982362848438,0.0001,1.8923982362848437
IlanVardi,0.021541501976284586,0.0,0.0,,0.0,0.0,,0.0,0.0,
Ilia_Jude,0.012122524082692931,0.0,0.0,,0.0,0.0,,0.0,0.0,
IlikeApple314159,0.480900520211462,0.0,0.0,,0.0,0.0,,0.0,0.0,
IljaJoke,0.012122524082692931,0.0,0.0,,0.0,0.0,,0.0,0.0,
IljaZaragatski,0.012122524082692931,0.0,0.0,,0.0,0.0,,0.0,0.0,
Iljiushenok_Ilya,0.3475829819376716,0.0,0.0,,0.0,0.0,,0.0,0.0,
Illingworth,0.012122524082692931,0.0,0.0,,0.0,0.0,,0.0,0.0,
Illustradochess,0.012122524082692931,0.0,0.0,,0.0,0.0,,0.0,0.0,
Ilovetravel22,0.012122524082692931,0.0,0.0,,0.0,0.0,,0.0,0.0,
IlyaGrigorjev,0.012122524082692931,0.0,0.0,,0.0,0.0,,0.0,0.0,
Imagine_Drag0n,0.012122524082692931,0.0,0.0,,0.0,0.0,,0.0,0.0,
ImmJam,0.24683090815927736,0.0,0.0,,0.0,0.0,,0.0,0.0,
Immortal-killer,0.012122524082692931,0.0,0.0,,0.0,0.0,,0.0,0.0,
ImportedItalianMaple,0.012122524082692931,0.0,0.0,,0.0,0.0,,0.0,0.0,
Impressive2026,0.49535048437500007,0.0,0.0,,0.0,0.0,,0.0,0.0,
InadaC,0.012122524082692931,0.0,0.0,,0.0,0.0,,0.0,0.0,
Incognito_Knight,0.021541501976284586,0.0,0.0,,0.0,0.0,,0.0,0.0,
Incognizance,0.012122524082692931,0.0,0.0,,0.0,0.0,,0.0,0.0,
Ind1anStar,0.012122524082692931,0.0,0.0,,0.0,0.0,,0.0,0.0,
Indefatigable11,0.012122524082692931,0.0,0.0,,0.0,0.0,,0.0,0.0,
IndianSchoolOfSuffering,0.012122524082692931,0.0,0.0,,0.0,0.0,,0.0,0.0,
Indianlad,0.21224350066385045,0.008986966545899403,0.00191,4.705218086858326,0.06615536630122806,0.01406,4.705218086858326,0.16543546793393873,0.03516,4.705218086858326
Individoom,0.3096137658228048,0.0,0.0,,0.0,0.0,,0.0,0.0,
Inepton_Fermion,0.012122524082692931,0.0,0.0,,0.0,0.0,,0.0,0.0,
Infernal_XaM,0.012122524082692931,0.0,0.0,,0.0,0.0,,0.0023790642347343376,3e-05,79.30214115781125
InfiniteFlo,0.48046958784956406,0.0,0.0,,0.0,0.0,,0.0,0.0,
IngOscarArdila,0.039538714991762765,0.0,0.0,,0.0,0.0,,0.0,0.0,
InitiatingASC,0.012122524082692931,0.0,0.0,,0.0,0.0,,0.0,0.0,
InvisibleM0ves,0.2941223714405274,0.0,0.0,,0.0,0.0,,0.0,0.0,
InvisibleWarrior2252,0.012122524082692931,0.0,0.0,,0.0,0.0,,0.0,0.0,
IrI_Cheetah,0.012122524082692931,0.0,0.0,,0.0,0.0,,0.0,0.0,
IraZyne,0.012122524082692931,0.0,0.0,,0.0,0.0,,0.0,0.0,
IranianCheetah,0.012122524082692931,0.0,0.0,,0.0,0.0,,0.0,0.0,
Irena10,0.012122524082692931,0.0,0.0,,0.0,0.0,,0.0,0.0,
IriBu,0.012122524082692931,0.0,0.0,,0.0,0.0,,0.0,0.0,
Irina_Mikhaylova,0.46336257211258736,0.0,0.0,,0.0,0.0,,0.0,0.0,
Irishchessman16,0.15000144904419582,0.0,0.0,,0.0,0.0,,0.0,0.0,
Iron_Punch,0.4711671533246001,0.0,0.0,,0.0,0.0,,0.0,0.0,
IronicSteal05,0.012122524082692931,0.0,0.0,,0.0,0.0,,0.0,0.0,
IsaacWiebe,0.012122524082692931,0.0,0.0,,0.0,0.0,,0.0,0.0,
Isajevsky_Anton,0.012122524082692931,0.0,0.0,,0.0,0.0,,0.0,0.0,
IsaqueGoncalvesSanto,0.012122524082692931,0.0,0.0,,0.0,0.0,,0.0,0.0,
Ishowmoves57,0.012122524082692931,0.0,0.0,,0.0,0.0,,0.0,0.0,
Iskusnyh,0.5264403738184783,0.0,0.0,,0.0,0.0,,0.0,0.0,
Islamov2,0.012122524082692931,0.0,0.0,,0.0,0.0,,0.0,0.0,
Ismael-khadour,0.07180963379792708,0.0,0.0,,0.0,0.0,,0.0,0.0,
IsuruAlahakoon,0.012122524082692931,0.0,0.0,,0.0,0.0,,0.0,0.0,
ItalianMachine,0.012122524082692931,0.0,0.0,,0.0,0.0,,0.0,0.0,
Italo-Zapata,0.012122524082692931,0.0,0.0,,0.0,0.0,,0.0,0.0,
Itay121,0.15710617868632704,0.0,0.0,,0.0,0.0,,0.0,0.0,
Itk04,0.012122524082692931,0.0,0.0,,0.0,0.0,,0.0,0.0,
ItsCheckM8Mate,0.039538714991762765,0.0,0.0,,0.0,0.0,,0.0,0.0,
Iuckyducky,0.012122524082692931,0.0,0.0,,0.0,0.0,,0.0,0.0,
Iudina-Veronika,0.012122524082692931,0.0,0.0,,0.0,0.0,,0.0,0.0,
Iulian22,0.012122524082692931,0.0,0.0,,0.0,0.0,,0.0,0.0,
Iunusovnuriddin,0.012122524082692931,0.0,0.0,,0.0,0.0,,0.0,0.0,
Iustin106,0.012122524082692931,0.0,0.0,,0.0,0.0,,0.0,0.0,
Ivan11Martic,0.012122524082692931,0.0,0.0,,0.0,0.0,,0.0,0.0,
IvanSoriano1,0.012122524082692931,0.0,0.0,,0.0,0.0,,0.0,0.0,
IvanhoeLeo,0.012122524082692931,0.0,0.0,,0.0,0.0,,0.0,0.0,
Ivano12,0.012122524082692931,0.0,0.0,,0.0,0.0,,0.0,0.0,
Ivn_2001,0.012122524082692931,0.0,0.0,,0.0,0.0,,0.0,0.0,
IwkooO,0.012122524082692931,0.0,0.0,,0.0,0.0,,0.0,0.0,
Iyael,0.012122524082692931,0.0,0.0,,0.0,0.0,,0.0,0.0,
Iyanastur7,0.012122524082692931,0.0,0.0,,0.0,0.0,,0.0,0.0,
Izoria123,0.012122524082692931,0.0,0.0,,0.003943217665615142,5e-05,78.86435331230282,0.08201892744479496,0.00104,78.86435331230285
J-Isaac,0.012122524082692931,0.0,0.0,,0.0,0.0,,0.0,0.0,
J36225,0.012122524082692931,0.0,0.0,,0.0,0.0,,0.0,0.0,
JAAC2002,0.012122524082692931,0.0,0.0,,0.0,0.0,,0.0,0.0,
JACK_BAU3R,0.012122524082692931,0.0,0.0,,0.0,0.0,,0.0,0.0,
JAN2404,0.2020520306256421,0.0,0.0,,0.0,0.0,,0.0,0.0,
JCVanDamme10,0.012122524082692931,0.0,0.0,,0.0,0.0,,0.0,0.0,
JDDG,0.05423284346904185,0.0,0.0,,0.0,0.0,,0.0,0.0,
JD_chess_Academy,0.0446927374301676,0.0,0.0,,0.0,0.0,,0.0,0.0,
JEHUBNER,0.012122524082692931,0.0,0.0,,0.0,0.0,,0.0,0.0,
JEIGOTH,0.012122524082692931,0.0,0.0,,0.0,0.0,,0.0,0.0,
JERO-8914,0.012122524082692931,0.0,0.0,,0.0,0.0,,0.0,0.0,
JG-17,0.012122524082692931,0.0,0.0,,0.0,0.0,,0.0,0.0,
JJDAREK,0.012122524082692931,0.0,0.0,,0.0,0.0,,0.0,0.0,
JM05C,0.012122524082692931,0.0,0.0,,0.0,0.0,,0.0,0.0,
JM2005GM,0.012122524082692931,0.0,0.0,,0.0,0.0,,0.0,0.0,
JOHNCENATHEGOAT1,0.47343938718271156,0.0,0.0,,0.0,0.0,,0.0,0.0,
JRenatoMaranhao,0.012122524082692931,0.0,0.0,,0.0,0.0,,0.0,0.0,
JS2606,0.02386237513873474,0.0,0.0,,0.0,0.0,,0.0,0.0,
JSPrepz,0.012122524082692931,0.0,0.0,,0.0007993605115907274,1e-05,79.93605115907273,0.03996802557953637,0.0005,79.93605115907273
JSlaby,0.012122524082692931,0.0,0.0,,0.0,0.0,,0.0,0.0,
JUMPINGJAC2,0.012122524082692931,0.0,0.0,,0.0,0.0,,0.0,0.0,
JaackCamel,0.015669149755972257,0.0,0.0,,0.0,0.0,,0.0,0.0,
JackRodgers,0.012122524082692931,0.0,0.0,,0.0,0.0,,0.0,0.0,
Jackalhead_Anubis,0.012122524082692931,0.0,0.0,,0.0,0.0,,0.0,0.0,
JacksterThePro,0.012122524082692931,0.0,0.0,,0.0,0.0,,0.0,0.0,
Jadeit90,0.012122524082692931,0.0,0.0,,0.0,0.0,,0.0,0.0,
Jadro9,0.012122524082692931,0.0,0.0,,0.0,0.0,,0.0,0.0,
Jagadeesh_Siddharth,0.10473807666732504,9.628345850182938e-05,1e-05,9.628345850182937,0.005006739842095128,0.00052,9.628345850182939,0.08636626227614096,0.00897,9.628345850182937
Jagerrmeisterr,0.012122524082692931,0.0,0.0,,0.0,0.0,,0.0,0.0,
JahandarAzadaliyev,0.012122524082692931,0.0,0.0,,0.0,0.0,,0.0,0.0,
Jahonas,0.021541501976284586,0.0,0.0,,0.0,0.0,,0.0,0.0,
JaiSankarS,0.24530813145605856,0.0,0.0,,0.0,0.0,,0.0,0.0,
JaimaR_00,0.4904015240501904,0.0,0.0,,0.0,0.0,,0.0,0.0,
Jaka_Brilej,0.012122524082692931,0.0,0.0,,0.0,0.0,,0.0,0.0,
Jakhongir-Vakhidov,0.47852682337733776,0.0014193871587208817,0.00068,2.087334056942473,0.0034441011939550805,0.00165,2.087334056942473,0.007806629372964849,0.00374,2.087334056942473
JakubPulpan,0.012122524082692931,0.0,0.0,,0.0,0.0,,0.0,0.0,
Jakuboss22005,0.039538714991762765,0.0,0.0,,0.0,0.0,,0.0,0.0,
JaloliddinIlkhomi,0.012122524082692931,0.0,0.0,,0.0,0.0,,0.0,0.0,
Jamal-Jamal-Jamal,0.012122524082692931,0.0,0.0,,0.0,0.0,,0.0,0.0,
Jan939519,0.012122524082692931,0.0,0.0,,0.0,0.0,,0.0,0.0,
JanMur7,0.33466488890609036,0.0,0.0,,0.0,0.0,,0.0,0.0,
Janh4,0.13834029564276557,0.0,0.0,,0.0,0.0,,0.0,0.0,
JanistanTV,0.6223858312370756,0.0,0.0,,4.8102361825965654e-05,3e-05,1.6034120608655218,0.004697997338335979,0.00293,1.6034120608655218
Janosik,0.012122524082692931,0.0,0.0,,0.0,0.0,,0.006562756357670222,8e-05,82.03445447087776
Janukshan,0.01329049218635899,0.0,0.0,,0.0,0.0,,0.0,0.0,
Jarming,0.015965166908563134,0.0,0.0,,0.0,0.0,,0.0,0.0,
JaroslavSobek,0.6275067340788701,0.0,0.0,,0.0,0.0,,0.0,0.0,
Jarrahi2452,0.012122524082692931,0.0,0.0,,0.0,0.0,,0.0,0.0,
Jasonliu02,0.012122524082692931,0.0,0.0,,0.0,0.0,,0.0,0.0,
Javadovvv,0.012122524082692931,0.0,0.0,,0.0,0.0,,0.0,0.0,
JaviChuela2789,0.012122524082692931,0.0,0.0,,0.0,0.0,,0.0,0.0,
JavierRuizVazquez,0.01329049218635899,0.0,0.0,,0.0,0.0,,0.0,0.0,
Javokhir_Sindarov05,0.12462645417573005,0.0832585095094278,0.0102,8.162598971512528,0.22308382989143744,0.02733,8.16259897151253,0.4269039262101053,0.0523,8.16259897151253
Javylavilla,0.01329049218635899,0.0,0.0,,0.0,0.0,,0.0,0.0,
Jdjwjsikdkfjxj,0.012122524082692931,0.0,0.0,,0.0,0.0,,0.0,0.0,
JeFumeDesClopes,0.012122524082692931,0.0,0.0,,0.0,0.0,,0.0,0.0,
JeRoma71,0.012122524082692931,0.0,0.0,,0.0,0.0,,0.0,0.0,
Jeffinho023,0.012122524082692931,0.0,0.0,,0.0,0.0,,0.0,0.0,
Jenia84,0.012122524082692931,0.0,0.0,,0.0,0.0,,0.0,0.0,
JennyQi13,0.31956001528789924,0.0,0.0,,0.0,0.0,,0.0,0.0,
Jeppesen08,0.01329049218635899,0.0,0.0,,0.0,0.0,,0.0,0.0,
JerglerMeister,0.012122524082692931,0.0,0.0,,0.0,0.0,,0.0,0.0,
Jesper_Kjaergaard-Jensen,0.4016442689479063,0.0,0.0,,0.0,0.0,,0.0,0.0,
JesseFebruary,0.012122524082692931,0.0,0.0,,0.0,0.0,,0.0,0.0,
Jesseinkman,0.012122524082692931,0.0,0.0,,0.0,0.0,,0.0,0.0,
JessicaHyatt,0.012122524082692931,0.0,0.0,,0.0,0.0,,0.0,0.0,
JesusChristMyLivingHope,0.012122524082692931,0.0,0.0,,0.0,0.0,,0.0,0.0,
Jesusesmifuerza,0.012122524082692931,0.0,0.0,,0.0,0.0,,0.0,0.0,
JetLeoChess,0.012122524082692931,0.0,0.0,,0.0,0.0,,0.0,0.0,
JezozwierzeJedzaWieze,0.012122524082692931,0.0,0.0,,0.0,0.0,,0.0,0.0,
JiaHaoxiang,0.012122524082692931,0.0,0.0,,0.0,0.0,,0.0,0.0,
JiangoFett,0.1500007353488514,0.0,0.0,,0.0,0.0,,0.0,0.0,
JiiHart,0.012122524082692931,0.0,0.0,,0.0,0.0,,0.0,0.0,
JimDiGrease,0.012122524082692931,0.0,0.0,,0.003421727972626176,4e-05,85.54319931565439,0.05218135158254919,0.00061,85.54319931565442
Jimonios,0.012122524082692931,0.0,0.0,,0.0,0.0,,0.0,0.0,
JinelaRodriguez,0.021541501976284586,0.0,0.0,,0.0,0.0,,0.0,0.0,
Jmf24,0.06655581241483885,0.0,0.0,,0.0,0.0,,0.0,0.0,
JoJoZP,0.012122524082692931,0.0,0.0,,0.0,0.0,,0.0,0.0,
Joachim100x,0.012122524082692931,0.0,0.0,,0.0,0.0,,0.0,0.0,
JoachimMouhamad,0.012122524082692931,0.0,0.0,,0.0,0.0,,0.0,0.0,
Joaco_mc,0.13475343107009496,0.0,0.0,,0.0,0.0,,0.0,0.0,
JoakimVonAnd,0.012122524082692931,0.0,0.0,,0.0,0.0,,0.0,0.0,
JoeAssaad,0.012122524082692931,0.0,0.0,,0.0,0.0,,0.0,0.0,
JoelynLi,0.012122524082692931,0.0,0.0,,0.0,0.0,,0.0,0.0,
Johajedrezz,0.48482379742540893,0.0,0.0,,0.0,0.0,,0.0,0.0,
Johhnnyyii11,0.021541501976284586,0.0,0.0,,0.0,0.0,,0.0,0.0,
JohnWhite1952,0.012122524082692931,0.0,0.0,,0.0,0.0,,0.0,0.0,
JohnnyAnto,0.012122524082692931,0.0,0.0,,0.0,0.0,,0.0,0.0,
Johnnyyy_Bravo,0.012122524082692931,0.0,0.0,,0.0,0.0,,0.0,0.0,
Jojo_898,0.012122524082692931,0.0,0.0,,0.0,0.0,,0.0,0.0,
Joker_Gumble,0.012122524082692931,0.0,0.0,,0.0,0.0,,0.0,0.0,
JoliyRoger,0.8283595694076831,0.0,0.0,,0.0,0.0,,0.0,0.0,
JonSnowNW1,0.012122524082692931,0.0,0.0,,0.0,0.0,,0.0,0.0,
JonahWillow,0.012122524082692931,0.0,0.0,,0.0,0.0,,0.0,0.0,
JonasEilenberg,0.012122524082692931,0.0,0.0,,0.0,0.0,,0.0,0.0,
JonasGallasch,0.012122524082692931,0.0,0.0,,0.0,0.0,,0.0,0.0,
Jooonaaas1996,0.012122524082692931,0.0,0.0,,0.0,0.0,,0.0,0.0,
JordanLoyd2020,0.012122524082692931,0.0,0.0,,0.0,0.0,,0.0,0.0,
JoseRemolar,0.012122524082692931,0.0,0.0,,0.0,0.0,,0.0,0.0,
Josechessgg,0.012122524082692931,0.0,0.0,,0.0,0.0,,0.0,0.0,
JosefineHeinemann,0.012122524082692931,0.0,0.0,,0.0,0.0,,0.0,0.0,
JosephRyan,0.012122524082692931,0.0,0.0,,0.0,0.0,,0.0,0.0,
Josephrov,0.09229645518349679,0.0,0.0,,0.0,0.0,,0.0,0.0,
Josetricks,0.012122524082692931,0.0,0.0,,0.0,0.0,,0.0,0.0,
Josgar05,0.012122524082692931,0.0,0.0,,0.0,0.0,,0.0,0.0,
JoshWeinstein,0.012122524082692931,0.0,0.0,,0.0,0.0,,0.0,0.0,
JoshuaGK27,0.11025736223065845,0.0,0.0,,0.0,0.0,,0.0,0.0,
Joshukid,0.012122524082692931,0.0,0.0,,0.0,0.0,,0.003305785123966942,4e-05,82.64462809917354
Jospem,0.0,0.0,0.0,,0.0,0.0,,0.0,0.0,
Journey_to_GrandMaster_YT,0.012122524082692931,0.0,0.0,,0.0,0.0,,0.0,0.0,
Jovidon91,0.012122524082692931,0.0,0.0,,0.0,0.0,,0.0,0.0,
Joyromany15,0.25656697456487537,0.0,0.0,,0.0,0.0,,0.0,0.0,
Juan-Jose-Taylor-Rodrigue,0.14320904299996323,0.0,0.0,,0.0,0.0,,0.0,0.0,
JuanCGlez,0.012122524082692931,0.0,0.0,,0.0,0.0,,0.0,0.0,
JuanLloretRamis,0.012122524082692931,0.0,0.0,,0.0,0.0,,0.0,0.0,
Juandiv_Chessmood,0.012122524082692931,0.0,0.0,,0.0,0.0,,0.0,0.0,
Judit041024,0.012122524082692931,0.0,0.0,,0.0,0.0,,0.0,0.0,
Judomaster3,0.05112616633639452,0.0,0.0,,0.0,0.0,,0.0,0.0,
JueIes,0.012122524082692931,0.0,0.0,,0.0,0.0,,0.0,0.0,
Juicy_Fork,0.012122524082692931,0.0,0.0,,0.0,0.0,,0.0,0.0,
JulbeNn,0.012122524082692931,0.0,0.0,,0.0,0.0,,0.0,0.0,
Juleona,0.03206997084548104,0.0,0.0,,0.0,0.0,,0.0,0.0,
JuliaEfremova,0.012122524082692931,0.0,0.0,,0.0,0.0,,0.0,0.0,
JulianProleiko,0.012122524082692931,0.0,0.0,,0.0,0.0,,0.0,0.0,
Juliana_Figueira,0.012122524082692931,0.0,0.0,,0.0,0.0,,0.0,0.0,
Jumbo,0.5021473922274173,0.003500537014201042,0.00176,1.988941485341501,0.01678666613628227,0.00844,1.988941485341501,0.056088149886630335,0.0282,1.9889414853415013
Jungle_Jaguar,0.012122524082692931,0.0,0.0,,0.0,0.0,,0.0,0.0,
JuniorJumper,0.012122524082692931,0.0,0.0,,0.0,0.0,,0.0,0.0,
JunjiCol,0.15885890597849664,0.0,0.0,,0.0,0.0,,0.0,0.0,
Just_Lucky_1,0.20690528314378243,0.0,0.0,,0.0,0.0,,0.0,0.0,
JustinTime4GM,0.012122524082692931,0.0,0.0,,0.0,0.0,,0.0,0.0,
JustinWang1234,0.012122524082692931,0.0,0.0,,0.0,0.0,,0.0,0.0,
Justinz,0.012122524082692931,0.0,0.0,,0.0,0.0,,0.0,0.0,
JustusJBargsten,0.012122524082692931,0.0,0.0,,0.0,0.0,,0.0,0.0,
Juwen,0.012122524082692931,0.0,0.0,,0.0,0.0,,0.0016722408026755853,2e-05,83.61204013377926
K-Nygren,0.012122524082692931,0.0,0.0,,0.0,0.0,,0.0,0.0,
K2JW,0.012122524082692931,0.0,0.0,,0.0,0.0,,0.0,0.0,
KAIOVCFR,0.012122524082692931,0.0,0.0,,0.0,0.0,,0.0,0.0,
KATPAH,0.012122524082692931,0.0,0.0,,0.0,0.0,,0.0,0.0,
KChor05,0.012122524082692931,0.0,0.0,,0.0,0.0,,0.0,0.0,
KChor05TTV,0.012122524082692931,0.0,0.0,,0.0,0.0,,0.0,0.0,
KIEV-1,0.012122524082692931,0.0,0.0,,0.0,0.0,,0.0,0.0,
KINGOF2SOAP,0.012122524082692931,0.0,0.0,,0.0,0.0,,0.0,0.0,
KINGoFattacK555,0.012122524082692931,0.0,0.0,,0.0,0.0,,0.0,0.0,
KNCP_719,0.012122524082692931,0.0,0.0,,0.0,0.0,,0.0,0.0,
KNVB,0.012122524082692931,0.0016736401673640166,2e-05,83.68200836820083,0.002510460251046025,3e-05,83.68200836820084,0.012552301255230125,0.00015,83.68200836820084
KRSilva,0.012122524082692931,0.0,0.0,,0.0,0.0,,0.0,0.0,
KSho99,0.012122524082692931,0.0,0.0,,0.0,0.0,,0.0,0.0,
KVAIDAN,0.012122524082692931,0.0,0.0,,0.0,0.0,,0.0,0.0,
KZ_Champ_GM,0.18933285053174015,0.0,0.0,,0.0,0.0,,0.0,0.0,
K_A_S_T_O_R,0.5039708499126455,7.920321565055542e-05,4e-05,1.9800803912638854,0.000534621705641249,0.00027,1.9800803912638851,0.008474744074609429,0.00428,1.9800803912638854
Kacparov,0.22130464229806282,0.003540465707412283,0.00078,4.539058599246516,0.024374744677953794,0.00537,4.539058599246517,0.0977259316417775,0.02153,4.539058599246516
KacperKacprzak,0.012122524082692931,0.0,0.0,,0.0,0.0,,0.0,0.0,
KacperPolOK,0.012122524082692931,0.0,0.0,,0.0,0.0,,0.0,0.0,
Kaer_Morhen,0.012122524082692931,0.0,0.0,,0.0,0.0,,0.0,0.0,
KafkaesqueKnight,0.012122524082692931,0.0,0.0,,0.0,0.0,,0.0,0.0,
Kaissa10,0.012122524082692931,0.0,0.0,,0.0,0.0,,0.0,0.0,
Kaiyrbekov,0.012122524082692931,0.0,0.0,,0.0,0.0,,0.0,0.0,
Kale36,0.012122524082692931,0.0,0.0,,0.0,0.0,,0.0,0.0,
Kaliopa,0.012122524082692931,0.0,0.0,,0.0,0.0,,0.0,0.0,
Kamduki,0.012122524082692931,0.0,0.0,,0.0,0.0,,0.0,0.0,
Kamikazeheinz2,0.012122524082692931,0.0,0.0,,0.0,0.0,,0.0,0.0,
KamilGrycel,0.012122524082692931,0.0,0.0,,0.0,0.0,,0.0,0.0,
KamilaHryshchenko,0.012122524082692931,0.0,0.0,,0.0,0.0,,0.0,0.0,
KamlaPasand,0.012122524082692931,0.0,0.0,,0.0,0.0,,0.0,0.0,
KanalSzachowy,0.012122524082692931,0.0,0.0,,0.0,0.0,,0.0,0.0,
KanseiMigatte,0.11551474731872427,0.0,0.0,,0.0,0.0,,0.0,0.0,
KantorGergely,0.012122524082692931,0.0016597510373443983,2e-05,82.9875518672199,0.04066390041493776,0.00049,82.98755186721992,0.3145228215767635,0.00379,82.98755186721992
Kapibara_Warri0r,0.20405141017361855,0.0,0.0,,0.0,0.0,,0.0,0.0,
Kapitan_Bayan,0.012122524082692931,0.0,0.0,,0.0,0.0,,0.0,0.0,
Karacsonyi_Gellert,0.012122524082692931,0.0,0.0,,0.0,0.0,,0.0,0.0,
KarateBaby,0.012122524082692931,0.0,0.0,,0.0,0.0,,0.0,0.0,
Karateloru,0.012122524082692931,0.0,0.0,,0.0,0.0,,0.0016597510373443983,2e-05,82.9875518672199
Kargan90,0.012122524082692931,0.0,0.0,,0.0,0.0,,0.0,0.0,
Karina_Ivanova,0.012122524082692931,0.0,0.0,,0.0,0.0,,0.0,0.0,
KarlEmilElmer,0.13641343543917084,0.0,0.0,,0.0,0.0,,0.0,0.0,
KarolKacprzak,0.012122524082692931,0.0,0.0,,0.0,0.0,,0.0,0.0,
KarstenHansch,0.012122524082692931,0.0,0.0,,0.0,0.0,,0.0,0.0,
KarstenSchulz,0.012122524082692931,0.0,0.0,,0.0,0.0,,0.0,0.0,
Karttunen,0.012122524082692931,0.0,0.0,,0.0,0.0,,0.0,0.0,
Kasandra124,0.04360812425328554,0.0,0.0,,0.0,0.0,,0.0,0.0,
KashJinx,0.012122524082692931,0.0,0.0,,0.0,0.0,,0.0,0.0,
KashishMJain,0.012122524082692931,0.0,0.0,,0.0,0.0,,0.0,0.0,
Kashthuri3,0.4915787233980531,0.0,0.0,,0.0,0.0,,0.0,0.0,
Kaslask,0.012122524082692931,0.0,0.0,,0.0,0.0,,0.0,0.0,
Kassimov_B,0.012122524082692931,0.0,0.0,,0.0,0.0,,0.0,0.0,
KatakuriDono,0.12846805556226762,0.0,0.0,,0.0,0.0,,0.0,0.0,
Kate1606,0.012122524082692931,0.0,0.0,,0.0,0.0,,0.0,0.0,
KaterynaLagno,0.37499044236750656,0.0,0.0,,0.0,0.0,,0.0,0.0,
Katheringomezarias,0.6331159533033006,0.0,0.0,,0.0,0.0,,0.0,0.0,
Katuducha,0.012122524082692931,0.0,0.0,,0.0,0.0,,0.0,0.0,
Kaua18,0.012122524082692931,0.0,0.0,,0.0,0.0,,0.0,0.0,
Kaufman_David,0.012122524082692931,0.0,0.0,,0.0,0.0,,0.0,0.0,
Kaustubh_Kodihalli,0.012122524082692931,0.0,0.0,,0.0,0.0,,0.0,0.0,
Kavyev_Ruslan,0.012122524082692931,0.0,0.0,,0.0,0.0,,0.0,0.0,
KaydenTroffChess,0.012122524082692931,0.0,0.0,,0.0,0.0,,0.009068425391591096,0.00011,82.44023083264632
KazakhFighter04,0.012122524082692931,0.0,0.0,,0.00832639467110741,0.0001,83.2639467110741,0.0791007493755204,0.00095,83.26394671107411
Kazan28,0.012122524082692931,0.0,0.0,,0.0,0.0,,0.0,0.0,
Kazancev_Valerij_M,0.012122524082692931,0.0,0.0,,0.0,0.0,,0.0,0.0,
Kazmin_Semyon,0.012122524082692931,0.0,0.0,,0.0,0.0,,0.0,0.0,
KbzasDavid16,0.012122524082692931,0.0,0.0,,0.0,0.0,,0.0,0.0,
Keaton87,0.012122524082692931,0.0,0.0,,0.0,0.0,,0.0,0.0,
KebabJangles,0.012122524082692931,0.0,0.0,,0.0,0.0,,0.0,0.0,
Keeper0416,0.029278350515463916,0.0,0.0,,0.0,0.0,,0.0,0.0,
KeithArkell,0.012122524082692931,0.0,0.0,,0.0,0.0,,0.0,0.0,
Keithonsky,0.04360812425328554,0.0,0.0,,0.0,0.0,,0.0,0.0,
KejJaj,0.012122524082692931,0.0,0.0,,0.0,0.0,,0.0,0.0,
Keks2017,0.012122524082692931,0.0,0.0,,0.0,0.0,,0.0,0.0,
KennethAlex,0.012122524082692931,0.0,0.0,,0.0,0.0,,0.0,0.0,
Kensei26,0.012122524082692931,0.0,0.0,,0.0,0.0,,0.0,0.0,
Keranke,0.012122524082692931,0.0,0.0,,0.0,0.0,,0.0,0.0,
KerryStead,0.012122524082692931,0.0,0.0,,0.0,0.0,,0.0,0.0,
Ket_Cha,0.04360812425328554,0.0,0.0,,0.0,0.0,,0.0,0.0,
KetiTsatsalashvili,0.012122524082692931,0.0,0.0,,0.0,0.0,,0.0,0.0,
Keures,0.012122524082692931,0.0,0.0,,0.0,0.0,,0.0,0.0,
Kev4444444444,0.012122524082692931,0.0,0.0,,0.0,0.0,,0.0,0.0,
KevinGeorgeMicheal,0.07745864057909792,0.0,0.0,,0.0,0.0,,0.0,0.0,
Kezin_Roman,0.012122524082692931,0.0,0.0,,0.0,0.0,,0.0,0.0,
Kgli1m,0.03206997084548104,0.0,0.0,,0.0,0.0,,0.0,0.0,
Kgutierrez95,0.012122524082692931,0.0,0.0,,0.0,0.0,,0.0,0.0,
KhBegmuratov,0.012122524082692931,0.0,0.0,,0.0,0.0,,0.01713796058269066,0.0002,85.68980291345329
KhGirl2015,0.18875401685310833,0.0,0.0,,0.0,0.0,,0.0,0.0,
KhalilMousavi98,0.012122524082692931,0.0,0.0,,0.0,0.0,,0.0,0.0,
KhamzinOlzhas,0.1760677821296853,0.0,0.0,,0.0,0.0,,0.0,0.0,
KhandakerAminul,0.012122524082692931,0.0,0.0,,0.0,0.0,,0.0,0.0,
KhazhatulyAlikhan,0.012122524082692931,0.0,0.0,,0.0,0.0,,0.0,0.0,
Khazhatuly_Alikhan,0.13226300446448772,0.0,0.0,,0.0,0.0,,0.0,0.0,
Khromkin,0.4719329971142108,0.0,0.0,,0.0,0.0,,0.0,0.0,
Khusenkhojaev,0.012122524082692931,0.0,0.0,,0.0,0.0,,0.0,0.0,
Kiborg95,0.012122524082692931,0.0,0.0,,0.006756756756756757,8e-05,84.45945945945945,0.057432432432432436,0.00068,84.45945945945945
Kielinkei,0.35065369403043106,0.0,0.0,,0.0,0.0,,0.0,0.0,
Kildepiotr,0.10246001382427213,0.0,0.0,,0.0,0.0,,0.0,0.0,
KillerBishop888,0.15316714924156108,0.0,0.0,,0.0,0.0,,0.0007837502449219516,0.00012,6.531252041016263
Killertoy,0.012122524082692931,0.0,0.0,,0.0,0.0,,0.0,0.0,
KimKahre,0.026400515132002575,0.0,0.0,,0.0,0.0,,0.0,0.0,
Kimkibo,0.021541501976284586,0.0,0.0,,0.0,0.0,,0.0,0.0,
KinKaiser,0.012122524082692931,0.0,0.0,,0.0,0.0,,0.0,0.0,
KingCrusher275,0.012122524082692931,0.0,0.0,,0.0,0.0,,0.0,0.0,
KingCyber19,0.012122524082692931,0.0,0.0,,0.0,0.0,,0.0,0.0,
KingHomelander,0.012122524082692931,0.0,0.0,,0.0,0.0,,0.0,0.0,
King_Deded4d5,0.012122524082692931,0.0,0.0,,0.0,0.0,,0.0,0.0,
Kingsman132,0.012122524082692931,0.0,0.0,,0.0,0.0,,0.0,0.0,
Kingstar70,0.01329049218635899,0.0,0.0,,0.0,0.0,,0.0,0.0,
Kingswhite2008,0.012122524082692931,0.0,0.0,,0.0,0.0,,0.0,0.0,
KirAk47,0.012122524082692931,0.0,0.0,,0.0,0.0,,0.0,0.0,
Kira170,0.012122524082692931,0.0,0.0,,0.0,0.0,,0.0,0.0,
KirbyDownA,0.012122524082692931,0.0,0.0,,0.0,0.0,,0.0,0.0,
Kirill_2008GM,0.012122524082692931,0.0,0.0,,0.0,0.0,,0.0,0.0,
Kirill_Klukin,0.7971759483030434,0.0,0.0,,5.018946523124796e-05,4e-05,1.254736630781199,0.005031493889432608,0.00401,1.2547366307811991
Kirill_Kopenkin,0.012122524082692931,0.0,0.0,,0.0,0.0,,0.0,0.0,
Kirillov_Andrey,0.012122524082692931,0.0,0.0,,0.0,0.0,,0.0,0.0,
Kislov_Oleg,0.012122524082692931,0.0,0.0,,0.0,0.0,,0.0,0.0,
KiyotakaAyanokouji2008,0.029278350515463916,0.0,0.0,,0.0,0.0,,0.0,0.0,
Klavdia_Nik,0.012122524082692931,0.0,0.0,,0.0,0.0,,0.0,0.0,
Klendi,0.012122524082692931,0.0,0.0,,0.0,0.0,,0.0,0.0,
Kleyton_Lima,0.012122524082692931,0.0,0.0,,0.0,0.0,,0.0,0.0,
Kmpk,0.012122524082692931,0.0,0.0,,0.0,0.0,,0.0,0.0,
KnightDuta,0.1842690052482394,0.0,0.0,,0.0,0.0,,0.0,0.0,
KnightOclock,0.012281955519668663,0.0,0.0,,0.0,0.0,,0.0,0.0,
KnightOutpostOP,0.012122524082692931,0.0,0.0,,0.0,0.0,,0.0,0.0,
KnightRider701,0.11000365945317052,0.0,0.0,,0.0,0.0,,0.0,0.0,
Knightmare1014,0.012122524082692931,0.0,0.0,,0.0,0.0,,0.0,0.0,
KnightmareJoker,0.012122524082692931,0.0,0.0,,0.0,0.0,,0.0,0.0,
Knjazj,0.012122524082692931,0.0,0.0,,0.0,0.0,,0.0,0.0,
KnobbedHornbill,0.012122524082692931,0.0,0.0,,0.0,0.0,,0.0,0.0,
Koalaskakistis,0.012122524082692931,0.0,0.0,,0.0,0.0,,0.0008203445447087777,1e-05,82.03445447087776
Kobalia,0.1246011231728595,0.0,0.0,,0.0,0.0,,8.017960230917254e-05,1e-05,8.017960230917254
KobyKalavannan,0.012122524082692931,0.0,0.0,,0.0,0.0,,0.0,0.0,
KogotBobra17,0.12763840196543252,0.0,0.0,,0.0,0.0,,0.0,0.0,
Koksal06,0.012122524082692931,0.0,0.0,,0.0,0.0,,0.0,0.0,
Kolle05,0.012122524082692931,0.0,0.0,,0.0,0.0,,0.0,0.0,
Komal_Kishore_Pothuri,0.012122524082692931,0.0,0.0,,0.0,0.0,,0.0,0.0,
Kombinator01,0.012122524082692931,0.0,0.0,,0.0,0.0,,0.0,0.0,
Komodo_Dragaon,0.012122524082692931,0.0,0.0,,0.0,0.0,,0.0,0.0,
Konavets,0.55643222440584,0.025276404494382024,0.01406,1.7977528089887642,0.12751460674157303,0.07093,1.7977528089887638,0.2900494382022472,0.16134,1.797752808988764
KoningKobe,0.012122524082692931,0.0,0.0,,0.0,0.0,,0.0,0.0,
KononenkoD,0.34920359516855226,0.0,0.0,,0.0,0.0,,0.0,0.0,
KonstantinB_1983,0.012122524082692931,0.0,0.0,,0.0,0.0,,0.0,0.0,
KonstantinVshivkov,0.012122524082692931,0.0,0.0,,0.0,0.0,,0.0,0.0,
Kopfverletzung,0.012122524082692931,0.0,0.0,,0.0,0.0,,0.0,0.0,
Kopylov_Alex,0.012122524082692931,0.0,0.0,,0.0,0.0,,0.0,0.0,
Kopytkin,0.012122524082692931,0.0,0.0,,0.0,0.0,,0.0,0.0,
Korchmar_Vasiliy,0.012122524082692931,0.0,0.0,,0.0,0.0,,0.0,0.0,
KorolDimitriy75,0.012122524082692931,0.0,0.0,,0.0,0.0,,0.0,0.0,
Korosh2011342,0.012122524082692931,0.0,0.0,,0.0,0.0,,0.0,0.0,
Kors67,0.012122524082692931,0.0,0.0,,0.0,0.0,,0.0,0.0,
Kosak12,0.41967281744883506,0.0,0.0,,0.0010755001075500108,0.00045,2.3900002390000243,0.014387801438780145,0.00602,2.390000239000024
KosalaSandeepa2007,0.012122524082692931,0.0,0.0,,0.0,0.0,,0.0,0.0,
KoshkaMatrioshka,0.08928909299000627,0.0,0.0,,0.0,0.0,,0.0,0.0,
Kostina_Nadezhda,0.012122524082692931,0.0,0.0,,0.0,0.0,,0.0,0.0,
Kostukov_Alex,0.012122524082692931,0.0,0.0,,0.0,0.0,,0.0,0.0,
Kostya0705,0.012122524082692931,0.0,0.0,,0.0,0.0,,0.0,0.0,
Kostya_Nikologorskiy,0.012122524082692931,0.0,0.0,,0.0,0.0,,0.0,0.0,
Kotlyar_K,0.012122524082692931,0.0,0.0,,0.0,0.0,,0.0,0.0,
Kotofeyca,0.6827321135960328,0.0,0.0,,0.0,0.0,,0.0,0.0,
Koutsin,0.012122524082692931,0.0,0.0,,0.0,0.0,,0.0,0.0,
Kovalchuk94,0.01329049218635899,0.0,0.0,,0.0,0.0,,0.0,0.0,
Kowarenai,0.012122524082692931,0.0,0.0,,0.0,0.0,,0.0,0.0,
Kr1sjan1s_La2ars,0.14279047566518063,0.0,0.0,,0.0,0.0,,0.0,0.0,
Krakozia,0.012122524082692931,0.0,0.0,,0.004111842105263158,5e-05,82.23684210526315,0.06990131578947369,0.00085,82.23684210526316
Kratos031,0.012122524082692931,0.0,0.0,,0.0,0.0,,0.0,0.0,
Kretinovich,0.012122524082692931,0.0,0.0,,0.0,0.0,,0.0,0.0,
Kristof_08,0.012122524082692931,0.0,0.0,,0.0,0.0,,0.0,0.0,
Krlence,0.012122524082692931,0.0,0.0,,0.0,0.0,,0.0,0.0,
KrokerGuy,0.012122524082692931,0.0,0.0,,0.0,0.0,,0.0,0.0,
KrolPawel92OnTwitch,0.012122524082692931,0.0,0.0,,0.0,0.0,,0.0008084074373484236,1e-05,80.84074373484235
Kshetrapala_of_Chess,0.012122524082692931,0.0,0.0,,0.0,0.0,,0.0,0.0,
KuKu33Riya,0.012122524082692931,0.0,0.0,,0.0,0.0,,0.0,0.0,
KuanDan,0.012122524082692931,0.0,0.0,,0.0,0.0,,0.0,0.0,
KubaGepard,0.012122524082692931,0.0,0.0,,0.0,0.0,,0.0,0.0,
Kubas1010,0.012122524082692931,0.0,0.0,,0.0,0.0,,0.0,0.0,
Kumareshayyachamy,0.012122524082692931,0.0,0.0,,0.0,0.0,,0.0,0.0,
Kumi29,0.012122524082692931,0.0,0.0,,0.0,0.0,,0.0,0.0,
Kunalm64,0.012122524082692931,0.0,0.0,,0.0,0.0,,0.0,0.0,
Kushch_Nikolai,0.012122524082692931,0.0,0.0,,0.0,0.0,,0.0,0.0,
Kutyapofa,0.012122524082692931,0.0,0.0,,0.0,0.0,,0.0,0.0,
KuybokarovTemur,0.012122524082692931,0.0,0.0,,0.0,0.0,,0.0,0.0,
KuzubovYuriy,0.012122524082692931,0.006530612244897959,8e-05,81.63265306122449,0.02040816326530612,0.00025,81.63265306122449,0.0636734693877551,0.00078,81.63265306122449
KuzuevDanil,0.012122524082692931,0.0,0.0,,0.0,0.0,,0.0,0.0,
Kwsclt7,0.2601303345202403,0.0,0.0,,0.0,0.0,,0.0,0.0,
Kyrko_Gamba,0.012122524082692931,0.0,0.0,,0.0,0.0,,0.0,0.0,
KyronGriffith,0.021541501976284586,0.0,0.0,,0.0,0.0,,0.0,0.0,
L4ncer,0.012122524082692931,0.0,0.0,,0.0,0.0,,0.0,0.0,
LEGENYA1998,0.012122524082692931,0.0,0.0,,0.0,0.0,,0.0,0.0,
LIFE-OF-FIRE,0.02386237513873474,0.0,0.0,,0.0,0.0,,0.0,0.0,
LIUSIA,0.722071418842391,0.0,0.0,,0.0,0.0,,0.0,0.0,
LL220284LL,0.22449954525065127,0.0,0.0,,0.0,0.0,,0.0,0.0,
LLRChess,0.012122524082692931,0.0,0.0,,0.0,0.0,,0.0,0.0,
LLariMarc,0.012122524082692931,0.0,0.0,,0.0,0.0,,0.0,0.0,
LOVEVAE,0.012122524082692931,0.0,0.0,,0.0042158516020236085,5e-05,84.31703204047217,0.22849915682967958,0.00271,84.31703204047217
LPhoangquan,0.10237456789400011,0.0,0.0,,0.0,0.0,,0.0,0.0,
LSChess,0.15503535823060796,0.0,0.0,,0.0,0.0,,0.0,0.0,
LUISMIGUELOV,0.012122524082692931,0.0,0.0,,0.0,0.0,,0.0,0.0,
LaPiToB,0.012122524082692931,0.0,0.0,,0.0,0.0,,0.0,0.0,
LaStreetCmaMaison,0.012122524082692931,0.0,0.0,,0.0,0.0,,0.0,0.0,
Ladislav1969,0.012122524082692931,0.0,0.0,,0.0,0.0,,0.0,0.0,
LadyChessNV,0.25345837379905145,0.0,0.0,,0.0,0.0,,0.0,0.0,
Lady_Nika,0.20781378718256988,0.0,0.0,,0.0,0.0,,0.0,0.0,
Lagravesamuell,0.012122524082692931,0.0,0.0,,0.0,0.0,,0.0,0.0,
Lagunov1961,0.012122524082692931,0.0,0.0,,0.0,0.0,,0.0,0.0,
Laico,0.012122524082692931,0.0,0.0,,0.0,0.0,,0.0,0.0,
Lali-Rustavi,0.012122524082692931,0.0,0.0,,0.0,0.0,,0.0,0.0,
Lalitsahu,0.012122524082692931,0.0,0.0,,0.0,0.0,,0.0,0.0,
LamaChampetre,0.012122524082692931,0.0,0.0,,0.0,0.0,,0.0,0.0,
Lancelot120376,0.012122524082692931,0.0,0.0,,0.0,0.0,,0.0,0.0,
LangesNasenhaar,0.012122524082692931,0.0,0.0,,0.0,0.0,,0.0,0.0,
Langua_Chess,0.012122524082692931,0.0,0.0,,0.0,0.0,,0.0,0.0,
Lanshou,0.012122524082692931,0.0,0.0,,0.0,0.0,,0.0,0.0,
Larax,0.012122524082692931,0.0,0.0,,0.0,0.0,,0.0,0.0,
Larchikov,0.4881781683155274,0.0,0.0,,0.0,0.0,,0.0,0.0,
Larina_Maria,0.15621022804561355,0.0,0.0,,0.0,0.0,,0.0,0.0,
Lasallechess,0.012122524082692931,0.0,0.0,,0.0,0.0,,0.0,0.0,
LastGladiator1,0.012122524082692931,0.016764459346186086,0.0002,83.82229673093042,0.053646269907795474,0.00064,83.82229673093042,0.10477787091366303,0.00125,83.82229673093042
LastHeroJr,0.012122524082692931,0.0,0.0,,0.0,0.0,,0.0,0.0,
Latinachess,0.09858979908108927,0.0,0.0,,0.0,0.0,,0.0,0.0,
Laura145vian,0.0760090902858219,0.0,0.0,,0.0,0.0,,0.0,0.0,
Laurin_2009,0.35114260243841394,0.0,0.0,,0.0,0.0,,0.0,0.0,
Lavalitahumana,0.012122524082692931,0.0,0.0,,0.0,0.0,,0.0,0.0,
Lavandum24,0.012122524082692931,0.0,0.0,,0.0,0.0,,0.0,0.0,
Lavrov_Maxim,0.012122524082692931,0.0,0.0,,0.0,0.0,,0.0,0.0,
LawrenceTrent,0.012122524082692931,0.0,0.0,,0.0,0.0,,0.0,0.0,
LeRoidesChampions,0.09401257038016854,0.0,0.0,,0.0,0.0,,0.0,0.0,
Lector118,0.012122524082692931,0.0,0.0,,0.0,0.0,,0.0,0.0,
Leebit02,0.3142924916278103,0.0,0.0,,0.0,0.0,,0.0,0.0,
Legendinunknown,0.13541409277036856,0.00029808480512705867,4e-05,7.452120128176466,0.0017139876294805872,0.00023,7.452120128176466,0.004545793278187644,0.00061,7.452120128176466
Legit,0.012122524082692931,0.004842615012106538,6e-05,80.71025020177562,0.021791767554479417,0.00027,80.71025020177562,0.0516545601291364,0.00064,80.71025020177562
LeninGuerra,0.012122524082692931,0.0,0.0,,0.0,0.0,,0.0,0.0,
LenkaPtacnikova,0.012122524082692931,0.0,0.0,,0.0,0.0,,0.0,0.0,
Lennis93,0.24881051234735121,0.0,0.0,,0.0,0.0,,0.0,0.0,
LeoAlonso,0.8280364477377306,0.0,0.0,,0.0,0.0,,0.0,0.0,
LeoLV10,0.012122524082692931,0.0,0.0,,0.0,0.0,,0.0,0.0,
LeoWin2012,0.36364167011541004,0.0,0.0,,0.0,0.0,,0.0,0.0,
Leo_C,0.012122524082692931,0.0,0.0,,0.0,0.0,,0.0,0.0,
LeonardoL2005,0.012122524082692931,0.0,0.0,,0.0,0.0,,0.0,0.0,
Leonid_Starozhilov,0.7890087207292854,0.0,0.0,,0.0,0.0,,0.0,0.0,
Lerry0525,0.18257991841672558,0.0,0.0,,0.0,0.0,,0.0,0.0,
Lestofante90,0.012122524082692931,0.0,0.0,,0.0,0.0,,0.0,0.0,
Let_it_be_1,0.7001533631680622,0.0,0.0,,0.0,0.0,,0.0,0.0,
LevKotelva,0.35100568624819223,0.0,0.0,,0.0,0.0,,0.0,0.0,
Levanzovsky,0.012122524082692931,0.0,0.0,,0.0,0.0,,0.0,0.0,
LevonAronian,0.0,0.0,0.0,,0.0,0.0,,0.0,0.0,
LewAnatol,0.012122524082692931,0.0,0.0,,0.0,0.0,,0.0,0.0,
LiadCuba,0.012122524082692931,0.0,0.0,,0.0,0.0,,0.0,0.0,
LiamPutnam2008,0.23999153624960742,0.0,0.0,,0.0,0.0,,0.0006694560669456067,0.00016,4.184100418410042
Licancabur,0.012122524082692931,0.0,0.0,,0.0,0.0,,0.0,0.0,
LidongW,0.012122524082692931,0.0,0.0,,0.0,0.0,,0.0,0.0,
LiemLe,0.0,0.0,0.0,,0.0,0.0,,0.0,0.0,
LifeIsAllAboutChess23,0.012122524082692931,0.0,0.0,,0.0,0.0,,0.0,0.0,
LightningDragon8,0.012122524082692931,0.0,0.0,,0.0,0.0,,0.0,0.0,
LikeWater,0.012122524082692931,0.0,0.0,,0.0,0.0,,0.0,0.0,
LikelyChess13,0.012122524082692931,0.0,0.0,,0.0,0.0,,0.0,0.0,
Likvidator228,0.012122524082692931,0.0,0.0,,0.0,0.0,,0.0,0.0,
LileKoridze,0.24425659762416807,0.0,0.0,,0.0,0.0,,0.0,0.0,
Liljon_chess,0.012122524082692931,0.0,0.0,,0.0,0.0,,0.0,0.0,
Lilovence,0.0699990750524858,0.0,0.0,,0.0,0.0,,0.0,0.0,
Lily_Schirmbeck,0.012122524082692931,0.0,0.0,,0.0,0.0,,0.0,0.0,
LimeInTheCoconut,0.012122524082692931,0.0,0.0,,0.0,0.0,,0.0,0.0,
Limelight2727,0.012122524082692931,0.0,0.0,,0.0,0.0,,0.0,0.0,
Lion-Al-Messi,0.8674741986758624,0.0,0.0,,0.0,0.0,,0.0,0.0,
LionChessClub,0.012122524082692931,0.0,0.0,,0.0,0.0,,0.0,0.0,
LionDinamic,0.44481835631921,0.0,0.0,,0.0,0.0,,0.0,0.0,
LionKing2367890,0.2063192964485352,0.0,0.0,,0.0,0.0,,0.0,0.0,
LionTheLeon_06,0.5995102884949157,0.0,0.0,,0.0,0.0,,5.004003202562049e-05,3e-05,1.6680010675206831
Lion_68,0.012122524082692931,0.0,0.0,,0.0,0.0,,0.0,0.0,
Lion_DL,0.012122524082692931,0.0,0.0,,0.0,0.0,,0.0,0.0,
LionelMessiFCB,0.012122524082692931,0.0,0.0,,0.0,0.0,,0.0,0.0,
LittlePeasant,0.012122524082692931,0.0,0.0,,0.0,0.0,,0.0,0.0,
Little_Skib,0.634636182395097,0.0,0.0,,3.152187618207036e-05,2e-05,1.5760938091035177,0.011489723868364644,0.00729,1.576093809103518
LoaySameer,0.012122524082692931,0.0,0.0,,0.0,0.0,,0.0,0.0,
LogicBaba,0.15334933579131985,0.0,0.0,,0.0,0.0,,0.0,0.0,
Logman74,0.012122524082692931,0.0,0.0,,0.0,0.0,,0.0,0.0,
LogoCzar,0.012122524082692931,0.0,0.0,,0.0,0.0,,0.0,0.0,
Loiacono_Antonio,0.012122524082692931,0.0,0.0,,0.0,0.0,,0.0,0.0,
Longstom,0.012122524082692931,0.0,0.0,,0.0,0.0,,0.0,0.0,
LoonsDeKoeben,0.012122524082692931,0.0,0.0,,0.0,0.0,,0.0,0.0,
LordIron,0.01329049218635899,0.0,0.0,,0.0,0.0,,0.0,0.0,
LordanBoy,0.2062053132042793,0.0,0.0,,0.0,0.0,,0.0,0.0,
LoreleiCornelisse,0.012122524082692931,0.0,0.0,,0.0,0.0,,0.0,0.0,
Lorenzo_2012,0.4094444087394125,0.0,0.0,,0.0,0.0,,0.0,0.0,
LornerAcosta,0.012122524082692931,0.0,0.0,,0.0,0.0,,0.0,0.0,
LoruF,0.24307876049573607,0.0,0.0,,0.0,0.0,,0.0,0.0,
LosXodos,0.012122524082692931,0.0,0.0,,0.0,0.0,,0.0,0.0,
Losingexperience,0.09282938935384963,0.0,0.0,,0.0,0.0,,0.002711202689513068,0.00025,10.844810758052272
LostWanderer1,0.21266908549841676,0.0,0.0,,0.0,0.0,,0.0,0.0,
LouieKov2022,0.012122524082692931,0.0,0.0,,0.0,0.0,,0.0,0.0,
Louis-Paulsen-Fan,0.6373215330075164,0.0,0.0,,0.0,0.0,,0.0,0.0,
Love7Unicorn,0.012122524082692931,0.0,0.0,,0.0,0.0,,0.0,0.0,
Lovetov,0.012122524082692931,0.0,0.0,,0.0,0.0,,0.0,0.0,
Lovinski,0.012122524082692931,0.0,0.0,,0.0,0.0,,0.0,0.0,
LoydBlankenship,0.012122524082692931,0.0,0.0,,0.0,0.0,,0.0,0.0,
LubovMarkelova,0.012122524082692931,0.0,0.0,,0.0,0.0,,0.0,0.0,
Luca020707,0.012122524082692931,0.0,0.0,,0.0,0.0,,0.0,0.0,
LucaProtopopescu,0.012122524082692931,0.0,0.0,,0.0,0.0,,0.0,0.0,
LucasGL2013,0.19123306581938065,0.0,0.0,,0.0,0.0,,0.0,0.0,
Lucas_Calcada,0.012122524082692931,0.0,0.0,,0.0,0.0,,0.0,0.0,
Lucas_Tomiello,0.012122524082692931,0.0,0.0,,0.0,0.0,,0.0,0.0,
Lucasnzbr10,0.8589778857851699,0.0,0.0,,0.0,0.0,,0.0,0.0,
LuckIsMySkill,0.012122524082692931,0.0,0.0,,0.0,0.0,,0.0,0.0,
LuckyTiger,0.012122524082692931,0.0,0.0,,0.0,0.0,,0.0,0.0,
Lucky_Puncher,0.012122524082692931,0.0,0.0,,0.0,0.0,,0.0,0.0,
Lucsd,0.3438456217001678,0.0,0.0,,0.0,0.0,,0.0,0.0,
Ludin-Esteban-Jaimes-Gonz,0.4916552910649059,0.0,0.0,,0.0,0.0,,0.0,0.0,
LuisFSiles,0.6686324959532376,0.0,0.0,,0.0,0.0,,0.0,0.0,
LuizTFelizola,0.012122524082692931,0.0,0.0,,0.0,0.0,,0.0,0.0,
LukaRadovic0803,0.012122524082692931,0.0,0.0,,0.0,0.0,,0.0,0.0,
LukasLeBakken,0.07085534318098081,0.0,0.0,,0.0,0.0,,0.0,0.0,
Lukianoo,0.012122524082692931,0.0,0.0,,0.0,0.0,,0.0,0.0,
Luklei18,0.012122524082692931,0.0,0.0,,0.0,0.0,,0.0,0.0,
LuminaryHunter,0.012122524082692931,0.0,0.0,,0.0,0.0,,0.0,0.0,
LunaTheTuna2013,0.012122524082692931,0.0,0.0,,0.0,0.0,,0.0,0.0,
Lupul_Cenusiu,0.012122524082692931,0.0,0.0,,0.0,0.0,,0.0,0.0,
LyonBeast,0.07113023905874723,0.11454545454545455,0.00819,13.986013986013987,0.2847552447552448,0.02036,13.986013986013987,0.4306293706293706,0.03079,13.986013986013985
M-Mar04,0.012122524082692931,0.0,0.0,,0.0,0.0,,0.0,0.0,
M1711,0.012122524082692931,0.0,0.0,,0.0,0.0,,0.0,0.0,
M4444710,0.012122524082692931,0.0,0.0,,0.0,0.0,,0.0,0.0,
MAAKASU,0.012122524082692931,0.0,0.0,,0.0,0.0,,0.0,0.0,
MAGMAchess02,0.012122524082692931,0.0,0.0,,0.0,0.0,,0.0,0.0,
MAHanif,0.012122524082692931,0.0,0.0,,0.0,0.0,,0.0,0.0,
MANOJ_MISHRA123,0.012122524082692931,0.0,0.0,,0.0,0.0,,0.0,0.0,
MBA_CHESS_2021,0.012122524082692931,0.0,0.0,,0.0,0.0,,0.0,0.0,
MFBerna,0.012122524082692931,0.0,0.0,,0.0,0.0,,0.0,0.0,
MF_Malo,0.012122524082692931,0.0,0.0,,0.0,0.0,,0.0,0.0,
MFatigue,0.01329049218635899,0.0,0.0,,0.0,0.0,,0.0,0.0,
MFguimaraes,0.012122524082692931,0.0,0.0,,0.0,0.0,,0.0,0.0,
MIJulienSong,0.012122524082692931,0.0,0.0,,0.0,0.0,,0.0,0.0,
MIM06,0.012122524082692931,0.0,0.0,,0.0,0.0,,0.0,0.0,
MITerryble,0.999642565989839,0.003111369002361039,0.00311,1.0004401936852216,0.032814438352875265,0.0328,1.0004401936852214,0.16984473168194006,0.16977,1.0004401936852214
MIss_MIaMI,0.66540543811875,0.0,0.0,,0.0,0.0,,0.0,0.0,
MKlose11,0.0797730295380591,0.0,0.0,,0.0,0.0,,0.0,0.0,
MMAHDI2013,0.012122524082692931,0.0,0.0,,0.0,0.0,,0.0,0.0,
MMKZH22,0.012122524082692931,0.0,0.0,,0.0,0.0,,0.0,0.0,
MNyuyu,0.012122524082692931,0.0,0.0,,0.0,0.0,,0.0,0.0,
MOZZY1995,0.012122524082692931,0.0,0.0,,0.0,0.0,,0.0,0.0,
MRPedegru25,0.07354947009634595,0.0,0.0,,0.0,0.0,,0.0,0.0,
MTChess0207,0.012122524082692931,0.0,0.0,,0.0,0.0,,0.0,0.0,
MTyron,0.012122524082692931,0.0,0.0,,0.0,0.0,,0.0,0.0,
MVM2008,0.012122524082692931,0.0,0.0,,0.0,0.0,,0.0,0.0,
MY2010,0.3138568211912955,0.0,0.0,,0.0,0.0,,0.0,0.0,
MYMChessAcademy,0.012122524082692931,0.0,0.0,,0.0,0.0,,0.0,0.0,
MYS-EVS,0.04061312053347031,0.0,0.0,,0.0,0.0,,0.0,0.0,
M_Bozorov,0.012122524082692931,0.0,0.0,,0.0,0.0,,0.0,0.0,
M_One1126,0.012122524082692931,0.0,0.0,,0.0,0.0,,0.0,0.0,
M_Pank_537,0.5823628995072865,0.0,0.0,,0.0,0.0,,8.613561190738698e-05,5e-05,1.7227122381477395
M_asp009,0.012122524082692931,0.0,0.0,,0.0,0.0,,0.0,0.0,
MaLeK_Koniahli,0.4288227467360274,0.0,0.0,,0.0,0.0,,0.0,0.0,
MacDaddyMac,0.012122524082692931,0.0,0.0,,0.0,0.0,,0.0,0.0,
Mach1el,0.12312881746721573,0.0,0.0,,0.0,0.0,,0.0,0.0,
Machidon,0.012122524082692931,0.0,0.0,,0.0,0.0,,0.0,0.0,
Macho_2006,0.06524487758230826,0.022316043425814235,0.00148,15.078407720144753,0.06513872135102533,0.00432,15.078407720144753,0.12198431845597105,0.00809,15.078407720144753
Machteld145,0.012122524082692931,0.0,0.0,,0.0,0.0,,0.0,0.0,
Machteldvf,0.012122524082692931,0.0,0.0,,0.0,0.0,,0.0,0.0,
Mackster23,0.012122524082692931,0.0,0.0,,0.0,0.0,,0.0,0.0,
Macron20hTF1,0.03199135587610236,0.0,0.0,,0.0,0.0,,0.0,0.0,
MadheshKumar,0.012122524082692931,0.0,0.0,,0.0,0.0,,0.0,0.0,
Maect19,0.012122524082692931,0.0,0.0,,0.0,0.0,,0.0,0.0,
Maestro-Fermin,0.012122524082692931,0.0,0.0,,0.0,0.0,,0.0,0.0,
Maestro1986,0.012122524082692931,0.0,0.0,,0.0,0.0,,0.0,0.0,
MaestroCheck,0.64763821343057,0.0,0.0,,0.0,0.0,,0.0,0.0,
MaestroG,0.012122524082692931,0.0,0.0,,0.0,0.0,,0.0,0.0,
MaevskiyNikolay,0.012122524082692931,0.0,0.0,,0.0,0.0,,0.0,0.0,
Maftuna2303,0.012122524082692931,0.0,0.0,,0.0,0.0,,0.0,0.0,
Magic-Nelwyn,0.012122524082692931,0.0,0.0,,0.0,0.0,,0.0,0.0,
Magila31,0.4914046419530152,0.0,0.0,,0.0,0.0,,0.0,0.0,
Magionator,0.012122524082692931,0.0,0.0,,0.0,0.0,,0.0,0.0,
MagnusCarlsen,0.2734384620974137,0.2634268279233908,0.07166,3.6760651398742783,0.4592508179244936,0.12493,3.6760651398742787,0.612689776862846,0.16667,3.6760651398742783
Magste2007,0.20442413556881464,0.0,0.0,,0.0,0.0,,0.0,0.0,
Maikrosoft63,0.012122524082692931,0.0,0.0,,0.0,0.0,,0.0,0.0,
Maili15,0.012122524082692931,0.0,0.0,,0.0,0.0,,0.0,0.0,
MaineManFM,0.012122524082692931,0.0,0.0,,0.0,0.0,,0.0,0.0,
MaiqMaster,0.012122524082692931,0.0,0.0,,0.0,0.0,,0.0,0.0,
Maitreia,0.012122524082692931,0.0,0.0,,0.0,0.0,,0.0,0.0,
MajorCoast,0.012122524082692931,0.0,0.0,,0.0,0.0,,0.0,0.0,
Maksimus1998,0.012122524082692931,0.0,0.0,,0.0,0.0,,0.0,0.0,
Makswolf200817,0.012122524082692931,0.0,0.0,,0.0,0.0,,0.0,0.0,
MalcolmPein,0.012122524082692931,0.0,0.0,,0.0,0.0,,0.0,0.0,
Malena_10,0.012122524082692931,0.0,0.0,,0.0,0.0,,0.0,0.0,
Malev212,0.012122524082692931,0.0,0.0,,0.0,0.0,,0.0,0.0,
Malhar9,0.012122524082692931,0.0,0.0,,0.0,0.0,,0.0,0.0,
Malikova777,0.012122524082692931,0.0,0.0,,0.0,0.0,,0.0,0.0,
Malko-08,0.012122524082692931,0.0,0.0,,0.0,0.0,,0.0,0.0,
Maluco_do_Natal_00,0.012122524082692931,0.0,0.0,,0.0,0.0,,0.0,0.0,
MalyDominator,0.012122524082692931,0.0,0.0,,0.0,0.0,,0.0,0.0,
MammadzadaG,0.1345909602394203,0.0,0.0,,0.0,0.0,,0.0,0.0,
Man-Chuk,0.012122524082692931,0.006541291905151268,8e-05,81.76614881439083,0.02125919869174162,0.00026,81.76614881439085,0.028618152085036794,0.00035,81.76614881439085
ManMish2,0.1805265780283444,0.0,0.0,,0.0,0.0,,0.0,0.0,
Mandaloriana19,0.0546326664145192,0.0,0.0,,0.0,0.0,,0.0,0.0,
Manon-reja,0.012122524082692931,0.0,0.0,,0.0,0.0,,0.0,0.0,
Manu_ChessExcelsior,0.012122524082692931,0.0,0.0,,0.0,0.0,,0.0,0.0,
Manukyan_Artak,0.5977257032198028,0.0,0.0,,0.0,0.0,,0.0,0.0,
Manukyan_Artyom,0.012122524082692931,0.0,0.0,,0.0,0.0,,0.0,0.0,
MapleCheck,0.015965166908563134,0.0,0.0,,0.0,0.0,,0.0,0.0,
Marat_Gilfanov,0.22101374770758359,0.0,0.0,,0.0,0.0,,0.0,0.0,
MarcBarcelo,0.13388530749198468,0.0,0.0,,0.0,0.0,,0.0,0.0,
MarcLonoff,0.012122524082692931,0.0,0.0,,0.0,0.0,,0.0,0.0,
MarcSan95,0.012122524082692931,0.0,0.0,,0.0,0.0,,0.0,0.0,
Marcan2b,0.012122524082692931,0.03923205342237062,0.00047,83.47245409015026,0.13939899833055092,0.00167,83.47245409015025,0.18196994991652754,0.00218,83.47245409015025
MarcelWildi,0.012122524082692931,0.0,0.0,,0.0,0.0,,0.0,0.0,
MarceloPlaya,0.16617141987158862,0.0,0.0,,0.0,0.0,,0.0,0.0,
Marcin,0.012122524082692931,0.0,0.0,,0.0,0.0,,0.0,0.0,
MarcoRiehle,0.012122524082692931,0.0,0.0,,0.0,0.0,,0.0,0.0,
Marcul0,0.012122524082692931,0.0,0.0,,0.0008064516129032258,1e-05,80.64516129032258,0.0467741935483871,0.00058,80.64516129032258
Marcus_Harvey,0.012122524082692931,0.0,0.0,,0.0,0.0,,0.0,0.0,
MarekFizer,0.012122524082692931,0.0,0.0,,0.0,0.0,,0.0,0.0,
MareleAlb,0.11475653889799804,0.0,0.0,,0.0,0.0,,0.0,0.0,
Margency,0.012122524082692931,0.0,0.0,,0.0,0.0,,0.0,0.0,
Maria-Anistoroaei,0.22827550556819823,0.0,0.0,,0.0,0.0,,0.0,0.0,
MariaFominykh,0.012122524082692931,0.0,0.0,,0.0,0.0,,0.0,0.0,
MariamiJaniashvili,0.012122524082692931,0.0,0.0,,0.0,0.0,,0.0,0.0,
Marianov_Podstavnikov,0.012122524082692931,0.0,0.0,,0.0,0.0,,0.0,0.0,
Marianta2013,0.012122524082692931,0.0,0.0,,0.0,0.0,,0.0,0.0,
Marielchessy,0.012122524082692931,0.0,0.0,,0.0,0.0,,0.0,0.0,
Mariia89,0.012122524082692931,0.0,0.0,,0.0,0.0,,0.0,0.0,
MarijaKuznecova,0.02386237513873474,0.0,0.0,,0.0,0.0,,0.0,0.0,
Marina_Chess_Rus,0.012122524082692931,0.0,0.0,,0.0,0.0,,0.0,0.0,
MarkoPe,0.012122524082692931,0.0,0.0,,0.0,0.0,,0.0,0.0,
Markov_Mikhail,0.012122524082692931,0.0,0.0,,0.0,0.0,,0.0,0.0,
Marks1420,0.012122524082692931,0.0,0.0,,0.0,0.0,,0.0,0.0,
MarkusRagger,0.012122524082692931,0.0,0.0,,0.0,0.0,,0.01433389544688027,0.00017,84.31703204047217
MarlonJodar,0.012122524082692931,0.0,0.0,,0.0,0.0,,0.0,0.0,
Mars520,0.23588406844203325,0.0,0.0,,0.0,0.0,,0.0,0.0,
Martial2008,0.039538714991762765,0.0,0.0,,0.0,0.0,,0.0,0.0,
MartinBezuch_YouTube,0.012122524082692931,0.0,0.0,,0.0,0.0,,0.0,0.0,
MartinHollan,0.012122524082692931,0.0,0.0,,0.0,0.0,,0.0,0.0,
MartinMatthiesen,0.012122524082692931,0.0,0.0,,0.0,0.0,,0.0,0.0,
MartinOksendal,0.012122524082692931,0.0,0.0,,0.0,0.0,,0.0,0.0,
MarusyaKholyavko,0.026400515132002575,0.0,0.0,,0.0,0.0,,0.0,0.0,
MaryanKyrychenko,0.012122524082692931,0.0,0.0,,0.0,0.0,,0.0,0.0,
Maryna1P,0.012122524082692931,0.0,0.0,,0.0,0.0,,0.0,0.0,
MashaFromRussia,0.012122524082692931,0.0,0.0,,0.0,0.0,,0.0,0.0,
Masmos97,0.012122524082692931,0.02620802620802621,0.00032,81.9000819000819,0.12121212121212122,0.00148,81.9000819000819,0.2989352989352989,0.00365,81.90008190008189
Massakru,0.012122524082692931,0.0,0.0,,0.0,0.0,,0.0,0.0,
Massarioli,0.012122524082692931,0.0,0.0,,0.0,0.0,,0.0,0.0,
MasterAtracos,0.2120307405195136,0.0,0.0,,0.0,0.0,,0.0,0.0,
MasterBlaster_1111,0.015669149755972257,0.0,0.0,,0.0,0.0,,0.0,0.0,
MasterCheese379,0.4692711752138482,0.0,0.0,,0.0,0.0,,0.0,0.0,
MasterKroket,0.012122524082692931,0.0,0.0,,0.0,0.0,,0.0,0.0,
MasterSonnevanck23,0.012122524082692931,0.0,0.0,,0.0,0.0,,0.0,0.0,
Masterbeaterr,0.012122524082692931,0.0,0.0,,0.0,0.0,,0.0,0.0,
Masterisback04,0.012122524082692931,0.0,0.0,,0.0,0.0,,0.0,0.0,
MasterofMasters2006,0.012122524082692931,0.0,0.0,,0.0,0.0,,0.0,0.0,
Mata_ratas,0.012122524082692931,0.0,0.0,,0.0,0.0,,0.0,0.0,
Matalon,0.012122524082692931,0.0,0.0,,0.0,0.0,,0.0,0.0,
Match_FIghter,0.012122524082692931,0.0,0.0,,0.0,0.0,,0.0,0.0,
MateoReyes,0.012122524082692931,0.0,0.0,,0.0,0.0,,0.0,0.0,
MateusViageiro,0.012122524082692931,0.0,0.0,,0.0,0.0,,0.0,0.0,
Matheusmdr2005,0.012122524082692931,0.0,0.0,,0.0,0.0,,0.0,0.0,
MathiasCasalaspro,0.01329049218635899,0.0,0.0,,0.0,0.0,,0.0,0.0,
MathiasWomacka,0.012122524082692931,0.0,0.0,,0.0,0.0,,0.0,0.0,
MatiLandi84,0.012122524082692931,0.0,0.0,,0.0,0.0,,0.0,0.0,
Matibar,0.012122524082692931,0.0,0.0,,0.004971002485501243,6e-05,82.85004142502072,0.05550952775476388,0.00067,82.8500414250207
Matinghaffarifar,0.02386237513873474,0.0,0.0,,0.0,0.0,,0.0,0.0,
Matols,0.7610766062046416,0.0,0.0,,0.0,0.0,,0.0,0.0,
Matrix3x3a,0.012122524082692931,0.0,0.0,,0.0,0.0,,0.0,0.0,
Matsanovic,0.012122524082692931,0.0,0.0,,0.0,0.0,,0.0,0.0,
Mattheii,0.02386237513873474,0.0,0.0,,0.0,0.0,,0.0,0.0,
MatthewChess268,0.012122524082692931,0.0,0.0,,0.0,0.0,,0.0,0.0,
MatthewG-p4p,0.9018853077906037,3.325168198091353e-05,3e-05,1.1083893993637843,0.00128573170326199,0.00116,1.1083893993637843,0.009166380332738498,0.00827,1.1083893993637846
Matthew_Clarke,0.012122524082692931,0.0,0.0,,0.0,0.0,,0.0,0.0,
MattyDPerrine,0.012122524082692931,0.0,0.0,,0.0,0.0,,0.0,0.0,
Matvii_B,0.05624053123237733,0.0,0.0,,0.0,0.0,,0.0,0.0,
MatyChess1,0.4151552793853593,0.0,0.0,,0.0,0.0,,0.0,0.0,
Matycarcamo91,0.06664375682020582,0.0,0.0,,0.0,0.0,,0.0,0.0,
Maurijs,0.1548398025723992,0.0,0.0,,0.0,0.0,,0.0,0.0,
MaurinM,0.7343193325624418,0.0,0.0,,0.0,0.0,,0.0,0.0,
Maus7,0.5258319861963849,0.0,0.0,,0.0,0.0,,0.0,0.0,
MaxLeto,0.8034019717225439,0.0,0.0,,0.0,0.0,,0.0,0.0,
Maxfan2008,0.012122524082692931,0.0,0.0,,0.0,0.0,,0.0,0.0,
MaxiDag30,0.07323178610026596,0.0,0.0,,0.0,0.0,,0.0,0.0,
MaxiW2006,0.012122524082692931,0.0,0.0,,0.0,0.0,,0.0,0.0,
Maybe00,0.012122524082692931,0.053156146179401995,0.00064,83.05647840531562,0.13704318936877077,0.00165,83.05647840531562,0.1461794019933555,0.00176,83.05647840531562
Mazarini41,0.19885140730442416,0.0,0.0,,0.0,0.0,,0.0,0.0,
Mazetovic,0.012122524082692931,0.0,0.0,,0.0,0.0,,0.0,0.0,
Mbneu,0.012122524082692931,0.0,0.0,,0.0,0.0,,0.0,0.0,
McCarthyStone,0.17740045817396632,0.0,0.0,,0.0,0.0,,0.0,0.0,
McQueen444,0.19820550135056517,0.0,0.0,,0.0,0.0,,0.0,0.0,
McWzPk,0.07673380097753936,0.0,0.0,,0.0,0.0,,0.0,0.0,
MdChess1734,0.021541501976284586,0.0,0.0,,0.0,0.0,,0.0,0.0,
MdImranCM,0.012122524082692931,0.0,0.0,,0.0,0.0,,0.0,0.0,
MdSharifHossain,0.012122524082692931,0.0,0.0,,0.0,0.0,,0.0,0.0,
Me_ch_an,0.012122524082692931,0.0,0.0,,0.0,0.0,,0.0,0.0,
MeesvanOsch,0.012122524082692931,0.0,0.0,,0.0,0.0,,0.0,0.0,
Megagigahiper3345,0.012122524082692931,0.0,0.0,,0.0,0.0,,0.0,0.0,
MeisterJabo,0.012122524082692931,0.0,0.0,,0.0,0.0,,0.0,0.0,
MelihKaanCan,0.012122524082692931,0.0,0.0,,0.0,0.0,,0.0,0.0,
Mengmeng2020,0.012122524082692931,0.0,0.0,,0.0,0.0,,0.0,0.0,
Merci_Anna,0.012122524082692931,0.0,0.0,,0.0,0.0,,0.0,0.0,
MercilessVictory,0.43265274058593756,0.0,0.0,,0.0,0.0,,0.0,0.0,
MergenKakabaev,0.012122524082692931,0.0,0.0,,0.0,0.0,,0.0,0.0,
Meri-Arabidze,0.6915031709927962,0.0,0.0,,0.0,0.0,,0.0,0.0,
MerryPoppies,0.012122524082692931,0.0,0.0,,0.0,0.0,,0.0,0.0,
MerryRam,0.012122524082692931,0.0,0.0,,0.0,0.0,,0.0,0.0,
Mertceyhan35,0.3860878937615427,0.0,0.0,,0.0,0.0,,0.0,0.0,
Mesa_1,0.10465909505354073,0.0,0.0,,0.0,0.0,,0.0,0.0,
MessiKingdom,0.012122524082692931,0.0,0.0,,0.0,0.0,,0.0,0.0,
MeszarosGyorgy,0.012122524082692931,0.0,0.0,,0.0,0.0,,0.0,0.0,
Metadast,0.012122524082692931,0.0,0.0,,0.0,0.0,,0.0,0.0,
MetallChessBullet,0.012122524082692931,0.0,0.0,,0.0,0.0,,0.0,0.0,
MetiForce,0.5040290175889178,0.0001394283437904591,7e-05,1.9918334827208446,0.0034657902599342697,0.00174,1.9918334827208446,0.029180360521860373,0.01465,1.9918334827208446
MiFerz44,0.012122524082692931,0.0,0.0,,0.0,0.0,,0.0008361204013377926,1e-05,83.61204013377926
Miamichess,0.012122524082692931,0.0,0.0,,0.0,0.0,,0.0,0.0,
Michal_Fiedorek,0.039538714991762765,0.0,0.0,,0.0,0.0,,0.0,0.0,
Michalczak,0.012122524082692931,0.0,0.0,,0.0,0.0,,0.0,0.0,
Michelsan,0.012122524082692931,0.0,0.0,,0.0,0.0,,0.0,0.0,
Micki-taryan,0.48103874003806235,0.05785002929115407,0.02765,2.0922252908193153,0.14643484810444388,0.06999,2.0922252908193153,0.3931709766507658,0.18792,2.0922252908193153
Midgardsormur,0.015669149755972257,0.0,0.0,,0.0,0.0,,0.0,0.0,
MidnightFox,0.012122524082692931,0.0,0.0,,0.0,0.0,,0.0,0.0,
MightyGMpretender,0.06197397690668573,0.0,0.0,,0.0,0.0,,0.00048488766769031843,3e-05,16.162922256343947
MightyMike_009,0.012122524082692931,0.0,0.0,,0.0,0.0,,0.0,0.0,
Miguel-LA,0.5713792789414868,0.0,0.0,,0.0,0.0,,0.0,0.0,
MiguelBestard1981,0.012122524082692931,0.0,0.0,,0.0,0.0,,0.0,0.0,
Miguelito,0.012122524082692931,0.0,0.0,,0.0,0.0,,0.0,0.0,
Miguelitro69,0.012122524082692931,0.0,0.0,,0.0,0.0,,0.0,0.0,
Mihaiionescu1,0.012122524082692931,0.0,0.0,,0.0,0.0,,0.0,0.0,
Mihajlovskij,0.012122524082692931,0.0,0.0,,0.0,0.0,,0.0,0.0,
MikaKarttunen,0.37135574805722465,0.0,0.0,,0.0,0.0,,0.0,0.0,
MikaelyanArman,0.012122524082692931,0.000851063829787234,1e-05,85.1063829787234,0.010212765957446808,0.00012,85.1063829787234,0.03574468085106383,0.00042,85.1063829787234
Mikasinski,0.24841719874260548,0.0,0.0,,0.0,0.0,,0.0,0.0,
Mikayel99,0.012122524082692931,0.0,0.0,,0.0,0.0,,0.0,0.0,
Mike24147,0.012122524082692931,0.0,0.0,,0.0,0.0,,0.0,0.0,
MikeKorovin,0.012122524082692931,0.0,0.0,,0.0,0.0,,0.0,0.0,
MikeSailer,0.8999365742920995,0.0,0.0,,0.0,0.0,,0.0,0.0,
MikeWizard,0.3629759579607316,0.0,0.0,,0.0,0.0,,0.0,0.0,
Mikedannnn,0.012122524082692931,0.0,0.0,,0.0,0.0,,0.0,0.0,
MikhailPanin,0.015965166908563134,0.0,0.0,,0.0,0.0,,0.0,0.0,
Mikhail_Bryakin,0.26203416935255464,0.0,0.0,,0.0,0.0,,7.623403849818945e-05,2e-05,3.811701924909472
Mikhail_Golubev,0.012122524082692931,0.0,0.0,,0.0,0.0,,0.0,0.0,
Mikhal867,0.8629067879541832,0.0,0.0,,0.0,0.0,,0.0,0.0,
Miki_Gb,0.07219985071438963,0.0,0.0,,0.0,0.0,,0.0,0.0,
Mikozovna,0.012122524082692931,0.0,0.0,,0.0,0.0,,0.0,0.0,
Milana-Alex,0.04360812425328554,0.0,0.0,,0.0,0.0,,0.0,0.0,
Milchone1,0.012122524082692931,0.0,0.0,,0.0,0.0,,0.0,0.0,
Mili_Brizzi,0.012122524082692931,0.0,0.0,,0.0,0.0,,0.0,0.0,
Millerkallpa,0.012122524082692931,0.0,0.0,,0.0,0.0,,0.0,0.0,
MillyNeuf,0.012122524082692931,0.0,0.0,,0.0,0.0,,0.0,0.0,
Milop27,0.021541501976284586,0.0,0.0,,0.0,0.0,,0.0,0.0,
Mimsychess,0.012122524082692931,0.0,0.0,,0.0,0.0,,0.0,0.0,
MinaWael23,0.012122524082692931,0.0,0.0,,0.0,0.0,,0.0,0.0,
Mindhunter08,0.012122524082692931,0.0,0.0,,0.0,0.0,,0.0,0.0,
Mirchi_26,0.47157345882653623,0.0,0.0,,0.0,0.0,,0.0,0.0,
MiroMiljkovic,0.012122524082692931,0.0,0.0,,0.0,0.0,,0.0,0.0,
Mischuk_D,0.012122524082692931,0.0,0.0,,0.0,0.0,,0.0,0.0,
Mise2020,0.9685902779284947,0.0,0.0,,0.0,0.0,,0.0,0.0,
Misha_Bilous,0.012122524082692931,0.0,0.0,,0.0,0.0,,0.0,0.0,
MishkaFighter,0.012122524082692931,0.0,0.0,,0.0,0.0,,0.0,0.0,
Miss_JJ20,0.012122524082692931,0.0,0.0,,0.0,0.0,,0.0,0.0,
Missigirl,0.012122524082692931,0.0,0.0,,0.0,0.0,,0.0,0.0,
Mistango,0.012122524082692931,0.0,0.0,,0.0,0.0,,0.0,0.0,
Misterfox120,0.012122524082692931,0.0,0.0,,0.0,0.0,,0.0,0.0,
Misticpikachu,0.012122524082692931,0.0,0.0,,0.0,0.0,,0.0,0.0,
MithrandirJunior,0.012122524082692931,0.0,0.0,,0.0,0.0,,0.0,0.0,
Mitul,0.039538714991762765,0.0,0.0,,0.0,0.0,,0.0,0.0,
MlYAGl,0.012122524082692931,0.0,0.0,,0.0,0.0,,0.0,0.0,
Mlkkel,0.04360812425328554,0.0,0.0,,0.0,0.0,,0.0,0.0,
Mmukka,0.012122524082692931,0.0,0.0,,0.0,0.0,,0.0,0.0,
Mnatsakanyan-Aren2012,0.17548206143049863,0.0,0.0,,0.0,0.0,,0.0,0.0,
ModernRambo1,0.08088050490403645,0.0,0.0,,0.0,0.0,,0.0,0.0,
MohMoh75,0.012122524082692931,0.0,0.0,,0.0,0.0,,0.0,0.0,
Moiphatlakanyi,0.012122524082692931,0.0,0.0,,0.0,0.0,,0.0,0.0,
MojarritaDinamita,0.029278350515463916,0.0,0.0,,0.0,0.0,,0.0,0.0,
MokshAD1603,0.021541501976284586,0.0,0.0,,0.0,0.0,,0.00425531914893617,9e-05,47.28132387706856
MokshanovAlexey,0.012122524082692931,0.0,0.0,,0.0,0.0,,0.0,0.0,
MoldyTofu,0.012122524082692931,0.0,0.0,,0.0,0.0,,0.0,0.0,
MolecularChemist,0.012122524082692931,0.0,0.0,,0.0,0.0,,0.0,0.0,
Moncler08,0.012122524082692931,0.0,0.0,,0.0,0.0,,0.0,0.0,
Monmoransy,0.012122524082692931,0.0,0.0,,0.0,0.0,,0.0,0.0,
Monopolio123,0.4900190668986899,0.0,0.0,,0.0,0.0,,0.0,0.0,
MonsterChess_uz,0.10906709731799315,0.0,0.0,,0.0,0.0,,0.0,0.0,
Moon_stone123,0.012122524082692931,0.0,0.0,,0.0,0.0,,0.0,0.0,
Moonoo19,0.012122524082692931,0.0,0.0,,0.0,0.0,,0.0,0.0,
Mops_2004,0.0605800672164184,0.0,0.0,,0.0,0.0,,0.0008368200836820083,5e-05,16.736401673640167
MoreChessJulia,0.012122524082692931,0.0,0.0,,0.0,0.0,,0.0,0.0,
Morphozis,0.012122524082692931,0.0,0.0,,0.0,0.0,,0.0,0.0,
Morscas,0.012122524082692931,0.0,0.0,,0.0,0.0,,0.0,0.0,
MostafaSakha,0.708052784262737,0.0,0.0,,0.0,0.0,,0.0,0.0,
Mostii,0.012122524082692931,0.0,0.0,,0.0,0.0,,0.0,0.0,
Moultino06,0.012122524082692931,0.0,0.0,,0.0,0.0,,0.0,0.0,
Mourinho_Jose,0.012122524082692931,0.0,0.0,,0.0,0.0,,0.0,0.0,
Mouse-Sleep,0.012122524082692931,0.0,0.0,,0.0,0.0,,0.0,0.0,
Mr-Uteligger,0.46411895786739094,0.0,0.0,,0.0,0.0,,0.0,0.0,
MrAnnihilation,0.012122524082692931,0.0,0.0,,0.0,0.0,,0.0,0.0,
MrChampion_Coach,0.012122524082692931,0.0,0.0,,0.0,0.0,,0.0,0.0,
MrChessSponge,0.012122524082692931,0.0,0.0,,0.0,0.0,,0.0,0.0,
MrEscacs,0.012122524082692931,0.0,0.0,,0.0,0.0,,0.0,0.0,
MrKooshaChess_Twitch,0.012122524082692931,0.0,0.0,,0.0,0.0,,0.0,0.0,
MrLion3000,0.11324474956335896,0.0,0.0,,0.0,0.0,,0.0,0.0,
MrLudus,0.012122524082692931,0.0,0.0,,0.0,0.0,,0.0,0.0,
MrMatesM,0.012122524082692931,0.0,0.0,,0.0,0.0,,0.0,0.0,
MrRooke6,0.012122524082692931,0.0,0.0,,0.0,0.0,,0.0,0.0,
MrTattaglia,0.012122524082692931,0.01195219123505976,0.00015,79.6812749003984,0.03904382470119522,0.00049,79.6812749003984,0.08207171314741035,0.00103,79.68127490039839
Mr_Carabali,0.012122524082692931,0.0,0.0,,0.0,0.0,,0.0,0.0,
Mr_Heisenberg13,0.012122524082692931,0.03539094650205761,0.00043,82.30452674897118,0.11851851851851852,0.00144,82.30452674897118,0.13168724279835392,0.0016,82.3045267489712
Mr_Lion22,0.012122524082692931,0.0,0.0,,0.0,0.0,,0.0,0.0,
Mr_November18,0.012122524082692931,0.0,0.0,,0.0,0.0,,0.0,0.0,
Mr_crow_ua,0.012122524082692931,0.0,0.0,,0.0,0.0,,0.0,0.0,
Mr_ruthless,0.012122524082692931,0.0,0.0,,0.0,0.0,,0.0,0.0,
Mrlammy,0.012122524082692931,0.0,0.0,,0.0,0.0,,0.0,0.0,
Mrms05nnb,0.012122524082692931,0.0,0.0,,0.0,0.0,,0.0,0.0,
Mroziiu,0.01329049218635899,0.0,0.0,,0.0,0.0,,0.0,0.0,
Msb2,0.0,0.0,0.0,,0.0,0.0,,0.0,0.0,
Mudinoss,0.012122524082692931,0.0,0.0,,0.0,0.0,,0.0,0.0,
Mugiwara2b,0.012122524082692931,0.0,0.0,,0.0,0.0,,0.0,0.0,
MuhittinBuker,0.012122524082692931,0.0,0.0,,0.0,0.0,,0.0,0.0,
Muifel,0.012122524082692931,0.0,0.0,,0.0,0.0,,0.0,0.0,
MukasChess,0.015965166908563134,0.0,0.0,,0.0,0.0,,0.0,0.0,
Mumtozbegim,0.012122524082692931,0.0,0.0,,0.0,0.0,,0.0,0.0,
MunichMouse,0.012122524082692931,0.0,0.0,,0.0,0.0,,0.0,0.0,
Muracle,0.012122524082692931,0.0,0.0,,0.0,0.0,,0.0,0.0,
MuradNuri,0.012122524082692931,0.0,0.0,,0.0,0.0,,0.0,0.0,
Murad_Ibrahimli,0.012122524082692931,0.0,0.0,,0.009649122807017544,0.00011,87.71929824561404,0.09210526315789473,0.00105,87.71929824561404
Murtazin_Ruslan,0.012122524082692931,0.0,0.0,,0.0,0.0,,0.0,0.0,
MusicCityMaster,0.012122524082692931,0.0,0.0,,0.0,0.0,,0.0,0.0,
Muslim_player_05,0.012122524082692931,0.0,0.0,,0.0,0.0,,0.0,0.0,
MustafayevFarid2004,0.012122524082692931,0.0,0.0,,0.0,0.0,,0.0,0.0,
MuzisChess,0.5408055944470846,0.0,0.0,,0.0,0.0,,0.0,0.0,
Mvtuge,0.012122524082692931,0.0,0.0,,0.0,0.0,,0.0,0.0,
Mwhdi3000,0.2791140217041671,0.0,0.0,,0.0,0.0,,0.0,0.0,
MyDream003,0.012122524082692931,0.0,0.0,,0.0015698587127158557,2e-05,78.49293563579278,0.0282574568288854,0.00036,78.49293563579278
Mykola-Bortnyk,0.012122524082692931,0.0032599837000814994,4e-05,81.49959250203747,0.019559902200488997,0.00024,81.49959250203749,0.06845965770171149,0.00084,81.49959250203749
Mynameisbuba22,0.1525804474823935,0.0,0.0,,0.0,0.0,,0.0,0.0,
Myshakov_Fedor,0.012122524082692931,0.0,0.0,,0.0,0.0,,0.0,0.0,
Myst2500,0.012122524082692931,0.0,0.0,,0.0,0.0,,0.0,0.0,
Mysterio47,0.012122524082692931,0.0,0.0,,0.0,0.0,,0.0,0.0,
Mystery2007,0.012122524082692931,0.0,0.0,,0.0,0.0,,0.0,0.0,
N18player,0.012122524082692931,0.0,0.0,,0.0,0.0,,0.0,0.0,
N4700000,0.012122524082692931,0.0,0.0,,0.0,0.0,,0.0,0.0,
NAVAK2009,0.012122524082692931,0.0,0.0,,0.0,0.0,,0.0,0.0,
NCchamp,0.012122524082692931,0.0,0.0,,0.0,0.0,,0.0,0.0,
NDRVici,0.029278350515463916,0.0,0.0,,0.0,0.0,,0.0,0.0,
NFChess13,0.012122524082692931,0.0,0.0,,0.0,0.0,,0.004784688995215311,6e-05,79.74481658692184
NLLO777,0.17089479671129706,0.0,0.0,,0.0,0.0,,0.0,0.0,
NMBraveheart0820,0.012122524082692931,0.0,0.0,,0.0,0.0,,0.0,0.0,
NMChessToImpress,0.7040718131906795,0.0,0.0,,0.0,0.0,,0.0,0.0,
NMD0402,0.012122524082692931,0.0,0.0,,0.0,0.0,,0.0,0.0,
NMJeevanK,0.36535265710848025,0.0,0.0,,0.0,0.0,,0.0,0.0,
NMMoonraker,0.4196719175733399,0.0,0.0,,0.0,0.0,,0.0,0.0,
NMZanette,0.012122524082692931,0.0,0.0,,0.0,0.0,,0.0,0.0,
NM_Antelacus,0.012122524082692931,0.0,0.0,,0.0,0.0,,0.0,0.0,
NM_NHTT,0.012122524082692931,0.0,0.0,,0.0,0.0,,0.0,0.0,
NONmaster99,0.012122524082692931,0.0,0.0,,0.0,0.0,,0.0,0.0,
NTBT_DHS,0.012122524082692931,0.0,0.0,,0.0,0.0,,0.0,0.0,
NTDVAN12,0.012122524082692931,0.0,0.0,,0.0,0.0,,0.0,0.0,
N_I_Chess,0.01329049218635899,0.0,0.0,,0.0,0.0,,0.0,0.0,
N_Mullodzhanov,0.02386237513873474,0.0,0.0,,0.0,0.0,,0.0,0.0,
Na_binci,0.012122524082692931,0.0,0.0,,0.0,0.0,,0.0,0.0,
Nab_c,0.012122524082692931,0.0,0.0,,0.0,0.0,,0.0,0.0,
NaciSAN,0.012122524082692931,0.0,0.0,,0.0,0.0,,0.0,0.0,
Nadeev_Sergey,0.012122524082692931,0.0,0.0,,0.0,0.0,,0.0,0.0,
Nadtkins,0.012122524082692931,0.0,0.0,,0.0,0.0,,0.0,0.0,
Nagireocanon,0.5408335374609375,0.0,0.0,,0.0,0.0,,0.0,0.0,
NahIdTilt,0.012122524082692931,0.0,0.0,,0.0,0.0,,0.0,0.0,
NailBashirli,0.012122524082692931,0.0,0.0,,0.0,0.0,,0.0,0.0,
NajdorfPlayerc5,0.1827207536921918,0.0,0.0,,0.0,0.0,,0.0,0.0,
NanMKKhineHlyan,0.012122524082692931,0.0,0.0,,0.0,0.0,,0.0,0.0,
Nancy11111,0.012122524082692931,0.0,0.0,,0.0,0.0,,0.0,0.0,
Nandish_08,0.012122524082692931,0.0,0.0,,0.0,0.0,,0.0,0.0,
Nanditha_Chess,0.012122524082692931,0.0,0.0,,0.0,0.0,,0.0,0.0,
Nannn9,0.012122524082692931,0.0,0.0,,0.0,0.0,,0.0,0.0,
Naoki,0.012122524082692931,0.0,0.0,,0.0,0.0,,0.0,0.0,
Nara_Kh,0.012122524082692931,0.0,0.0,,0.0,0.0,,0.0,0.0,
Narek_Ghimoyan,0.012122524082692931,0.0,0.0,,0.0,0.0,,0.0,0.0,
NarigonCompadre,0.012122524082692931,0.0,0.0,,0.0,0.0,,0.0,0.0,
Naruna_Chan,0.012122524082692931,0.0,0.0,,0.0,0.0,,0.0,0.0,
Naruto-K,0.012122524082692931,0.0,0.0,,0.0,0.0,,0.0,0.0,
Naruto75_3,0.012122524082692931,0.0,0.0,,0.0,0.0,,0.0,0.0,
NasirAkylbekov,0.012122524082692931,0.0,0.0,,0.0,0.0,,0.0,0.0,
Nasrin_Babayeva,0.14055260194942956,0.0,0.0,,0.0,0.0,,0.0,0.0,
NastyChess74,0.012122524082692931,0.0,0.0,,0.0,0.0,,0.0,0.0,
NastyaHn,0.778910639689925,0.0,0.0,,0.0,0.0,,0.0,0.0,
Natalya_Buksa,0.012122524082692931,0.0,0.0,,0.0,0.0,,0.0,0.0,
NateSolon,0.012122524082692931,0.0,0.0,,0.0,0.0,,0.0,0.0,
NathanHoover,0.06655580037592122,0.0,0.0,,0.0,0.0,,0.0,0.0,
Nathan_Filgueiras,0.012122524082692931,0.0,0.0,,0.0,0.0,,0.0,0.0,
Navi_NazarPro,0.012122524082692931,0.0,0.0,,0.0,0.0,,0.0,0.0,
Navyblue1,0.13256672380925458,0.0,0.0,,0.0,0.0,,0.0,0.0,
Nayemhaque22,0.015965166908563134,0.0,0.0,,0.0,0.0,,0.0,0.0,
Nbk90,0.2528314131692206,0.0,0.0,,0.0,0.0,,0.0,0.0,
Ncatt,0.012122524082692931,0.0,0.0,,0.0,0.0,,0.0,0.0,
NeathanP,0.012122524082692931,0.0,0.0,,0.0,0.0,,0.0,0.0,
Nechitaylo_Nikita,0.012122524082692931,0.0,0.0,,0.0,0.0,,0.0,0.0,
Necromon,0.012122524082692931,0.0,0.0,,0.0,0.0,,0.0,0.0,
NedJulpie,0.012122524082692931,0.0,0.0,,0.0,0.0,,0.0,0.0,
NefeLV,0.012122524082692931,0.0,0.0,,0.0,0.0,,0.0,0.0,
Nekoo04,0.012122524082692931,0.0,0.0,,0.0,0.0,,0.0,0.0,
Nellichka,0.012122524082692931,0.0,0.0,,0.0,0.0,,0.0,0.0,
NelsonLinda,0.12752765697669238,0.0,0.0,,0.0,0.0,,0.0,0.0,
Nemegejas,0.012122524082692931,0.0,0.0,,0.0,0.0,,0.0,0.0,
NemoNescio,0.012122524082692931,0.0,0.0,,0.0,0.0,,0.0,0.0,
Nemsko,0.012122524082692931,0.0,0.0,,0.0,0.0,,0.0,0.0,
NeoTerNemo,0.012122524082692931,0.0,0.0,,0.00875796178343949,0.00011,79.61783439490445,0.12818471337579618,0.00161,79.61783439490445
NeonNinja73,0.012122524082692931,0.0,0.0,,0.0,0.0,,0.0,0.0,
Neseomrev,0.4766760405812094,0.0,0.0,,0.0,0.0,,0.0,0.0,
Nesty_Javi_Chess,0.012122524082692931,0.0,0.0,,0.0,0.0,,0.0,0.0,
NeverGiveUppp,0.012122524082692931,0.0,0.0,,0.0,0.0,,0.0,0.0,
NeverW84M8,0.012122524082692931,0.0,0.0,,0.0,0.0,,0.0,0.0,
NevorLegov,0.01329049218635899,0.0,0.0,,0.0,0.0,,0.022539444027047332,0.0003,75.13148009015778
NewBornNow,0.015965166908563134,0.0,0.0,,0.0,0.0,,0.0,0.0,
NewPlayerOrIsHe,0.07323255331117065,0.0,0.0,,0.0,0.0,,0.0,0.0,
NewYearGirl,0.012122524082692931,0.0,0.0,,0.0,0.0,,0.0,0.0,
New_Player_0010,0.012122524082692931,0.0,0.0,,0.0,0.0,,0.0,0.0,
NexoKnight11,0.2967486515157421,0.0,0.0,,0.0,0.0,,0.0,0.0,
Nf3c5,0.012122524082692931,0.0,0.0,,0.0,0.0,,0.0,0.0,
NguyenHlb,0.012122524082692931,0.0,0.0,,0.0,0.0,,0.0,0.0,
NguyenQuangAnh3112,0.17640839402431976,0.0,0.0,,0.0,0.0,,0.0,0.0,
NicholasTakano,0.015669149755972257,0.0,0.0,,0.0,0.0,,0.0,0.0,
Nick12772,0.012122524082692931,0.0,0.0,,0.0,0.0,,0.0,0.0,
NickKR,0.384672728648333,0.0,0.0,,0.0,0.0,,0.0,0.0,
Nicki2013,0.4312311072558673,0.0,0.0,,0.0,0.0,,0.0,0.0,
Niclox,0.012122524082692931,0.0,0.0,,0.0,0.0,,0.0025951557093425604,3e-05,86.50519031141867
NicolaiMaxime,0.012122524082692931,0.0,0.0,,0.0,0.0,,0.0,0.0,
Nicolas_2509,0.02386237513873474,0.0,0.0,,0.0,0.0,,0.0,0.0,
Nicolas_Chess10,0.012122524082692931,0.0,0.0,,0.0,0.0,,0.0,0.0,
Nicolas_DeLaColina,0.012122524082692931,0.0,0.0,,0.0,0.0,,0.0,0.0,
Nicolik,0.16014429685734777,0.0,0.0,,0.0,0.0,,0.0,0.0,
NicolleM13,0.012122524082692931,0.0,0.0,,0.0,0.0,,0.0,0.0,
NigelDwarf,0.012122524082692931,0.0,0.0,,0.0,0.0,,0.0,0.0,
Nigerianprodigy,0.012122524082692931,0.0,0.0,,0.0,0.0,,0.0,0.0,
NightOfzero_on_fire,0.012122524082692931,0.0,0.0,,0.0,0.0,,0.0,0.0,
NightOwlCalculator,0.012122524082692931,0.0,0.0,,0.0,0.0,,0.0,0.0,
NigiriSushies,0.08627239079438126,0.0,0.0,,0.0,0.0,,0.0,0.0,
Niilo1,0.17373253399012226,0.0,0.0,,0.0,0.0,,0.0,0.0,
NikFil2013,0.1756814917014527,0.0,0.0,,0.0,0.0,,0.0,0.0,
NikaVolkov,0.015669149755972257,0.0,0.0,,0.0,0.0,,0.0,0.0,
Nikhiil_M,0.012122524082692931,0.0,0.0,,0.0,0.0,,0.0,0.0,
NikitaShandrygin,0.9432247573612141,0.0,0.0,,0.0,0.0,,0.0007533316356845769,0.00071,1.0610304727951787
NikitaShnadrygin,0.012122524082692931,0.0,0.0,,0.0,0.0,,0.0,0.0,
Nikita_Klepikov,0.012122524082692931,0.0,0.0,,0.0,0.0,,0.0,0.0,
Nikitaka16,0.012122524082692931,0.0,0.0,,0.0,0.0,,0.0,0.0,
NiklasSchmider,0.43649487523900277,0.0,0.0,,0.0,0.0,,0.0,0.0,
NikoTheodorou,0.41390356095153036,0.008066463797517269,0.00334,2.415108921412356,0.062092450369511665,0.02571,2.415108921412356,0.19815968700188377,0.08205,2.415108921412356
NikolaGry,0.012122524082692931,0.0,0.0,,0.0,0.0,,0.0,0.0,
Nikolaj_Katishonok,0.012122524082692931,0.0,0.0,,0.0,0.0,,0.0,0.0,
Nikolakis2014,0.3848167602255521,0.0,0.0,,0.0,0.0,,0.00010373982053011048,4e-05,2.593495513252762
Nikolas1408,0.01329049218635899,0.0,0.0,,0.0,0.0,,0.0,0.0,
Niktlt,0.012122524082692931,0.0,0.0,,0.0,0.0,,0.0,0.0,
Nils_03,0.012122524082692931,0.0,0.0,,0.0,0.0,,0.0,0.0,
Nimmy-A-George,0.012122524082692931,0.0,0.0,,0.0,0.0,,0.0,0.0,
Nimrod_Veinberg,0.012122524082692931,0.0,0.0,,0.0008298755186721991,1e-05,82.9875518672199,0.005809128630705394,7e-05,82.98755186721992
NinoMaisuradze,0.012122524082692931,0.0,0.0,,0.0,0.0,,0.0,0.0,
Ninocanina,0.012122524082692931,0.0,0.0,,0.0,0.0,,0.0,0.0,
NiranjanNavalgund,0.1506032079932779,0.0,0.0,,0.0,0.0,,0.0,0.0,
NitaLucian,0.012122524082692931,0.0,0.0,,0.0,0.0,,0.0,0.0,
NitishArun,0.19734285376651825,0.0,0.0,,0.0,0.0,,0.0,0.0,
Nitzan_Steinberg,0.307421712892084,0.0001953506544246923,6e-05,3.2558442404115384,0.001432571465781077,0.00044,3.2558442404115384,0.007521000195350655,0.00231,3.255844240411539
NiviAttack,0.7368261635125263,0.0,0.0,,0.0,0.0,,0.0,0.0,
Njal28,0.07841169233261906,0.010583376355188436,0.00082,12.906556530717605,0.05072276716572018,0.00393,12.906556530717603,0.14352090862157976,0.01112,12.906556530717605
NoDrawBeforeMove64,0.012122524082692931,0.0,0.0,,0.0,0.0,,0.0,0.0,
NoGalloNoParty,0.012122524082692931,0.0,0.0,,0.0,0.0,,0.0,0.0,
NoHeThTo,0.3486919334844809,0.0,0.0,,0.0,0.0,,0.0,0.0,
NoMercy_Ukr,0.03206997084548104,0.0,0.0,,0.0,0.0,,0.0,0.0,
NoSpaghettiForYou,0.012122524082692931,0.0,0.0,,0.0,0.0,,0.0,0.0,
NoVabbeSeiUnGenio,0.039538714991762765,0.0,0.0,,0.0,0.0,,0.0,0.0,
No_t_ime_to_die,0.012122524082692931,0.0,0.0,,0.0,0.0,,0.0,0.0,
NoboaKevin1999,0.012122524082692931,0.0,0.0,,0.0,0.0,,0.0,0.0,
Nobodyjeroen,0.06108805973764863,0.0,0.0,,0.0,0.0,,0.0,0.0,
NodariousBIG,0.599056230322003,0.0,0.0,,0.0,0.0,,0.0013474846952355602,0.00081,1.663561352142667
Noki102,0.012122524082692931,0.0,0.0,,0.0,0.0,,0.0,0.0,
Noname372k,0.05461464758680126,0.0,0.0,,0.0,0.0,,0.0,0.0,
Nor1lsk,0.012122524082692931,0.0,0.0,,0.0,0.0,,0.0,0.0,
NotFMJoshYet,0.09212172061909549,0.0,0.0,,0.0,0.0,,0.0,0.0,
NotFischer,0.012122524082692931,0.0,0.0,,0.0,0.0,,0.0,0.0,
NottheBishopSacrifice,0.17641189188227757,0.0,0.0,,0.0,0.0,,0.0,0.0,
Nouali_Mohamed,0.012122524082692931,0.0,0.0,,0.0,0.0,,0.0,0.0,
NovakCabarkapa,0.012122524082692931,0.0,0.0,,0.0,0.0,,0.0,0.0,
NovakRatko,0.012122524082692931,0.0,0.0,,0.0,0.0,,0.0,0.0,
NovikovaGalina,0.012122524082692931,0.0,0.0,,0.0,0.0,,0.0,0.0,
NovoselovRoman,0.012122524082692931,0.0,0.0,,0.0,0.0,,0.0,0.0,
NovozhilovSemen,0.012122524082692931,0.0,0.0,,0.0,0.0,,0.004366812227074236,5e-05,87.3362445414847
NowInChess,0.7344768948296758,0.0,0.0,,0.0,0.0,,0.0,0.0,
Nozdrachev_Leonid,0.015669149755972257,0.0,0.0,,0.0,0.0,,0.0,0.0,
NtcPou,0.012122524082692931,0.0,0.0,,0.0,0.0,,0.0,0.0,
NuAthena,0.03206997084548104,0.0,0.0,,0.0,0.0,,0.0,0.0,
Nurali3012,0.029278350515463916,0.0,0.0,,0.0,0.0,,0.0,0.0,
Nurelina12,0.012122524082692931,0.0,0.0,,0.0,0.0,,0.0,0.0,
NusratAlo,0.012122524082692931,0.0,0.0,,0.0,0.0,,0.0,0.0,
Nutflush,0.012122524082692931,0.0,0.0,,0.0,0.0,,0.0,0.0,
NutsOnTheBoard,0.37283148828747203,0.0,0.0,,0.0,0.0,,0.0,0.0,
Nuvas,0.0446927374301676,0.0,0.0,,0.0,0.0,,0.0,0.0,
Nyameba,0.012122524082692931,0.0,0.0,,0.0,0.0,,0.0,0.0,
ODreamchess,0.012122524082692931,0.0,0.0,,0.0,0.0,,0.0,0.0,
OIAM03,0.012122524082692931,0.0,0.0,,0.0,0.0,,0.0,0.0,
OK97,0.012122524082692931,0.0,0.0,,0.0,0.0,,0.0008156606851549756,1e-05,81.56606851549755
OLDTERMINATOR,0.012122524082692931,0.0,0.0,,0.0,0.0,,0.0,0.0,
OPQRC,0.5051189055274431,0.0,0.0,,0.0,0.0,,0.0,0.0,
OTSz,0.012122524082692931,0.0,0.0,,0.0,0.0,,0.0,0.0,
OW321,0.012122524082692931,0.0,0.0,,0.0,0.0,,0.0,0.0,
OYAcosta,0.012122524082692931,0.0,0.0,,0.0,0.0,,0.0,0.0,
O_Dgerman,0.5929199595592538,0.0,0.0,,0.0,0.0,,0.0,0.0,
ObidObad,0.012122524082692931,0.0,0.0,,0.0,0.0,,0.0,0.0,
Obito24,0.012122524082692931,0.0,0.0,,0.0,0.0,,0.0,0.0,
OdaSkramstad,0.012122524082692931,0.0,0.0,,0.0,0.0,,0.0,0.0,
OglazaOskar2005,0.012122524082692931,0.0,0.0,,0.0,0.0,,0.0,0.0,
OhanyanEminChess,0.15195558068301873,0.0,0.0,,6.576351440220966e-05,1e-05,6.576351440220965,0.01723004077337893,0.00262,6.576351440220965
OkkotsuYuta03,0.012122524082692931,0.0,0.0,,0.0,0.0,,0.0,0.0,
Ol_Bilych,0.012122524082692931,0.0,0.0,,0.0,0.0,,0.0,0.0,
OlaaLa,0.012122524082692931,0.0,0.0,,0.0,0.0,,0.0,0.0,
OldweakGM,0.012122524082692931,0.0,0.0,,0.0,0.0,,0.0,0.0,
Oleg_Papayan,0.012122524082692931,0.0,0.0,,0.0,0.0,,0.0,0.0,
OleksandrProkhorov,0.03206997084548104,0.0,0.0,,0.0,0.0,,0.0,0.0,
Oleksandr_Bortnyk,0.9201259896633053,0.026911873396808835,0.02476,1.0869092648145733,0.09330029129168298,0.08584,1.0869092648145733,0.2184144167644885,0.20095,1.0869092648145733
Olga_Girya,0.021541501976284586,0.0,0.0,,0.0,0.0,,0.0,0.0,
Oligan22,0.012122524082692931,0.0,0.0,,0.0,0.0,,0.0,0.0,
Oliver_Wartiovaara,0.06273062009718362,0.0,0.0,,0.0,0.0,,0.0,0.0,
Olya_Oblachko,0.012122524082692931,0.0,0.0,,0.0,0.0,,0.0,0.0,
Omk124,0.012122524082692931,0.0,0.0,,0.0,0.0,,0.0,0.0,
Omranalhosani21,0.012122524082692931,0.0,0.0,,0.0,0.0,,0.0,0.0,
OneTrickPony_82,0.012122524082692931,0.0,0.0,,0.0,0.0,,0.0,0.0,
Oneiros0201,0.0446927374301676,0.0,0.0,,0.0,0.0,,0.0,0.0,
Onischuk_V,0.012122524082692931,0.0,0.0,,0.0,0.0,,0.0,0.0,
OnlyFlagNoSkill,0.012122524082692931,0.0,0.0,,0.0,0.0,,0.0,0.0,
OnslowChess,0.051197488338909684,0.0,0.0,,0.0,0.0,,0.0,0.0,
Onthequiet,0.012122524082692931,0.0,0.0,,0.0,0.0,,0.0,0.0,
OnurCinarEngin7,0.03206997084548104,0.0,0.0,,0.0,0.0,,0.0,0.0,
OparinGrigoriy,0.4634271217852713,0.01045326206435761,0.00485,2.1553117658469296,0.0341185852533569,0.01583,2.1553117658469296,0.08608315192792637,0.03994,2.1553117658469296
OppieZippy,0.012122524082692931,0.0,0.0,,0.0,0.0,,0.0,0.0,
Orange_Ghost,0.012122524082692931,0.0,0.0,,0.0,0.0,,0.0,0.0,
Ordekalog,0.012122524082692931,0.0,0.0,,0.0,0.0,,0.0,0.0,
Oreonly,0.012122524082692931,0.0,0.0,,0.0,0.0,,0.0,0.0,
Orest_Vovk,0.6956479677109556,0.0,0.0,,0.0,0.0,,0.0,0.0,
OriTaichman,0.012122524082692931,0.0,0.0,,0.0,0.0,,0.0,0.0,
Orkhan_Eminov,0.012122524082692931,0.0,0.0,,0.0,0.0,,0.0,0.0,
Orphanator2009,0.012122524082692931,0.0,0.0,,0.0,0.0,,0.0,0.0,
OrtizAnahi2001,0.012122524082692931,0.0,0.0,,0.0,0.0,,0.0,0.0,
Orujov2008,0.012122524082692931,0.0,0.0,,0.0,0.0,,0.0,0.0,
Os55555,0.012122524082692931,0.0,0.0,,0.0,0.0,,0.0,0.0,
OurDudeness,0.012122524082692931,0.0,0.0,,0.0,0.0,,0.0,0.0,
OutlawedGangster,0.36580066924579535,0.0,0.0,,0.0,0.0,,0.0,0.0,
OverallStranger,0.012122524082692931,0.0,0.0,,0.0,0.0,,0.0,0.0,
PDS7603,0.012122524082692931,0.0,0.0,,0.0,0.0,,0.0,0.0,
PEACE_POWER,0.012122524082692931,0.0,0.0,,0.0,0.0,,0.0,0.0,
PIwan,0.012122524082692931,0.0,0.0,,0.0,0.0,,0.0,0.0,
PLAYER_2006_M,0.012122524082692931,0.003980891719745223,5e-05,79.61783439490445,0.02388535031847134,0.0003,79.61783439490448,0.07643312101910828,0.00096,79.61783439490445
PNEPaul,0.012122524082692931,0.0,0.0,,0.0,0.0,,0.0,0.0,
PSvidler,0.012122524082692931,0.0,0.0,,0.0,0.0,,0.0,0.0,
P_DISCIPLINE,0.01329049218635899,0.0,0.0,,0.0,0.0,,0.0,0.0,
PaZwa,0.012122524082692931,0.0,0.0,,0.0,0.0,,0.0,0.0,
PabloZarnicki,0.012122524082692931,0.0,0.0,,0.0,0.0,,0.0,0.0,
Pachonpower,0.07855027422823577,0.0,0.0,,0.0,0.0,,0.0,0.0,
PacingRope,0.012122524082692931,0.0,0.0,,0.0,0.0,,0.0,0.0,
Padelator,0.012122524082692931,0.0,0.0,,0.0,0.0,,0.0,0.0,
PaimpolExpress,0.012122524082692931,0.0,0.0,,0.0,0.0,,0.0,0.0,
PainTrain08,0.22634329051406732,0.0,0.0,,0.0,0.0,,0.0,0.0,
Pakarma,0.012122524082692931,0.0,0.0,,0.0,0.0,,0.0,0.0,
Paladin61,0.012122524082692931,0.0,0.0,,0.0,0.0,,0.0,0.0,
Panchenko_Dmitry,0.012122524082692931,0.0,0.0,,0.0,0.0,,0.0,0.0,
Pandaguy4000,0.021541501976284586,0.0,0.0,,0.0,0.0,,0.0,0.0,
Pantata007,0.012122524082692931,0.0,0.0,,0.0,0.0,,0.0,0.0,
Papa12341234,0.012122524082692931,0.0,0.0,,0.0008257638315441783,1e-05,82.57638315441783,0.042939719240297276,0.00052,82.57638315441784
PapaieDudu,0.0446927374301676,0.0,0.0,,0.0,0.0,,0.0,0.0,
PaparovGR,0.012122524082692931,0.0,0.0,,0.0,0.0,,0.0,0.0,
Papas_con_nuggets,0.4030353683651363,0.0,0.0,,0.0,0.0,,0.0,0.0,
PapiPapita,0.012122524082692931,0.0,0.0,,0.0,0.0,,0.0,0.0,
PapusoiBatran26,0.026400515132002575,0.0,0.0,,0.0,0.0,,0.0,0.0,
ParagonFighter,0.012122524082692931,0.0,0.0,,0.0,0.0,,0.0,0.0,
Paralinch,0.012122524082692931,0.0,0.0,,0.0,0.0,,0.060034305317324184,0.0007,85.76329331046313
Parhamov,0.8812677969947769,0.06342763195192472,0.05594,1.133851125347242,0.15221951357786723,0.13425,1.1338511253472419,0.30074267248710246,0.26524,1.133851125347242
Partytime1126,0.012122524082692931,0.0,0.0,,0.0,0.0,,0.0,0.0,
Pasmendjambvirgulptipon98,0.012122524082692931,0.0,0.0,,0.0,0.0,,0.0,0.0,
PassedPawnMustPushed,0.012122524082692931,0.0,0.0,,0.0,0.0,,0.0,0.0,
Pastore1978,0.012122524082692931,0.0,0.0,,0.0,0.0,,0.0,0.0,
Patolindo,0.012122524082692931,0.0,0.0,,0.0,0.0,,0.0,0.0,
Patricius007,0.36587122926657495,0.0,0.0,,0.0,0.0,,0.0,0.0,
PatrickStawr,0.03206997084548104,0.0,0.0,,0.0,0.0,,0.0,0.0,
PatrykB8,0.012122524082692931,0.0,0.0,,0.0,0.0,,0.0,0.0,
PattyCastillo,0.08928895394395862,0.0,0.0,,0.0,0.0,,0.0,0.0,
Patzel09,0.012122524082692931,0.0,0.0,,0.0,0.0,,0.0,0.0,
Paulewski,0.012122524082692931,0.0,0.0,,0.0,0.0,,0.0,0.0,
PavelChernomordik,0.012122524082692931,0.0,0.0,,0.0,0.0,,0.0,0.0,
PavelShkapenko,0.012122524082692931,0.0,0.0,,0.0,0.0,,0.0,0.0,
PavlovDanila,0.012122524082692931,0.0,0.0,,0.0,0.0,,0.0,0.0,
PawelCzarnota,0.012122524082692931,0.0,0.0,,0.0,0.0,,0.0,0.0,
PawnEatingZombie,0.026400515132002575,0.0,0.0,,0.0,0.0,,0.0,0.0,
PawnStorn,0.012122524082692931,0.0,0.0,,0.0,0.0,,0.0,0.0,
Pawngobblerx2000,0.012122524082692931,0.0,0.0,,0.0,0.0,,0.0,0.0,
Pawnpusher1245,0.012122524082692931,0.0,0.0,,0.0,0.0,,0.0,0.0,
Pawnpusherschessaccademy,0.012122524082692931,0.0,0.0,,0.0,0.0,,0.0,0.0,
Payyappat,0.3705359683676144,0.0,0.0,,0.0,0.0,,0.0,0.0,
PeacefulWarrior888,0.060135280757191115,0.0,0.0,,0.0,0.0,,0.001992362609995019,0.00012,16.60302174995849
Pearl1988,0.012122524082692931,0.0,0.0,,0.0,0.0,,0.0,0.0,
PedagandhamSaketh,0.03206997084548104,0.0,0.0,,0.0,0.0,,0.0,0.0,
Pedrada88,0.012122524082692931,0.0,0.0,,0.0,0.0,,0.0,0.0,
PedroGil25,0.012122524082692931,0.0,0.0,,0.0,0.0,,0.0,0.0,
PelinGorki,0.029278350515463916,0.0,0.0,,0.0,0.0,,0.0,0.0,
Pellegrino_Chess,0.039538714991762765,0.0,0.0,,0.0,0.0,,0.0,0.0,
Pelopidass,0.012122524082692931,0.0,0.0,,0.0,0.0,,0.0,0.0,
Pelusiansky,0.012122524082692931,0.0,0.0,,0.0,0.0,,0.0,0.0,
Penafiel-Josselyne02,0.012122524082692931,0.0,0.0,,0.0,0.0,,0.0,0.0,
Pendos666,0.012122524082692931,0.0,0.0,,0.0,0.0,,0.0,0.0,
Peng_Li-Min,0.012122524082692931,0.0,0.0,,0.0,0.0,,0.0,0.0,
PenguinPacks,0.012122524082692931,0.0,0.0,,0.0,0.0,,0.0,0.0,
PepeCuenca,0.0672093793888483,0.0,0.0,,0.0,0.0,,0.0,0.0,
Perdomov,0.012122524082692931,0.0,0.0,,0.0,0.0,,0.0,0.0,
Perecke,0.12395756496047235,0.0,0.0,,0.0,0.0,,0.0,0.0,
Peroncio,0.012122524082692931,0.0,0.0,,0.0,0.0,,0.0,0.0,
Pertinhez76,0.012122524082692931,0.0,0.0,,0.0,0.0,,0.0,0.0,
Pesandu_Liyanage_1,0.1783719545714053,0.0,0.0,,0.0,0.0,,0.0,0.0,
PeshkaCh,0.012122524082692931,0.0,0.0,,0.0,0.0,,0.007475083056478406,9e-05,83.05647840531562
PeterJJackson,0.012122524082692931,0.0,0.0,,0.0,0.0,,0.0,0.0,
PeterJackson04,0.012122524082692931,0.0,0.0,,0.0,0.0,,0.0,0.0,
PetrSoucek,0.012122524082692931,0.0,0.0,,0.0,0.0,,0.0,0.0,
Petrakejzar96,0.012122524082692931,0.0,0.0,,0.0,0.0,,0.0,0.0,
PetrolulSah,0.012122524082692931,0.0,0.0,,0.0,0.0,,0.0,0.0,
Petrovic_Aleksa,0.012122524082692931,0.0,0.0,,0.0,0.0,,0.0,0.0,
Petukhov_Dmitry,0.012122524082692931,0.0,0.0,,0.0,0.0,,0.0,0.0,
Phamtrangiaphuc2009,0.012122524082692931,0.0,0.0,,0.0,0.0,,0.0,0.0,
Phantom671,0.012122524082692931,0.0,0.0,,0.0,0.0,,0.0,0.0,
PhileKhoob,0.012122524082692931,0.0,0.0,,0.0,0.0,,0.0,0.0,
Philippians46,0.012122524082692931,0.038834951456310676,0.00048,80.9061488673139,0.13106796116504854,0.00162,80.90614886731392,0.34061488673139156,0.00421,80.9061488673139
Philos_85,0.012122524082692931,0.0,0.0,,0.0,0.0,,0.0,0.0,
Philosopherrr,0.07895654958486835,0.0,0.0,,0.0,0.0,,0.0,0.0,
Phriex,0.012122524082692931,0.0,0.0,,0.0,0.0,,0.0,0.0,
Phuzer,0.012122524082692931,0.0,0.0,,0.0,0.0,,0.0,0.0,
Piccadilly123,0.012122524082692931,0.0,0.0,,0.0,0.0,,0.0,0.0,
PierrotFace,0.012122524082692931,0.0,0.0,,0.0,0.0,,0.0,0.0,
Pig-filth,0.012122524082692931,0.0,0.0,,0.0,0.0,,0.0,0.0,
Piggu,0.012122524082692931,0.0,0.0,,0.0,0.0,,0.0,0.0,
Pikku_Myy73,0.012122524082692931,0.0,0.0,,0.0,0.0,,0.0,0.0,
PiliposyanRobertChess,0.1701372107169828,0.008316008316008316,0.0014,5.94000594000594,0.023166023166023165,0.0039,5.94000594000594,0.05488565488565489,0.00924,5.94000594000594
Pille85,0.012122524082692931,0.0,0.0,,0.0,0.0,,0.0,0.0,
Piluso1984,0.012122524082692931,0.0,0.0,,0.0,0.0,,0.0,0.0,
Pingah9,0.07722427974467584,0.0,0.0,,0.0,0.0,,0.0,0.0,
Pinkpawn2023,0.5300523832458538,0.0,0.0,,0.0,0.0,,0.0,0.0,
Pintacara,0.026400515132002575,0.0,0.0,,0.0,0.0,,0.0,0.0,
Piotrek1979,0.012122524082692931,0.0,0.0,,0.0,0.0,,0.0,0.0,
Piriflillo,0.012122524082692931,0.0,0.0,,0.0,0.0,,0.0,0.0,
Pitomina,0.012122524082692931,0.0,0.0,,0.0,0.0,,0.0,0.0,
Pizzalover2502,0.5389389183974993,0.0,0.0,,0.0,0.0,,0.0,0.0,
Plimsol,0.012122524082692931,0.0,0.0,,0.0,0.0,,0.0,0.0,
Pliukha_Mikhail,0.012122524082692931,0.0,0.0,,0.0,0.0,,0.0,0.0,
PlotnikovPavel,0.012122524082692931,0.0,0.0,,0.0,0.0,,0.0,0.0,
PlymouthArgyle,0.012122524082692931,0.0,0.0,,0.0,0.0,,0.0,0.0,
PoAslan,0.012122524082692931,0.0,0.0,,0.0,0.0,,0.0,0.0,
PoXerStar,0.012122524082692931,0.0,0.0,,0.0,0.0,,0.0,0.0,
Poiuytrewq8,0.012122524082692931,0.0,0.0,,0.0,0.0,,0.0,0.0,
Pokemon0227,0.012122524082692931,0.0,0.0,,0.0,0.0,,0.0,0.0,
PolandHussars,0.012122524082692931,0.0,0.0,,0.0,0.0,,0.0,0.0,
PolishForce3000,0.12234704048912223,0.0,0.0,,0.0,0.0,,0.0,0.0,
Polish_fighter3000,0.8194569718976435,0.0942222547477039,0.07725,1.2197055630770732,0.22648712600778173,0.18569,1.2197055630770732,0.39019600668398646,0.31991,1.219705563077073
Politov_Pavel,0.012122524082692931,0.0,0.0,,0.0,0.0,,0.0,0.0,
Polstastisch,0.012122524082692931,0.0,0.0,,0.0,0.0,,0.0,0.0,
Pomberito2,0.012122524082692931,0.0,0.0,,0.0,0.0,,0.0,0.0,
Pomegranate988,0.012122524082692931,0.0,0.0,,0.0,0.0,,0.0,0.0,
PonyQueen07,0.012122524082692931,0.0,0.0,,0.0,0.0,,0.0,0.0,
Portugalskaya-Raketa,0.012122524082692931,0.0,0.0,,0.0,0.0,,0.0,0.0,
PositionalGenius,0.012122524082692931,0.0,0.0,,0.0,0.0,,0.0,0.0,
PositionalPanther,0.026400515132002575,0.0,0.0,,0.0,0.0,,0.0,0.0,
PotapovaM,0.17234190027227378,0.0,0.0,,0.0,0.0,,0.0,0.0,
Potosino1970,0.012122524082692931,0.0,0.0,,0.0,0.0,,0.0,0.0,
Pournami_S,0.21449503908744952,0.0,0.0,,0.0,0.0,,0.0,0.0,
PowerThinking2650,0.012122524082692931,0.0,0.0,,0.0,0.0,,0.0,0.0,
Powerofchess09,0.012122524082692931,0.0,0.0,,0.0,0.0,,0.0,0.0,
Practical-Play,0.012122524082692931,0.0,0.0,,0.0,0.0,,0.0,0.0,
Practice_Tailung,0.012122524082692931,0.0,0.0,,0.0,0.0,,0.0,0.0,
Predator0608,0.012122524082692931,0.0,0.0,,0.0,0.0,,0.0,0.0,
Predo63,0.012122524082692931,0.0,0.0,,0.0,0.0,,0.0,0.0,
PremierChess64,0.40492104787298144,0.0,0.0,,0.0,0.0,,0.0,0.0,
Preobrazhenska_D2011,0.19118368027633073,0.0,0.0,,0.0,0.0,,0.0,0.0,
PrimdeNuuk,0.012122524082692931,0.0,0.0,,0.0,0.0,,0.0,0.0,
Priyansh_2011,0.012122524082692931,0.0,0.0,,0.0,0.0,,0.0,0.0,
Prizant_academy,0.012122524082692931,0.0,0.0,,0.0,0.0,,0.03269069572506287,0.00039,83.82229673093043
ProChessWICTH,0.012122524082692931,0.0,0.0,,0.0,0.0,,0.0,0.0,
Problematique_99,0.012122524082692931,0.0,0.0,,0.0,0.0,,0.0,0.0,
ProfTerrieux,0.012122524082692931,0.0,0.0,,0.0,0.0,,0.0,0.0,
Prof_Karga61,0.012122524082692931,0.0,0.0,,0.0,0.0,,0.0,0.0,
ProfessorChess101,0.012122524082692931,0.0,0.0,,0.0,0.0,,0.0,0.0,
Professor_FM,0.10892759421474767,0.0,0.0,,0.0,0.0,,0.0,0.0,
PropellerBoy01,0.07776616697199851,0.0,0.0,,0.0,0.0,,0.0,0.0,
ProphetReborn,0.012122524082692931,0.0,0.0,,0.0,0.0,,0.0,0.0,
ProtectiveCarrot,0.012122524082692931,0.0,0.0,,0.0,0.0,,0.0,0.0,
Proteuo,0.012122524082692931,0.0,0.0,,0.0,0.0,,0.0,0.0,
Provotorov_Alexandr,0.012122524082692931,0.0,0.0,,0.0,0.0,,0.0,0.0,
PudgeImba228,0.012122524082692931,0.0,0.0,,0.0,0.0,,0.0,0.0,
Pullakuski,0.012122524082692931,0.0,0.0,,0.0,0.0,,0.0,0.0,
Pumpkin_in_moonlight,0.012122524082692931,0.0,0.0,,0.0,0.0,,0.0,0.0,
PupiloMito,0.012122524082692931,0.0,0.0,,0.0,0.0,,0.0,0.0,
PurpleUnicorn2853,0.012122524082692931,0.0,0.0,,0.0,0.0,,0.0,0.0,
PursuitOfHappyness2,0.012122524082692931,0.015484922575387123,0.00019,81.49959250203749,0.16462917685411574,0.00202,81.49959250203749,0.5647921760391198,0.00693,81.49959250203749
PushingpawnsNYC,0.012122524082692931,0.0,0.0,,0.0,0.0,,0.0,0.0,
Puzzlebot_1294,0.012122524082692931,0.0,0.0,,0.0,0.0,,0.0,0.0,
PyrihRoman,0.16056350549074278,0.0,0.0,,0.0,0.0,,0.0,0.0,
QGlen,0.012122524082692931,0.0,0.0,,0.0,0.0,,0.0,0.0,
QashashviliAlexandre,0.012122524082692931,0.0,0.0,,0.0,0.0,,0.0,0.0,
Qingdom,0.012122524082692931,0.0,0.0,,0.0,0.0,,0.0,0.0,
Qnmeng,0.012122524082692931,0.0,0.0,,0.0,0.0,,0.0,0.0,
Qowcrazy,0.012122524082692931,0.0,0.0,,0.0,0.0,,0.0,0.0,
Quaide7,0.012122524082692931,0.0,0.0,,0.0,0.0,,0.0,0.0,
Quattroporte300,0.012122524082692931,0.0,0.0,,0.0,0.0,,0.0,0.0,
QueLadri,0.03206997084548104,0.0,0.0,,0.0,0.0,,0.0,0.0,
QueenCrusher_10,0.2727880106071292,0.0,0.0,,0.0,0.0,,0.0,0.0,
QueenOfTactics90,0.012122524082692931,0.0,0.0,,0.0,0.0,,0.0,0.0,
Queensandpawns,0.35450853771312474,0.0,0.0,,0.0,0.0,,0.0,0.0,
QuercusRobur22,0.012122524082692931,0.0,0.0,,0.0,0.0,,0.0,0.0,
QuesadaLuisE,0.3345779483578148,0.0,0.0,,0.0,0.0,,0.0,0.0,
Quetia_Pin,0.0792414302510604,0.0,0.0,,0.0,0.0,,0.0,0.0,
QuintilianoR,0.012122524082692931,0.0,0.0,,0.0,0.0,,0.0,0.0,
Qvalda,0.012122524082692931,0.0,0.0,,0.0,0.0,,0.0,0.0,
R1CK-GR1MES,0.05088667847851619,0.0,0.0,,0.0,0.0,,0.0,0.0,
R2D2PTY,0.012122524082692931,0.0,0.0,,0.0,0.0,,0.0,0.0,
RAMBO1STBLOOD,0.012122524082692931,0.0,0.0,,0.0,0.0,,0.0,0.0,
RATNAKARAN,0.012122524082692931,0.0,0.0,,0.0,0.0,,0.0,0.0,
RAlfaya,0.012122524082692931,0.0,0.0,,0.0,0.0,,0.0,0.0,
RBKaissa,0.012122524082692931,0.0,0.0,,0.0,0.0,,0.0,0.0,
RCC_2024,0.41062396817795005,0.0,0.0,,0.0,0.0,,0.0,0.0,
RCone,0.012122524082692931,0.0,0.0,,0.0,0.0,,0.0,0.0,
RETURNOFTHELAGGER,0.012122524082692931,0.0,0.0,,0.0,0.0,,0.0,0.0,
RH152,0.012122524082692931,0.0,0.0,,0.0,0.0,,0.0,0.0,
RIPOL,0.012122524082692931,0.0,0.0,,0.0,0.0,,0.0,0.0,
RJRA94,0.012122524082692931,0.0,0.0,,0.0,0.0,,0.0,0.0,
RNG2200,0.012122524082692931,0.0,0.0,,0.0,0.0,,0.0,0.0,
RRMaster,0.01329049218635899,0.0,0.0,,0.0,0.0,,0.0,0.0,
RRRntr123,0.012122524082692931,0.0,0.0,,0.0,0.0,,0.0,0.0,
RTchess367,0.012122524082692931,0.0,0.0,,0.0,0.0,,0.0,0.0,
RZ0,0.012122524082692931,0.0,0.0,,0.0,0.0,,0.0,0.0,
RadioactiveWalrus65,0.012122524082692931,0.0,0.0,,0.0,0.0,,0.0,0.0,
Radislav_Atanasov,0.012122524082692931,0.0,0.0,,0.0,0.0,,0.0,0.0,
Radzio1987,0.012122524082692931,0.0,0.0,,0.0,0.0,,0.0,0.0,
RafaelSharon,0.15932484223079352,0.0,0.0,,0.0,0.0,,0.0,0.0,
RafaelVaganian,0.012122524082692931,0.0,0.0,,0.0,0.0,,0.0,0.0,
Rafael_Ventura,0.012122524082692931,0.0,0.0,,0.0,0.0,,0.0,0.0,
RafalBRC,0.012122524082692931,0.0,0.0,,0.0,0.0,,0.0,0.0,
RahmanAdel,0.012122524082692931,0.0,0.0,,0.0,0.0,,0.0,0.0,
Rainbow2014,0.012122524082692931,0.0,0.0,,0.0,0.0,,0.0,0.0,
Raja3401,0.012122524082692931,0.0,0.0,,0.0,0.0,,0.0,0.0,
Rakesh,0.012122524082692931,0.0,0.0,,0.0,0.0,,0.0,0.0,
Rakhmanov_Aleksandr,0.2906911636544592,6.86365352277017e-05,2e-05,3.431826761385085,0.001166821098870929,0.00034,3.431826761385085,0.00483887573355297,0.00141,3.4318267613850852
Rakitic2010,0.07216447520052847,0.0,0.0,,0.0,0.0,,0.0,0.0,
Ralfwin,0.012122524082692931,0.0,0.0,,0.0,0.0,,0.0,0.0,
Ramil_Faizrakhmanov,0.012122524082692931,0.0,0.0,,0.0,0.0,,0.0,0.0,
Ramla2020,0.012122524082692931,0.0,0.0,,0.0,0.0,,0.0,0.0,
RamonManon0g,0.021541501976284586,0.0,0.0,,0.0,0.0,,0.0,0.0,
Ramosha,0.012122524082692931,0.0,0.0,,0.0,0.0,,0.0,0.0,
Ramu_K_FM_FT,0.0926275711038217,0.0,0.0,,0.0,0.0,,0.0,0.0,
RamyresCoelho,0.012122524082692931,0.0,0.0,,0.0,0.0,,0.0,0.0,
RandomNoob04,0.9309531292527922,0.0,0.0,,0.0,0.0,,0.0,0.0,
RandomPatzer123,0.012122524082692931,0.0,0.0,,0.0,0.0,,0.0,0.0,
RaneshRatnesan,0.012122524082692931,0.0,0.0,,0.0,0.0,,0.0,0.0,
Ranindu2003,0.3442317380308189,2.906216396872911e-05,1e-05,2.906216396872911,0.001278735214624081,0.00044,2.906216396872911,0.013426719753552849,0.00462,2.906216396872911
RantomOpening,0.012122524082692931,0.0,0.0,,0.0,0.0,,0.0,0.0,
Rap_woyska,0.012122524082692931,0.0,0.0,,0.0,0.0,,0.0,0.0,
Rashad_Zeynalli,0.012122524082692931,0.0,0.0,,0.0,0.0,,0.0,0.0,
Raskolnikov6,0.012122524082692931,0.0,0.0,,0.0,0.0,,0.0,0.0,
Ratami,0.29154948634335426,0.0,0.0,,0.0,0.0,,0.0,0.0,
RatkovicPetar,0.012122524082692931,0.0,0.0,,0.0,0.0,,0.0,0.0,
Ratkovic_Miloje,0.012122524082692931,0.0,0.0,,0.0,0.0,,0.0,0.0,
Raud100,0.012122524082692931,0.0,0.0,,0.0,0.0,,0.0,0.0,
Raudra_dhari,0.012122524082692931,0.0,0.0,,0.0,0.0,,0.0,0.0,
RaugintaBulba,0.012122524082692931,0.0,0.0,,0.0,0.0,,0.0,0.0,
RaulPerezGuerra,0.026400515132002575,0.0,0.0,,0.0,0.0,,0.0,0.0,
RaunakSadhwani2005,0.02386237513873474,0.023265651438240272,0.00055,42.30118443316413,0.09094754653130288,0.00215,42.30118443316413,0.15905245346869712,0.00376,42.30118443316413
Rawnsdale,0.012122524082692931,0.0,0.0,,0.0,0.0,,0.0,0.0,
Ray_Yang,0.012122524082692931,0.0,0.0,,0.0,0.0,,0.0,0.0,
Rdeux42,0.012122524082692931,0.0,0.0,,0.0,0.0,,0.0,0.0,
Reader777,0.01329049218635899,0.0,0.0,,0.0,0.0,,0.017897091722595078,0.00024,74.57121551081282
Ready4abattle,0.012122524082692931,0.0,0.0,,0.0,0.0,,0.0,0.0,
ReadySkate,0.012122524082692931,0.0,0.0,,0.000847457627118644,1e-05,84.7457627118644,0.011016949152542373,0.00013,84.74576271186442
RealJerusalem,0.012122524082692931,0.0,0.0,,0.0,0.0,,0.0,0.0,
RealKevinQin,0.012122524082692931,0.0,0.0,,0.0,0.0,,0.0,0.0,
RealPerangel,0.012122524082692931,0.0,0.0,,0.0,0.0,,0.0,0.0,
Real_OceanStorm,0.012122524082692931,0.0,0.0,,0.0,0.0,,0.0,0.0,
Real_taiatai,0.012122524082692931,0.0,0.0,,0.0,0.0,,0.0,0.0,
Reality-Stone,0.012122524082692931,0.0,0.0,,0.0,0.0,,0.0,0.0,
RebecaJimnz,0.29593852266157733,0.0,0.0,,0.0,0.0,,0.0,0.0,
RebelJohnny,0.02386237513873474,0.0,0.0,,0.0,0.0,,0.0,0.0,
Rebequeen08,0.6411953590137834,0.0,0.0,,0.0,0.0,,0.0,0.0,
Recombinant,0.9607813525430902,0.0,0.0,,0.0,0.0,,0.0,0.0,
RedFirePanda,0.012122524082692931,0.0,0.0,,0.0,0.0,,0.0,0.0,
Redbandit87,0.012122524082692931,0.0,0.0,,0.0,0.0,,0.0,0.0,
Redzishchess,0.012122524082692931,0.0,0.0,,0.0,0.0,,0.0,0.0,
Refrigerator1955,0.012122524082692931,0.0,0.0,,0.0,0.0,,0.0,0.0,
Reinaldovera,0.012122524082692931,0.0,0.0,,0.0,0.0,,0.0,0.0,
ReinisUz,0.15716221488458615,0.0,0.0,,0.0,0.0,,0.0,0.0,
RemovedUsername982340498,0.012122524082692931,0.0,0.0,,0.0,0.0,,0.0,0.0,
Renatoforf,0.012122524082692931,0.0,0.0,,0.0,0.0,,0.0,0.0,
Resignify,0.012122524082692931,0.0,0.0,,0.0,0.0,,0.0,0.0,
Resourchess,0.012122524082692931,0.0,0.0,,0.0,0.0,,0.0,0.0,
Respectful_Dave,0.012122524082692931,0.0,0.0,,0.0,0.0,,0.0,0.0,
RestartingChess,0.012122524082692931,0.0,0.0,,0.0,0.0,,0.0,0.0,
Revan_2002,0.12750454417558524,0.0,0.0,,0.0,0.0,,0.0,0.0,
ReversGagnant,0.012122524082692931,0.0,0.0,,0.0,0.0,,0.0,0.0,
ReyGto,0.09083684865269831,0.0,0.0,,0.0,0.0,,0.0,0.0,
Reynold9402,0.012122524082692931,0.0,0.0,,0.0,0.0,,0.0,0.0,
Rgachess77,0.012122524082692931,0.0,0.0,,0.0,0.0,,0.0,0.0,
Rgoltsman,0.012122524082692931,0.0,0.0,,0.0,0.0,,0.0,0.0,
Rhys-Arnold,0.012122524082692931,0.0,0.0,,0.0,0.0,,0.0,0.0,
RhythmChessmaster,0.012122524082692931,0.0,0.0,,0.0,0.0,,0.0,0.0,
RianKapriaga,0.3013265769868444,0.0,0.0,,0.0,0.0,,0.0,0.0,
Riccardo_Alaimo,0.012122524082692931,0.0,0.0,,0.0,0.0,,0.0,0.0,
RichardBitoon,0.012122524082692931,0.0,0.0,,0.0,0.0,,0.0,0.0,
RichardLeyvaP,0.012122524082692931,0.0,0.0,,0.0,0.0,,0.0,0.0,
RichardShtivelband,0.012122524082692931,0.0,0.0,,0.0,0.0,,0.0,0.0,
Richy_94,0.029278350515463916,0.0,0.0,,0.0,0.0,,0.0,0.0,
Ridethesky89,0.029278350515463916,0.0,0.0,,0.0,0.0,,0.0,0.0,
Rikikits,0.21657765017993752,0.0,0.0,,0.0,0.0,,0.000688041832943443,0.00015,4.586945552956287
Rile-Man,0.06475090845491206,0.0,0.0,,0.0,0.0,,0.0,0.0,
Rinqed222,0.15097292927092795,0.0,0.0,,0.0,0.0,,0.0,0.0,
Rital44,0.012122524082692931,0.0,0.0,,0.0,0.0,,0.0,0.0,
Ritual2003,0.012122524082692931,0.0,0.0,,0.0,0.0,,0.0,0.0,
RizaBregu,0.012122524082692931,0.0,0.0,,0.0,0.0,,0.0,0.0,
Roaccutane,0.012122524082692931,0.0,0.0,,0.0,0.0,,0.0,0.0,
Roachelley,0.012122524082692931,0.0,0.0,,0.0,0.0,,0.0,0.0,
Road2GM3000,0.012122524082692931,0.0,0.0,,0.0,0.0,,0.0,0.0,
RobRam,0.09258747068299719,0.0,0.0,,0.0,0.0,,0.0,0.0,
RobertDowneyJr0111,0.012122524082692931,0.0,0.0,,0.0,0.0,,0.0,0.0,
RobertJFischer71,0.012122524082692931,0.0,0.0,,0.0,0.0,,0.0,0.0,
RobertSkytte,0.3121481028134572,0.0,0.0,,0.0,0.0,,0.0,0.0,
Robert_Chessmood,0.012122524082692931,0.0,0.0,,0.0,0.0,,0.01155115511551155,0.00014,82.50825082508251
Robert_E2009,0.08639931538129321,0.0,0.0,,0.0,0.0,,0.0,0.0,
Robert_Sava,0.5293462606880451,0.0,0.0,,0.0,0.0,,0.0,0.0,
RobertoJBM,0.9223953560409921,0.0,0.0,,1.0841518679936686e-05,1e-05,1.0841518679936686,0.0018105336195494265,0.00167,1.0841518679936686
Roberz12,0.012122524082692931,0.0,0.0,,0.0,0.0,,0.0,0.0,
Robin_cool,0.38172474254528715,0.0,0.0,,0.0,0.0,,0.0,0.0,
RodTwinkz,0.012122524082692931,0.0,0.0,,0.0,0.0,,0.0,0.0,
Rodalquilar,0.039538714991762765,0.0,0.0,,0.00025342118601115053,1e-05,25.34211860111505,0.006082108464267613,0.00024,25.342118601115054
Rodchenkov_Vitalij,0.012122524082692931,0.0,0.0,,0.0,0.0,,0.0,0.0,
RodokininEV,0.012122524082692931,0.0,0.0,,0.0,0.0,,0.0,0.0,
RodriQA,0.012122524082692931,0.0,0.0,,0.0,0.0,,0.0,0.0,
Roedor,0.35504359373708194,0.0,0.0,,0.0,0.0,,0.0,0.0,
RoelandPruijssers,0.012122524082692931,0.0,0.0,,0.0,0.0,,0.0,0.0,
Roenko_Artur,0.012122524082692931,0.0,0.0,,0.0,0.0,,0.0,0.0,
Rogarcia1,0.012122524082692931,0.0,0.0,,0.0,0.0,,0.0,0.0,
RogerioMuller,0.3011244347192531,0.0,0.0,,0.0,0.0,,0.0,0.0,
RojonR,0.012122524082692931,0.0,0.0,,0.0,0.0,,0.0,0.0,
Rokis13,0.012122524082692931,0.0,0.0,,0.0,0.0,,0.0,0.0,
Roland_Garros_2024,0.012122524082692931,0.0,0.0,,0.0,0.0,,0.0,0.0,
Romadk,0.012122524082692931,0.0,0.0,,0.0,0.0,,0.0,0.0,
Roman_0202,0.02386237513873474,0.0,0.0,,0.0,0.0,,0.0,0.0,
Roman_Ovetchkin,0.012122524082692931,0.0,0.0,,0.0,0.0,,0.0,0.0,
RomanianChessFighter2011,0.012122524082692931,0.0,0.0,,0.0,0.0,,0.0,0.0,
Romik2012,0.3746238518284785,0.0,0.0,,2.683339147234819e-05,1e-05,2.6833391472348187,0.006466847344835914,0.00241,2.683339147234819
Romkachess,0.012122524082692931,0.0,0.0,,0.0,0.0,,0.0,0.0,
RonArtest77,0.012122524082692931,0.0,0.0,,0.0,0.0,,0.0,0.0,
Ron_Weasley_Chess,0.012122524082692931,0.0,0.0,,0.0,0.0,,0.0,0.0,
RonitLevitan,0.012122524082692931,0.0,0.0,,0.0,0.0,,0.0,0.0,
RookandRoll1606,0.012122524082692931,0.0,0.0,,0.0,0.0,,0.0,0.0,
Roosters19,0.012122524082692931,0.0,0.0,,0.0,0.0,,0.0,0.0,
Root_21,0.266562975479927,0.0,0.0,,0.0,0.0,,0.0,0.0,
RoseAtwell,0.4398759869611307,0.0,0.0,,0.0,0.0,,0.0,0.0,
Rosh1610,0.012122524082692931,0.0,0.0,,0.0,0.0,,0.0,0.0,
Rozhkov_V,0.012122524082692931,0.0,0.0,,0.0,0.0,,0.0,0.0,
RrainlessBobot,0.012122524082692931,0.0,0.0,,0.0,0.0,,0.0,0.0,
Rsnr,0.012122524082692931,0.0,0.0,,0.0008271298593879239,1e-05,82.71298593879239,0.0008271298593879239,1e-05,82.71298593879239
Rubinstein_Akiba,0.012122524082692931,0.0,0.0,,0.0,0.0,,0.0,0.0,
Ruchess27,0.27750019007542376,0.0,0.0,,0.0,0.0,,0.0,0.0,
Rud_2008,0.012122524082692931,0.0,0.0,,0.0,0.0,,0.0,0.0,
Rud_Makarian,0.5117761662369034,0.0012555420410405305,0.00064,1.9617844391258288,0.015223447247616432,0.00776,1.9617844391258288,0.11211598069604112,0.05715,1.9617844391258288
RuleOfTwo,0.012122524082692931,0.0,0.0,,0.0,0.0,,0.0,0.0,
Rumpel-VK,0.012122524082692931,0.0,0.0,,0.0,0.0,,0.0,0.0,
RuperezA,0.012122524082692931,0.0,0.0,,0.0,0.0,,0.0,0.0,
RupeshReddyY,0.012122524082692931,0.0,0.0,,0.0,0.0,,0.0,0.0,
Ruprecht_der_Knecht,0.012122524082692931,0.0,0.0,,0.0,0.0,,0.0,0.0,
Rurep26,0.012122524082692931,0.0,0.0,,0.0,0.0,,0.0,0.0,
RusPakhom,0.012122524082692931,0.0,0.0,,0.0,0.0,,0.0,0.0,
RuslanN88,0.7205348482959094,0.0,0.0,,0.0,0.0,,0.0,0.0,
Ruslan_0807,0.337150358472087,0.0,0.0,,0.0,0.0,,0.0,0.0,
Ruslan_Kurayan,0.012122524082692931,0.0,0.0,,0.0,0.0,,0.0,0.0,
Russian_berezka,0.012122524082692931,0.0,0.0,,0.0,0.0,,0.0,0.0,
Rutricks,0.015669149755972257,0.0,0.0,,0.0,0.0,,0.0,0.0,
Rutvij09,0.012122524082692931,0.0,0.0,,0.0,0.0,,0.0,0.0,
Ryan_Sowa,0.012122524082692931,0.0,0.0,,0.0,0.0,,0.0,0.0,
Ryan_Young,0.012122524082692931,0.0,0.0,,0.0,0.0,,0.0,0.0,
Ryanmito,0.012122524082692931,0.0,0.0,,0.0,0.0,,0.0,0.0,
Rybka1989,0.012122524082692931,0.0,0.0,,0.0,0.0,,0.0,0.0,
Rytenko_V,0.012122524082692931,0.0,0.0,,0.0,0.0,,0.0,0.0,
Ryukchess81,0.012122524082692931,0.0,0.0,,0.0,0.0,,0.0,0.0,
Ryyuzh,0.012122524082692931,0.0,0.0,,0.0,0.0,,0.0,0.0,
S-Fazulyanov,0.012122524082692931,0.0,0.0,,0.0,0.0,,0.0,0.0,
SAInt_666,0.012122524082692931,0.0,0.0,,0.0,0.0,,0.0,0.0,
SALVA-DALI,0.012122524082692931,0.0,0.0,,0.0,0.0,,0.018779342723004695,0.00024,78.24726134585289
SARGISMV,0.012122524082692931,0.0,0.0,,0.0,0.0,,0.0,0.0,
SCIM,0.012122524082692931,0.0,0.0,,0.0,0.0,,0.0,0.0,
SEBAZZANO,0.012122524082692931,0.0,0.0,,0.0,0.0,,0.0,0.0,
SGchess01,0.012122524082692931,0.0,0.0,,0.0,0.0,,0.0009025270758122744,1e-05,90.25270758122743
SHIVACalypso,0.012122524082692931,0.0,0.0,,0.0,0.0,,0.0,0.0,
SONIC-2025,0.1184589827447828,0.0,0.0,,0.0,0.0,,0.0,0.0,
SONOFHOLYGOD,0.012122524082692931,0.0,0.0,,0.0,0.0,,0.0,0.0,
SPEEDSKATER,0.012122524082692931,0.0,0.0,,0.0,0.0,,0.0008257638315441783,1e-05,82.57638315441783
SRDR8290,0.012122524082692931,0.0,0.0,,0.0,0.0,,0.0,0.0,
SRob2003,0.06029437728113098,0.0,0.0,,0.0,0.0,,0.0,0.0,
STARMATEcc,0.012122524082692931,0.0,0.0,,0.0,0.0,,0.0,0.0,
STAYFlow,0.012122524082692931,0.0,0.0,,0.0,0.0,,0.0,0.0,
STT170116,0.06869732137025612,0.0,0.0,,0.0,0.0,,0.0,0.0,
SVV65,0.012122524082692931,0.0,0.0,,0.0,0.0,,0.0,0.0,
SVijayalakshmi,0.012122524082692931,0.0,0.0,,0.0,0.0,,0.0,0.0,
SabinaFoisor,0.012122524082692931,0.0,0.0,,0.0,0.0,,0.0,0.0,
SacSacMate,0.012122524082692931,0.0,0.0,,0.0,0.0,,0.0,0.0,
Sacbutt,0.012122524082692931,0.0,0.0,,0.0,0.0,,0.0,0.0,
SacrificeSavant07,0.029278350515463916,0.0,0.0,,0.0,0.0,,0.0,0.0,
SadigMammadov_003,0.07859512207195216,0.0,0.0,,0.0,0.0,,0.0,0.0,
Sadykov_Ramil,0.012122524082692931,0.0,0.0,,0.0,0.0,,0.0,0.0,
Safin_Safar,0.07863476126289404,0.0,0.0,,0.0,0.0,,0.0,0.0,
SahajGrover,0.012122524082692931,0.0,0.0,,0.0,0.0,,0.0,0.0,
SahibSinghKnight,0.5402646576972727,0.0,0.0,,0.0,0.0,,0.0,0.0,
SaiAgni_98,0.012122524082692931,0.0,0.0,,0.0,0.0,,0.0,0.0,
SaiHanThiha,0.12934679833765808,0.0,0.0,,0.0,0.0,,0.0,0.0,
Saidov_B,0.012122524082692931,0.0,0.0,,0.0,0.0,,0.0031847133757961785,4e-05,79.61783439490446
Saif_Malek04,0.012122524082692931,0.0,0.0,,0.0,0.0,,0.0,0.0,
Sajith_Peiris,0.012122524082692931,0.0,0.0,,0.0,0.0,,0.0,0.0,
Sajkochess,0.012122524082692931,0.0,0.0,,0.0,0.0,,0.0,0.0,
Salem-AR,0.01329049218635899,0.02966432474629196,0.00038,78.06401249024199,0.09601873536299765,0.00123,78.06401249024199,0.19984387197501952,0.00256,78.06401249024199
SalgadoChess91,0.012122524082692931,0.0,0.0,,0.0,0.0,,0.0,0.0,
SalihEke,0.012122524082692931,0.0,0.0,,0.0,0.0,,0.006235385814497272,8e-05,77.9423226812159
SamCopeland,0.1505110593251101,0.0,0.0,,0.0,0.0,,0.0,0.0,
SamHeymann,0.012122524082692931,0.0,0.0,,0.0,0.0,,0.0,0.0,
Sam_ChessMood,0.868303927030911,6.920495046078963e-05,6e-05,1.1534158410131605,0.0009111985144003967,0.00079,1.1534158410131603,0.01515588415091293,0.01314,1.1534158410131605
Samatsa,0.012122524082692931,0.0,0.0,,0.0,0.0,,0.0,0.0,
SameerMujumdar,0.012122524082692931,0.0,0.0,,0.0,0.0,,0.0,0.0,
Sammed_Shete,0.04360812425328554,0.0,0.0,,0.0,0.0,,0.0,0.0,
SamuraisOfChess,0.012122524082692931,0.0,0.0,,0.0,0.0,,0.0,0.0,
SanQui14,0.012122524082692931,0.0,0.0,,0.0,0.0,,0.0,0.0,
Sanan_Sjugirov,0.31199924711527466,0.00048143274384568476,0.00015,3.2095516256378986,0.006194434637481144,0.00193,3.209551625637898,0.041627884584523545,0.01297,3.2095516256378986
SanchezKelvin,0.012122524082692931,0.0,0.0,,0.0,0.0,,0.0,0.0,
Sandkorn108,0.012122524082692931,0.0,0.0,,0.0,0.0,,0.0,0.0,
Sandpacer,0.012122524082692931,0.0,0.0,,0.0,0.0,,0.0,0.0,
Sandro970,0.012122524082692931,0.0,0.0,,0.0,0.0,,0.0,0.0,
Sandstad,0.012122524082692931,0.0,0.0,,0.0,0.0,,0.0,0.0,
SandwichOSaumon,0.20147896940806795,0.0,0.0,,0.0,0.0,,0.0,0.0,
Sankalp_Gupta2003,0.42619123399552233,0.0,0.0,,0.0,0.0,,0.0,0.0,
Santirayo2009,0.012122524082692931,0.0,0.0,,0.0,0.0,,0.0,0.0,
SantoBlue,0.012122524082692931,0.000778816199376947,1e-05,77.8816199376947,0.003894080996884735,5e-05,77.8816199376947,0.06074766355140187,0.00078,77.88161993769471
Sanyura,0.012122524082692931,0.0,0.0,,0.0,0.0,,0.0,0.0,
SaqoChess_Coach,0.3062404620628375,0.0,0.0,,0.0,0.0,,0.0,0.0,
SaqoChess_Twitch,0.012122524082692931,0.0,0.0,,0.0,0.0,,0.0,0.0,
SaraBlackPanther,0.039538714991762765,0.0,0.0,,0.0,0.0,,0.0,0.0,
SaraciNderim,0.012122524082692931,0.0,0.0,,0.0,0.0,,0.0,0.0,
Saraisitave,0.012122524082692931,0.0,0.0,,0.0,0.0,,0.0,0.0,
SaranyaDeviNarahari,0.029278350515463916,0.0,0.0,,0.0,0.0,,0.0,0.0,
Sardaukar-2,0.012122524082692931,0.0,0.0,,0.0,0.0,,0.0,0.0,
Sargis_06,0.012122524082692931,0.0,0.0,,0.0,0.0,,0.0,0.0,
SargissyanSargis,0.11824464808667497,0.0,0.0,,0.0,0.0,,0.0,0.0,
Sargsyan_Shant,0.0666895381939623,0.012475865141838705,0.00084,14.852220406950838,0.07767711272835288,0.00523,14.852220406950838,0.18817763255606712,0.01267,14.852220406950837
Sariedrez,0.012122524082692931,0.0,0.0,,0.0,0.0,,0.0,0.0,
SarochaChuemsakul,0.012122524082692931,0.0,0.0,,0.0,0.0,,0.0,0.0,
Sasha2109,0.012122524082692931,0.0,0.0,,0.0,0.0,,0.0,0.0,
SashaKuzhilniy,0.012122524082692931,0.0,0.0,,0.0,0.0,,0.0,0.0,
Sasha_Solovev_777,0.012122524082692931,0.0,0.0,,0.0,0.0,,0.0,0.0,
Sassy_Strawberry,0.012122524082692931,0.0,0.0,,0.0,0.0,,0.0,0.0,
SasviduWeera,0.012122524082692931,0.0,0.0,,0.0,0.0,,0.0,0.0,
Sattarov_Bobur,0.012122524082692931,0.0,0.0,,0.0,0.0,,0.006546644844517185,8e-05,81.83306055646482
Savagelittlemole,0.012122524082692931,0.0,0.0,,0.0,0.0,,0.0,0.0,
SavelijTartakover,0.012122524082692931,0.0,0.0,,0.0,0.0,,0.0033927056827820186,4e-05,84.81764206955046
Savva_KraSavva,0.17384019595916841,0.0009884295598581313,0.00017,5.814291528577242,0.010756439327867899,0.00185,5.814291528577242,0.06948078376649805,0.01195,5.814291528577242
Sawatdeekhrap,0.012122524082692931,0.0,0.0,,0.0,0.0,,0.0,0.0,
Saxar85,0.012122524082692931,0.0,0.0,,0.0,0.0,,0.0,0.0,
Saylormoon,0.012122524082692931,0.0,0.0,,0.0,0.0,,0.0,0.0,
SayonaraPonytail,0.015965166908563134,0.0,0.0,,0.0,0.0,,0.0,0.0,
Schachbrettchen66,0.012122524082692931,0.0,0.0,,0.0,0.0,,0.0,0.0,
Schachkatze2000,0.012122524082692931,0.0,0.0,,0.0,0.0,,0.0,0.0,
Schachlatan64,0.08948819031450966,0.0,0.0,,0.0,0.0,,0.0,0.0,
Schachmalanders,0.012122524082692931,0.0,0.0,,0.0,0.0,,0.0,0.0,
SchachmattTV_Daniel,0.039538714991762765,0.0,0.0,,0.0,0.0,,0.0,0.0,
SchachmattTV_Tobi,0.012122524082692931,0.0,0.0,,0.0,0.0,,0.0,0.0,
Schachpanda_Youtube,0.012122524082692931,0.0,0.0,,0.0,0.0,,0.0,0.0,
Schack-Hugo,0.012122524082692931,0.0,0.0,,0.0,0.0,,0.0,0.0,
Schattman,0.012122524082692931,0.0,0.0,,0.0,0.0,,0.0,0.0,
Schekachikhin_Maksim,0.06770358812495658,0.0,0.0,,0.0,0.0,,0.0,0.0,
SchieberSpieler,0.012122524082692931,0.0,0.0,,0.0,0.0,,0.0,0.0,
SchmakAttack,0.012122524082692931,0.0,0.0,,0.0,0.0,,0.0,0.0,
Schoenbrunn,0.05945496372689149,0.0,0.0,,0.0,0.0,,0.0,0.0,
Schwarzschidl,0.012122524082692931,0.0,0.0,,0.0,0.0,,0.0,0.0,
Schwindle,0.012122524082692931,0.0,0.0,,0.0,0.0,,0.0,0.0,
ScofieldMichael01,0.012122524082692931,0.0,0.0,,0.0,0.0,,0.0,0.0,
Scylla_138,0.21361359592500032,0.0,0.0,,0.0,0.0,,0.0,0.0,
Seal_Island_Puffin,0.2205503979144891,0.0,0.0,,0.0,0.0,,0.0,0.0,
Sebastian,0.012122524082692931,0.0,0.0,,0.0017376194613379669,2e-05,86.88097306689833,0.04170286707211121,0.00048,86.88097306689835
SebastianSchnell,0.012122524082692931,0.0,0.0,,0.0,0.0,,0.0,0.0,
Sebastian_Almagro,0.012122524082692931,0.0,0.0,,0.0,0.0,,0.0,0.0,
SebbyMeister,0.012122524082692931,0.0,0.0,,0.0,0.0,,0.0,0.0,
Sek_Konstantin,0.28067920385940415,0.0,0.0,,0.0,0.0,,0.0,0.0,
Sekar24,0.012122524082692931,0.0,0.0,,0.0,0.0,,0.0,0.0,
Sem1901,0.012122524082692931,0.0,0.0,,0.0,0.0,,0.0,0.0,
Semen16,0.012122524082692931,0.0,0.0,,0.0,0.0,,0.0,0.0,
Semen_Khanin,0.012122524082692931,0.0,0.0,,0.0,0.0,,0.0,0.0,
Semetey,0.0446927374301676,0.0,0.0,,0.0,0.0,,0.0,0.0,
Senn71,0.012122524082692931,0.0,0.0,,0.0,0.0,,0.0,0.0,
Seochesspie,0.012122524082692931,0.0,0.0,,0.0,0.0,,0.0,0.0,
Seppppppy,0.07165252348360371,0.0,0.0,,0.0,0.0,,0.0,0.0,
SerGo055,0.012122524082692931,0.0,0.0,,0.0,0.0,,0.0,0.0,
SereneSalmon,0.012122524082692931,0.0,0.0,,0.0,0.0,,0.0,0.0,
Sergeant_James,0.3783429921863174,0.0,0.0,,0.0,0.0,,0.0,0.0,
SergeiAza,0.012122524082692931,0.0,0.0,,0.0,0.0,,0.0,0.0,
Sergey85Rodchenkov,0.012122524082692931,0.0,0.0,,0.0,0.0,,0.0,0.0,
SergeyGostev1984,0.012122524082692931,0.0,0.0,,0.0,0.0,,0.0,0.0,
SergeyShtyka,0.012122524082692931,0.0,0.0,,0.0,0.0,,0.0,0.0,
Sergey_Kasparov,0.012122524082692931,0.0,0.0,,0.0,0.0,,0.0,0.0,
SergioMoralesG,0.012122524082692931,0.0,0.0,,0.0,0.0,,0.0,0.0,
SergiooCampos,0.056720935243859384,0.0,0.0,,0.0,0.0,,0.0,0.0,
SerkanSoysal,0.18667593750000014,0.0,0.0,,0.0,0.0,,0.0,0.0,
Sethu0025,0.012122524082692931,0.0,0.0,,0.0,0.0,,0.004201680672268907,5e-05,84.03361344537814
Seyidoff_2010,0.2114484065542968,0.0,0.0,,0.0,0.0,,0.0,0.0,
ShaakSiv,0.012122524082692931,0.0,0.0,,0.0,0.0,,0.0,0.0,
ShadowJolteon,0.012122524082692931,0.0,0.0,,0.0,0.0,,0.0,0.0,
ShadowKing71,0.1858529747208888,0.0,0.0,,0.0,0.0,,0.0,0.0,
ShahMatKanal,0.19612399152749094,0.0,0.0,,0.0,0.0,,0.0,0.0,
Shahaliyev,0.012122524082692931,0.0,0.0,,0.0,0.0,,0.0,0.0,
Shahdad2007,0.012122524082692931,0.0,0.0,,0.0,0.0,,0.0,0.0,
ShahxaibKhan,0.012122524082692931,0.0,0.0,,0.0,0.0,,0.0,0.0,
Shahzodbek_2010,0.2988902962626835,0.0,0.0,,0.0,0.0,,0.0,0.0,
Shamatava_Nick,0.012122524082692931,0.0,0.0,,0.0,0.0,,0.0,0.0,
Shankland,0.4069773941317537,0.0034671487654473862,0.0014,2.4765348324624186,0.018227296366923402,0.00736,2.4765348324624186,0.061244706406795614,0.02473,2.476534832462419
Shanyrak,0.5010227708002466,0.0,0.0,,0.0,0.0,,0.0,0.0,
Sharafiev_Azat,0.012122524082692931,0.0,0.0,,0.0,0.0,,0.0,0.0,
Sharan_Rao,0.012122524082692931,0.0,0.0,,0.0,0.0,,0.0,0.0,
SharankovG,0.012122524082692931,0.0,0.0,,0.0,0.0,,0.0,0.0,
SharapovEvgeny,0.26086231784205605,0.0,0.0,,0.0,0.0,,0.0,0.0,
SharathRk6,0.17042782172344906,0.0,0.0,,0.0,0.0,,0.0,0.0,
SharkBlueKing9879,0.012122524082692931,0.0,0.0,,0.0,0.0,,0.0,0.0,
Sharkaholic,0.012122524082692931,0.0,0.0,,0.0,0.0,,0.0,0.0,
Shavkatov02,0.01329049218635899,0.0,0.0,,0.0,0.0,,0.0,0.0,
ShaxrombekKarimov9,0.3195370719541449,0.0,0.0,,0.0,0.0,,0.0,0.0,
ShazilTheGOAT2006,0.012122524082692931,0.0,0.0,,0.0,0.0,,0.0,0.0,
Shemka2006,0.012122524082692931,0.0,0.0,,0.0,0.0,,0.015043547110055424,0.00019,79.1765637371338
Shepa2017,0.012122524082692931,0.0,0.0,,0.0,0.0,,0.0,0.0,
SheraliPattnaik,0.012122524082692931,0.0,0.0,,0.0,0.0,,0.0,0.0,
Shield12,0.6127574197438054,0.0009124384918695212,0.00056,1.6293544497670023,0.012611203441196598,0.00774,1.6293544497670023,0.15395770195848404,0.09449,1.6293544497670023
ShimogaTactician,0.01329049218635899,0.0,0.0,,0.0,0.0,,0.0,0.0,
Shiner22,0.012122524082692931,0.0,0.0,,0.0,0.0,,0.0,0.0,
Shiraaaaazi,0.34633363689565266,0.0,0.0,,0.0,0.0,,0.0,0.0,
ShiroglanTalibov,0.012122524082692931,0.0,0.0,,0.003276003276003276,4e-05,81.9000819000819,0.02620802620802621,0.00032,81.9000819000819
Shivagami,0.012122524082692931,0.0,0.0,,0.0,0.0,,0.0,0.0,
Shivananda1964,0.9405390932525973,0.0,0.0,,0.0,0.0,,0.0,0.0,
Shockerlover,0.012122524082692931,0.0,0.0,,0.0,0.0,,0.0,0.0,
Shodikulov_Jamshid1990,0.012122524082692931,0.0,0.0,,0.0,0.0,,0.0,0.0,
ShokuEdi,0.015669149755972257,0.0,0.0,,0.0,0.0,,0.0,0.0,
Shtembuliak,0.012122524082692931,0.0,0.0,,0.0,0.0,,0.0,0.0,
Shubinkirill2003,0.15198011645664228,0.0,0.0,,0.0,0.0,,0.0,0.0,
Shushik,0.012122524082692931,0.0,0.0,,0.0,0.0,,0.0,0.0,
Shuvalov,0.9010133948405311,0.0,0.0,,0.0,0.0,,0.0,0.0,
Sibelephant,0.11927222568173762,0.004292206699208888,0.00051,8.416091567076249,0.04805588284800539,0.00571,8.41609156707625,0.24229927621612524,0.02879,8.41609156707625
Sic_Transit_GM,0.012122524082692931,0.0,0.0,,0.0,0.0,,0.0,0.0,
SicilianPanzer,0.012122524082692931,0.0,0.0,,0.0,0.0,,0.0,0.0,
Sicilian_Maestro789,0.08814911460837585,0.0,0.0,,0.0,0.0,,0.0,0.0,
SidArun,0.012122524082692931,0.0,0.0,,0.0,0.0,,0.0,0.0,
Sid_98,0.012122524082692931,0.0,0.0,,0.0,0.0,,0.0,0.0,
Siemba,0.012122524082692931,0.0,0.0,,0.0,0.0,,0.0,0.0,
Silent-Killer100,0.2653178735643751,0.0,0.0,,0.0,0.0,,0.0,0.0,
Silvederione,0.012122524082692931,0.0,0.0,,0.0,0.0,,0.0,0.0,
SilverCat1992,0.012122524082692931,0.0,0.0,,0.0,0.0,,0.0,0.0,
SilverCityIndigo,0.012122524082692931,0.0,0.0,,0.0,0.0,,0.0,0.0,
SilverSwords13,0.012122524082692931,0.0,0.0,,0.0,0.0,,0.0,0.0,
Silvermist15,0.012122524082692931,0.0,0.0,,0.0,0.0,,0.0,0.0,
SimplyDevina,0.012122524082692931,0.0,0.0,,0.0,0.0,,0.0,0.0,
Sina-Movahed,0.8485216507240043,0.09629987737005943,0.08167,1.179134043958117,0.17946420149042544,0.1522,1.1791340439581173,0.2541269691538534,0.21552,1.1791340439581173
Sina_Movahed,0.012122524082692931,0.0008340283569641367,1e-05,83.40283569641367,0.02585487906588824,0.00031,83.40283569641367,0.12427022518765637,0.00149,83.40283569641367
Siniauski,0.012122524082692931,0.0,0.0,,0.0,0.0,,0.0,0.0,
SinisterKnight8,0.08466150791722797,0.0,0.0,,0.0,0.0,,0.0,0.0,
Sinquefield,0.012122524082692931,0.0,0.0,,0.0,0.0,,0.0,0.0,
SipahiPower,0.012122524082692931,0.0,0.0,,0.0,0.0,,0.0,0.0,
SipkeErnst,0.012122524082692931,0.0,0.0,,0.0,0.0,,0.0,0.0,
SirGerhard,0.012122524082692931,0.0,0.0,,0.0,0.0,,0.02549342105263158,0.00031,82.23684210526315
SirMittensofMittensville,0.012122524082692931,0.0,0.0,,0.0,0.0,,0.0,0.0,
SirParistonHill,0.012122524082692931,0.0,0.0,,0.0,0.0,,0.0,0.0,
SirStrateg,0.012122524082692931,0.0,0.0,,0.0,0.0,,0.0,0.0,
Sir_Killalot,0.012122524082692931,0.0,0.0,,0.0,0.0,,0.0,0.0,
SizdemiAntalyaya,0.012122524082692931,0.0,0.0,,0.0,0.0,,0.0,0.0,
Sjakkerntobi,0.012122524082692931,0.0,0.0,,0.0,0.0,,0.0,0.0,
Skat2704,0.012122524082692931,0.0,0.0,,0.0,0.0,,0.0,0.0,
Skatchkov_V,0.012122524082692931,0.0,0.0,,0.0,0.0,,0.0,0.0,
SkibidiToiletLover94,0.2775093216855907,0.0,0.0,,0.0,0.0,,0.0,0.0,
Skillcam,0.012122524082692931,0.0,0.0,,0.0,0.0,,0.0,0.0,
SkinnyPuppy8,0.012122524082692931,0.0,0.0,,0.0,0.0,,0.0,0.0,
SkippingLaptop,0.012122524082692931,0.0,0.0,,0.0,0.0,,0.0,0.0,
Skybloues,0.012122524082692931,0.0,0.0,,0.0,0.0,,0.0,0.0,
Sl4werThanYou,0.012122524082692931,0.0,0.0,,0.0,0.0,,0.0,0.0,
SlavenPastar,0.012122524082692931,0.0,0.0,,0.0,0.0,,0.0,0.0,
Slavonac1988,0.36033982357410854,0.0,0.0,,0.0,0.0,,0.0,0.0,
Slawomir_Kurpiewski,0.7665026072581871,0.0,0.0,,0.0,0.0,,0.0,0.0,
Slayyy_200,0.012122524082692931,0.0,0.0,,0.0,0.0,,0.0,0.0,
Slederes,0.05193036425095561,0.0,0.0,,0.0,0.0,,0.0,0.0,
Sleepless_Knightmare,0.012122524082692931,0.0,0.0,,0.0,0.0,,0.0,0.0,
SlipperySpeedster,0.02197802197802198,0.0,0.0,,0.0,0.0,,0.0,0.0,
SlippperyWhenWet,0.012122524082692931,0.0,0.0,,0.0,0.0,,0.0,0.0,
Slovafn,0.012122524082692931,0.0,0.0,,0.0,0.0,,0.0,0.0,
Slovak_fighter2000,0.015669149755972257,0.0,0.0,,0.0,0.0,,0.0,0.0,
Slovineanu,0.012122524082692931,0.0,0.0,,0.0,0.0,,0.0,0.0,
Slowbeast01,0.05039520930714421,0.0,0.0,,0.0,0.0,,0.0,0.0,
Smaug914,0.012122524082692931,0.0,0.0,,0.0,0.0,,0.0,0.0,
Smiechu,0.9852947771374624,0.0,0.0,,0.0,0.0,,0.0,0.0,
Smile2005,0.012122524082692931,0.0,0.0,,0.0,0.0,,0.0,0.0,
SmirnovAlexandrA,0.012122524082692931,0.0,0.0,,0.0,0.0,,0.0,0.0,
SmirnovTimofey2000,0.012122524082692931,0.0,0.0,,0.0,0.0,,0.0,0.0,
Smirnov_Pavel,0.012122524082692931,0.0,0.0,,0.0,0.0,,0.0,0.0,
Smoking_Crow,0.021541501976284586,0.0,0.0,,0.0,0.0,,0.0,0.0,
SmoothAsAHedgehog,0.012122524082692931,0.0,0.0,,0.0,0.0,,0.0,0.0,
Smyslovsfan,0.012122524082692931,0.0,0.0,,0.0,0.0,,0.0,0.0,
Snegokhod,0.012122524082692931,0.0,0.0,,0.0,0.0,,0.0,0.0,
SnekkerAndersen,0.012122524082692931,0.0,0.0,,0.0,0.0,,0.0,0.0,
Snowball-03,0.012122524082692931,0.0,0.0,,0.0,0.0,,0.0,0.0,
SoCalJuniorChess,0.012122524082692931,0.0,0.0,,0.0,0.0,,0.0,0.0,
SoLuckyThough,0.012122524082692931,0.0,0.0,,0.0,0.0,,0.0,0.0,
SocoLoco,0.012122524082692931,0.0,0.0,,0.0,0.0,,0.0,0.0,
Sofia_Blokhin,0.012122524082692931,0.0,0.0,,0.0,0.0,,0.0,0.0,
Sofiia_Hryzlova,0.14795751245853664,0.0,0.0,,0.0,0.0,,0.0,0.0,
Sokoloco,0.17662675336582756,0.0,0.0,,0.00011379800853485064,2e-05,5.689900426742532,0.0013086770981507823,0.00023,5.689900426742532
Soledadense88,0.012122524082692931,0.0,0.0,,0.0,0.0,,0.0,0.0,
Soltan49,0.012122524082692931,0.0,0.0,,0.0,0.0,,0.0,0.0,
Som2310,0.012122524082692931,0.0,0.0,,0.0,0.0,,0.0016326530612244899,2e-05,81.63265306122449
SomeFMkid007,0.012122524082692931,0.0,0.0,,0.0,0.0,,0.0,0.0,
Sondremelaa,0.012122524082692931,0.0,0.0,,0.0,0.0,,0.0,0.0,
Sophist4Life,0.012122524082692931,0.0,0.0,,0.0,0.0,,0.0,0.0,
SouS007,0.012122524082692931,0.0,0.0,,0.0,0.0,,0.0,0.0,
SoyuzTM4,0.015681403837184617,0.0,0.0,,0.0,0.0,,0.0,0.0,
Spartakus1975,0.012122524082692931,0.0,0.0,,0.0,0.0,,0.0,0.0,
Speed-O-Sonic,0.012122524082692931,0.0,0.0,,0.0,0.0,,0.0,0.0,
SpeedElephant,0.21206191854006828,0.0,0.0,,0.0,0.0,,0.0,0.0,
SpeedofLight0,0.012122524082692931,0.024207011686143573,0.00029,83.47245409015025,0.14023372287145242,0.00168,83.47245409015025,0.3664440734557596,0.00439,83.47245409015025
Speshka,0.06547132583194386,0.0,0.0,,0.0,0.0,,0.0,0.0,
SpongeBob_03,0.012122524082692931,0.0,0.0,,0.0,0.0,,0.0,0.0,
Sprinc1,0.012122524082692931,0.0,0.0,,0.0,0.0,,0.0,0.0,
Spriteball,0.012122524082692931,0.0,0.0,,0.0,0.0,,0.0,0.0,
Squirlolz,0.12284164890686247,0.0,0.0,,0.0,0.0,,0.0,0.0,
Srawberryfields,0.0446927374301676,0.0,0.0,,0.0,0.0,,0.0,0.0,
Sriansh_Das,0.05525437011827932,0.0,0.0,,0.0,0.0,,0.0,0.0,
Srisshhhtea,0.012122524082692931,0.0,0.0,,0.0,0.0,,0.0,0.0,
Stalri,0.012122524082692931,0.0,0.0,,0.0,0.0,,0.000791765637371338,1e-05,79.1765637371338
Stanbad1,0.012122524082692931,0.0,0.0,,0.0,0.0,,0.0,0.0,
StankovicIvan,0.012122524082692931,0.0,0.0,,0.0,0.0,,0.0,0.0,
StarkyNZ,0.012122524082692931,0.0,0.0,,0.0,0.0,,0.0,0.0,
StarlightFade,0.2120070237602985,0.0,0.0,,0.0,0.0,,0.0,0.0,
Starozhil,0.012122524082692931,0.0,0.0,,0.0,0.0,,0.0,0.0,
StasSB,0.06487664404486976,0.0,0.0,,0.0,0.0,,0.0,0.0,
Statham,0.060443348959213425,0.0,0.0,,0.0,0.0,,0.0,0.0,
Statham_01,0.012122524082692931,0.0,0.0,,0.0,0.0,,0.0,0.0,
Statham_l3,0.012122524082692931,0.0,0.0,,0.0,0.0,,0.0,0.0,
Staudenhocker43,0.012122524082692931,0.0,0.0,,0.0,0.0,,0.0,0.0,
SteP007,0.012122524082692931,0.0,0.0,,0.0,0.0,,0.0,0.0,
Steegersee,0.012122524082692931,0.0,0.0,,0.0,0.0,,0.0,0.0,
StefanosKazantzoglou,0.2621389371916322,0.0,0.0,,0.0,0.0,,0.0,0.0,
SteinSuperGM,0.012122524082692931,0.0,0.0,,0.0,0.0,,0.0,0.0,
StelaSfw,0.012122524082692931,0.0,0.0,,0.0,0.0,,0.0,0.0,
StellarChess,0.012122524082692931,0.0,0.0,,0.0,0.0,,0.0,0.0,
StellarChessPro,0.012122524082692931,0.0,0.0,,0.0,0.0,,0.0,0.0,
Stephenzinho,0.24584259459439287,0.0,0.0,,8.119848970809142e-05,2e-05,4.059924485404571,0.004912508627339531,0.00121,4.059924485404571
SteveAlappatt,0.40876282896895844,0.0,0.0,,0.0,0.0,,0.0,0.0,
Steven_Rojas,0.012122524082692931,0.0,0.0,,0.0,0.0,,0.0,0.0,
Stewie_89,0.012122524082692931,0.0,0.0,,0.0,0.0,,0.0,0.0,
StiffMaster1,0.012122524082692931,0.0,0.0,,0.0,0.0,,0.0,0.0,
StockFisher_HBK,0.13244634558892748,0.0,0.0,,0.0,0.0,,0.0,0.0,
StockholmMissile,0.012122524082692931,0.0,0.0,,0.0,0.0,,0.0,0.0,
StoreySniper,0.012122524082692931,0.0,0.0,,0.0,0.0,,0.0,0.0,
StormStrategist,0.13467772356751814,0.0,0.0,,0.0,0.0,,0.0,0.0,
Stormeman100100,0.012122524082692931,0.0,0.0,,0.0,0.0,,0.0,0.0,
Stormtrooper90,0.012122524082692931,0.0,0.0,,0.0,0.0,,0.0,0.0,
Storne89,0.012122524082692931,0.0,0.0,,0.0,0.0,,0.0,0.0,
Stouuf,0.01329049218635899,0.0,0.0,,0.0,0.0,,0.0,0.0,
StrackedAktonamee,0.012122524082692931,0.0,0.0,,0.0,0.0,,0.0,0.0,
StrongestRookie1,0.06396071355540435,0.0,0.0,,0.0,0.0,,0.0,0.0,
Stupeas,0.012122524082692931,0.0,0.0,,0.0,0.0,,0.0,0.0,
SuanFernandes,0.012122524082692931,0.0,0.0,,0.0,0.0,,0.0,0.0,
SuanQuek,0.9368865766993458,0.0,0.0,,0.0,0.0,,0.0,0.0,
SuanTiltado,0.012122524082692931,0.0,0.0,,0.0,0.0,,0.0,0.0,
Suarez928,0.012122524082692931,0.0,0.0,,0.0,0.0,,0.0,0.0,
SuchAnEasyWinBro,0.012122524082692931,0.0,0.0,,0.0,0.0,,0.0,0.0,
Suduvasachmatai,0.012122524082692931,0.0,0.0,,0.0,0.0,,0.0,0.0,
SujanaLohani,0.012122524082692931,0.0,0.0,,0.0,0.0,,0.0,0.0,
Suleiman777,0.01329049218635899,0.0,0.0,,0.0,0.0,,0.0,0.0,
Suleyman_Chess06,0.10266881787311075,0.0,0.0,,0.0,0.0,,0.0,0.0,
SultaiC,0.021541501976284586,0.0,0.0,,0.0,0.0,,0.0,0.0,
SultaiChyngyz,0.012122524082692931,0.0,0.0,,0.0,0.0,,0.0,0.0,
Sulthankan,0.012122524082692931,0.0,0.0,,0.0,0.0,,0.0,0.0,
Sunnika,0.012122524082692931,0.0,0.0,,0.0,0.0,,0.0,0.0,
Sunny_Star,0.6316965826526455,0.0,0.0,,0.0,0.0,,0.0,0.0,
Supe4Chess,0.012122524082692931,0.0,0.0,,0.0,0.0,,0.0,0.0,
Supelyel,0.021541501976284586,0.0,0.0,,0.0,0.0,,0.0,0.0,
SuperAwesomeSarthak,0.7042451770020891,0.0,0.0,,0.0,0.0,,0.0,0.0,
SuperGPatzer,0.14001520225609118,0.0,0.0,,0.0,0.0,,0.0,0.0,
SuperGreenTea,0.03206997084548104,0.0,0.0,,0.0,0.0,,0.0,0.0,
SuperJesus88,0.056572482666015264,0.0,0.0,,0.0,0.0,,0.0,0.0,
SuperPower2011,0.08610427164494366,0.0,0.0,,0.0,0.0,,0.0,0.0,
Superfelix,0.06241908256324536,0.0,0.0,,0.0,0.0,,0.0,0.0,
Supergiuly,0.02386237513873474,0.0,0.0,,0.0,0.0,,0.0,0.0,
SupremeShadowDragon,0.012122524082692931,0.0,0.0,,0.0,0.0,,0.0,0.0,
SupremeTactician,0.012122524082692931,0.0,0.0,,0.0,0.0,,0.0,0.0,
Susal_De_Silva,0.012122524082692931,0.0,0.0,,0.0,0.0,,0.0,0.0,
Suspenser17,0.012122524082692931,0.0,0.0,,0.0,0.0,,0.0,0.0,
Suvradeepta_Das,0.2177750546399909,0.0,0.0,,0.0,0.0,,0.0,0.0,
Suz-Arte,0.012122524082692931,0.0,0.0,,0.0,0.0,,0.0,0.0,
Svandik49,0.012122524082692931,0.0,0.0,,0.0,0.0,,0.0,0.0,
Sven_Tica,0.012122524082692931,0.0,0.0,,0.0,0.0,,0.0,0.0,
Svet_1502,0.012122524082692931,0.0,0.0,,0.0,0.0,,0.0,0.0,
Sveta10,0.012122524082692931,0.0,0.0,,0.0,0.0,,0.0,0.0,
Sviridov_Valery,0.012122524082692931,0.0,0.0,,0.013104013104013105,0.00016,81.9000819000819,0.13022113022113022,0.00159,81.9000819000819
Sweafty,0.012122524082692931,0.0,0.0,,0.0,0.0,,0.0,0.0,
Swiezen,0.021541501976284586,0.0,0.0,,0.0,0.0,,0.0,0.0,
Swiss_Fighter,0.012122524082692931,0.0,0.0,,0.0,0.0,,0.0,0.0,
Switzerlamb,0.012122524082692931,0.0,0.0,,0.0,0.0,,0.0,0.0,
Sychev_Klementy,0.012122524082692931,0.03297609233305853,0.0004,82.44023083264632,0.0717230008244023,0.00087,82.44023083264632,0.08738664468260511,0.00106,82.44023083264634
Sychev_on_YouTube,0.012122524082692931,0.0,0.0,,0.004108463434675432,5e-05,82.16926869350863,0.05012325390304026,0.00061,82.16926869350863
Sylwester_Bednarek,0.14018969485706975,0.0,0.0,,0.0,0.0,,0.0,0.0,
Synctel,0.012122524082692931,0.0,0.0,,0.0,0.0,,0.0,0.0,
SyrBatman,0.012122524082692931,0.0,0.0,,0.0,0.0,,0.0,0.0,
Szachulec75,0.012122524082692931,0.0,0.0,,0.0,0.0,,0.0,0.0,
Szazados1,0.012122524082692931,0.0,0.0,,0.0,0.0,,0.0,0.0,
Szczor,0.012122524082692931,0.0,0.0,,0.0,0.0,,0.0,0.0,
Szparu,0.6711668441848317,0.0010111223458038423,0.00068,1.4869446261821209,0.003330755962647951,0.00224,1.486944626182121,0.007152203651936002,0.00481,1.4869446261821209
TAV_2009,0.012122524082692931,0.0,0.0,,0.0,0.0,,0.0,0.0,
TC2304,0.012122524082692931,0.0,0.0,,0.0,0.0,,0.0,0.0,
TEREZANA,0.012122524082692931,0.0,0.0,,0.0,0.0,,0.0,0.0,
TERMINATOR_PC,0.012122524082692931,0.0,0.0,,0.0,0.0,,0.009290540540540541,0.00011,84.45945945945947
THE_TITAN_15,0.012122524082692931,0.0,0.0,,0.0,0.0,,0.0,0.0,
TJTabernilla_Imus_12,0.711826964593383,0.0,0.0,,0.0,0.0,,0.0,0.0,
TOCANTINS_TO,0.012122524082692931,0.0,0.0,,0.0,0.0,,0.0,0.0,
TRadjabov,0.012122524082692931,0.0,0.0,,0.00625,8e-05,78.125,0.14609375,0.00187,78.125
TST2014,0.012122524082692931,0.0,0.0,,0.0,0.0,,0.0,0.0,
TV27,0.012122524082692931,0.0,0.0,,0.0,0.0,,0.0,0.0,
TacticalSam94,0.012122524082692931,0.0,0.0,,0.0,0.0,,0.0,0.0,
TacticalTerror_10,0.272542779385689,0.0,0.0,,0.0,0.0,,0.0,0.0,
Tactican_228,0.41238981807385827,0.0,0.0,,0.0,0.0,,0.00033863048158092057,0.00014,2.418789154149433
TacticsWizards,0.012122524082692931,0.0,0.0,,0.0,0.0,,0.0,0.0,
Tactictic,0.012122524082692931,0.0,0.0,,0.0,0.0,,0.0,0.0,
Tacticus_Severus,0.012122524082692931,0.0,0.0,,0.0,0.0,,0.0,0.0,
Tacticusbd,0.012122524082692931,0.0,0.0,,0.0,0.0,,0.0,0.0,
Tactrics,0.012122524082692931,0.0,0.0,,0.0,0.0,,0.0,0.0,
Tagir45,0.5447473608862656,0.0,0.0,,0.0,0.0,,0.0,0.0,
Tagliata,0.012122524082692931,0.0,0.0,,0.0,0.0,,0.0,0.0,
Takate20,0.012122524082692931,0.0,0.0,,0.0,0.0,,0.0,0.0,
Taktikmonster,0.012122524082692931,0.0,0.0,,0.0,0.0,,0.0,0.0,
TalatYildiz,0.10745153078802218,0.0,0.0,,0.0,0.0,,0.0,0.0,
Talcrifice,0.012122524082692931,0.0,0.0,,0.0,0.0,,0.0,0.0,
Talent-OF-Slovenia,0.012122524082692931,0.0,0.0,,0.0,0.0,,0.0,0.0,
Talitofelix,0.0446927374301676,0.0,0.0,,0.0,0.0,,0.0,0.0,
TalyaKid07,0.012122524082692931,0.0,0.0,,0.0,0.0,,0.0,0.0,
Tamizhamudhan2017,0.19909713499372633,0.0,0.0,,0.0,0.0,,0.0,0.0,
TanVinhVictory,0.39363244102485634,0.0,0.0,,0.0,0.0,,0.0,0.0,
Tander95,0.012122524082692931,0.0,0.0,,0.0,0.0,,0.0,0.0,
TangerineandLemon25,0.012122524082692931,0.0,0.0,,0.0,0.0,,0.0,0.0,
Tania_S,0.012122524082692931,0.0,0.0,,0.0,0.0,,0.0,0.0,
TanitoluwaAps116,0.012122524082692931,0.0,0.0,,0.0,0.0,,0.0015432098765432098,2e-05,77.16049382716048
Tapson67,0.2435808715500695,0.0,0.0,,0.0,0.0,,0.0,0.0,
Taran2004,0.012122524082692931,0.0,0.0,,0.0,0.0,,0.0,0.0,
TartineDeNutella,0.012122524082692931,0.0,0.0,,0.0,0.0,,0.0,0.0,
Tartody,0.012122524082692931,0.0,0.0,,0.0,0.0,,0.0,0.0,
Tash_Boy,0.012122524082692931,0.0,0.0,,0.0,0.0,,0.0,0.0,
Tashik,0.012122524082692931,0.0,0.0,,0.0,0.0,,0.0,0.0,
TasicV,0.012122524082692931,0.0,0.0,,0.0,0.0,,0.0,0.0,
Tassimo777,0.012122524082692931,0.0,0.0,,0.0,0.0,,0.0,0.0,
TatjanaVasilevich,0.012122524082692931,0.0,0.0,,0.0,0.0,,0.0,0.0,
Taylanruzgar,0.012122524082692931,0.0,0.0,,0.0,0.0,,0.0,0.0,
Tea99,0.20049376545317135,0.0,0.0,,0.0,0.0,,0.0,0.0,
TedBelanoff,0.012122524082692931,0.0,0.0,,0.0,0.0,,0.0,0.0,
Tehni4arce,0.012122524082692931,0.0,0.0,,0.0,0.0,,0.0,0.0,
Teidi96,0.012122524082692931,0.0,0.0,,0.0,0.0,,0.0,0.0,
Tejas_Rama,0.012122524082692931,0.0,0.0,,0.0,0.0,,0.0,0.0,
Tekushka,0.012122524082692931,0.0,0.0,,0.0,0.0,,0.0,0.0,
TelevisionIsHere,0.10891840585093059,0.0,0.0,,0.0,0.0,,0.0,0.0,
Temirlan_Baltabaev,0.012122524082692931,0.0,0.0,,0.0,0.0,,0.0,0.0,
TemploVillamarin,0.012122524082692931,0.0,0.0,,0.0,0.0,,0.0,0.0,
Tenamu,0.012122524082692931,0.0,0.0,,0.0,0.0,,0.0,0.0,
TengisChess,0.012122524082692931,0.0,0.0,,0.0,0.0,,0.0,0.0,
TenguundalaiGanbat,0.12535168718498557,0.0,0.0,,0.0,0.0,,0.0001607587814484366,2e-05,8.03793907242183
TenisMaster,0.012122524082692931,0.0,0.0,,0.007588532883642495,9e-05,84.31703204047217,0.024451939291736932,0.00029,84.31703204047218
Th3_Hound,0.012122524082692931,0.0,0.0,,0.0,0.0,,0.0,0.0,
ThaBarWa,0.012122524082692931,0.0,0.0,,0.0,0.0,,0.0,0.0,
Tha_Shadow_Of_Lupin,0.1098696722228014,0.0,0.0,,0.0,0.0,,0.0,0.0,
ThanhNghia,0.012122524082692931,0.0,0.0,,0.0,0.0,,0.0,0.0,
TheAlienParty,0.012122524082692931,0.0,0.0,,0.0,0.0,,0.0,0.0,
TheBigBadChessDad,0.012122524082692931,0.0,0.0,,0.0,0.0,,0.0,0.0,
TheBigBoss04,0.012122524082692931,0.0,0.0,,0.0,0.0,,0.005604483586869495,7e-05,80.0640512409928
TheCastleHunter,0.012122524082692931,0.0,0.0,,0.0,0.0,,0.0,0.0,
TheCavemanChess,0.012122524082692931,0.0,0.0,,0.0,0.0,,0.0,0.0,
TheChessLion64,0.11056772075767239,0.0,0.0,,0.0,0.0,,0.0,0.0,
TheCount,0.012122524082692931,0.0,0.0,,0.0,0.0,,0.0,0.0,
TheDiscoOne,0.012122524082692931,0.0,0.0,,0.0,0.0,,0.0,0.0,
TheDuck,0.012122524082692931,0.0,0.0,,0.0,0.0,,0.0,0.0,
TheFireChess,0.012122524082692931,0.0,0.0,,0.0,0.0,,0.0,0.0,
TheFutureStar2005,0.012122524082692931,0.0,0.0,,0.0,0.0,,0.0,0.0,
TheGandhiOfChess,0.012122524082692931,0.0,0.0,,0.0,0.0,,0.0,0.0,
TheINfinity011,0.2694447759521082,0.0,0.0,,0.0,0.0,,0.0,0.0,
TheJeremyEllison,0.012122524082692931,0.0,0.0,,0.0,0.0,,0.0,0.0,
TheKingDoctor,0.012122524082692931,0.0,0.0,,0.0,0.0,,0.0,0.0,
TheKnightOfBosnia,0.012122524082692931,0.0,0.0,,0.0,0.0,,0.0,0.0,
TheMagician,0.07830829899224614,0.0,0.0,,0.0,0.0,,0.0,0.0,
TheMandalorian37,0.012122524082692931,0.0,0.0,,0.0,0.0,,0.0,0.0,
TheNextLevelFan,0.01329049218635899,0.0,0.0,,0.0,0.0,,0.0,0.0,
TheOneAndOnlyHedgie,0.012122524082692931,0.0,0.0,,0.0,0.0,,0.0,0.0,
TheOneTrapMan,0.012122524082692931,0.0,0.0,,0.0,0.0,,0.0,0.0,
ThePatrick27,0.012122524082692931,0.0,0.0,,0.0,0.0,,0.0,0.0,
ThePawnSmasher,0.012122524082692931,0.0,0.0,,0.0,0.0,,0.0,0.0,
ThePeacefulPanda,0.012122524082692931,0.0,0.0,,0.0,0.0,,0.0,0.0,
ThePersianCreed,0.5858258481511085,0.0,0.0,,0.0,0.0,,0.0,0.0,
TheRabbit19,0.5389760864386194,0.0,0.0,,0.0,0.0,,0.0,0.0,
TheRealGmochey,0.012122524082692931,0.0,0.0,,0.003401360544217687,4e-05,85.03401360544217,0.055272108843537414,0.00065,85.03401360544218
TheRigos,0.012122524082692931,0.0,0.0,,0.0,0.0,,0.0,0.0,
TheShreggIsBack,0.012122524082692931,0.0,0.0,,0.0,0.0,,0.0,0.0,
TheSilmarils,0.012122524082692931,0.0,0.0,,0.0,0.0,,0.0,0.0,
TheSlowhandSpecial,0.012122524082692931,0.0,0.0,,0.0,0.0,,0.0,0.0,
TheSodabread,0.012122524082692931,0.0,0.0,,0.0,0.0,,0.0,0.0,
TheSpiderLion,0.40640936223139246,0.0,0.0,,0.0,0.0,,0.0,0.0,
The_Chess_Coach,0.012122524082692931,0.0,0.0,,0.0,0.0,,0.0,0.0,
The_Machine04,0.05669080544851131,0.0,0.0,,0.0,0.0,,0.0,0.0,
The_Princess_Moon,0.012122524082692931,0.0,0.0,,0.0,0.0,,0.0,0.0,
The_Sherman_Variation,0.02386237513873474,0.0,0.0,,0.0,0.0,,0.0,0.0,
The_Straightforward_Rook,0.012122524082692931,0.0,0.0,,0.0,0.0,,0.0,0.0,
The_filthy,0.012122524082692931,0.0,0.0,,0.0,0.0,,0.0,0.0,
Thecourseoisildur,0.1369137407865732,0.0,0.0,,0.0,0.0,,0.0,0.0,
Thee-Chessboy,0.012122524082692931,0.0,0.0,,0.0,0.0,,0.0,0.0,
Thenightmare_2903,0.012122524082692931,0.0,0.0,,0.0,0.0,,0.0,0.0,
TheoSlade,0.012122524082692931,0.0,0.0,,0.0,0.0,,0.0,0.0,
ThetNaung291,0.012122524082692931,0.0,0.0,,0.0,0.0,,0.0,0.0,
They_Not_Like_Me-KL,0.012122524082692931,0.0,0.0,,0.0,0.0,,0.0,0.0,
Theytookourjobs,0.012122524082692931,0.0,0.0,,0.0,0.0,,0.0,0.0,
ThinkingSquares,0.012122524082692931,0.0,0.0,,0.0,0.0,,0.0,0.0,
Thjop,0.012122524082692931,0.0,0.0,,0.0,0.0,,0.0,0.0,
Thormento16,0.012122524082692931,0.0,0.0,,0.0,0.0,,0.0,0.0,
Thunderbolt135,0.012122524082692931,0.0,0.0,,0.0,0.0,,0.0,0.0,
TiagoMangialardo,0.5856937663186005,0.0,0.0,,0.0,0.0,,0.0,0.0,
Tibmat,0.012122524082692931,0.0,0.0,,0.0,0.0,,0.0,0.0,
Ticoluis,0.012122524082692931,0.0,0.0,,0.0,0.0,,0.0,0.0,
Ticondriul,0.012122524082692931,0.0,0.0,,0.0,0.0,,0.0,0.0,
TienTranManh,0.012122524082692931,0.0,0.0,,0.0,0.0,,0.0,0.0,
TieuAnhNgan,0.012122524082692931,0.0,0.0,,0.0,0.0,,0.0,0.0,
TigrVShlyape,0.012122524082692931,0.005686433793663688,7e-05,81.23476848090984,0.017059301380991064,0.00021,81.23476848090982,0.05361494719740049,0.00066,81.23476848090984
TigranHH,0.012122524082692931,0.0,0.0,,0.0,0.0,,0.0,0.0,
TigranMukhutdinov,0.012122524082692931,0.0,0.0,,0.0,0.0,,0.0,0.0,
Tigranpatagonian,0.012122524082692931,0.0,0.0,,0.0,0.0,,0.0,0.0,
TigreMexicano,0.03206997084548104,0.0,0.0,,0.0,0.0,,0.0,0.0,
Tikhon_Popov,0.5135944767457111,0.0,0.0,,0.0,0.0,,0.0,0.0,
TiltedRizzler_5,0.012122524082692931,0.0,0.0,,0.0,0.0,,0.0,0.0,
Tim1234321,0.8519566314304214,0.0,0.0,,0.0,0.0,,0.0,0.0,
TimAina,0.08407211667099328,0.0,0.0,,0.0,0.0,,0.0,0.0,
TimGrutter03,0.012122524082692931,0.0,0.0,,0.0,0.0,,0.0,0.0,
TimKett,0.012122524082692931,0.0,0.0,,0.0,0.0,,0.0,0.0,
Time2Pretend,0.012122524082692931,0.0,0.0,,0.0,0.0,,0.0,0.0,
Timerkhanov,0.012122524082692931,0.0,0.0,,0.0,0.0,,0.0,0.0,
TimofeevAr,0.012122524082692931,0.0,0.0,,0.004934210526315789,6e-05,82.23684210526315,0.06085526315789474,0.00074,82.23684210526316
TimurDushatov,0.36961876576987845,0.0,0.0,,0.0,0.0,,0.0,0.0,
TimurGareyev,0.012122524082692931,0.0,0.0,,0.0008298755186721991,1e-05,82.9875518672199,0.00995850622406639,0.00012,82.9875518672199
Timur_Nurzhanov,0.26789970150804787,0.0,0.0,,0.0,0.0,,0.0,0.0,
Timurist,0.012122524082692931,0.0,0.0,,0.0,0.0,,0.0,0.0,
TioCridineno,0.13233839700581237,0.0,0.0,,0.0,0.0,,0.0,0.0,
Tiqr777,0.012122524082692931,0.0,0.0,,0.0,0.0,,0.0,0.0,
TitanChess666,0.012122524082692931,0.0,0.0,,0.0,0.0,,0.0,0.0,
TitanDjebel,0.012122524082692931,0.0,0.0,,0.0,0.0,,0.0,0.0,
TitarovVasiliYouTube,0.012122524082692931,0.0,0.0,,0.0,0.0,,0.0,0.0,
Titus369,0.012122524082692931,0.0,0.0,,0.0,0.0,,0.0,0.0,
TnTanggg,0.012122524082692931,0.0,0.0,,0.0,0.0,,0.0,0.0,
Tobias_Koelle,0.012122524082692931,0.0,0.0,,0.0,0.0,,0.0056134723336006415,7e-05,80.1924619085806
Tocras,0.012122524082692931,0.0,0.0,,0.0,0.0,,0.0,0.0,
ToddBryant,0.012122524082692931,0.0,0.0,,0.0,0.0,,0.0,0.0,
ToivoK3,0.3945509583799842,0.0,0.0,,7.554011179936546e-05,3e-05,2.518003726645515,0.03454701112957647,0.01372,2.5180037266455155
TokChess,0.012122524082692931,0.0,0.0,,0.0,0.0,,0.0,0.0,
Tol_Tol,0.4232951582976849,0.0,0.0,,0.0,0.0,,0.0,0.0,
Tolya2,0.012122524082692931,0.0,0.0,,0.0,0.0,,0.0,0.0,
Tolyanius,0.3237360313174336,0.0,0.0,,0.0,0.0,,0.0,0.0,
TomLiu777,0.012122524082692931,0.0,0.0,,0.0,0.0,,0.0,0.0,
TomsKantans,0.012122524082692931,0.0,0.0,,0.0,0.0,,0.0,0.0,
Tomytoteph,0.012122524082692931,0.0,0.0,,0.0,0.0,,0.0,0.0,
TonyCapuozzo,0.09235572773944012,0.0,0.0,,0.0,0.0,,0.0,0.0,
Tonychess32,0.012122524082692931,0.0,0.0,,0.0,0.0,,0.0,0.0,
Too_Stupid_To_Play,0.029278350515463916,0.0,0.0,,0.0,0.0,,0.0,0.0,
Topblitz,0.012122524082692931,0.0,0.0,,0.0,0.0,,0.007425742574257425,9e-05,82.5082508250825
Topencik,0.012122524082692931,0.0,0.0,,0.0,0.0,,0.0,0.0,
TorFredrikKaasen,0.012122524082692931,0.0,0.0,,0.0,0.0,,0.0,0.0,
Tormoz,0.012122524082692931,0.0016474464579901153,2e-05,82.37232289950576,0.030477759472817133,0.00037,82.37232289950576,0.14085667215815487,0.00171,82.37232289950578
Torosyan_chess,0.08998382981623264,0.0,0.0,,0.0,0.0,,0.0,0.0,
TorpedoKnight,0.012122524082692931,0.0,0.0,,0.0,0.0,,0.0,0.0,
Torr79,0.012122524082692931,0.0,0.0,,0.0,0.0,,0.0,0.0,
TosicSrecko,0.012122524082692931,0.0,0.0,,0.0,0.0,,0.0,0.0,
TovmasianVardges,0.012122524082692931,0.0,0.0,,0.0,0.0,,0.0,0.0,
Tpros,0.012122524082692931,0.0,0.0,,0.0,0.0,,0.0,0.0,
TrahtarBelarus,0.050611065328309085,0.0,0.0,,0.0,0.0,,0.0066122131466355505,0.00034,19.447685725398678
Train_Your_Dragon,0.012122524082692931,0.0,0.0,,0.0,0.0,,0.0,0.0,
Tramontanaaa,0.012122524082692931,0.0,0.0,,0.0,0.0,,0.0,0.0,
Trankuilizer,0.012122524082692931,0.0,0.0,,0.0,0.0,,0.0,0.0,
Treacherous_horse64,0.012122524082692931,0.0,0.0,,0.0,0.0,,0.0,0.0,
Treasurechess777,0.012122524082692931,0.0,0.0,,0.0,0.0,,0.0,0.0,
TregubovP,0.06443605018659253,0.0,0.0,,0.0,0.0,,0.0,0.0,
TreinadorBR,0.012122524082692931,0.0,0.0,,0.0,0.0,,0.0,0.0,
Trendle,0.012122524082692931,0.0,0.0,,0.0,0.0,,0.0,0.0,
TrenerChos,0.012122524082692931,0.0,0.0,,0.0,0.0,,0.0,0.0,
Trickster_fam,0.026400515132002575,0.0,0.0,,0.0,0.0,,0.0,0.0,
TrickyFortem,0.012122524082692931,0.0,0.0,,0.0,0.0,,0.00322061191626409,4e-05,80.51529790660224
Triumphmate,0.012122524082692931,0.0,0.0,,0.0,0.0,,0.0,0.0,
TrixR4Kidzzzzz,0.1684188213509254,0.0,0.0,,0.0,0.0,,0.0,0.0,
Trojan-Knight,0.7297609304991323,0.0,0.0,,0.0,0.0,,0.0,0.0,
TrompeterImEther,0.015965166908563134,0.0,0.0,,0.0,0.0,,0.0,0.0,
Trovita84,0.012122524082692931,0.0,0.0,,0.0,0.0,,0.0,0.0,
Truequitos,0.012122524082692931,0.0,0.0,,0.0,0.0,,0.0,0.0,
TrulyHumbledUnderGod,0.012122524082692931,0.0,0.0,,0.0,0.0,,0.00699912510936133,8e-05,87.48906386701661
Tryharder0,0.012122524082692931,0.0,0.0,,0.0,0.0,,0.0,0.0,
Tsschessulover,0.012122524082692931,0.0,0.0,,0.0,0.0,,0.0,0.0,
Tssunami,0.12370335751544288,0.0,0.0,,0.0,0.0,,0.0,0.0,
Tsyhanchuk_Stanislav,0.012122524082692931,0.0,0.0,,0.0,0.0,,0.0,0.0,
Tugaychess,0.8702121712183813,0.0,0.0,,0.0,0.0,,0.0,0.0,
Tugrik1969,0.012122524082692931,0.0,0.0,,0.0,0.0,,0.0,0.0,
Tulipnoir,0.012122524082692931,0.0,0.0,,0.0,0.0,,0.0,0.0,
Tunahan_Makaraci,0.012122524082692931,0.0,0.0,,0.0,0.0,,0.0,0.0,
Tunartank,0.28638482085841893,0.0,0.0,,0.0,0.0,,0.0,0.0,
TurboSteen,0.012122524082692931,0.0,0.0,,0.0,0.0,,0.0,0.0,
Turboplombir,0.4779042969029941,2.098988287645355e-05,1e-05,2.098988287645355,0.00010494941438226774,5e-05,2.098988287645355,0.017337643255950632,0.00826,2.098988287645355
TurkishWunderkind,0.12851537644367803,0.0,0.0,,0.0,0.0,,0.0,0.0,
Turquoise_2701,0.24156162855148944,0.0,0.0,,0.0,0.0,,0.0,0.0,
Tutanero97,0.012122524082692931,0.0,0.0,,0.0,0.0,,0.0,0.0,
Twinstulle,0.012122524082692931,0.0,0.0,,0.0,0.0,,0.0,0.0,
Twitch_ElhamBlitz05,0.012122524082692931,0.0008319467554076539,1e-05,83.19467554076539,0.0008319467554076539,1e-05,83.19467554076539,0.009151414309484194,0.00011,83.19467554076539
UB_TheQueen,0.012122524082692931,0.0,0.0,,0.0,0.0,,0.0,0.0,
UF_10,0.012122524082692931,0.0,0.0,,0.0,0.0,,0.0,0.0,
UKR_Master,0.012122524082692931,0.0,0.0,,0.0,0.0,,0.0,0.0,
UK_23,0.012122524082692931,0.0,0.0,,0.0,0.0,,0.0,0.0,
UNSTOPPABLE_LEGEND,0.012122524082692931,0.0,0.0,,0.0,0.0,,0.0,0.0,
Ucitelot,0.012122524082692931,0.0,0.0,,0.0,0.0,,0.0,0.0,
UgarteCesar,0.012122524082692931,0.0,0.0,,0.0,0.0,,0.0,0.0,
UghuzovRavan,0.02386237513873474,0.0,0.0,,0.0,0.0,,0.0,0.0,
Ulasevich_Sergei,0.012122524082692931,0.0,0.0,,0.0,0.0,,0.0,0.0,
UlisesHB,0.012122524082692931,0.0,0.0,,0.0,0.0,,0.0,0.0,
UmarovSabir,0.012122524082692931,0.0,0.0,,0.0,0.0,,0.0,0.0,
Umumba_FM,0.012122524082692931,0.0,0.0,,0.0,0.0,,0.0,0.0,
UmutErdemGunduz,0.015669149755972257,0.0,0.0,,0.0,0.0,,0.0,0.0,
UnTucopalaTimba,0.012122524082692931,0.0,0.0,,0.0,0.0,,0.0,0.0,
Undisputed92,0.012122524082692931,0.0,0.0,,0.0,0.0,,0.0,0.0,
Unfazed7777,0.012122524082692931,0.0,0.0,,0.0,0.0,,0.0,0.0,
UnknownMagician,0.012122524082692931,0.0,0.0,,0.0,0.0,,0.0,0.0,
UnknownxArmy,0.012122524082692931,0.0,0.0,,0.0,0.0,,0.0,0.0,
Unkreativ3,0.012122524082692931,0.0,0.0,,0.0,0.0,,0.0,0.0,
Unmerciful_life,0.012122524082692931,0.0,0.0,,0.0,0.0,,0.0,0.0,
UnoScaccoNelBuio,0.012122524082692931,0.0,0.0,,0.0,0.0,,0.0,0.0,
Unskibidirizzler11,0.012122524082692931,0.0,0.0,,0.0,0.0,,0.0,0.0,
Ural_bogatyr,0.012122524082692931,0.0,0.0,,0.0,0.0,,0.0,0.0,
User234564,0.15970547294125212,0.0,0.0,,0.0,0.0,,0.0,0.0,
VALPARAISO37,0.012122524082692931,0.0,0.0,,0.0,0.0,,0.0,0.0,
VAT55,0.012122524082692931,0.0,0.0,,0.0,0.0,,0.0,0.0,
VB84,0.012122524082692931,0.0,0.0,,0.0,0.0,,0.0,0.0,
VD_coach,0.012122524082692931,0.0,0.0,,0.0,0.0,,0.0,0.0,
VM2027,0.01329049218635899,0.0,0.0,,0.0,0.0,,0.0,0.0,
VMalhotra14,0.42585636004330035,0.0,0.0,,0.0,0.0,,0.0,0.0,
VMikhalevski,0.012122524082692931,0.0,0.0,,0.0,0.0,,0.0,0.0,
VOneChess,0.012122524082692931,0.0,0.0,,0.0,0.0,,0.0,0.0,
VQBT-TPND,0.021541501976284586,0.0,0.0,,0.0,0.0,,0.0,0.0,
VSERGUEI,0.012122524082692931,0.0,0.0,,0.0,0.0,,0.0,0.0,
VSofja,0.29080602496883484,0.0,0.0,,0.0,0.0,,0.0,0.0,
VTB-81,0.012122524082692931,0.0,0.0,,0.0,0.0,,0.0,0.0,
Vaathi_Coming,0.46794356358542816,0.0017053933063312726,0.0008,2.131741632914091,0.015135365593690045,0.0071,2.131741632914091,0.11191643572798977,0.0525,2.131741632914091
Vaathi_Raid,0.012122524082692931,0.0,0.0,,0.0,0.0,,0.0,0.0,
VacheH009,0.12226224727843898,0.0,0.0,,0.0,0.0,,0.0,0.0,
Vadim_Biliy,0.012122524082692931,0.0,0.0,,0.0,0.0,,0.0,0.0,
Vadim_Galchenko,0.012122524082692931,0.0,0.0,,0.0,0.0,,0.0,0.0,
VaglioSagan,0.012122524082692931,0.0,0.0,,0.0,0.0,,0.0,0.0,
Vahan,0.16282565865745824,0.0,0.0,,0.0,0.0,,0.0,0.0,
Vahe_Danielyan,0.012122524082692931,0.0,0.0,,0.0,0.0,,0.0,0.0,
Vaibhavraut99,0.0446927374301676,0.0,0.0,,0.0,0.0,,0.0,0.0,
ValentinDragnev,0.012122524082692931,0.0,0.0,,0.0,0.0,,0.0024410089503661514,3e-05,81.36696501220504
ValentunHulka,0.2775119020699482,0.0,0.0,,0.0,0.0,,0.0007578765022194955,0.00021,3.60893572485474
Valera_B5,0.012122524082692931,0.0008257638315441783,1e-05,82.57638315441783,0.010734929810074319,0.00013,82.57638315441784,0.07431874483897605,0.0009,82.57638315441783
ValerieRuchinskaya,0.012122524082692931,0.0,0.0,,0.0,0.0,,0.0,0.0,
ValeriyGrinev,0.012122524082692931,0.0,0.0,,0.0,0.0,,0.0,0.0,
Valeron87,0.012122524082692931,0.0,0.0,,0.0,0.0,,0.0,0.0,
ValiantCeleb,0.2616058124439708,0.0,0.0,,0.0,0.0,,0.0,0.0,
Valio_M1948,0.01329049218635899,0.0,0.0,,0.0,0.0,,0.0,0.0,
Valiyev_Shahin,0.012122524082692931,0.0,0.0,,0.0,0.0,,0.0,0.0,
Valuebet2000,0.012122524082692931,0.0,0.0,,0.0,0.0,,0.0,0.0,
Valy02chess,0.012122524082692931,0.0,0.0,,0.0,0.0,,0.0,0.0,
Vamostodorecto,0.012122524082692931,0.0,0.0,,0.0,0.0,,0.0,0.0,
VanRommel28,0.012122524082692931,0.0,0.0,,0.0,0.0,,0.0,0.0,
Vanek_Runets,0.012122524082692931,0.0,0.0,,0.0,0.0,,0.0,0.0,
Vanina1989,0.012122524082692931,0.0,0.0,,0.0,0.0,,0.0008389261744966443,1e-05,83.89261744966443
Vanych,0.012122524082692931,0.0,0.0,,0.0,0.0,,0.0,0.0,
Vaporwaffle94,0.012122524082692931,0.0,0.0,,0.0,0.0,,0.0,0.0,
Varvara_Poliakova,0.012122524082692931,0.0,0.0,,0.0,0.0,,0.0,0.0,
Vasily85,0.06682819082132137,0.0,0.0,,0.0,0.0,,0.0,0.0,
Vasily_IM,0.012122524082692931,0.0,0.0,,0.0,0.0,,0.0,0.0,
Vazabanga,0.02386237513873474,0.0,0.0,,0.0,0.0,,0.0,0.0,
VedantVarasada,0.23793595141489146,0.0,0.0,,0.0,0.0,,0.0,0.0,
Vegan4future,0.012122524082692931,0.0,0.0,,0.0,0.0,,0.0,0.0,
Veganator13,0.012122524082692931,0.0,0.0,,0.0,0.0,,0.0,0.0,
Veleamater,0.012122524082692931,0.0,0.0,,0.0,0.0,,0.0,0.0,
Venemycin,0.14367463914189496,0.0,0.0,,0.0,0.0,,0.0,0.0,
VeraVujovic,0.012122524082692931,0.0,0.0,,0.0,0.0,,0.0,0.0,
VerdeNotte,0.012122524082692931,0.0007930214115781126,1e-05,79.30214115781125,0.013481363996827915,0.00017,79.30214115781126,0.07295796986518636,0.00092,79.30214115781126
Veritolinda,0.012122524082692931,0.0,0.0,,0.0,0.0,,0.0,0.0,
Verony64,0.012122524082692931,0.0,0.0,,0.0,0.0,,0.0,0.0,
VeryBadlyBald,0.039538714991762765,0.0,0.0,,0.0,0.0,,0.0,0.0,
Vesper2018,0.6316814748501062,0.0,0.0,,0.0,0.0,,0.0,0.0,
ViIIagra,0.012122524082692931,0.0008382229673093043,1e-05,83.82229673093042,0.00586756077116513,7e-05,83.82229673093043,0.05951383067896061,0.00071,83.82229673093043
Vi_Los,0.012122524082692931,0.0,0.0,,0.0,0.0,,0.0,0.0,
Viacheslav92,0.012122524082692931,0.0,0.0,,0.0,0.0,,0.0,0.0,
Vicmary2005,0.012122524082692931,0.0,0.0,,0.0,0.0,,0.0,0.0,
VidarGrahn,0.07330836867000042,0.0,0.0,,0.0,0.0,,0.0,0.0,
Vigg-Sama,0.012122524082692931,0.0,0.0,,0.0,0.0,,0.0,0.0,
Viktoker,0.21493695840625462,0.0,0.0,,0.0,0.0,,0.0,0.0,
ViktorHNielsen,0.012122524082692931,0.0,0.0,,0.0,0.0,,0.0,0.0,
Viktor_Poddubnyi,0.012122524082692931,0.0,0.0,,0.0,0.0,,0.0,0.0,
ViktoriyaTarasova,0.012122524082692931,0.0,0.0,,0.0,0.0,,0.0,0.0,
Vincefm,0.012122524082692931,0.0,0.0,,0.0,0.0,,0.0,0.0,
VincentKeymer,0.039538714991762765,0.05403348554033485,0.00213,25.367833587011667,0.1336884830035515,0.00527,25.367833587011667,0.2950279046169457,0.01163,25.36783358701167
Vincent_Vega95,0.012122524082692931,0.0,0.0,,0.0,0.0,,0.0,0.0,
Vinnkratos,0.012122524082692931,0.0,0.0,,0.0,0.0,,0.0,0.0,
Vinuka_Wijerathna,0.012122524082692931,0.0,0.0,,0.0,0.0,,0.0,0.0,
VinzentSpitzl,0.012122524082692931,0.0,0.0,,0.0,0.0,,0.0,0.0,
Viper_108,0.26530135490163825,0.0,0.0,,0.0,0.0,,0.0,0.0,
ViralduS,0.021541501976284586,0.0,0.0,,0.0,0.0,,0.0,0.0,
Virgo15,0.012122524082692931,0.0,0.0,,0.0,0.0,,0.000835421888053467,1e-05,83.54218880534668
Virre_firre,0.012122524082692931,0.0,0.0,,0.0,0.0,,0.0,0.0,
VirtualCoach,0.012122524082692931,0.0,0.0,,0.0,0.0,,0.0,0.0,
VishButNotAnand,0.012122524082692931,0.0,0.0,,0.0,0.0,,0.0,0.0,
Vision_64,0.012122524082692931,0.0,0.0,,0.0,0.0,,0.0,0.0,
VitaliyBernadskiy,0.012122524082692931,0.0034542314335060447,4e-05,86.35578583765111,0.046632124352331605,0.00054,86.35578583765113,0.11917098445595854,0.00138,86.35578583765113
VitaliyChayka,0.012122524082692931,0.0,0.0,,0.0,0.0,,0.0,0.0,
VitorBronson,0.012122524082692931,0.0,0.0,,0.0,0.0,,0.0,0.0,
VladDobrov,0.012122524082692931,0.0,0.0,,0.0065252854812398045,8e-05,81.56606851549755,0.1468189233278956,0.0018,81.56606851549755
VladShere,0.039538714991762765,0.0,0.0,,0.0,0.0,,0.0,0.0,
Vlad_Lukiianchuk,0.012122524082692931,0.0,0.0,,0.0,0.0,,0.0,0.0,
VladimirBelous,0.01329049218635899,0.0,0.0,,0.0,0.0,,0.0,0.0,
VladimirBugayev,0.012122524082692931,0.0,0.0,,0.0,0.0,,0.0,0.0,
VladimirKramnik,0.012122524082692931,0.014072847682119206,0.00017,82.78145695364238,0.026490066225165563,0.00032,82.78145695364238,0.0902317880794702,0.00109,82.78145695364239
Vladimir_2020,0.012122524082692931,0.0,0.0,,0.0,0.0,,0.0,0.0,
Vladimir_Zakhartsov,0.012122524082692931,0.0,0.0,,0.0016,2e-05,80.0,0.0328,0.00041,80.00000000000001
Vladislav_Chizhikov,0.012122524082692931,0.0,0.0,,0.0,0.0,,0.0,0.0,
Vladislav_Voitovich,0.056593861272367686,0.0,0.0,,0.0,0.0,,0.0,0.0,
VladyC,0.012122524082692931,0.0,0.0,,0.0,0.0,,0.0,0.0,
VoicelessFeather,0.012122524082692931,0.0,0.0,,0.0,0.0,,0.0,0.0,
VojtechPlat,0.012122524082692931,0.0,0.0,,0.0,0.0,,0.01015228426395939,0.00012,84.60236886632825
Volcanator,0.062202912365835764,0.0,0.0,,0.0,0.0,,0.0,0.0,
Volodar_Murzin,0.49533377903495307,0.009965837190968082,0.00493,2.0214679900543775,0.08795407224726597,0.04351,2.0214679900543775,0.2482564838585781,0.12281,2.0214679900543775
VolodinAlexandr,0.012122524082692931,0.0,0.0,,0.0,0.0,,0.0,0.0,
VomDingJetztHer,0.012122524082692931,0.0,0.0,,0.0,0.0,,0.0,0.0,
Vorobei1978,0.012122524082692931,0.0,0.0,,0.0,0.0,,0.0,0.0,
VovenRogel,0.012122524082692931,0.0,0.0,,0.0,0.0,,0.0,0.0,
Vrashank_Chouhan,0.012122524082692931,0.0,0.0,,0.0,0.0,,0.0,0.0,
Vse_po_kaify,0.012122524082692931,0.0,0.0,,0.0,0.0,,0.0,0.0,
Vsevolod_Ovchinnikov,0.012122524082692931,0.0,0.0,,0.0,0.0,,0.0,0.0,
Vuk2000,0.012122524082692931,0.0,0.0,,0.0,0.0,,0.0,0.0,
Vusatiuk_Vladimir,0.012122524082692931,0.0,0.0,,0.0,0.0,,0.03486394557823129,0.00041,85.03401360544217
Vyacheslav_N,0.012122524082692931,0.0,0.0,,0.0,0.0,,0.0,0.0,
W-buffalo,0.012122524082692931,0.0,0.0,,0.0,0.0,,0.0,0.0,
W1lly_Wonka,0.012122524082692931,0.0,0.0,,0.0,0.0,,0.0,0.0,
WCM-Mexicana,0.012122524082692931,0.0,0.0,,0.0,0.0,,0.0,0.0,
WFM_Sara_Adel,0.012122524082692931,0.0,0.0,,0.0,0.0,,0.0,0.0,
WIMAnnaRudolph,0.14940277393365237,0.0,0.0,,0.0,0.0,,0.0,0.0,
WMirBV,0.38474111116568277,0.0,0.0,,0.0,0.0,,0.0,0.0,
WPWPWP-2015,0.012122524082692931,0.0,0.0,,0.0,0.0,,0.0,0.0,
WZAWZDB-AFCA1900,0.01329049218635899,0.0,0.0,,0.0,0.0,,0.0,0.0,
Walter_White_Poland,0.012122524082692931,0.0,0.0,,0.0,0.0,,0.0,0.0,
WanderingPuppet,0.012122524082692931,0.0,0.0,,0.0,0.0,,0.0,0.0,
Washmachine,0.012122524082692931,0.0,0.0,,0.0,0.0,,0.0,0.0,
WatchUrClock,0.012122524082692931,0.0,0.0,,0.0,0.0,,0.0,0.0,
Waterfall055,0.012122524082692931,0.0,0.0,,0.0,0.0,,0.0,0.0,
WeAintSurePal,0.012122524082692931,0.0,0.0,,0.0,0.0,,0.0,0.0,
Weifd,0.012122524082692931,0.0,0.0,,0.0,0.0,,0.0,0.0,
WelshTiger,0.012122524082692931,0.0,0.0,,0.0,0.0,,0.0,0.0,
WhiteKnight2612,0.10872458528261938,0.0,0.0,,0.0,0.0,,0.0025678650036683784,0.00028,9.17094644167278
Whiteking2009,0.1442752984946445,0.0,0.0,,0.0,0.0,,0.0,0.0,
WhoTellYouStop,0.012122524082692931,0.0,0.0,,0.0,0.0,,0.0,0.0,
WiIly_Wonka,0.012122524082692931,0.0,0.0,,0.0,0.0,,0.0,0.0,
Widowmaker122,0.23490595041820075,0.0,0.0,,0.0,0.0,,0.0,0.0,
WiktorGolis,0.01329049218635899,0.0,0.0,,0.0,0.0,,0.0,0.0,
WiktoriaPOL,0.2507679519249895,0.0,0.0,,0.0,0.0,,0.0,0.0,
WildBizon,0.012122524082692931,0.0,0.0,,0.0,0.0,,0.0,0.0,
WildJoker2016,0.5087306202649439,0.0,0.0,,0.0,0.0,,0.0,0.0,
WildOnTwitch,0.015669149755972257,0.0,0.0,,0.0,0.0,,0.0,0.0,
WildTricks,0.012122524082692931,0.0,0.0,,0.0,0.0,,0.0,0.0,
Willhaven3,0.02386237513873474,0.0,0.0,,0.0,0.0,,0.0,0.0,
Willi_Skibbe,0.02386237513873474,0.0,0.0,,0.0,0.0,,0.0,0.0,
WilliamAlfaroCaracas,0.012122524082692931,0.0,0.0,,0.0,0.0,,0.0,0.0,
Willixm,0.012122524082692931,0.0,0.0,,0.0,0.0,,0.0,0.0,
Willychess95,0.012122524082692931,0.0,0.0,,0.0,0.0,,0.0,0.0,
WilsonPalencia21,0.012122524082692931,0.0,0.0,,0.0,0.0,,0.0,0.0,
Wilsy19,0.012122524082692931,0.0,0.0,,0.0,0.0,,0.0,0.0,
Wilver92,0.012122524082692931,0.0,0.0,,0.0,0.0,,0.0,0.0,
WinOrTilt,0.012122524082692931,0.0,0.0,,0.0,0.0,,0.0,0.0,
WindWhistler11,0.015669149755972257,0.0,0.0,,0.0,0.0,,0.0,0.0,
Winner_7777,0.012122524082692931,0.0,0.0,,0.0,0.0,,0.0,0.0,
WinningButNotReally,0.012122524082692931,0.0,0.0,,0.0,0.0,,0.0,0.0,
WinterVault,0.012122524082692931,0.0,0.0,,0.0,0.0,,0.0,0.0,
WisdomGame,0.012122524082692931,0.0,0.0,,0.0,0.0,,0.0,0.0,
WiseKing_08,0.012122524082692931,0.0,0.0,,0.0,0.0,,0.0,0.0,
Wise_Guyyy,0.14466785806665208,0.0,0.0,,0.0,0.0,,0.0,0.0,
Witik,0.9686551850557779,0.0,0.0,,0.0,0.0,,0.00019593688769722594,0.00019,1.0312467773538208
Witty_Alien,0.9769060187086914,0.0,0.0,,0.0,0.0,,0.0,0.0,
WizardOf64,0.012122524082692931,0.0,0.0,,0.0,0.0,,0.0,0.0,
Wizard_97,0.03206997084548104,0.0,0.0,,0.0,0.0,,0.0,0.0,
Wizard_of_Odds,0.012122524082692931,0.0,0.0,,0.0,0.0,,0.0,0.0,
WolfBaoBaoLang,0.012122524082692931,0.0,0.0,,0.0,0.0,,0.0,0.0,
WonderChampion,0.012122524082692931,0.0,0.0,,0.0,0.0,,0.0,0.0,
WoodlandMagic,0.18415450245439438,0.00016218846299399903,3e-05,5.406282099799967,0.002703141049899984,0.0005,5.406282099799967,0.020651997621235877,0.00382,5.406282099799967
WoolworthsManly,0.012122524082692931,0.0,0.0,,0.0,0.0,,0.0,0.0,
WorriedEgg,0.02386237513873474,0.0,0.0,,0.0016666666666666668,4e-05,41.666666666666664,0.03791666666666667,0.00091,41.66666666666667
Wotgenie,0.5430505348286593,0.0,0.0,,0.0,0.0,,0.0,0.0,
Wrecking_Ball_05,0.012122524082692931,0.0,0.0,,0.0,0.0,,0.0,0.0,
WynnZawHtun82,0.012122524082692931,0.0,0.0,,0.0,0.0,,0.0,0.0,
XDPS,0.17331132970943286,0.0,0.0,,0.0,0.0,,0.0035321366531557616,0.00061,5.790387955993052
Xadrez_Logic,0.012122524082692931,0.0,0.0,,0.0,0.0,,0.0,0.0,
XalmatovYakubjon,0.012122524082692931,0.0,0.0,,0.0,0.0,,0.0,0.0,
Xavier_mompel,0.012122524082692931,0.0,0.0,,0.0,0.0,,0.0,0.0,
Xeniya2005,0.012122524082692931,0.0,0.0,,0.0,0.0,,0.0,0.0,
XeresLt,0.012122524082692931,0.0,0.0,,0.0,0.0,,0.0,0.0,
XiaoKangZhong,0.05657244571929459,0.0,0.0,,0.0,0.0,,0.0,0.0,
XilacOrigami,0.021541501976284586,0.0,0.0,,0.0,0.0,,0.0,0.0,
Xiximinski,0.012122524082692931,0.0,0.0,,0.0,0.0,,0.0,0.0,
Xqswdc,0.012122524082692931,0.0,0.0,,0.0,0.0,,0.0,0.0,
XxPetroffsxX,0.012122524082692931,0.0,0.0,,0.0,0.0,,0.0,0.0,
Xyloxia,0.2765570648225522,0.0,0.0,,0.0,0.0,,0.0,0.0,
Y0ung_Capablanca,0.012122524082692931,0.0,0.0,,0.0,0.0,,0.0,0.0,
YEIKO2017,0.012122524082692931,0.0,0.0,,0.0,0.0,,0.0,0.0,
YQPerez,0.012122524082692931,0.0,0.0,,0.0,0.0,,0.02202283849918434,0.00027,81.56606851549755
YaWaleriy,0.012122524082692931,0.0,0.0,,0.0,0.0,,0.0,0.0,
Yaacovn,0.021541501976284586,0.0,0.0,,0.0,0.0,,0.0004833252779120348,1e-05,48.332527791203475
YacooBeen,0.012122524082692931,0.0,0.0,,0.0,0.0,,0.0,0.0,
Yahisalem,0.012122524082692931,0.0,0.0,,0.0,0.0,,0.0,0.0,
YairParkhov,0.012122524082692931,0.0,0.0,,0.0,0.0,,0.0,0.0,
Yan_Dyomin2010,0.5894623641460126,0.0,0.0,,0.00010173112463758287,6e-05,1.6955187439597144,0.009511860153613999,0.00561,1.6955187439597144
Yanhob,0.012122524082692931,0.0,0.0,,0.0,0.0,,0.0,0.0,
Yanidze,0.012122524082692931,0.0,0.0,,0.0,0.0,,0.0,0.0,
Yaryi_sergey,0.012122524082692931,0.0,0.0,,0.0,0.0,,0.0,0.0,
YasinEmrah,0.012122524082692931,0.0,0.0,,0.0,0.0,,0.0,0.0,
YegoryoCh,0.012122524082692931,0.0,0.0,,0.0,0.0,,0.0,0.0,
YellowJacek,0.012122524082692931,0.0,0.0,,0.0,0.0,,0.0,0.0,
Yeremyan_ChessMate,0.012122524082692931,0.0,0.0,,0.0,0.0,,0.0,0.0,
Yeritsyaan,0.012122524082692931,0.0,0.0,,0.0,0.0,,0.0023166023166023165,3e-05,77.22007722007721
Yerkinio,0.012122524082692931,0.0,0.0,,0.0,0.0,,0.0,0.0,
Yerlan-Ra,0.07156979758954218,0.0,0.0,,0.0,0.0,,0.0,0.0,
YessssssDoooooThat,0.012122524082692931,0.0,0.0,,0.0,0.0,,0.0,0.0,
Yevhen_Taranenko,0.012122524082692931,0.0,0.0,,0.0,0.0,,0.0,0.0,
Ykow,0.012122524082692931,0.0,0.0,,0.0,0.0,,0.0,0.0,
Ykow2,0.09287454362236924,0.0,0.0,,0.0,0.0,,0.0,0.0,
Yoda1992,0.012122524082692931,0.0,0.0,,0.0,0.0,,0.0,0.0,
Yohankrokov,0.1692441241307242,0.0,0.0,,0.0,0.0,,0.0,0.0,
Yolosz,0.012122524082692931,0.0,0.0,,0.0,0.0,,0.0,0.0,
Yonousomodulo,0.012122524082692931,0.0,0.0,,0.0,0.0,,0.0,0.0,
YoreDea,0.054027861705558795,0.0,0.0,,0.0,0.0,,0.0,0.0,
Yosha_Iglesias,0.012122524082692931,0.0,0.0,,0.0,0.0,,0.0,0.0,
YouJustFoundYourGodfather,0.012122524082692931,0.0,0.0,,0.0,0.0,,0.0,0.0,
YouShallNotPass001,0.012122524082692931,0.0,0.0,,0.0,0.0,,0.0,0.0,
YoungMarcus03,0.012122524082692931,0.0,0.0,,0.0,0.0,,0.0,0.0,
YoungMegaMind,0.012122524082692931,0.0,0.0,,0.0,0.0,,0.0,0.0,
Young_Catalan_Player09,0.012122524082692931,0.0,0.0,,0.0,0.0,,0.0,0.0,
Your-Mentor,0.012122524082692931,0.0,0.0,,0.0,0.0,,0.0,0.0,
Your_Worst_Nightmare_24-7,0.012122524082692931,0.0,0.0,,0.0,0.0,,0.0,0.0,
Yunker_Alisa,0.012122524082692931,0.0,0.0,,0.0,0.0,,0.0,0.0,
YurasovMat-2012,0.012122524082692931,0.0,0.0,,0.0,0.0,,0.0,0.0,
Yurasova_Daria,0.012122524082692931,0.0,0.0,,0.0,0.0,,0.0,0.0,
Yurovskykh_Oleksandr,0.012122524082692931,0.0,0.0,,0.0,0.0,,0.0,0.0,
Yuruultei,0.012122524082692931,0.0,0.0,,0.0,0.0,,0.0,0.0,
YuryGarifulin,0.012122524082692931,0.0,0.0,,0.0,0.0,,0.0,0.0,
Yushko_Olga,0.5021220153019962,0.0,0.0,,0.0,0.0,,0.0,0.0,
Yuwono,0.012122524082692931,0.0,0.0,,0.0,0.0,,0.0,0.0,
Yyaroslavchess2010,0.5801616968662442,0.0,0.0,,0.0,0.0,,0.0,0.0,
Z3itnot30,0.012122524082692931,0.0,0.0,,0.0,0.0,,0.0,0.0,
ZCorrales,0.0446927374301676,0.0,0.0,,0.0,0.0,,0.0,0.0,
ZOQTE,0.012122524082692931,0.0,0.0,,0.0,0.0,,0.0,0.0,
ZachHKL,0.11701462451402654,0.0,0.0,,0.0,0.0,,0.0,0.0,
Zadar321,0.012122524082692931,0.0,0.0,,0.0,0.0,,0.0,0.0,
Zainullina_Nataliya,0.012122524082692931,0.0,0.0,,0.0,0.0,,0.0,0.0,
Zakaryan_David,0.012122524082692931,0.0,0.0,,0.0,0.0,,0.0,0.0,
ZakinIlay2306,0.012122524082692931,0.0,0.0,,0.0,0.0,,0.0,0.0,
Zallio,0.012122524082692931,0.0,0.0,,0.0,0.0,,0.0,0.0,
Zampronha1971,0.4306184968233671,0.0,0.0,,0.0,0.0,,0.0,0.0,
Zapateado,0.16491637643880006,0.0,0.0,,0.0,0.0,,0.0,0.0,
Zarikovs1999,0.012122524082692931,0.0,0.0,,0.0,0.0,,0.0,0.0,
Zarinur,0.09641704784188257,0.0,0.0,,0.0,0.0,,0.0,0.0,
Zashibeatles,0.01329049218635899,0.0,0.0,,0.0,0.0,,0.0,0.0,
Zavgorodniy_Sergiy,0.012122524082692931,0.0,0.0,,0.0,0.0,,0.0,0.0,
ZayneElZein2011,0.012122524082692931,0.0,0.0,,0.0,0.0,,0.0,0.0,
ZdorovEgor2011,0.012122524082692931,0.0,0.0,,0.0,0.0,,0.0,0.0,
Ze-Pequeno,0.012122524082692931,0.0,0.0,,0.0,0.0,,0.0,0.0,
ZeGood_ZeBad_ZeUgly,0.012122524082692931,0.0,0.0,,0.0,0.0,,0.0,0.0,
Zeck_CH,0.012122524082692931,0.0,0.0,,0.0,0.0,,0.0,0.0,
Zeitnot-30,0.012122524082692931,0.0,0.0,,0.0,0.0,,0.0,0.0,
Zeitnot30,0.012122524082692931,0.0,0.0,,0.0,0.0,,0.0,0.0,
Zeitnot593,0.012122524082692931,0.0,0.0,,0.0,0.0,,0.0,0.0,
Zemerovv,0.012122524082692931,0.0,0.0,,0.0,0.0,,0.0,0.0,
ZenBull,0.05657289716095317,0.0,0.0,,0.0,0.0,,0.0,0.0,
Zenekritikus04,0.012122524082692931,0.0,0.0,,0.0,0.0,,0.0,0.0,
Zenzo,0.012122524082692931,0.0,0.0,,0.0,0.0,,0.0,0.0,
Zeronybah,0.17633411346629416,0.0,0.0,,0.0,0.0,,0.0,0.0,
ZeyDuru2012,0.012122524082692931,0.0,0.0,,0.0,0.0,,0.0,0.0,
Zgorl,0.012122524082692931,0.0,0.0,,0.0,0.0,,0.0,0.0,
Zhalmakhanov_Ramazan,0.012122524082692931,0.0,0.0,,0.0,0.0,,0.041463414634146344,0.00051,81.30081300813008
Zhani-Z,0.012122524082692931,0.0,0.0,,0.0,0.0,,0.0,0.0,
Zhans_2014,0.0874939710194814,0.0,0.0,,0.0,0.0,,0.0,0.0,
ZhansayaChampion,0.015669149755972257,0.0,0.0,,0.0,0.0,,0.0,0.0,
Zheenbekov86,0.012122524082692931,0.0,0.0,,0.0,0.0,,0.0,0.0,
Zhigalko_Sergei,0.27534816342739876,0.0023932987634623054,0.00066,3.62621024767016,0.009246836131558907,0.00255,3.6262102476701594,0.04427602712405265,0.01221,3.62621024767016
Zhouyuxu2010,0.012122524082692931,0.0,0.0,,0.0,0.0,,0.0,0.0,
Zhuu96,0.6556604453805264,0.025985129543962503,0.01702,1.5267408662727675,0.10971159865036108,0.07186,1.5267408662727677,0.2724011053603872,0.17842,1.5267408662727677
ZioMario,0.012122524082692931,0.0,0.0,,0.0,0.0,,0.0,0.0,
ZivkovicN,0.012122524082692931,0.0,0.0,,0.0,0.0,,0.0,0.0,
Ziyamammadov,0.012122524082692931,0.0,0.0,,0.0,0.0,,0.0,0.0,
Zkid,0.4217092227455842,0.0003068136225248401,0.00013,2.3601047886526167,0.003988577092822921,0.00169,2.360104788652616,0.025795945339973095,0.01093,2.3601047886526163
ZlatFM2,0.012122524082692931,0.0,0.0,,0.0,0.0,,0.0,0.0,
Zlatan56,0.012122524082692931,0.0,0.0,,0.0,0.0,,0.0,0.0,
Zohid6,0.012122524082692931,0.0008361204013377926,1e-05,83.61204013377926,0.008361204013377926,0.0001,83.61204013377926,0.017558528428093644,0.00021,83.61204013377926
ZoktayyyyFanClubbb,0.42986797303104124,0.0,0.0,,0.0,0.0,,0.0,0.0,
ZoltanChef,0.012122524082692931,0.0,0.0,,0.0,0.0,,0.0,0.0,
Zorbos,0.012122524082692931,0.0,0.0,,0.0,0.0,,0.0,0.0,
Zq1,0.012122524082692931,0.0,0.0,,0.0,0.0,,0.0,0.0,
Zubrrr,0.012122524082692931,0.0,0.0,,0.0008598452278589854,1e-05,85.98452278589853,0.06018916595012898,0.0007,85.98452278589855
ZuchBolt,0.012122524082692931,0.0,0.0,,0.0,0.0,,0.0,0.0,
ZugHydra,0.14226925124825224,0.0,0.0,,0.0,0.0,,0.0,0.0,
Zuko07,0.7932655176415278,0.0,0.0,,0.0,0.0,,0.0,0.0,
ZuraTqebuchava,0.012122524082692931,0.0,0.0,,0.0,0.0,,0.0,0.0,
Zura_19,0.012122524082692931,0.0,0.0,,0.0,0.0,,0.0,0.0,
Zurability,0.8090336868078223,0.0,0.0,,0.0,0.0,,0.0001609090121424416,0.00013,1.2377616318649356
ZverevLev,0.012122524082692931,0.0,0.0,,0.0,0.0,,0.0,0.0,
a-z30,0.012122524082692931,0.0,0.0,,0.0,0.0,,0.0,0.0,
aNaartjieZA,0.012122524082692931,0.0,0.0,,0.0,0.0,,0.0,0.0,
a_dorrance,0.012122524082692931,0.0,0.0,,0.0,0.0,,0.0,0.0,
a_kandil,0.012122524082692931,0.0,0.0,,0.0,0.0,,0.0,0.0,
aa175,0.33003934233475213,0.0,0.0,,0.0,0.0,,0.0006957468691390888,0.00023,3.0249863875612557
aaaao,0.012122524082692931,0.0,0.0,,0.0,0.0,,0.0,0.0,
aachess2006,0.05327062161614062,0.0,0.0,,0.0,0.0,,0.0,0.0,
aakankshachess,0.012122524082692931,0.0,0.0,,0.0,0.0,,0.0,0.0,
aanshnerurkar,0.012122524082692931,0.0,0.0,,0.0,0.0,,0.0,0.0,
ab-lsv,0.012122524082692931,0.0,0.0,,0.0,0.0,,0.0,0.0,
abc_xyz4744,0.012122524082692931,0.0,0.0,,0.0,0.0,,0.0,0.0,
abeljusto,0.012122524082692931,0.0,0.0,,0.0,0.0,,0.0,0.0,
abelmat,0.012122524082692931,0.0,0.0,,0.0,0.0,,0.0,0.0,
abfchess,0.012122524082692931,0.0,0.0,,0.0,0.0,,0.0,0.0,
abhidabhi,0.07224256336644716,0.0002710761724044456,2e-05,13.55380862022228,0.0124695039306045,0.00092,13.553808620222282,0.06085660070479805,0.00449,13.553808620222282
abhijeetgupta,0.012122524082692931,0.029616724738675958,0.00034,87.10801393728222,0.11498257839721254,0.00132,87.10801393728222,0.22822299651567945,0.00262,87.10801393728224
abikor,0.012122524082692931,0.0,0.0,,0.0,0.0,,0.0,0.0,
abykhovsky,0.012122524082692931,0.0,0.0,,0.0,0.0,,0.0,0.0,
ace_mar,0.012122524082692931,0.0,0.0,,0.0,0.0,,0.0,0.0,
aceontheturn,0.012122524082692931,0.0,0.0,,0.0,0.0,,0.0,0.0,
acertijo08,0.012122524082692931,0.0,0.0,,0.0,0.0,,0.0,0.0,
acidShazz,0.8405801964826319,0.0,0.0,,0.0,0.0,,0.0,0.0,
acordeonist,0.1788480133012734,0.0,0.0,,0.0,0.0,,0.0,0.0,
adanap_04,0.012122524082692931,0.0,0.0,,0.0,0.0,,0.0,0.0,
adapodadei,0.012122524082692931,0.0,0.0,,0.0,0.0,,0.0,0.0,
adarsh12370,0.26734447305882586,0.0,0.0,,0.0,0.0,,0.0,0.0,
adic2020,0.012122524082692931,0.0,0.0,,0.0,0.0,,0.0,0.0,
adiosabu,0.012122524082692931,0.0,0.0,,0.0,0.0,,0.0,0.0,
adotand,0.13363758999983774,0.0,0.0,,0.0009716720233201285,0.00013,7.474400179385604,0.008296584199118022,0.00111,7.474400179385604
adreyd,0.012122524082692931,0.0,0.0,,0.0,0.0,,0.0,0.0,
adriangschnitzer,0.012122524082692931,0.0,0.0,,0.0,0.0,,0.0,0.0,
adricalderon8,0.012122524082692931,0.0,0.0,,0.0,0.0,,0.0,0.0,
adrivillu,0.012122524082692931,0.0,0.0,,0.0,0.0,,0.0,0.0,
adwilhans,0.012122524082692931,0.0,0.0,,0.0,0.0,,0.0,0.0,
aeiiuu,0.012122524082692931,0.0,0.0,,0.0,0.0,,0.0,0.0,
aexmi,0.012122524082692931,0.0,0.0,,0.0,0.0,,0.0,0.0,
aghasiyevkamal,0.012122524082692931,0.0,0.0,,0.0,0.0,,0.0,0.0,
aguss_ok5,0.012122524082692931,0.0,0.0,,0.0,0.0,,0.0,0.0,
agustinv04,0.015763674957259857,0.0,0.0,,0.0,0.0,,0.0,0.0,
agustinwyatt,0.26359245166603984,0.0,0.0,,0.0,0.0,,0.0,0.0,
agvania123,0.012122524082692931,0.0,0.0,,0.0,0.0,,0.0,0.0,
agvega14,0.012122524082692931,0.0,0.0,,0.0,0.0,,0.0,0.0,
ahkashefi2800,0.012122524082692931,0.0,0.0,,0.0,0.0,,0.0,0.0,
ahmad_alkhatib11,0.012122524082692931,0.0,0.0,,0.0,0.0,,0.0,0.0,
ahmedkandiliii,0.012122524082692931,0.0,0.0,,0.0,0.0,,0.0,0.0,
ahmet_RD_1337,0.012122524082692931,0.0,0.0,,0.0,0.0,,0.0,0.0,
aidannoo,0.012122524082692931,0.0,0.0,,0.0,0.0,,0.0,0.0,
aifosilianorkuhs2006,0.03206997084548104,0.0,0.0,,0.0,0.0,,0.0003158559696778269,1e-05,31.585596967782685
ailime26,0.012122524082692931,0.0,0.0,,0.0,0.0,,0.0,0.0,
aistrel,0.012122524082692931,0.0,0.0,,0.0,0.0,,0.0,0.0,
ajeale2,0.012122524082692931,0.0,0.0,,0.0,0.0,,0.0,0.0,
ajedrez-facil,0.012122524082692931,0.0,0.0,,0.0,0.0,,0.0,0.0,
ajedrez1101,0.012122524082692931,0.0,0.0,,0.0,0.0,,0.0,0.0,
ajedrezencantabria,0.012122524082692931,0.0,0.0,,0.0,0.0,,0.0,0.0,
ajedrezhoy,0.012122524082692931,0.0,0.0,,0.0,0.0,,0.0,0.0,
ajedrezsinlimites,0.012122524082692931,0.0,0.0,,0.0,0.0,,0.0,0.0,
ajian,0.012122524082692931,0.0,0.0,,0.0,0.0,,0.0,0.0,
ajkom197,0.012122524082692931,0.0,0.0,,0.0,0.0,,0.0,0.0,
akanga001,0.012122524082692931,0.0,0.0,,0.0,0.0,,0.0,0.0,
akinov-akinseye,0.012122524082692931,0.0,0.0,,0.0,0.0,,0.0,0.0,
akirafm,0.012122524082692931,0.0,0.0,,0.0,0.0,,0.0,0.0,
akretchetov,0.012122524082692931,0.0,0.0,,0.0,0.0,,0.0,0.0,
aksuliini1,0.012122524082692931,0.0,0.0,,0.0,0.0,,0.0,0.0,
alacritous,0.012122524082692931,0.0,0.0,,0.0,0.0,,0.0,0.0,
alanchamp,0.012122524082692931,0.0,0.0,,0.0,0.0,,0.0,0.0,
albadelomass,0.3481185978693847,0.0,0.0,,0.0,0.0,,0.0,0.0,
albano87,0.012122524082692931,0.0,0.0,,0.0,0.0,,0.0,0.0,
albayo,0.012122524082692931,0.0,0.0,,0.0,0.0,,0.0,0.0,
albi1999,0.012122524082692931,0.0,0.0,,0.0,0.0,,0.0,0.0,
aldareee,0.03206997084548104,0.0,0.0,,0.0,0.0,,0.0,0.0,
alekroth65,0.012122524082692931,0.0,0.0,,0.0,0.0,,0.0,0.0,
alenee,0.012122524082692931,0.0,0.0,,0.0,0.0,,0.0,0.0,
aleoda,0.012122524082692931,0.0,0.0,,0.0,0.0,,0.0,0.0,
alertakobra,0.012122524082692931,0.0,0.0,,0.0,0.0,,0.0,0.0,
alex1531,0.012122524082692931,0.0,0.0,,0.0,0.0,,0.0,0.0,
alex_c31,0.012122524082692931,0.0,0.0,,0.0,0.0,,0.0,0.0,
alexboy14,0.3978506420573337,0.0,0.0,,0.0,0.0,,0.0,0.0,
alexg2003,0.3514378972529293,0.0,0.0,,0.0,0.0,,0.0,0.0,
alexgo05,0.012122524082692931,0.0,0.0,,0.0,0.0,,0.0,0.0,
alexkous2000,0.012122524082692931,0.0,0.0,,0.0,0.0,,0.0,0.0,
alexrustemov,1.000566579795863,0.0,0.0,,1e-05,1e-05,1.0,0.00383,0.00383,1.0
alexwinter25,0.012122524082692931,0.0,0.0,,0.0,0.0,,0.0,0.0,
alfianasybullina,0.012122524082692931,0.0,0.0,,0.0,0.0,,0.0,0.0,
alfredoaguilera3000,0.012122524082692931,0.0,0.0,,0.0,0.0,,0.0,0.0,
alikfish,0.012122524082692931,0.0,0.0,,0.0,0.0,,0.0,0.0,
aljado,0.012122524082692931,0.0,0.0,,0.0,0.0,,0.0,0.0,
allblacksGOAT,0.20094954390328004,0.0,0.0,,0.0,0.0,,0.0,0.0,
allespatzer,0.06628386870673043,0.0,0.0,,0.0,0.0,,0.0,0.0,
allvim,0.012122524082692931,0.0,0.0,,0.0,0.0,,0.0,0.0,
almaguerjm,0.012122524082692931,0.0,0.0,,0.0,0.0,,0.0,0.0,
almatyonelove,0.012122524082692931,0.0,0.0,,0.0,0.0,,0.0,0.0,
aloe_normansen,0.029278350515463916,0.0,0.0,,0.0,0.0,,0.0,0.0,
alphienothere,0.012122524082692931,0.0,0.0,,0.0,0.0,,0.0,0.0,
alpope,0.012122524082692931,0.0,0.0,,0.0,0.0,,0.0,0.0,
alreadybroken23,0.012122524082692931,0.0,0.0,,0.0,0.0,,0.0,0.0,
alturas_pacificas,0.012122524082692931,0.0,0.0,,0.0,0.0,,0.0,0.0,
alvarorodriguezavila,0.012122524082692931,0.0,0.0,,0.0,0.0,,0.0,0.0,
ama18,0.012122524082692931,0.0,0.0,,0.0,0.0,,0.0,0.0,
amanjazu,0.012122524082692931,0.0,0.0,,0.0,0.0,,0.0,0.0,
amanmuhammethommadov,0.012122524082692931,0.0,0.0,,0.0,0.0,,0.003098373353989156,4e-05,77.45933384972889
amateurchess20,0.012122524082692931,0.0,0.0,,0.0,0.0,,0.0,0.0,
ameetghasi100,0.012122524082692931,0.0,0.0,,0.0,0.0,,0.0,0.0,
amelia91,0.012122524082692931,0.0,0.0,,0.0,0.0,,0.0,0.0,
amin_molaei,0.02901253465108004,0.0,0.0,,0.0,0.0,,0.0,0.0,
amintabatabaei,0.6991167087408453,0.012410562545522058,0.00869,1.428142985675726,0.03120492423701461,0.02185,1.4281429856757257,0.10960997415061195,0.07675,1.4281429856757257
amiralfio,0.012122524082692931,0.0,0.0,,0.0,0.0,,0.0,0.0,
amylazy,0.7431285526503926,0.0,0.0,,0.0,0.0,,0.0,0.0,
anasta10,0.3195946225582715,0.0,0.0,,0.0,0.0,,0.0,0.0,
andeev,0.012122524082692931,0.0,0.0,,0.0,0.0,,0.0,0.0,
anderson2361,0.012122524082692931,0.0,0.0,,0.0,0.0,,0.0,0.0,
andjela_djidjika,0.012122524082692931,0.0,0.0,,0.0,0.0,,0.0,0.0,
andong36,0.012122524082692931,0.0,0.0,,0.0,0.0,,0.0,0.0,
andreavb,0.012122524082692931,0.0,0.0,,0.0,0.0,,0.0,0.0,
andrejljepic,0.012122524082692931,0.0,0.0,,0.0,0.0,,0.0,0.0,
andrew-blr,0.43799052290242074,0.0,0.0,,0.0,0.0,,0.0,0.0,
andriipalchuk,0.012122524082692931,0.0,0.0,,0.0,0.0,,0.0,0.0,
andrzej,0.04360812425328554,0.0,0.0,,0.0,0.0,,0.0,0.0,
andyhousesmx,0.012122524082692931,0.0,0.0,,0.0,0.0,,0.0,0.0,
anemih,0.012122524082692931,0.0,0.0,,0.0,0.0,,0.0,0.0,
angamat,0.2999692385278034,0.0,0.0,,0.0,0.0,,0.0,0.0,
angelaberbach,0.039538714991762765,0.0,0.0,,0.0,0.0,,0.0,0.0,
angelgab3,0.1854457142783338,0.0,0.0,,0.0,0.0,,0.0,0.0,
angelrth,0.012122524082692931,0.0,0.0,,0.0,0.0,,0.0,0.0,
angryhorse9,0.012122524082692931,0.0,0.0,,0.0,0.0,,0.0,0.0,
angryspacevoid,0.012122524082692931,0.0,0.0,,0.0,0.0,,0.0,0.0,
annacramling,0.6157798010504419,0.0,0.0,,0.0,0.0,,0.0,0.0,
annakantane,0.11044784949280372,0.0,0.0,,0.0,0.0,,0.0,0.0,
annamaja,0.27750000096651933,0.0,0.0,,0.0,0.0,,0.0,0.0,
annasargsyan_m,0.2298812350462472,0.0,0.0,,0.0,0.0,,0.0,0.0,
annazero,0.012122524082692931,0.0,0.0,,0.0,0.0,,0.0,0.0,
anon102030,0.012122524082692931,0.0,0.0,,0.0,0.0,,0.0,0.0,
anon481216,0.012122524082692931,0.0,0.0,,0.0,0.0,,0.0,0.0,
anon6121824,0.012122524082692931,0.0008084074373484236,1e-05,80.84074373484235,0.018593371059013743,0.00023,80.84074373484236,0.10185933710590138,0.00126,80.84074373484236
ansko1999,0.012122524082692931,0.0,0.0,,0.0,0.0,,0.0,0.0,
ansprvt,0.012122524082692931,0.0,0.0,,0.0,0.0,,0.000819000819000819,1e-05,81.9000819000819
ant_chess_2019,0.3693762967697645,0.0,0.0,,0.0,0.0,,0.0,0.0,
antigeroiy,0.2602698635624237,0.0,0.0,,0.0,0.0,,0.0,0.0,
anton_vasi1enok,0.012122524082692931,0.0,0.0,,0.0,0.0,,0.0,0.0,
antonusss,0.012122524082692931,0.0,0.0,,0.0,0.0,,0.0,0.0,
antoszu,0.012122524082692931,0.0,0.0,,0.0,0.0,,0.0,0.0,
anvikr,0.012122524082692931,0.0,0.0,,0.0,0.0,,0.0,0.0,
aot317,0.012122524082692931,0.0,0.0,,0.0,0.0,,0.0,0.0,
aqibjbutt,0.012122524082692931,0.0,0.0,,0.0,0.0,,0.0,0.0,
aquarium76,0.3532720672156504,0.0,0.0,,2.8265355154187514e-05,1e-05,2.826535515418751,0.003476638683965064,0.00123,2.8265355154187515
aranibos,0.012122524082692931,0.0,0.0,,0.0,0.0,,0.0,0.0,
archess2,0.012122524082692931,0.0,0.0,,0.0,0.0,,0.0,0.0,
arctic_t00,0.012122524082692931,0.0,0.0,,0.0,0.0,,0.0,0.0,
arenal72,0.012122524082692931,0.0,0.0,,0.0,0.0,,0.0,0.0,
argentum049,0.012122524082692931,0.0,0.0,,0.0,0.0,,0.0,0.0,
argimiro,0.012122524082692931,0.0,0.0,,0.0,0.0,,0.0,0.0,
argodeajedrez,0.27424347229202756,0.0,0.0,,0.0,0.0,,0.0,0.0,
aridannie,0.012122524082692931,0.0,0.0,,0.0,0.0,,0.0,0.0,
arm-sam,0.22078656887188852,0.0,0.0,,0.0,0.0,,0.0,0.0,
armago,0.012122524082692931,0.0,0.0,,0.0,0.0,,0.0,0.0,
arminmusovic,0.012122524082692931,0.0,0.0,,0.0,0.0,,0.0,0.0,
arnash_bauyrzhan,0.012122524082692931,0.0,0.0,,0.0,0.0,,0.0,0.0,
arnoldpetra,0.012122524082692931,0.0,0.0,,0.0,0.0,,0.0,0.0,
arthasxx29,0.012122524082692931,0.0,0.0,,0.0,0.0,,0.0,0.0,
artin10862,0.8585829481092017,0.0006752430292799348,0.00058,1.1642121194481634,0.006240176960242156,0.00536,1.1642121194481634,0.02299318935910123,0.01975,1.1642121194481634
artooon,0.0,0.0,0.0,,0.0,0.0,,0.0,0.0,
arturdailima,0.012122524082692931,0.0,0.0,,0.0,0.0,,0.0,0.0,
arturoelcrack,0.012122524082692931,0.0,0.0,,0.0,0.0,,0.0,0.0,
as9killer2,0.012122524082692931,0.0,0.0,,0.0,0.0,,0.0,0.0,
ashina22,0.012122524082692931,0.0,0.0,,0.0,0.0,,0.0,0.0,
ashookk,0.012122524082692931,0.0,0.0,,0.0,0.0,,0.0,0.0,
assezde36,0.012122524082692931,0.0,0.0,,0.0,0.0,,0.0,0.0,
astaneeen,0.012122524082692931,0.0,0.0,,0.0,0.0,,0.0,0.0,
astralpulse,0.18669284916815646,0.0,0.0,,0.0,0.0,,5.400151204233719e-05,1e-05,5.400151204233718
atalz0,0.012122524082692931,0.0,0.0,,0.0,0.0,,0.0,0.0,
atbenina64,0.17824767296214186,5.627462014631401e-05,1e-05,5.6274620146314005,0.0003376477208778841,6e-05,5.627462014631401,0.0048396173325830055,0.00086,5.627462014631402
atigerman,0.012122524082692931,0.0,0.0,,0.0,0.0,,0.0,0.0,
atomicchessbomb2200,0.11733492560257171,0.0,0.0,,0.0,0.0,,0.0,0.0,
atomicmate123,0.14633210976081626,0.0,0.0,,0.0,0.0,,0.0,0.0,
attack2mateU,0.012122524082692931,0.0,0.0,,0.0,0.0,,0.0,0.0,
atwalcb,0.012122524082692931,0.0,0.0,,0.0,0.0,,0.0,0.0,
aunqa,0.012122524082692931,0.0,0.0,,0.0,0.0,,0.0,0.0,
ava1411,0.012122524082692931,0.0,0.0,,0.0,0.0,,0.0,0.0,
avenakhenjoyer,0.012122524082692931,0.0,0.0,,0.0,0.0,,0.0,0.0,
averageFM,0.09790430246898917,0.0,0.0,,0.0,0.0,,0.0,0.0,
average_trans,0.02386237513873474,0.0,0.0,,0.0,0.0,,0.0,0.0,
avinashramesh4,0.012122524082692931,0.0,0.0,,0.000846740050804403,1e-05,84.6740050804403,0.0279424216765453,0.00033,84.67400508044031
awayceiling,0.012122524082692931,0.0,0.0,,0.0,0.0,,0.0,0.0,
awesomevishesh,0.012122524082692931,0.0,0.0,,0.0,0.0,,0.0,0.0,
axlbvRR,0.012122524082692931,0.0,0.0,,0.0,0.0,,0.0,0.0,
axvesik,0.012122524082692931,0.0,0.0,,0.0,0.0,,0.0,0.0,
ayanakhmetov,0.012122524082692931,0.0,0.0,,0.0,0.0,,0.0,0.0,
azertytototgetot,0.4751148422251297,0.0,0.0,,0.0,0.0,,0.0,0.0,
azikom,0.012122524082692931,0.0,0.0,,0.0,0.0,,0.0,0.0,
b0103232338,0.012122524082692931,0.0,0.0,,0.0,0.0,,0.0,0.0,
b_6,0.012122524082692931,0.0,0.0,,0.0,0.0,,0.0,0.0,
baag,0.012122524082692931,0.0,0.0,,0.0,0.0,,0.0,0.0,
babbilator,0.012122524082692931,0.0,0.0,,0.0,0.0,,0.0,0.0,
babero_gordo,0.012122524082692931,0.0,0.0,,0.0,0.0,,0.0,0.0,
baby_leo,0.1586799239324073,0.0,0.0,,0.0,0.0,,0.0,0.0,
babyking1205,0.012122524082692931,0.0,0.0,,0.0,0.0,,0.0,0.0,
bahne07,0.012122524082692931,0.0,0.0,,0.0,0.0,,0.0,0.0,
baki83,0.45940229416604794,0.00010909170248510899,5e-05,2.1818340497021795,0.002050924006720049,0.00094,2.18183404970218,0.01970196146881068,0.00903,2.1818340497021795
balachess2006,0.012122524082692931,0.0,0.0,,0.0,0.0,,0.0,0.0,
balack95,0.012122524082692931,0.0,0.0,,0.0,0.0,,0.0,0.0,
banane_verte,0.28738519403505497,0.0,0.0,,0.0,0.0,,0.0,0.0,
bancsoo,0.012122524082692931,0.0,0.0,,0.0,0.0,,0.0032546786004882017,4e-05,81.36696501220504
bangchess21,0.060794379937428616,0.0,0.0,,0.0,0.0,,0.0,0.0,
banhdongxu,0.21453581759819304,0.0,0.0,,0.0,0.0,,0.0,0.0,
banhgiahuy2606,0.0446927374301676,0.0,0.0,,0.0,0.0,,0.0,0.0,
banjadvorovi,0.012122524082692931,0.0,0.0,,0.0,0.0,,0.0,0.0,
bansaboy,0.012122524082692931,0.0,0.0,,0.0,0.0,,0.0,0.0,
barbara25,0.012122524082692931,0.0,0.0,,0.0,0.0,,0.0,0.0,
bardiya_Daneshvar,0.06052918250090518,0.0006600660066006601,4e-05,16.5016501650165,0.007095709570957095,0.00043,16.5016501650165,0.027722772277227723,0.00168,16.5016501650165
barriochess,0.10974956489792642,0.0,0.0,,0.0,0.0,,0.0,0.0,
bascheyaro,0.012122524082692931,0.0,0.0,,0.0,0.0,,0.003469210754553339,4e-05,86.73026886383347
bazar-wokzal,0.8760726873867106,0.0,0.0,,0.0,0.0,,0.0,0.0,
beast_20_20,0.012122524082692931,0.0,0.0,,0.0,0.0,,0.0,0.0,
beatles_22,0.012122524082692931,0.0,0.0,,0.0,0.0,,0.0,0.0,
becemix,0.012122524082692931,0.0,0.0,,0.0,0.0,,0.0,0.0,
behzsa,0.012122524082692931,0.0,0.0,,0.0,0.0,,0.0,0.0,
belligham2023,0.012122524082692931,0.0,0.0,,0.0,0.0,,0.0,0.0,
benedekisti,0.07368478156053279,0.0,0.0,,0.0,0.0,,0.0,0.0,
benignaaa,0.012122524082692931,0.0,0.0,,0.0,0.0,,0.0,0.0,
benkoni_KID,0.012122524082692931,0.0,0.0,,0.0,0.0,,0.0,0.0,
benny_aizenberg,0.012122524082692931,0.0,0.0,,0.0,0.0,,0.0,0.0,
bennyficial,0.012122524082692931,0.0,0.0,,0.0,0.0,,0.0,0.0,
bere_acqua,0.012122524082692931,0.0,0.0,,0.0,0.0,,0.0,0.0,
besarquis,0.012122524082692931,0.0,0.0,,0.0,0.0,,0.0,0.0,
bescmelasti,0.056833524427183466,0.0,0.0,,0.0,0.0,,0.0,0.0,
best926,0.012122524082692931,0.0,0.0,,0.0,0.0,,0.0,0.0,
betolini,0.012122524082692931,0.0,0.0,,0.0,0.0,,0.0,0.0,
betta2004,0.5664644561994868,0.0,0.0,,0.0,0.0,,0.0,0.0,
bettercallcafu,0.012122524082692931,0.0,0.0,,0.0,0.0,,0.0,0.0,
biesiadnik,0.012122524082692931,0.0,0.0,,0.0,0.0,,0.0,0.0,
bigmanevan,0.01329049218635899,0.0,0.0,,0.0,0.0,,0.0,0.0,
bikbon,0.012122524082692931,0.0,0.0,,0.0,0.0,,0.0,0.0,
bilelou,0.012122524082692931,0.0,0.0,,0.0,0.0,,0.0,0.0,
bilosuvenosu06,0.012122524082692931,0.0,0.0,,0.0,0.0,,0.0,0.0,
binbin239,0.012122524082692931,0.0,0.0,,0.0,0.0,,0.0,0.0,
binhminh2000,0.012122524082692931,0.0,0.0,,0.0,0.0,,0.0,0.0,
binobike64,0.012122524082692931,0.0,0.0,,0.0,0.0,,0.0,0.0,
bintang_top,0.012122524082692931,0.0,0.0,,0.0,0.0,,0.0,0.0,
biostatistician,0.012122524082692931,0.0,0.0,,0.0,0.0,,0.0,0.0,
bipe137,0.012122524082692931,0.0,0.0,,0.0,0.0,,0.0,0.0,
bitter-cikolata,0.012122524082692931,0.0,0.0,,0.0,0.0,,0.0,0.0,
biveklama,0.012122524082692931,0.0,0.0,,0.0,0.0,,0.0,0.0,
blank0923,0.012122524082692931,0.0,0.0,,0.0,0.0,,0.0,0.0,
blitzingMaria,0.012122524082692931,0.0,0.0,,0.0,0.0,,0.0,0.0,
blitzking1729,0.3481739939788215,0.0,0.0,,0.0003427885851401148,0.00012,2.85657154283429,0.010712143285628589,0.00375,2.8565715428342906
blitzo_vich,0.012122524082692931,0.0,0.0,,0.0,0.0,,0.0,0.0,
blueryder,0.012122524082692931,0.0,0.0,,0.0,0.0,,0.0,0.0,
boasovietica,0.056605507883850846,0.0,0.0,,0.0,0.0,,0.0,0.0,
bob1263,0.012122524082692931,0.0,0.0,,0.0,0.0,,0.0,0.0,
bobbithebuilder11,0.012122524082692931,0.0,0.0,,0.0,0.0,,0.0,0.0,
bobbyfischeristhegoat1,0.012122524082692931,0.0,0.0,,0.0,0.0,,0.0,0.0,
bobo_panda,0.012122524082692931,0.0,0.0,,0.0,0.0,,0.0,0.0,
boby_chess_2010,0.012122524082692931,0.0,0.0,,0.0,0.0,,0.0,0.0,
bocah_sakit,0.012122524082692931,0.0,0.0,,0.0,0.0,,0.0,0.0,
bodhiknight,0.06571592792454498,0.0,0.0,,0.0,0.0,,0.0,0.0,
bogcsab,0.012122524082692931,0.0,0.0,,0.0,0.0,,0.0,0.0,
boguszp,0.012122524082692931,0.0,0.0,,0.0,0.0,,0.0,0.0,
bojosi,0.08952204603467118,0.0,0.0,,0.0,0.0,,0.0,0.0,
bolwin,0.012122524082692931,0.0,0.0,,0.0,0.0,,0.0,0.0,
bom-dia,0.012122524082692931,0.0,0.0,,0.0,0.0,,0.0,0.0,
bonantagulo,0.05467395740428299,0.0,0.0,,0.0,0.0,,0.0,0.0,
boo786,0.012122524082692931,0.0,0.0,,0.0,0.0,,0.0,0.0,
boracilek,0.012122524082692931,0.0,0.0,,0.0,0.0,,0.0,0.0,
borasavran35,0.5841102304780652,0.0,0.0,,0.0,0.0,,0.0,0.0,
borocotoajua,0.012122524082692931,0.0,0.0,,0.0,0.0,,0.0,0.0,
boutikaki,0.3464631691105497,0.0,0.0,,0.0,0.0,,0.0,0.0,
bpm_90,0.012122524082692931,0.0,0.0,,0.0,0.0,,0.0,0.0,
brainbuzz08,0.012122524082692931,0.0,0.0,,0.0,0.0,,0.0,0.0,
brendan174,0.012122524082692931,0.0,0.0,,0.0,0.0,,0.0,0.0,
briesmas,0.1932259170418291,0.0,0.0,,0.0,0.0,,0.0,0.0,
bringanita,0.012122524082692931,0.0,0.0,,0.0,0.0,,0.0,0.0,
brm72,0.012122524082692931,0.0,0.0,,0.0,0.0,,0.0,0.0,
broskolis,0.012122524082692931,0.0,0.0,,0.0,0.0,,0.0,0.0,
brother-bear,0.07888326928294428,0.0,0.0,,0.0,0.0,,0.0,0.0,
brouetoscope,0.012122524082692931,0.0,0.0,,0.0,0.0,,0.0,0.0,
brunomorado,0.012122524082692931,0.0,0.0,,0.0,0.0,,0.0,0.0,
brunoo2003,0.012122524082692931,0.0,0.0,,0.0,0.0,,0.0,0.0,
bsnsun,0.30937517992554325,0.0,0.0,,0.0,0.0,,0.0,0.0,
bubeliang,0.46115024703685803,6.487328085805726e-05,3e-05,2.162442695268575,0.002184067122221261,0.00101,2.162442695268575,0.03392872588876395,0.01569,2.1624426952685756
buenamor1972,0.012122524082692931,0.0,0.0,,0.0,0.0,,0.0,0.0,
bugsbunny444,0.012122524082692931,0.0,0.0,,0.0,0.0,,0.0,0.0,
bulgakdamir,0.19194206567335106,0.0,0.0,,0.0,0.0,,0.0,0.0,
bulletplayer2024,0.012122524082692931,0.0,0.0,,0.0,0.0,,0.0,0.0,
bulletteemo,0.09467995952055633,0.0,0.0,,0.0,0.0,,0.00010611205432937182,1e-05,10.611205432937181
burbur555,0.012122524082692931,0.0,0.0,,0.0,0.0,,0.0,0.0,
bushrashuaibi,0.012122524082692931,0.0,0.0,,0.0,0.0,,0.0,0.0,
bylavochka,0.012122524082692931,0.0,0.0,,0.0,0.0,,0.0,0.0,
c63_amg,0.3848166583722938,0.0,0.0,,0.0,0.0,,0.0002079002079002079,8e-05,2.598752598752599
c_H_e_S_s_K_i_L_e_R,0.012122524082692931,0.0,0.0,,0.0,0.0,,0.0,0.0,
caabongg,0.012122524082692931,0.0,0.0,,0.0,0.0,,0.0,0.0,
cabezauro,0.6145911758440346,0.0,0.0,,0.0,0.0,,0.0,0.0,
cakeuvdort,0.012122524082692931,0.0,0.0,,0.0,0.0,,0.0,0.0,
calmberserk,0.08535851157857297,0.0,0.0,,0.0,0.0,,0.0,0.0,
camilocorredor,0.012122524082692931,0.0,0.0,,0.0,0.0,,0.0,0.0,
campochess,0.012122524082692931,0.0,0.0,,0.0,0.0,,0.0,0.0,
canary2016,0.012122524082692931,0.0,0.0,,0.0,0.0,,0.0,0.0,
cancrushyou,0.012122524082692931,0.0,0.0,,0.0,0.0,,0.0,0.0,
cande_francisco,0.012122524082692931,0.0,0.0,,0.0,0.0,,0.0,0.0,
canhhuan,0.012122524082692931,0.0,0.0,,0.0,0.0,,0.0,0.0,
cansun,0.012122524082692931,0.0,0.0,,0.0,0.0,,0.0,0.0,
capatl,0.012122524082692931,0.0,0.0,,0.0,0.0,,0.0,0.0,
carlocapau,0.012122524082692931,0.0,0.0,,0.0,0.0,,0.0,0.0,
carloseduar100,0.015965166908563134,0.0,0.0,,0.0,0.0,,0.0,0.0,
carlsen1001,0.012122524082692931,0.0,0.0,,0.0,0.0,,0.0,0.0,
carlsenCamacho,0.012122524082692931,0.0,0.0,,0.0,0.0,,0.0,0.0,
carokannlover213,0.5144490917595471,0.0,0.0,,1.9370460048426152e-05,1e-05,1.937046004842615,0.0019951573849878936,0.00103,1.937046004842615
caropawn10,0.012122524082692931,0.0,0.0,,0.0,0.0,,0.0,0.0,
cassoulet,0.012122524082692931,0.0,0.0,,0.0,0.0,,0.0,0.0,
catalin009,0.012122524082692931,0.0,0.0,,0.0,0.0,,0.0,0.0,
catkeson,0.012122524082692931,0.0,0.0,,0.0,0.0,,0.0,0.0,
catzapto,0.012122524082692931,0.0,0.0,,0.0,0.0,,0.0,0.0,
cavallo_bianco123,0.1557057790337555,0.0,0.0,,0.0,0.0,,0.0,0.0,
ccccvhhhj,0.44440360451891625,0.0,0.0,,0.0,0.0,,0.0,0.0,
cedchass2006,0.012122524082692931,0.0,0.0,,0.0,0.0,,0.0,0.0,
ceraadagaria,0.029278350515463916,0.0,0.0,,0.0,0.0,,0.0,0.0,
chakruchess,0.012122524082692931,0.0,0.0,,0.0,0.0,,0.0,0.0,
champ2005,0.012122524082692931,0.0016326530612244899,2e-05,81.63265306122449,0.027755102040816326,0.00034,81.63265306122449,0.3273469387755102,0.00401,81.63265306122449
champion0403,0.17191420215589145,0.0,0.0,,0.0,0.0,,0.0,0.0,
chandreyeehajra,0.012122524082692931,0.0,0.0,,0.0,0.0,,0.0,0.0,
chargemax23,0.012122524082692931,0.0,0.0,,0.0,0.0,,0.0,0.0,
charlescandycampbell,0.012122524082692931,0.0,0.0,,0.0,0.0,,0.0,0.0,
charly871,0.012122524082692931,0.0,0.0,,0.0,0.0,,0.0,0.0,
checkmatequen,0.17185199972274895,0.0,0.0,,0.0,0.0,,0.0,0.0,
chedimir,0.012122524082692931,0.0,0.0,,0.0,0.0,,0.0,0.0,
cheessmasteer54,0.3634089655801301,0.0,0.0,,0.0,0.0,,0.0,0.0,
chegueps,0.04360812425328554,0.0,0.0,,0.0,0.0,,0.0,0.0,
chenrip,0.012122524082692931,0.0,0.0,,0.0,0.0,,0.0,0.0,
chenxiaoyuer,0.012122524082692931,0.0,0.0,,0.0,0.0,,0.004074979625101874,5e-05,81.49959250203747
chescomhuynya,0.012122524082692931,0.0,0.0,,0.0,0.0,,0.0,0.0,
chesniu,0.021541501976284586,0.0,0.0,,0.0,0.0,,0.0,0.0,
chess123456s,0.47527494129824555,0.0,0.0,,0.0,0.0,,0.0,0.0,
chess13524678,0.46572823430597204,0.0,0.0,,0.0,0.0,,0.0,0.0,
chess2024rk,0.012122524082692931,0.0,0.0,,0.0,0.0,,0.0,0.0,
chess50years,0.012122524082692931,0.0,0.0,,0.0,0.0,,0.0,0.0,
chess94cu,0.5278599726042178,0.0,0.0,,0.0,0.0,,0.0,0.0,
chessS1r,0.012122524082692931,0.0,0.0,,0.0,0.0,,0.0,0.0,
chess_09L,0.2779016080189989,0.0,0.0,,0.0,0.0,,0.0,0.0,
chess_blitz00,0.10885606456829729,0.0,0.0,,0.0,0.0,,0.0,0.0,
chess_cryptoworld,0.012122524082692931,0.0,0.0,,0.0,0.0,,0.0,0.0,
chess_dragons_IvanSt,0.012122524082692931,0.0,0.0,,0.0,0.0,,0.0,0.0,
chess_mad35,0.012122524082692931,0.0,0.0,,0.0,0.0,,0.0,0.0,
chess_master_8820,0.012122524082692931,0.0,0.0,,0.0,0.0,,0.0,0.0,
chess_peak,0.012122524082692931,0.0,0.0,,0.0,0.0,,0.0,0.0,
chess_sharparchitect,0.012122524082692931,0.0,0.0,,0.0,0.0,,0.0,0.0,
chessablanca,0.012122524082692931,0.0,0.0,,0.0,0.0,,0.0,0.0,
chessajedrezz2020,0.012122524082692931,0.0,0.0,,0.0,0.0,,0.0,0.0,
chessamical,0.012122524082692931,0.0,0.0,,0.0,0.0,,0.0,0.0,
chessbaerchen,0.015669149755972257,0.0,0.0,,0.0,0.0,,0.0,0.0,
chessburger_tv,0.012122524082692931,0.0,0.0,,0.0,0.0,,0.0,0.0,
chessculator16,0.012122524082692931,0.0,0.0,,0.0,0.0,,0.0,0.0,
chessdevotee26,0.4184563213849908,0.0,0.0,,0.0,0.0,,0.0,0.0,
chessdjw,0.1139388244623581,0.0,0.0,,0.0,0.0,,0.0,0.0,
chessdragon7161,0.07839971726722109,0.0,0.0,,0.0,0.0,,0.0,0.0,
chesselephant,0.012122524082692931,0.0,0.0,,0.0,0.0,,0.0,0.0,
chessfatbear,0.200493777933069,0.0,0.0,,0.0,0.0,,0.0016800909225675742,0.00034,4.94144388990463
chessforme17,0.012122524082692931,0.0,0.0,,0.0,0.0,,0.0,0.0,
chessforthesun,0.012122524082692931,0.0,0.0,,0.0,0.0,,0.0,0.0,
chessgirl_leyla,0.6492150951176734,0.0,0.0,,0.0,0.0,,0.0,0.0,
chesshermar,0.012122524082692931,0.0,0.0,,0.0,0.0,,0.0,0.0,
chessifizer,0.16698061482731813,0.0,0.0,,0.0,0.0,,0.0,0.0,
chessintuit,0.012122524082692931,0.0,0.0,,0.0,0.0,,0.0,0.0,
chessisveryfun1264,0.012122524082692931,0.0,0.0,,0.0,0.0,,0.0,0.0,
chessjazda,0.012122524082692931,0.0,0.0,,0.0,0.0,,0.0,0.0,
chesskov1982,0.012122524082692931,0.0,0.0,,0.0,0.0,,0.008906882591093117,0.00011,80.97165991902833
chessland2004,0.012122524082692931,0.0,0.0,,0.0,0.0,,0.0,0.0,
chesslh19,0.012122524082692931,0.0,0.0,,0.0,0.0,,0.0,0.0,
chesslh93,0.012122524082692931,0.0,0.0,,0.0,0.0,,0.0,0.0,
chessllermo,0.012122524082692931,0.0,0.0,,0.0,0.0,,0.0,0.0,
chessmachine14,0.012122524082692931,0.0,0.0,,0.0,0.0,,0.0,0.0,
chessmadara,0.012122524082692931,0.0,0.0,,0.0,0.0,,0.0,0.0,
chessmateto,0.012122524082692931,0.0,0.0,,0.0,0.0,,0.0,0.0,
chessmatist53,0.39080418652566923,0.0,0.0,,0.0,0.0,,0.0,0.0,
chesspanda123,0.012122524082692931,0.017316017316017316,0.0002,86.58008658008657,0.08398268398268398,0.00097,86.58008658008657,0.2632034632034632,0.00304,86.58008658008659
chesspilot01,0.012122524082692931,0.0,0.0,,0.0,0.0,,0.0,0.0,
chesspingvin1995,0.012122524082692931,0.0,0.0,,0.0,0.0,,0.0,0.0,
chesspreceptor,0.012122524082692931,0.0,0.0,,0.0,0.0,,0.0,0.0,
chessprincesa1,0.012122524082692931,0.0,0.0,,0.0,0.0,,0.0,0.0,
chesstrainer2042,0.012122524082692931,0.0,0.0,,0.0,0.0,,0.0,0.0,
chessuriel,0.012122524082692931,0.0,0.0,,0.0,0.0,,0.0,0.0,
chessvedant09,0.012122524082692931,0.0,0.0,,0.0,0.0,,0.0,0.0,
chessvr,0.0446927374301676,0.0,0.0,,0.0,0.0,,0.0,0.0,
chessydotcom,0.012122524082692931,0.0,0.0,,0.0,0.0,,0.0,0.0,
chezzgirl04,0.012122524082692931,0.0,0.0,,0.0,0.0,,0.0,0.0,
chfsbr,0.012122524082692931,0.0,0.0,,0.0,0.0,,0.0,0.0,
chika-lily,0.012122524082692931,0.0,0.0,,0.0,0.0,,0.0,0.0,
chipmunknau,0.012122524082692931,0.0,0.0,,0.0,0.0,,0.0,0.0,
chito89,0.012122524082692931,0.0,0.0,,0.0008710801393728223,1e-05,87.10801393728222,0.003484320557491289,4e-05,87.10801393728222
chrisclaireredfield,0.40630044375392727,0.0,0.0,,0.0,0.0,,0.0,0.0,
christianallen359,0.20048635457210912,0.0,0.0,,0.0,0.0,,0.0,0.0,
chucksterf10,0.012122524082692931,0.0,0.0,,0.0,0.0,,0.0,0.0,
chuessco,0.8528830066710883,0.0,0.0,,0.0,0.0,,0.0,0.0,
ckgchess,0.7323070226015536,0.0,0.0,,8.17594636579184e-05,6e-05,1.3626577276319733,0.004415011037527594,0.00324,1.3626577276319736
claudio2006,0.012122524082692931,0.0,0.0,,0.0,0.0,,0.0,0.0,
claudyna16,0.012122524082692931,0.0,0.0,,0.0,0.0,,0.0,0.0,
cmunda,0.012122524082692931,0.0,0.0,,0.0,0.0,,0.0,0.0,
coach_jacob,0.012122524082692931,0.0,0.0,,0.0,0.0,,0.0,0.0,
coalescenet,0.012122524082692931,0.0,0.0,,0.0,0.0,,0.0,0.0,
cochess777,0.012122524082692931,0.0,0.0,,0.0,0.0,,0.0,0.0,
coco_crc,0.012122524082692931,0.0,0.0,,0.0,0.0,,0.0,0.0,
colegiodemadrid,0.012122524082692931,0.0,0.0,,0.0,0.0,,0.0,0.0,
colincreeveydennic,0.18665992551933594,0.0,0.0,,0.0,0.0,,0.0,0.0,
collonut,0.1002051401859906,0.0,0.0,,0.0,0.0,,0.0,0.0,
columbiachessclub,0.012122524082692931,0.0,0.0,,0.0,0.0,,0.0,0.0,
combidharma,0.012122524082692931,0.0,0.0,,0.0,0.0,,0.0,0.0,
conformalfunction,0.6192280170066286,0.0,0.0,,0.0,0.0,,0.0,0.0,
conscientiousconscious,0.012122524082692931,0.0,0.0,,0.0,0.0,,0.0,0.0,
contrerasfiorella,0.012122524082692931,0.0,0.0,,0.0,0.0,,0.0,0.0,
copanchess,0.012122524082692931,0.0,0.0,,0.0,0.0,,0.0,0.0,
corvachesky,0.012122524082692931,0.0,0.0,,0.0,0.0,,0.0,0.0,
cottage_cheese,0.012122524082692931,0.0,0.0,,0.0,0.0,,0.0,0.0,
crazy_but_lazy,0.12750822052273503,0.0,0.0,,0.0,0.0,,0.0,0.0,
crazy_m_attack,0.8028672032445866,0.0,0.0,,0.0,0.0,,0.0,0.0,
crazy_machine,0.012122524082692931,0.0,0.0,,0.0,0.0,,0.0,0.0,
crazycheesecake,0.01329049218635899,0.0,0.0,,0.0,0.0,,0.0,0.0,
crazyluzhinTh3,0.012122524082692931,0.0,0.0,,0.0,0.0,,0.0,0.0,
crescentmoon2411,0.917498590865722,0.0027808069792802617,0.00255,1.0905125408942202,0.01198473282442748,0.01099,1.0905125408942202,0.052649945474372954,0.04828,1.0905125408942202
cristhiancruzsanchez,0.012122524082692931,0.0,0.0,,0.0,0.0,,0.0,0.0,
cristiancamilosoto,0.012122524082692931,0.0,0.0,,0.0,0.0,,0.0,0.0,
cristianchess19,0.04360812425328554,0.0,0.0,,0.0,0.0,,0.0,0.0,
cristiano78,0.012122524082692931,0.0,0.0,,0.0,0.0,,0.0,0.0,
cristiansampaoli,0.012122524082692931,0.0,0.0,,0.0,0.0,,0.0,0.0,
cristianserban1,0.012122524082692931,0.0,0.0,,0.0,0.0,,0.0,0.0,
crosky,0.012122524082692931,0.0,0.0,,0.0,0.0,,0.0,0.0,
crossingthestreet,0.012122524082692931,0.0,0.0,,0.0,0.0,,0.0,0.0,
crushernt,0.012122524082692931,0.0,0.0,,0.0,0.0,,0.0,0.0,
cryptoguru02,0.012122524082692931,0.0,0.0,,0.0,0.0,,0.0,0.0,
csati17,0.012122524082692931,0.0,0.0,,0.0,0.0,,0.0,0.0,
cstevens1,0.012122524082692931,0.0,0.0,,0.0,0.0,,0.0,0.0,
cthake,0.012122524082692931,0.0,0.0,,0.0,0.0,,0.0,0.0,
cthulhuuu,0.012122524082692931,0.0,0.0,,0.0,0.0,,0.0,0.0,
cukin84,0.012122524082692931,0.0,0.0,,0.0,0.0,,0.0,0.0,
cukricek,0.012122524082692931,0.0,0.0,,0.0,0.0,,0.0,0.0,
cukus,0.012122524082692931,0.0,0.0,,0.0,0.0,,0.0,0.0,
cycygogne,0.012122524082692931,0.0,0.0,,0.0,0.0,,0.0,0.0,
cyrdap,0.012122524082692931,0.0,0.0,,0.0,0.0,,0.0,0.0,
czasnaszachy,0.012122524082692931,0.0,0.0,,0.0,0.0,,0.0,0.0,
d4ismine,0.012122524082692931,0.0,0.0,,0.0,0.0,,0.0,0.0,
dDobravcan,0.012122524082692931,0.0,0.0,,0.0,0.0,,0.0,0.0,
dadice10,0.012122524082692931,0.0,0.0,,0.0,0.0,,0.0,0.0,
daika91,0.012122524082692931,0.0,0.0,,0.0,0.0,,0.0,0.0,
danak2007,0.012122524082692931,0.0,0.0,,0.0,0.0,,0.0,0.0,
dancesar,0.012122524082692931,0.0,0.0,,0.0,0.0,,0.0,0.0,
danifv,0.08476677595380966,0.0,0.0,,0.0,0.0,,0.0,0.0,
danigol71,0.012122524082692931,0.0,0.0,,0.0,0.0,,0.0,0.0,
daniil_kaminskii,0.4519419809340037,0.0,0.0,,0.0,0.0,,0.0,0.0,
dannyings83972,0.06499714627797751,0.0,0.0,,0.0,0.0,,0.0,0.0,
danshev16,0.012122524082692931,0.0,0.0,,0.0,0.0,,0.0,0.0,
dapsay,0.012122524082692931,0.0,0.0,,0.0,0.0,,0.0,0.0,
dark_chess_SMG,0.012122524082692931,0.0,0.0,,0.0,0.0,,0.0,0.0,
darkangel1970,0.012122524082692931,0.0,0.0,,0.0,0.0,,0.0,0.0,
darknessss_1,0.3586425355058116,0.0,0.0,,0.0,0.0,,0.0,0.0,
daro94,0.012122524082692931,0.002437043054427295,3e-05,81.23476848090984,0.023558082859463852,0.00029,81.23476848090984,0.07717303005686434,0.00095,81.23476848090982
dasatcu90,0.012122524082692931,0.0,0.0,,0.0,0.0,,0.0,0.0,
david_gomez,0.012122524082692931,0.0,0.0,,0.0,0.0,,0.0,0.0,
davidarenas1224,0.012122524082692931,0.0,0.0,,0.0,0.0,,0.0,0.0,
davidkalashian,0.012122524082692931,0.0,0.0,,0.0,0.0,,0.0,0.0,
davigator,0.012122524082692931,0.0,0.0,,0.0,0.0,,0.0,0.0,
dawid498,0.012122524082692931,0.0,0.0,,0.0,0.0,,0.0,0.0,
dawtonlms,0.012122524082692931,0.0,0.0,,0.0,0.0,,0.0,0.0,
db-banana,0.012122524082692931,0.0,0.0,,0.0,0.0,,0.0,0.0,
dcann0n88,0.012122524082692931,0.0,0.0,,0.0,0.0,,0.0,0.0,
dcremisi,0.012122524082692931,0.0,0.0,,0.0,0.0,,0.0,0.0,
dealshark,0.012122524082692931,0.0,0.0,,0.0,0.0,,0.0,0.0,
deathadder96,0.012122524082692931,0.0,0.0,,0.0,0.0,,0.0,0.0,
deathkni_g_ht,0.012122524082692931,0.0,0.0,,0.0,0.0,,0.0,0.0,
dedpihto_v_kozhanom_palto,0.012122524082692931,0.0,0.0,,0.0,0.0,,0.0,0.0,
deepfear,0.02386237513873474,0.0,0.0,,0.0,0.0,,0.0,0.0,
deibittowers,0.012122524082692931,0.0,0.0,,0.0,0.0,,0.0,0.0,
deloewre,0.012122524082692931,0.0,0.0,,0.0,0.0,,0.0,0.0,
delqate,0.012122524082692931,0.0,0.0,,0.0,0.0,,0.0,0.0,
demon64fields,0.012122524082692931,0.0,0.0,,0.0008110300081103001,1e-05,81.10300081103,0.032441200324412,0.0004,81.10300081103
denizozen,0.012122524082692931,0.0,0.0,,0.0,0.0,,0.0,0.0,
dennisodessa,0.01329049218635899,0.0,0.0,,0.0,0.0,,0.0,0.0,
deribas12345,0.012122524082692931,0.0,0.0,,0.0,0.0,,0.0,0.0,
destroyer305,0.012122524082692931,0.0,0.0,,0.0,0.0,,0.0,0.0,
dey2580,0.30215801147661786,0.0,0.0,,0.0,0.0,,0.0,0.0,
dfedunov,0.012122524082692931,0.0,0.0,,0.0,0.0,,0.0,0.0,
dharichess,0.012122524082692931,0.0,0.0,,0.0,0.0,,0.0,0.0,
diamonds13,0.13618609487831038,0.0,0.0,,0.0,0.0,,0.0,0.0,
dianamirza,0.012122524082692931,0.0,0.0,,0.0,0.0,,0.0,0.0,
dianosky,0.012122524082692931,0.0,0.0,,0.0,0.0,,0.0,0.0,
dimailuka,0.012122524082692931,0.0,0.0,,0.0,0.0,,0.0,0.0,
dimitrisl,0.012122524082692931,0.0,0.0,,0.0,0.0,,0.0,0.0,
dimoointheworld,0.7252720458066123,0.0,0.0,,0.0,0.0,,0.0,0.0,
dinevmk,0.012122524082692931,0.0,0.0,,0.0,0.0,,0.0,0.0,
dinujayakodithuwakku,0.012122524082692931,0.0,0.0,,0.0,0.0,,0.0,0.0,
dinushkipremanath,0.012122524082692931,0.0,0.0,,0.0,0.0,,0.0,0.0,
dirk_da_player,0.012122524082692931,0.0,0.0,,0.0,0.0,,0.0,0.0,
disciplinedbrat,0.012122524082692931,0.0,0.0,,0.0,0.0,,0.0,0.0,
diskeleven,0.012122524082692931,0.0,0.0,,0.0,0.0,,0.0,0.0,
disto,0.012122524082692931,0.0,0.0,,0.0,0.0,,0.0,0.0,
divudis17,0.012122524082692931,0.0,0.0,,0.0,0.0,,0.0,0.0,
djano,0.7739472952630995,0.0,0.0,,0.0,0.0,,0.0,0.0,
djjohnnywoo,0.012122524082692931,0.0,0.0,,0.0,0.0,,0.0,0.0,
djogrodek1,0.012122524082692931,0.0,0.0,,0.0,0.0,,0.0,0.0,
djokovic74,0.012122524082692931,0.0,0.0,,0.0,0.0,,0.0016181229773462784,2e-05,80.90614886731392
dmarcolino,0.012122524082692931,0.0,0.0,,0.0,0.0,,0.0,0.0,
dmitrijiIM,0.012122524082692931,0.0,0.0,,0.0,0.0,,0.007575757575757576,9e-05,84.17508417508417
dmosesov,0.012122524082692931,0.0,0.0,,0.0,0.0,,0.0,0.0,
dmschess2024,0.012122524082692931,0.0,0.0,,0.0,0.0,,0.0,0.0,
dobrosmys,0.012122524082692931,0.0,0.0,,0.0,0.0,,0.0,0.0,
doctorcristian,0.012122524082692931,0.0,0.0,,0.0,0.0,,0.0,0.0,
dodorox,0.012122524082692931,0.0,0.0,,0.0,0.0,,0.0,0.0,
dodoucb,0.012122524082692931,0.0,0.0,,0.0,0.0,,0.0,0.0,
dogrem5,0.04360812425328554,0.0,0.0,,0.0,0.0,,0.0,0.0,
dolynachess,0.012122524082692931,0.0,0.0,,0.0,0.0,,0.0,0.0,
domalchukjonasson,0.012122524082692931,0.0,0.0,,0.0,0.0,,0.0,0.0,
domithebest,0.012122524082692931,0.0,0.0,,0.0,0.0,,0.0,0.0,
dontcatchmeifyoucant,0.012122524082692931,0.0,0.0,,0.0,0.0,,0.0,0.0,
dorpato,0.012122524082692931,0.0,0.0,,0.0,0.0,,0.0,0.0,
dorsa_gh2014,0.012122524082692931,0.0,0.0,,0.0,0.0,,0.0,0.0,
dosto07,0.3684734716761333,0.0,0.0,,0.0,0.0,,0.0,0.0,
doublesik,0.012122524082692931,0.0,0.0,,0.0,0.0,,0.0,0.0,
dozer80,0.012122524082692931,0.0,0.0,,0.0,0.0,,0.0,0.0,
dpopadic,0.012122524082692931,0.0,0.0,,0.0,0.0,,0.0,0.0,
dr_tatiana,0.012122524082692931,0.0,0.0,,0.0,0.0,,0.0,0.0,
dragonkiller15,0.012122524082692931,0.0,0.0,,0.0,0.0,,0.0,0.0,
dragos420,0.012122524082692931,0.0,0.0,,0.0,0.0,,0.007905138339920948,0.0001,79.05138339920947
dragzor,0.012122524082692931,0.0,0.0,,0.0,0.0,,0.0,0.0,
draksbg,0.012122524082692931,0.0,0.0,,0.0,0.0,,0.0,0.0,
drdaro,0.015669149755972257,0.0,0.0,,0.0,0.0,,0.0,0.0,
dretch,0.2657044247641054,0.0014006132414732936,0.00037,3.7854411931710636,0.00594314267327857,0.00157,3.785441193171064,0.015028201536889125,0.00397,3.7854411931710645
drillovsky,0.012122524082692931,0.0,0.0,,0.0,0.0,,0.0,0.0,
drinbet,0.012122524082692931,0.0,0.0,,0.0,0.0,,0.0,0.0,
drisdan13,0.3945757909221664,0.0,0.0,,0.0,0.0,,0.0,0.0,
dropstoneDP,0.6329521036409799,0.010776270116756075,0.00683,1.577784790154623,0.039807510255601135,0.02523,1.577784790154623,0.1391448406437362,0.08819,1.577784790154623
drragnar1,0.012122524082692931,0.0,0.0,,0.0,0.0,,0.0,0.0,
druskacik,0.012122524082692931,0.0,0.0,,0.0,0.0,,0.0,0.0,
dsanchez1973,0.012122524082692931,0.0,0.0,,0.0,0.0,,0.0,0.0,
dumbernugget,0.012122524082692931,0.0,0.0,,0.0,0.0,,0.0,0.0,
duone,0.012122524082692931,0.0,0.0,,0.0,0.0,,0.0,0.0,
dvglk,0.012122524082692931,0.0,0.0,,0.0,0.0,,0.0,0.0,
dvglko,0.012122524082692931,0.0,0.0,,0.0,0.0,,0.0,0.0,
dynkshell,0.012122524082692931,0.0,0.0,,0.0,0.0,,0.0,0.0,
dzhumagaliev,0.012122524082692931,0.0,0.0,,0.0,0.0,,0.005668016194331984,7e-05,80.97165991902835
dzil,0.021541501976284586,0.0,0.0,,0.0,0.0,,0.0,0.0,
dzilleruelo,0.012122524082692931,0.0,0.0,,0.0,0.0,,0.0,0.0,
dziththaulydcc,0.012122524082692931,0.0,0.0,,0.0,0.0,,0.0,0.0,
dzuffin,0.27144536634096084,0.0,0.0,,0.0,0.0,,0.0,0.0,
e4evr,0.012122524082692931,0.0,0.0,,0.0,0.0,,0.0,0.0,
eCztery,0.012122524082692931,0.0,0.0,,0.0,0.0,,0.0,0.0,
eagleclaw07,0.012122524082692931,0.0,0.0,,0.0,0.0,,0.0,0.0,
econpower,0.012122524082692931,0.0,0.0,,0.0,0.0,,0.0,0.0,
ecwinslow,0.05765056530928004,0.0,0.0,,0.0,0.0,,0.0,0.0,
edgarhay012,0.14600497846034602,0.0,0.0,,0.0,0.0,,0.0,0.0,
effefe,0.26730658526463535,0.0,0.0,,0.0,0.0,,0.0,0.0,
ega2006,0.012122524082692931,0.0,0.0,,0.0,0.0,,0.0,0.0,
egnfanclub,0.012122524082692931,0.0,0.0,,0.0,0.0,,0.0,0.0,
ehrenfeld,0.012122524082692931,0.0,0.0,,0.0,0.0,,0.0,0.0,
eightbyeightchess,0.012122524082692931,0.0,0.0,,0.0,0.0,,0.0,0.0,
ejalmedina,0.012122524082692931,0.0,0.0,,0.0,0.0,,0.0,0.0,
ejam94,0.09213845776081746,0.0,0.0,,0.0,0.0,,0.0,0.0,
ekGameKhelum,0.012122524082692931,0.0,0.0,,0.0,0.0,,0.0,0.0,
el008,0.012122524082692931,0.0,0.0,,0.0,0.0,,0.0,0.0,
elRope,0.015773281490635723,0.0,0.0,,0.0,0.0,,0.0,0.0,
el_sporco,0.012122524082692931,0.0,0.0,,0.0,0.0,,0.0,0.0,
elamier,0.012122524082692931,0.0,0.0,,0.0,0.0,,0.0,0.0,
elcala,0.012122524082692931,0.0,0.0,,0.0,0.0,,0.0,0.0,
elcandado,0.015669149755972257,0.0,0.0,,0.0,0.0,,0.0,0.0,
elchacal664,0.012122524082692931,0.0,0.0,,0.0,0.0,,0.0,0.0,
elchechereche,0.012122524082692931,0.0,0.0,,0.0,0.0,,0.0,0.0,
eldur16,0.012122524082692931,0.0,0.0,,0.0,0.0,,0.0,0.0,
electrosaw,0.01329049218635899,0.0,0.0,,0.0,0.0,,0.0,0.0,
elfranco,0.012122524082692931,0.0,0.0,,0.0,0.0,,0.0,0.0,
elgrona,0.039538714991762765,0.0,0.0,,0.0,0.0,,0.0,0.0,
elis06,0.44890331994520444,0.0,0.0,,0.0,0.0,,0.0,0.0,
elisak43,0.012122524082692931,0.0,0.0,,0.0,0.0,,0.0,0.0,
elizabethcastaneda,0.012122524082692931,0.0,0.0,,0.0,0.0,,0.0,0.0,
eljanov,0.11855336873174172,0.0,0.0,,0.0004217985490129914,5e-05,8.435970980259828,0.006917496203813059,0.00082,8.435970980259828
ellatambien,0.012122524082692931,0.0,0.0,,0.0,0.0,,0.0,0.0,
elmusmolamas,0.012122524082692931,0.0,0.0,,0.0,0.0,,0.0,0.0,
elohunter1999,0.012122524082692931,0.0,0.0,,0.0,0.0,,0.0,0.0,
elpatodice,0.012122524082692931,0.0,0.0,,0.0,0.0,,0.0,0.0,
elpeordelosmejores,0.20654924902776656,0.0,0.0,,0.0,0.0,,0.0,0.0,
eltenedor,0.012122524082692931,0.0,0.0,,0.0,0.0,,0.0,0.0,
eltrain1971,0.012122524082692931,0.0,0.0,,0.0,0.0,,0.0,0.0,
elvistecso,0.012122524082692931,0.0,0.0,,0.0,0.0,,0.0,0.0,
emeli_chess,0.012122524082692931,0.0,0.0,,0.0,0.0,,0.0,0.0,
emiliochess,0.012122524082692931,0.0,0.0,,0.0,0.0,,0.0,0.0,
emiliocordova,0.012122524082692931,0.0,0.0,,0.0,0.0,,0.013077593722755012,0.00015,87.1839581517001
emperor87,0.01329049218635899,0.0,0.0,,0.0,0.0,,0.0,0.0,
emre_demirbas,0.1361491556138048,0.0,0.0,,0.0,0.0,,0.0,0.0,
endgamemaster51,0.09855028074161122,0.0,0.0,,0.0,0.0,,0.0,0.0,
enestnrvrd,0.012122524082692931,0.0,0.0,,0.0,0.0,,0.0,0.0,
enfanterrible,0.012122524082692931,0.0,0.0,,0.0,0.0,,0.0,0.0,
english_player_89,0.1501890403520425,0.0,0.0,,0.0,0.0,,0.0,0.0,
enkhtuul,0.012122524082692931,0.0,0.0,,0.0,0.0,,0.0,0.0,
enriquebutti,0.012122524082692931,0.0,0.0,,0.0,0.0,,0.0,0.0,
enriquetejedor,0.012122524082692931,0.0,0.0,,0.0,0.0,,0.0,0.0,
epiclord678,0.012122524082692931,0.0,0.0,,0.0,0.0,,0.0,0.0,
eragon02,0.012122524082692931,0.0,0.0,,0.0,0.0,,0.0,0.0,
ericovski,0.012122524082692931,0.0,0.0,,0.0,0.0,,0.0,0.0,
erlesfar,0.012122524082692931,0.0,0.0,,0.0,0.0,,0.0,0.0,
ernestina08chess,0.012122524082692931,0.0,0.0,,0.0,0.0,,0.0,0.0,
erugee,0.012122524082692931,0.0,0.0,,0.0,0.0,,0.0,0.0,
esapunov,0.012122524082692931,0.0,0.0,,0.0,0.0,,0.0,0.0,
esrosenberg,0.021541501976284586,0.0,0.0,,0.0,0.0,,0.0,0.0,
esskeettit,0.012122524082692931,0.0,0.0,,0.0,0.0,,0.0,0.0,
esteban062000,0.012122524082692931,0.0,0.0,,0.0,0.0,,0.0,0.0,
estupendastico,0.06186013450678432,0.0,0.0,,0.0,0.0,,0.0,0.0,
etesungam,0.012122524082692931,0.0,0.0,,0.0,0.0,,0.0,0.0,
evangelia2012,0.012122524082692931,0.0,0.0,,0.0,0.0,,0.0,0.0,
evgchess5,0.012122524082692931,0.0,0.0,,0.0,0.0,,0.0,0.0,
evgenyermolaev,0.012122524082692931,0.0,0.0,,0.0,0.0,,0.0,0.0,
exoticprincess,0.012122524082692931,0.02092050209205021,0.00025,83.68200836820083,0.04686192468619247,0.00056,83.68200836820084,0.12552301255230125,0.0015,83.68200836820083
expii,0.012122524082692931,0.0,0.0,,0.0,0.0,,0.0,0.0,
ezkybel,0.012122524082692931,0.0,0.0,,0.0,0.0,,0.0,0.0,
fabianvivasz,0.012122524082692931,0.0,0.0,,0.0,0.0,,0.0,0.0,
facillll94,0.012122524082692931,0.0,0.0,,0.0,0.0,,0.0,0.0,
falzehope0,0.4139770085132165,0.0,0.0,,0.0,0.0,,0.0,0.0,
familijatop71,0.012122524082692931,0.0,0.0,,0.0,0.0,,0.0,0.0,
fan_of_chess1908,0.4386237617688976,0.0,0.0,,0.0,0.0,,0.0,0.0,
fandebobbyfischer,0.012122524082692931,0.0,0.0,,0.0,0.0,,0.0,0.0,
faraone99,0.012122524082692931,0.0,0.0,,0.0,0.0,,0.0,0.0,
farseer25,0.10837551282222392,0.0,0.0,,0.0,0.0,,0.0,0.0,
farzadbfd,0.012122524082692931,0.0,0.0,,0.0,0.0,,0.0,0.0,
fastestmindalive,0.21208838389519707,0.0,0.0,,0.0,0.0,,0.0,0.0,
fatzl,0.012122524082692931,0.0,0.0,,0.0,0.0,,0.0,0.0,
federicosellitti,0.012122524082692931,0.0,0.0,,0.0,0.0,,0.0,0.0,
fekirsito10,0.015669149755972257,0.0,0.0,,0.0,0.0,,0.0,0.0,
felipelobo,0.012122524082692931,0.0,0.0,,0.0,0.0,,0.0,0.0,
fen_fire,0.012122524082692931,0.0,0.0,,0.0,0.0,,0.0,0.0,
ferch1ni,0.1470886099577662,0.0,0.0,,0.0,0.0,,0.0,0.0,
ferdipy,0.09089018335190721,0.0,0.0,,0.0,0.0,,0.0,0.0,
ferrufino64,0.012122524082692931,0.0,0.0,,0.0,0.0,,0.0,0.0,
feuervogel1000000,0.012122524082692931,0.0,0.0,,0.0,0.0,,0.0,0.0,
fgm1ke,0.012122524082692931,0.0,0.0,,0.0,0.0,,0.0,0.0,
fiddle99,0.012122524082692931,0.0,0.0,,0.0,0.0,,0.0,0.0,
fikus-13,0.02386237513873474,0.0,0.0,,0.0,0.0,,0.0,0.0,
filipluczak05,0.012122524082692931,0.0,0.0,,0.0,0.0,,0.0,0.0,
fillipos12,0.03206997084548104,0.0,0.0,,0.0,0.0,,0.0,0.0,
fin,0.012122524082692931,0.0,0.0,,0.0,0.0,,0.0,0.0,
financieru,0.012122524082692931,0.0,0.0,,0.0,0.0,,0.0,0.0,
finec2,0.08896062852480068,0.0,0.0,,0.0,0.0,,0.0,0.0,
fireheart92,0.012122524082692931,0.004672897196261682,6e-05,77.8816199376947,0.0264797507788162,0.00034,77.8816199376947,0.06619937694704049,0.00085,77.8816199376947
fitod,0.012122524082692931,0.0,0.0,,0.0,0.0,,0.0,0.0,
fks_stal_mielec,0.012122524082692931,0.0,0.0,,0.0,0.0,,0.0,0.0,
flaviorcb,0.012122524082692931,0.0,0.0,,0.0,0.0,,0.0,0.0,
flawian2008,0.012122524082692931,0.0,0.0,,0.0,0.0,,0.0,0.0,
flo65,0.012122524082692931,0.0,0.0,,0.0,0.0,,0.0,0.0,
florianschwabeneder,0.012122524082692931,0.0,0.0,,0.0,0.0,,0.0,0.0,
flubs,0.012122524082692931,0.0,0.0,,0.0,0.0,,0.0,0.0,
fly_21,0.012122524082692931,0.0,0.0,,0.0,0.0,,0.0,0.0,
fm24601,0.012122524082692931,0.0,0.0,,0.0,0.0,,0.0,0.0,
fm9714,0.012122524082692931,0.010169491525423728,0.00012,84.7457627118644,0.03983050847457627,0.00047,84.7457627118644,0.053389830508474574,0.00063,84.7457627118644
fmAguilar1,0.012122524082692931,0.0,0.0,,0.0,0.0,,0.0,0.0,
fmcabralis,0.012122524082692931,0.0,0.0,,0.0,0.0,,0.0,0.0,
fmshawnrl123,0.012122524082692931,0.0,0.0,,0.002477291494632535,3e-05,82.57638315441783,0.037159372419488024,0.00045,82.57638315441783
foldesmarci2009,0.012122524082692931,0.0,0.0,,0.0,0.0,,0.0,0.0,
forevery0ung,0.1314103771671267,0.0,0.0,,0.0,0.0,,0.0,0.0,
foxmanoban,0.012122524082692931,0.0,0.0,,0.0,0.0,,0.0,0.0,
fpawn,0.012122524082692931,0.0,0.0,,0.0,0.0,,0.0,0.0,
fractal1234,0.012122524082692931,0.0,0.0,,0.0,0.0,,0.0,0.0,
francyIM,0.012122524082692931,0.002551020408163265,3e-05,85.03401360544217,0.022108843537414966,0.00026,85.03401360544218,0.1130952380952381,0.00133,85.03401360544217
frankshar,0.012122524082692931,0.0,0.0,,0.0,0.0,,0.0,0.0,
frazier69,0.012122524082692931,0.0,0.0,,0.0,0.0,,0.0,0.0,
frederiksvane,0.4247006172899357,0.004351321950527362,0.00184,2.364848886156175,0.03306058742846332,0.01398,2.364848886156175,0.11024925507260086,0.04662,2.3648488861561745
frenchpin,0.012122524082692931,0.0,0.0,,0.0,0.0,,0.0,0.0,
frequentblunders,0.012122524082692931,0.0,0.0,,0.0,0.0,,0.0,0.0,
friesnielsen2302,0.012122524082692931,0.0,0.0,,0.0,0.0,,0.0,0.0,
ftorodent,0.012122524082692931,0.0,0.0,,0.0,0.0,,0.0,0.0,
fu24,0.012122524082692931,0.0,0.0,,0.0,0.0,,0.0,0.0,
fugadelafuga,0.012122524082692931,0.0,0.0,,0.0,0.0,,0.0,0.0,
futbolvic,0.09534937817123795,0.0,0.0,,0.0,0.0,,0.0,0.0,
futurechamp1907,0.7038784058981172,0.0,0.0,,0.0,0.0,,0.0,0.0,
fviana,0.012122524082692931,0.0,0.0,,0.0,0.0,,0.0,0.0,
fyall777,0.012122524082692931,0.0,0.0,,0.0,0.0,,0.0,0.0,
gabber2011,0.10286876917762065,0.0,0.0,,0.0,0.0,,0.0,0.0,
gabduschew,0.012122524082692931,0.0,0.0,,0.0,0.0,,0.0,0.0,
gabriel_pereyra,0.012122524082692931,0.0,0.0,,0.0,0.0,,0.0,0.0,
gafkens,0.012122524082692931,0.0,0.0,,0.0,0.0,,0.0,0.0,
gahryman,0.012122524082692931,0.0,0.0,,0.0,0.0,,0.0,0.0,
gaidym72,0.97078484186175,0.0,0.0,,0.0,0.0,,0.0,0.0,
gakashchess,0.23624193700467616,0.0,0.0,,0.0,0.0,,0.0,0.0,
gambitovapj,0.012122524082692931,0.0,0.0,,0.0,0.0,,0.0,0.0,
gamboajp,0.012122524082692931,0.0,0.0,,0.0,0.0,,0.0,0.0,
garfield000,0.01329049218635899,0.0,0.0,,0.0,0.0,,0.0,0.0,
garfield_pg,0.012122524082692931,0.0,0.0,,0.0,0.0,,0.0,0.0,
garfio2017,0.012122524082692931,0.0,0.0,,0.0,0.0,,0.0,0.0,
garicardi,0.039538714991762765,0.0,0.0,,0.0,0.0,,0.0,0.0,
garicradomir,0.012122524082692931,0.0,0.0,,0.0,0.0,,0.0,0.0,
gau248,0.0446927374301676,0.0,0.0,,0.0,0.0,,0.0,0.0,
gau_npukyputb,0.012122524082692931,0.0,0.0,,0.0,0.0,,0.0,0.0,
gedizov,0.05124178501281883,0.0,0.0,,0.0,0.0,,0.0,0.0,
gemarin,0.012122524082692931,0.0,0.0,,0.0,0.0,,0.0,0.0,
geminithegreat,0.012122524082692931,0.0,0.0,,0.0,0.0,,0.0,0.0,
gena217,0.012122524082692931,0.0,0.0,,0.0,0.0,,0.05515587529976019,0.00069,79.93605115907275
genarovsky,0.03206997084548104,0.0,0.0,,0.0,0.0,,0.0,0.0,
geordie_derraugh,0.012122524082692931,0.0,0.0,,0.0,0.0,,0.0,0.0,
georgevlassis5,0.012122524082692931,0.0,0.0,,0.0,0.0,,0.0,0.0,
georgpapi,0.012122524082692931,0.0,0.0,,0.0,0.0,,0.0,0.0,
gerardts,0.24230029729204947,0.0,0.0,,0.0,0.0,,0.0,0.0,
gh6999,0.43317648100245226,0.0,0.0,,0.0,0.0,,0.0,0.0,
giftedcreation,0.012122524082692931,0.0,0.0,,0.0,0.0,,0.0,0.0,
gilbert_gm,0.012122524082692931,0.0,0.0,,0.0,0.0,,0.0,0.0,
giomar27,0.0522747542437392,0.0,0.0,,0.0,0.0,,0.0,0.0,
giovannibrandao7,0.03206997084548104,0.0,0.0,,0.0,0.0,,0.0,0.0,
gisela_roque,0.012122524082692931,0.0,0.0,,0.0,0.0,,0.0,0.0,
giulianodragon,0.012122524082692931,0.0,0.0,,0.0,0.0,,0.0,0.0,
glebus008,0.012122524082692931,0.0,0.0,,0.0,0.0,,0.0,0.0,
glucolisis04,0.012122524082692931,0.0,0.0,,0.0,0.0,,0.0,0.0,
gm_rashid,0.012122524082692931,0.0,0.0,,0.0,0.0,,0.0,0.0,
gmcorrales,0.012122524082692931,0.0,0.0,,0.0,0.0,,0.0008077544426494346,1e-05,80.77544426494346
gmjlh,0.012122524082692931,0.0,0.0,,0.0,0.0,,0.0,0.0,
gmjoey1,0.012122524082692931,0.0,0.0,,0.0,0.0,,0.0,0.0,
gmpeter008,0.012122524082692931,0.0,0.0,,0.0,0.0,,0.0,0.0,
gmsolver,0.43618566115565244,0.0,0.0,,0.0,0.0,,0.0003675626005053986,0.00016,2.297266253158741
goldenbuzzer,0.012122524082692931,0.0,0.0,,0.0,0.0,,0.0,0.0,
goldenpuppy,0.012122524082692931,0.0,0.0,,0.0,0.0,,0.0,0.0,
goldenspine,0.012122524082692931,0.0,0.0,,0.0,0.0,,0.0,0.0,
goldihouse,0.012122524082692931,0.0,0.0,,0.0,0.0,,0.0,0.0,
gomeschess02,0.012122524082692931,0.0,0.0,,0.0,0.0,,0.0,0.0,
gonzaga23,0.012122524082692931,0.0,0.0,,0.0,0.0,,0.0,0.0,
goodluck06,0.012122524082692931,0.0,0.0,,0.0,0.0,,0.0,0.0,
goodwilll,0.012122524082692931,0.0,0.0,,0.0,0.0,,0.0,0.0,
goofypenguin96,0.012122524082692931,0.0,0.0,,0.0,0.0,,0.0,0.0,
googlegoom,0.012122524082692931,0.0,0.0,,0.0,0.0,,0.0,0.0,
goozack,0.5826527405859375,0.0,0.0,,0.0,0.0,,0.0,0.0,
gordonzyxu,0.012122524082692931,0.0,0.0,,0.0,0.0,,0.0,0.0,
gorgeous1083,0.012122524082692931,0.0,0.0,,0.0,0.0,,0.0,0.0,
goshachai2010,0.07959502057659029,0.0,0.0,,0.0,0.0,,0.0002509410288582183,2e-05,12.547051442910915
gospodarsaha07,0.012122524082692931,0.0,0.0,,0.0,0.0,,0.0,0.0,
gpsji27,0.4156771729201851,0.0,0.0,,0.0,0.0,,0.0,0.0,
grandcoach,0.012122524082692931,0.0,0.0,,0.0,0.0,,0.0,0.0,
grandemestregringo,0.012122524082692931,0.0,0.0,,0.0,0.0,,0.0,0.0,
grandmastergauri,0.012122524082692931,0.0,0.0,,0.0,0.0,,0.0,0.0,
granguerrerov,0.012122524082692931,0.0,0.0,,0.0,0.0,,0.0,0.0,
greekplayer1,0.17261206214184813,0.0,0.0,,0.0,0.0,,0.0,0.0,
greengrass100,0.012122524082692931,0.0,0.0,,0.0,0.0,,0.0,0.0,
grl77,0.012122524082692931,0.0,0.0,,0.0,0.0,,0.0,0.0,
grnic1,0.012122524082692931,0.0,0.0,,0.0,0.0,,0.0,0.0,
gross-aleks,0.012122524082692931,0.0,0.0,,0.0,0.0,,0.0,0.0,
grozdanovic_a,0.012122524082692931,0.0,0.0,,0.0,0.0,,0.0,0.0,
grunbergmihai,0.012122524082692931,0.0,0.0,,0.0,0.0,,0.0,0.0,
grzechu96,0.012122524082692931,0.0,0.0,,0.0,0.0,,0.0,0.0,
gshwbedhkhd,0.0446927374301676,0.0,0.0,,0.0,0.0,,0.0,0.0,
gtnamfrq,0.012122524082692931,0.0,0.0,,0.0,0.0,,0.0,0.0,
gueraumasague,0.22672141941436205,0.0,0.0,,0.0,0.0,,0.0,0.0,
guillead1,0.05414065348422647,0.0,0.0,,0.0,0.0,,0.0,0.0,
guillembaches,0.07111823930652535,0.0,0.0,,0.0,0.0,,0.0,0.0,
guineo59,0.012122524082692931,0.0,0.0,,0.0,0.0,,0.0,0.0,
gunslinger222,0.012122524082692931,0.0,0.0,,0.0,0.0,,0.0,0.0,
gurelediz,0.012122524082692931,0.03520536462699078,0.00042,83.82229673093043,0.13327745180217937,0.00159,83.82229673093042,0.31181894383906117,0.00372,83.82229673093042
gxbg2000,0.01329049218635899,0.0,0.0,,0.0,0.0,,0.0,0.0,
gympod,0.012122524082692931,0.0,0.0,,0.0,0.0,,0.0,0.0,
h4parah5,0.1500043626687174,0.008174204355108877,0.00122,6.700167504187605,0.04824120603015075,0.0072,6.700167504187605,0.11564489112227806,0.01726,6.700167504187605
habadra,0.012122524082692931,0.0,0.0,,0.0,0.0,,0.0,0.0,
hakanazeri2,0.015669149755972257,0.0,0.0,,0.0,0.0,,0.011642156862745098,0.00019,61.27450980392157
halldorgretar,0.0675311577777915,0.0,0.0,,0.0,0.0,,0.0,0.0,
hammahamma,0.012122524082692931,0.0,0.0,,0.0,0.0,,0.0,0.0,
hamurrapi,0.012122524082692931,0.0,0.0,,0.0,0.0,,0.0,0.0,
handsoffhans,0.03206997084548104,0.0,0.0,,0.0,0.0,,0.0,0.0,
hansen,0.4977336106985573,0.00014049736065672482,7e-05,2.007105152238926,0.002047247255283704,0.00102,2.0071051522389256,0.02494831704232985,0.01243,2.007105152238926
harkerchess,0.012122524082692931,0.0,0.0,,0.0,0.0,,0.0,0.0,
harlem4brew,0.012122524082692931,0.0,0.0,,0.0,0.0,,0.0,0.0,
harperchesstt,0.012122524082692931,0.0,0.0,,0.0,0.0,,0.0,0.0,
harshu27,0.012122524082692931,0.0,0.0,,0.0,0.0,,0.0,0.0,
hasagoodchesser,0.012122524082692931,0.0,0.0,,0.0,0.0,,0.0,0.0,
hatsak7,0.30002394745619404,0.0,0.0,,0.0,0.0,,0.0,0.0,
hawes33,0.012122524082692931,0.0,0.0,,0.0,0.0,,0.0,0.0,
hblanco,0.012122524082692931,0.0,0.0,,0.0,0.0,,0.0,0.0,
heavenlyview,0.012122524082692931,0.0,0.0,,0.0,0.0,,0.0,0.0,
hectorfiori,0.012122524082692931,0.0,0.0,,0.0,0.0,,0.0,0.0,
hellokostya,0.015669149755972257,0.0,0.0,,0.0,0.0,,0.0,0.0,
hermionegrangermagic,0.012122524082692931,0.0,0.0,,0.0,0.0,,0.0,0.0,
heyerik,0.012122524082692931,0.0,0.0,,0.0,0.0,,0.0,0.0,
heytbeteacher,0.012122524082692931,0.0,0.0,,0.0,0.0,,0.0,0.0,
highlama,0.012122524082692931,0.0,0.0,,0.0,0.0,,0.0,0.0,
hightide,0.012122524082692931,0.0,0.0,,0.0,0.0,,0.0,0.0,
hikaruchija,0.33842212575366265,0.0,0.0,,0.0,0.0,,0.0,0.0,
hilleltoledo,0.283530814027009,0.0,0.0,,0.0,0.0,,0.0,0.0,
hitaman,0.07999511532234643,0.0,0.0,,0.0,0.0,,0.0,0.0,
hmatyi07,0.012122524082692931,0.0,0.0,,0.0,0.0,,0.0,0.0,
honestgames,0.01329049218635899,0.0,0.0,,0.0,0.0,,0.0,0.0,
hongnhung1234,0.05139946734874504,0.0,0.0,,0.0,0.0,,0.0,0.0,
horakio,0.012122524082692931,0.0,0.0,,0.0,0.0,,0.0,0.0,
horpereyra17,0.06508486778608966,0.0,0.0,,0.0,0.0,,0.0,0.0,
hoshiboshi,0.012122524082692931,0.0,0.0,,0.0,0.0,,0.0,0.0,
howitzer14,0.012122524082692931,0.0,0.0,,0.0024174053182917004,3e-05,80.58017727639,0.021756647864625302,0.00027,80.58017727639
howtomoveaknight,0.012122524082692931,0.0,0.0,,0.0,0.0,,0.0,0.0,
hrawk007,0.012122524082692931,0.0,0.0,,0.0,0.0,,0.0,0.0,
hristos03,0.012122524082692931,0.0,0.0,,0.0,0.0,,0.0,0.0,
hsd2016,0.039538714991762765,0.0,0.0,,0.0,0.0,,0.0,0.0,
hsmile,0.012122524082692931,0.0,0.0,,0.0,0.0,,0.0,0.0,
hurricane7791,0.012122524082692931,0.0,0.0,,0.0,0.0,,0.0,0.0,
hypert,0.012122524082692931,0.0,0.0,,0.0,0.0,,0.0,0.0,
iJueles,0.012122524082692931,0.0,0.0,,0.0,0.0,,0.0,0.0,
i_like_explosions,0.012122524082692931,0.0,0.0,,0.0,0.0,,0.0,0.0,
iammetiniko,0.07834609227902437,0.0,0.0,,0.0,0.0,,0.0,0.0,
iba6702,0.012122524082692931,0.0,0.0,,0.0,0.0,,0.0,0.0,
ibove,0.012122524082692931,0.0,0.0,,0.0,0.0,,0.0,0.0,
ibutterurbread,0.012122524082692931,0.0,0.0,,0.0,0.0,,0.0,0.0,
icaughtacrab,0.012122524082692931,0.0,0.0,,0.0,0.0,,0.0,0.0,
icy,0.012122524082692931,0.0,0.0,,0.0,0.0,,0.0,0.0,
ideika,0.012122524082692931,0.0,0.0,,0.0,0.0,,0.0,0.0,
igordubrovich,0.012122524082692931,0.0,0.0,,0.0,0.0,,0.0,0.0,
igorknyazev,0.012122524082692931,0.0,0.0,,0.0,0.0,,0.0,0.0,
igorkovalenko,0.012122524082692931,0.0008163265306122449,1e-05,81.63265306122449,0.012244897959183673,0.00015,81.63265306122449,0.08,0.00098,81.63265306122449
igorvershinin2009,0.3541027158303466,0.0,0.0,,0.0,0.0,,0.0,0.0,
ikhasu,0.012122524082692931,0.0,0.0,,0.0,0.0,,0.0,0.0,
iliachess2007,0.015669149755972257,0.0,0.0,,0.0,0.0,,0.0,0.0,
iliaguevnisim,0.012122524082692931,0.0,0.0,,0.0,0.0,,0.0,0.0,
ilimchess2,0.012122524082692931,0.0,0.0,,0.0,0.0,,0.0,0.0,
ilm2034,0.012122524082692931,0.0,0.0,,0.0,0.0,,0.0,0.0,
ilovejokes555,0.012122524082692931,0.0,0.0,,0.0,0.0,,0.0,0.0,
ilqar_74,0.32036950960233573,0.0,0.0,,0.0,0.0,,0.00021802778296891546,7e-05,3.1146826138416497
ilushka,0.012122524082692931,0.0,0.0,,0.0,0.0,,0.0,0.0,
ilya2700,0.012122524082692931,0.0,0.0,,0.0,0.0,,0.0,0.0,
imdarealist,0.012122524082692931,0.0,0.0,,0.0,0.0,,0.0,0.0,
imdvb6307,0.04360812425328554,0.0,0.0,,0.0,0.0,,0.0,0.0,
inagreV,0.012122524082692931,0.0,0.0,,0.0,0.0,,0.0,0.0,
incredible64,0.012122524082692931,0.0,0.0,,0.0,0.0,,0.0,0.0,
ineverlikedyou,0.012122524082692931,0.0,0.0,,0.0,0.0,,0.0,0.0,
infantaria08,0.012122524082692931,0.0,0.0,,0.0,0.0,,0.0,0.0,
infinitegiantkiller,0.012122524082692931,0.0,0.0,,0.0,0.0,,0.0,0.0,
infinitypoint,0.012122524082692931,0.0,0.0,,0.0,0.0,,0.0,0.0,
insatiable27,0.012122524082692931,0.0,0.0,,0.0,0.0,,0.0,0.0,
invisible_s0ul,0.012122524082692931,0.0,0.0,,0.0,0.0,,0.0,0.0,
isaak2009,0.012122524082692931,0.0,0.0,,0.0,0.0,,0.0,0.0,
isainz,0.012122524082692931,0.0,0.0,,0.0,0.0,,0.0,0.0,
isaks,0.012122524082692931,0.0,0.0,,0.0,0.0,,0.0,0.0,
isla88,0.012122524082692931,0.0,0.0,,0.0,0.0,,0.0,0.0,
itsdsyr,0.012122524082692931,0.0,0.0,,0.0,0.0,,0.0,0.0,
iturrizaga,0.056647372004705425,0.03391590240526043,0.00196,17.304031839418585,0.1001903443502336,0.00579,17.304031839418585,0.14466170617753937,0.00836,17.304031839418588
ivana_999,0.012122524082692931,0.0,0.0,,0.0,0.0,,0.0,0.0,
ivandrade10,0.5424736077402611,0.0,0.0,,0.0,0.0,,0.0,0.0,
ivanquiroga,0.012122524082692931,0.0,0.0,,0.0,0.0,,0.0,0.0,
ivanuraev,0.012122524082692931,0.0,0.0,,0.0,0.0,,0.0,0.0,
iwanyu,0.20802535681276801,0.0,0.0,,0.00024127780726728755,5e-05,4.825556145345751,0.006321478550402934,0.00131,4.825556145345751
j2806,0.012122524082692931,0.0,0.0,,0.0,0.0,,0.0,0.0,
j_coca,0.012122524082692931,0.0,0.0,,0.0,0.0,,0.0,0.0,
jaci33333,0.3721968282244483,0.0,0.0,,0.0,0.0,,0.0,0.0,
jacky72,0.012122524082692931,0.0,0.0,,0.0,0.0,,0.0008347245409015025,1e-05,83.47245409015025
jactorres,0.012122524082692931,0.0,0.0,,0.0,0.0,,0.0,0.0,
jakopogi,0.03206997084548104,0.0,0.0,,0.0,0.0,,0.0009348706762231225,3e-05,31.162355874104083
jaldjald,0.012122524082692931,0.0,0.0,,0.0,0.0,,0.0,0.0,
jamengrand,0.012122524082692931,0.0,0.0,,0.0,0.0,,0.0,0.0,
jamesaltucher,0.012122524082692931,0.0,0.0,,0.0,0.0,,0.0,0.0,
janhelmer03,0.012122524082692931,0.0,0.0,,0.0,0.0,,0.0,0.0,
janjestem,0.3860833291233821,0.0,0.0,,0.0,0.0,,0.0,0.0,
jannurchess,0.7290945064342538,0.0,0.0,,0.0,0.0,,0.0,0.0,
jaramsdal,0.012122524082692931,0.0,0.0,,0.0,0.0,,0.0,0.0,
jarshh95,0.012122524082692931,0.0,0.0,,0.0,0.0,,0.0,0.0,
jaskol95,0.17256074011880904,0.0,0.0,,0.0,0.0,,0.0,0.0,
jasonbolivar,0.012122524082692931,0.0,0.0,,0.0,0.0,,0.0,0.0,
jasrom,0.012122524082692931,0.0,0.0,,0.0,0.0,,0.0,0.0,
javierfreilemartin,0.012122524082692931,0.0,0.0,,0.0,0.0,,0.0,0.0,
javirec,0.012122524082692931,0.0,0.0,,0.0,0.0,,0.0,0.0,
jazz_0607,0.04360812425328554,0.0,0.0,,0.0,0.0,,0.0,0.0,
jb2mix,0.012122524082692931,0.0,0.0,,0.0,0.0,,0.0,0.0,
jbking07,0.012122524082692931,0.0,0.0,,0.0,0.0,,0.0,0.0,
jcibarra,0.44025064801830327,0.0009336217693271092,0.00041,2.2771262666514858,0.005533416827963111,0.00243,2.2771262666514858,0.0347944893544347,0.01528,2.2771262666514858
jcmesafischer,0.15163962588820784,0.0,0.0,,0.0,0.0,,0.0,0.0,
jcreyes69,0.012122524082692931,0.0,0.0,,0.0,0.0,,0.0,0.0,
jecdii,0.012122524082692931,0.0,0.0,,0.0,0.0,,0.0,0.0,
jeetjain,0.012122524082692931,0.0,0.0,,0.0,0.0,,0.0,0.0,
jefferyx,0.7852804514147973,0.036508158923862784,0.02866,1.2738366686623441,0.13725590104836757,0.10775,1.2738366686623441,0.3233889150733093,0.25387,1.2738366686623441
jek59,0.01329049218635899,0.0,0.0,,0.0,0.0,,0.0,0.0,
jeloma,0.012122524082692931,0.0,0.0,,0.0,0.0,,0.0,0.0,
jens1102,0.1478706016826438,0.0,0.0,,0.0,0.0,,0.0,0.0,
jero888,0.012122524082692931,0.0,0.0,,0.0,0.0,,0.0,0.0,
jerry_77,0.012122524082692931,0.0,0.0,,0.0,0.0,,0.0,0.0,
jguerramzllo,0.012122524082692931,0.0,0.0,,0.0,0.0,,0.0,0.0,
jimis98,0.012122524082692931,0.0,0.0,,0.0,0.0,,0.0,0.0,
jimmy-schlumpf,0.012122524082692931,0.0,0.0,,0.0,0.0,,0.0,0.0,
jinbojinbo,0.012122524082692931,0.0,0.0,,0.0,0.0,,0.0,0.0,
jinxy2009,0.09248118947957852,0.0,0.0,,0.0,0.0,,0.0,0.0,
jjbolanos,0.012122524082692931,0.0,0.0,,0.0,0.0,,0.0,0.0,
jjlai1111,0.012122524082692931,0.0,0.0,,0.0,0.0,,0.0,0.0,
jk13,0.012122524082692931,0.0,0.0,,0.0,0.0,,0.0016090104585679806,2e-05,80.45052292839902
jkidjr22,0.012122524082692931,0.0,0.0,,0.0,0.0,,0.0,0.0,
jlandaw,0.012122524082692931,0.0,0.0,,0.0,0.0,,0.0,0.0,
jlf287,0.012122524082692931,0.0,0.0,,0.0,0.0,,0.0,0.0,
jlmanzanares,0.012122524082692931,0.0,0.0,,0.0,0.0,,0.0,0.0,
jlucasvf,0.012122524082692931,0.0,0.0,,0.0,0.0,,0.007240547063555913,9e-05,80.45052292839902
jm_gutierrez,0.012122524082692931,0.0,0.0,,0.0,0.0,,0.0,0.0,
jmpion,0.012122524082692931,0.0,0.0,,0.0,0.0,,0.0,0.0,
joarprodhan,0.012122524082692931,0.0,0.0,,0.0,0.0,,0.0,0.0,
jocmil,0.012122524082692931,0.0,0.0,,0.0,0.0,,0.0,0.0,
jodarmarlon1985,0.012122524082692931,0.0,0.0,,0.0,0.0,,0.0,0.0,
johnathan113,0.012122524082692931,0.0,0.0,,0.0,0.0,,0.0,0.0,
johndoe698,0.16974655666034608,0.0,0.0,,0.0,0.0,,0.0,0.0,
johnmez,0.012122524082692931,0.0,0.0,,0.0,0.0,,0.0,0.0,
jokers20184061,0.012122524082692931,0.0,0.0,,0.0,0.0,,0.0,0.0,
joksijoksi,0.012122524082692931,0.0,0.0,,0.0,0.0,,0.0,0.0,
jonady1,0.012122524082692931,0.0,0.0,,0.0,0.0,,0.0,0.0,
joppie2,0.012122524082692931,0.009228187919463088,0.00011,83.89261744966443,0.027684563758389263,0.00033,83.89261744966444,0.08976510067114093,0.00107,83.89261744966443
jorquerino,0.012122524082692931,0.0,0.0,,0.0,0.0,,0.0,0.0,
joselito22,0.012122524082692931,0.0,0.0,,0.0,0.0,,0.0,0.0,
josemoramoron,0.012122524082692931,0.0,0.0,,0.0,0.0,,0.0,0.0,
josephtolima,0.021541501976284586,0.0,0.0,,0.0,0.0,,0.0,0.0,
joshdaruca,0.012122524082692931,0.0,0.0,,0.0,0.0,,0.0,0.0,
joshuaguo,0.012122524082692931,0.0,0.0,,0.0,0.0,,0.0,0.0,
josiur,0.012122524082692931,0.0,0.0,,0.0,0.0,,0.0,0.0,
josiwales,0.012122524082692931,0.0,0.0,,0.0,0.0,,0.0,0.0,
josmito10,0.012122524082692931,0.0,0.0,,0.0,0.0,,0.0,0.0,
josmito80,0.012122524082692931,0.0,0.0,,0.0,0.0,,0.0,0.0,
jraosam,0.012122524082692931,0.0,0.0,,0.0,0.0,,0.0,0.0,
jrbarreto,0.012122524082692931,0.0,0.0,,0.0,0.0,,0.0,0.0,
js20000,0.012122524082692931,0.0,0.0,,0.009151414309484194,0.00011,83.19467554076539,0.036605657237936774,0.00044,83.19467554076539
jsdbv18,0.012122524082692931,0.0,0.0,,0.0,0.0,,0.0,0.0,
jstopa4,0.012122524082692931,0.0,0.0,,0.0,0.0,,0.0,0.0,
jtayar88,0.012122524082692931,0.0,0.0,,0.0,0.0,,0.0,0.0,
juancruzarias,0.015965166908563134,0.0,0.0,,0.0,0.0,,0.0,0.0,
juandiv,0.012122524082692931,0.0,0.0,,0.0,0.0,,0.0,0.0,
jucAxx,0.012122524082692931,0.0,0.0,,0.0,0.0,,0.0,0.0,
julian2024,0.021541501976284586,0.0,0.0,,0.0,0.0,,0.0,0.0,
julinha97,0.012122524082692931,0.0,0.0,,0.0,0.0,,0.0,0.0,
julsz08,0.012122524082692931,0.0,0.0,,0.0,0.0,,0.0,0.0,
jumpingknight20,0.012122524082692931,0.0,0.0,,0.0,0.0,,0.009950248756218905,0.00012,82.91873963515754
junhaopro,0.012122524082692931,0.0,0.0,,0.0,0.0,,0.0,0.0,
juniortay,0.012122524082692931,0.0,0.0,,0.0,0.0,,0.0,0.0,
jup1978,0.026400515132002575,0.0,0.0,,0.0,0.0,,0.0,0.0,
kaanadayhamle,0.012122524082692931,0.0,0.0,,0.0,0.0,,0.0,0.0,
kaanozcan006,0.2842811516125995,0.0,0.0,,0.0,0.0,,0.0,0.0,
kachsona,0.012122524082692931,0.0,0.0,,0.0,0.0,,0.0,0.0,
kacperkarwowski,0.012122524082692931,0.0,0.0,,0.0,0.0,,0.0,0.0,
kacprekt,0.012122524082692931,0.0,0.0,,0.0,0.0,,0.0,0.0,
kadirsoria,0.012122524082692931,0.0,0.0,,0.0,0.0,,0.0,0.0,
kagg1125,0.012122524082692931,0.0,0.0,,0.0,0.0,,0.0,0.0,
kai_nov,0.012122524082692931,0.0,0.0,,0.0,0.0,,0.0,0.0,
kaidanov,0.48252395119399594,0.0,0.0,,0.0,0.0,,0.0,0.0,
kaisermafra,0.012122524082692931,0.0,0.0,,0.0,0.0,,0.0,0.0,
kakarot_001,0.012122524082692931,0.0,0.0,,0.0,0.0,,0.0,0.0,
kaktus71,0.012122524082692931,0.0,0.0,,0.0,0.0,,0.0,0.0,
kalinchick,0.012122524082692931,0.0,0.0,,0.0,0.0,,0.0,0.0,
kalxandria,0.012122524082692931,0.0,0.0,,0.0,0.0,,0.0,0.0,
kamB2R,0.012122524082692931,0.0,0.0,,0.0,0.0,,0.0,0.0,
kamikazeheinz,0.012122524082692931,0.0,0.0,,0.0,0.0,,0.0,0.0,
kamilianin235,0.059218032580491305,0.0,0.0,,0.0,0.0,,0.0,0.0,
kanzaww,0.19850463116931577,0.0,0.0,,0.0,0.0,,0.0,0.0,
kapishp1,0.21524714171442316,0.0,0.0,,0.0,0.0,,0.0,0.0,
kaponerde,0.012122524082692931,0.0,0.0,,0.0,0.0,,0.0,0.0,
karaivosa,0.012122524082692931,0.0,0.0,,0.0,0.0,,0.0,0.0,
karinachess1,0.6747308422374937,0.0,0.0,,0.0,0.0,,0.0,0.0,
karpovian123,0.012122524082692931,0.0,0.0,,0.0,0.0,,0.0,0.0,
karthikola,0.206766449144775,0.0,0.0,,0.0,0.0,,0.0,0.0,
karwowskikacper,0.012122524082692931,0.0,0.0,,0.0,0.0,,0.0,0.0,
kasparicy,0.02386237513873474,0.0,0.0,,0.0,0.0,,0.0,0.0,
kassablanca,0.4779941304983127,0.0,0.0,,0.0,0.0,,0.0,0.0,
kasun_bole,0.012122524082692931,0.0,0.0,,0.0,0.0,,0.0,0.0,
katchesskat,0.012122524082692931,0.0,0.0,,0.0,0.0,,0.0,0.0,
katharinareinecke,0.012122524082692931,0.0,0.0,,0.0,0.0,,0.0,0.0,
kecalk,0.012122524082692931,0.0,0.0,,0.0,0.0,,0.0,0.0,
keepitcoming,0.012122524082692931,0.0,0.0,,0.0,0.0,,0.0,0.0,
kekic76,0.012122524082692931,0.0,0.0,,0.0,0.0,,0.0,0.0,
kemelgallo,0.012122524082692931,0.0,0.0,,0.0,0.0,,0.0,0.0,
kenta1234,0.012122524082692931,0.0,0.0,,0.0,0.0,,0.0,0.0,
keopki,0.012122524082692931,0.0,0.0,,0.0,0.0,,0.0,0.0,
kereswasbest,0.012122524082692931,0.0,0.0,,0.0,0.0,,0.0,0.0,
ketrabluwos,0.012122524082692931,0.0,0.0,,0.0,0.0,,0.0,0.0,
ketster,0.012122524082692931,0.0,0.0,,0.0,0.0,,0.0,0.0,
kflorian98,0.012122524082692931,0.0,0.0,,0.0,0.0,,0.0,0.0,
khaled_seyam_2012,0.5590097386377518,0.0,0.0,,0.0,0.0,,0.0,0.0,
khalifa_alhefeiti,0.012122524082692931,0.0,0.0,,0.0,0.0,,0.0,0.0,
kharposh,0.012122524082692931,0.0,0.0,,0.0,0.0,,0.0,0.0,
khoipham,0.012122524082692931,0.0,0.0,,0.0,0.0,,0.0,0.0,
kibromNNN,0.012122524082692931,0.0,0.0,,0.0,0.0,,0.0,0.0,
kick-start-the-rhythm,0.012122524082692931,0.0,0.0,,0.0,0.0,,0.0,0.0,
kidagent,0.012122524082692931,0.0,0.0,,0.0,0.0,,0.0,0.0,
kids2010,0.029278350515463916,0.0,0.0,,0.0,0.0,,0.0013531799729364006,4e-05,33.82949932341001
kikoveiga,0.012122524082692931,0.0,0.0,,0.0,0.0,,0.0,0.0,
killer_dreams,0.012122524082692931,0.0,0.0,,0.0,0.0,,0.0,0.0,
kinga2008,0.012122524082692931,0.0,0.0,,0.0,0.0,,0.0,0.0,
kingandqueen2017,0.012122524082692931,0.0,0.0,,0.0,0.0,,0.0,0.0,
kingapolak,0.012122524082692931,0.0,0.0,,0.0,0.0,,0.0,0.0,
kingnb,0.1585864188552466,0.0,0.0,,0.0,0.0,,0.0003800595426616837,6e-05,6.334325711028061
kingofchesss17,0.06760875392598764,0.0,0.0,,0.0,0.0,,0.0,0.0,
kingofthenil,0.20102497007438708,0.0003946719289590528,8e-05,4.93339911198816,0.00370004933399112,0.00075,4.93339911198816,0.02723236309817464,0.00552,4.93339911198816
kingside_rook,0.01329049218635899,0.0,0.0,,0.0,0.0,,0.0,0.0,
kira_raa,0.09994368908176088,0.0,0.0,,0.0,0.0,,0.0,0.0,
kirillshevchenko,0.012122524082692931,0.22296730930427494,0.00266,83.82229673093043,0.28331936295054483,0.00338,83.82229673093042,0.3302598491198659,0.00394,83.82229673093043
kiwibobo,0.012122524082692931,0.0,0.0,,0.0,0.0,,0.0,0.0,
kkpanu9,0.012122524082692931,0.0,0.0,,0.0,0.0,,0.0,0.0,
klauser63,0.012122524082692931,0.0,0.0,,0.0,0.0,,0.0,0.0,
kleber2007,0.012122524082692931,0.0,0.0,,0.0,0.0,,0.0,0.0,
kleinebeer98,0.012122524082692931,0.0,0.0,,0.005226480836236934,6e-05,87.10801393728224,0.03484320557491289,0.0004,87.10801393728222
kleong12,0.012122524082692931,0.0,0.0,,0.0,0.0,,0.0,0.0,
kleopl,0.012122524082692931,0.0,0.0,,0.0,0.0,,0.0,0.0,
klercaku,0.015965166908563134,0.0,0.0,,0.0,0.0,,0.0,0.0,
klifus,0.012122524082692931,0.0,0.0,,0.0,0.0,,0.0,0.0,
klimkoj,0.11622272973484597,0.0,0.0,,0.0,0.0,,0.0005940762114911313,7e-05,8.486803021301876
kngopal,0.012122524082692931,0.0,0.0,,0.0,0.0,,0.0,0.0,
knighthunter2024,0.012122524082692931,0.0,0.0,,0.0,0.0,,0.0,0.0,
knightinshiningarmour16,0.04360812425328554,0.0,0.0,,0.0,0.0,,0.0,0.0,
knightrider1357,0.5562946875000001,0.0,0.0,,0.0,0.0,,0.0,0.0,
kobemagic,0.012122524082692931,0.0,0.0,,0.0,0.0,,0.0,0.0,
komogro,0.7288525784112756,0.0,0.0,,0.0,0.0,,0.0,0.0,
koncheto,0.012122524082692931,0.0,0.0,,0.0,0.0,,0.0,0.0,
konradrutkowski,0.01329049218635899,0.0,0.0,,0.0,0.0,,0.0,0.0,
konzip22,0.012122524082692931,0.0,0.0,,0.0,0.0,,0.0,0.0,
korason34,0.012122524082692931,0.0,0.0,,0.0,0.0,,0.0016142050040355124,2e-05,80.71025020177562
korbul,0.01329049218635899,0.0,0.0,,0.0,0.0,,0.0,0.0,
korkmaz16,0.1275604286209983,0.0,0.0,,0.0,0.0,,0.0,0.0,
kosmeg,0.012122524082692931,0.0,0.0,,0.0,0.0,,0.0,0.0,
koteRV1610,0.012122524082692931,0.0,0.0,,0.0,0.0,,0.0,0.0,
koziororo,0.012122524082692931,0.0,0.0,,0.0,0.0,,0.0,0.0,
kpio91,0.012122524082692931,0.026101141924959218,0.00032,81.56606851549755,0.033442088091353996,0.00041,81.56606851549755,0.03833605220228385,0.00047,81.56606851549756
krasavetc,0.012122524082692931,0.0,0.0,,0.0,0.0,,0.0,0.0,
kreonx,0.03206997084548104,0.0,0.0,,0.0,0.0,,0.0,0.0,
kripri,0.012122524082692931,0.0,0.0,,0.0,0.0,,0.0,0.0,
kritipatel,0.015669149755972257,0.0,0.0,,0.0,0.0,,0.0,0.0,
krstulov_alex,0.012122524082692931,0.0,0.0,,0.0,0.0,,0.0,0.0,
krucki03,0.012122524082692931,0.0,0.0,,0.0,0.0,,0.0,0.0,
krzyzan94,0.021541501976284586,0.0,0.0,,0.0004623208506703652,1e-05,46.232085067036515,0.002311604253351826,5e-05,46.23208506703652
kuanysh1981,0.012122524082692931,0.0,0.0,,0.0,0.0,,0.0,0.0,
kuba2006,0.012122524082692931,0.0,0.0,,0.0,0.0,,0.0,0.0,
kubal123,0.012122524082692931,0.0,0.0,,0.0,0.0,,0.0,0.0,
kuchma777,0.012122524082692931,0.0,0.0,,0.0,0.0,,0.0,0.0,
kuli4ik,0.012122524082692931,0.0,0.0,,0.0,0.0,,0.02945859872611465,0.00037,79.61783439490446
kulik2007,0.2202642336911106,0.0,0.0,,0.0,0.0,,0.0,0.0,
kurganchess45,0.021541501976284586,0.0,0.0,,0.0,0.0,,0.0,0.0,
kuruhuru,0.012122524082692931,0.0,0.0,,0.0,0.0,,0.0,0.0,
kushagramohan,0.012122524082692931,0.0,0.0,,0.0,0.0,,0.0007987220447284345,1e-05,79.87220447284344
kushbhagat2009,0.012122524082692931,0.0,0.0,,0.0,0.0,,0.0,0.0,
kuwaitiGM,0.2412088317534757,0.0,0.0,,0.0,0.0,,0.0,0.0,
kuzol,0.012122524082692931,0.0,0.0,,0.0,0.0,,0.0,0.0,
kxt100,0.012122524082692931,0.0,0.0,,0.0,0.0,,0.0,0.0,
kyawmyataung2005,0.012122524082692931,0.0,0.0,,0.0,0.0,,0.0,0.0,
kyiv-volvo,0.06738592649795606,0.0,0.0,,0.0,0.0,,0.0,0.0,
kylelancman,0.012122524082692931,0.0,0.0,,0.0,0.0,,0.0,0.0,
kyuotbi,0.012122524082692931,0.0,0.0,,0.0,0.0,,0.0,0.0,
laboratorio25,0.012122524082692931,0.0,0.0,,0.0,0.0,,0.0,0.0,
lacafi,0.16493081820587255,0.0,0.0,,0.0,0.0,,0.0,0.0,
lachesisQ,0.3316333461551046,0.04983879229818905,0.01654,3.0132280712327115,0.12158375267423992,0.04035,3.013228071232712,0.26486274746135535,0.0879,3.0132280712327115
lagarto93,0.012122524082692931,0.0,0.0,,0.0,0.0,,0.0,0.0,
lagedema,0.012122524082692931,0.0,0.0,,0.0,0.0,,0.0,0.0,
lagunanivaria,0.012122524082692931,0.0,0.0,,0.0,0.0,,0.0,0.0,
laiciffOneslraCsungaM,0.012122524082692931,0.0,0.0,,0.0,0.0,,0.0,0.0,
laiditmang05_ducminh,0.6732629349073241,0.0,0.0,,0.0,0.0,,0.0,0.0,
lamomiablanca,0.012122524082692931,0.0,0.0,,0.0,0.0,,0.0,0.0,
lamomiajunior,0.1464747570356223,0.0,0.0,,0.0,0.0,,0.0,0.0,
lapleutrerie,0.012122524082692931,0.0,0.0,,0.0,0.0,,0.0,0.0,
larsmandreassen,0.0446927374301676,0.0,0.0,,0.0,0.0,,0.0,0.0,
lasRojas,0.012122524082692931,0.0,0.0,,0.0,0.0,,0.0,0.0,
laskakid,0.012122524082692931,0.0,0.0,,0.0,0.0,,0.0,0.0,
laurent2003,0.012122524082692931,0.0,0.0,,0.0,0.0,,0.0,0.0,
laurenzchess,0.012122524082692931,0.0,0.0,,0.0,0.0,,0.0,0.0,
lavpajcin123,0.17126897489508092,0.0,0.0,,0.0,0.0,,0.0,0.0,
lavr92,0.012122524082692931,0.0,0.0,,0.0,0.0,,0.0,0.0,
laziestwin,0.012122524082692931,0.0,0.0,,0.0,0.0,,0.0,0.0,
lcmil,0.012122524082692931,0.0,0.0,,0.0,0.0,,0.0,0.0,
le-castor-faineant,0.012122524082692931,0.0,0.0,,0.0,0.0,,0.0,0.0,
le_poisson,0.012122524082692931,0.0,0.0,,0.0,0.0,,0.0,0.0,
leandrojimenez,0.012122524082692931,0.0,0.0,,0.0,0.0,,0.0,0.0,
leclash,0.012122524082692931,0.0,0.0,,0.0,0.0,,0.0,0.0,
leejunhyeok,0.012122524082692931,0.0,0.0,,0.0,0.0,,0.0,0.0,
lefonghua,0.012122524082692931,0.0,0.0,,0.001658374792703151,2e-05,82.91873963515754,0.006633499170812604,8e-05,82.91873963515754
legendisback1,0.0,0.0,0.0,,0.0,0.0,,0.0,0.0,
lehjoz,0.26468402105415584,0.0,0.0,,0.0,0.0,,0.0,0.0,
lelajavakhishvili,0.012122524082692931,0.0,0.0,,0.0,0.0,,0.0,0.0,
lemures27,0.012122524082692931,0.0,0.0,,0.0,0.0,,0.0,0.0,
leoduarte,0.012122524082692931,0.0,0.0,,0.0,0.0,,0.0,0.0,
leonidsh29,0.012122524082692931,0.0,0.0,,0.0,0.0,,0.0,0.0,
leopato,0.012122524082692931,0.0,0.0,,0.0,0.0,,0.0,0.0,
leotobares,0.1558988086659784,0.0,0.0,,0.0,0.0,,0.0,0.0,
leschebaza,0.012122524082692931,0.0,0.0,,0.0,0.0,,0.0,0.0,
levallem,0.012122524082692931,0.0,0.0,,0.0,0.0,,0.0,0.0,
levqcq,0.11433364916337185,0.0,0.0,,0.0,0.0,,0.0,0.0,
lgabi,0.012122524082692931,0.0,0.0,,0.0,0.0,,0.0,0.0,
lgsalazar94,0.012122524082692931,0.0,0.0,,0.0,0.0,,0.0,0.0,
lhavas,0.012122524082692931,0.0,0.0,,0.0,0.0,,0.0,0.0,
liczner,0.012122524082692931,0.0,0.0,,0.0,0.0,,0.0008298755186721991,1e-05,82.9875518672199
likantrophuss,0.012122524082692931,0.0,0.0,,0.0,0.0,,0.0,0.0,
likeablewolf,0.012122524082692931,0.0,0.0,,0.0,0.0,,0.0,0.0,
likeyouuuu,0.421540197078444,0.0,0.0,,0.0,0.0,,0.0,0.0,
lilleper1,0.5290313653767172,0.0010543161065612351,0.00056,1.8827073331450628,0.007097806645956886,0.00377,1.8827073331450626,0.0377106278828956,0.02003,1.8827073331450626
lilylg,0.12818483213987208,0.0,0.0,,0.0,0.0,,0.0,0.0,
linesman39,0.2979252303497871,0.0,0.0,,0.0,0.0,,0.0,0.0,
lionheart95,0.012122524082692931,0.0,0.0,,0.0,0.0,,0.0,0.0,
lioni26,0.012122524082692931,0.0,0.0,,0.0,0.0,,0.0,0.0,
littleozy,0.012122524082692931,0.0,0.0,,0.0,0.0,,0.0,0.0,
littlepinkyboy,0.01329049218635899,0.0,0.0,,0.0,0.0,,0.0,0.0,
littleplotkin,0.012122524082692931,0.0,0.0,,0.0,0.0,,0.020491803278688523,0.00025,81.96721311475409
liwadas82,0.012122524082692931,0.0,0.0,,0.0,0.0,,0.0,0.0,
ljm509,0.012122524082692931,0.0,0.0,,0.0,0.0,,0.0,0.0,
ljuks68,0.20371051070768914,0.0,0.0,,0.0,0.0,,0.0,0.0,
llamalord42,0.012122524082692931,0.0,0.0,,0.0,0.0,,0.0,0.0,
lluiss,0.012122524082692931,0.0,0.0,,0.0,0.0,,0.0,0.0,
lolo9292,0.012122524082692931,0.0,0.0,,0.0,0.0,,0.0,0.0,
londonkid,0.012122524082692931,0.0,0.0,,0.0,0.0,,0.0,0.0,
looooolll123456789,0.012122524082692931,0.0,0.0,,0.0,0.0,,0.0,0.0,
lopesakalopes,0.3151708543205571,0.0,0.0,,0.0,0.0,,0.0,0.0,
lordplayer64,0.1217067710133038,0.0,0.0,,0.0,0.0,,0.0,0.0,
losageless,0.012122524082692931,0.0,0.0,,0.0,0.0,,0.0,0.0,
losersgame,0.012122524082692931,0.0,0.0,,0.0,0.0,,0.0,0.0,
louadasme,0.012122524082692931,0.0,0.0,,0.0,0.0,,0.0,0.0,
louis198,0.1500453171695422,0.0,0.0,,0.0,0.0,,0.0,0.0,
loverischess,0.06800106528587377,0.0,0.0,,0.0,0.0,,0.0,0.0,
lrestevez,0.012122524082692931,0.0,0.0,,0.0,0.0,,0.0,0.0,
lrjchess,0.012122524082692931,0.0,0.0,,0.0,0.0,,0.0,0.0,
lu1860,0.012122524082692931,0.0,0.0,,0.0,0.0,,0.0,0.0,
luachess1,0.012122524082692931,0.0,0.0,,0.0,0.0,,0.0,0.0,
luca_va99,0.07532830634035297,0.0,0.0,,0.0,0.0,,0.0,0.0,
lucachess49,0.012122524082692931,0.0,0.0,,0.0,0.0,,0.0,0.0,
lucasmito,0.06747451435471996,0.0,0.0,,0.0,0.0,,0.0,0.0,
lucasran,0.012122524082692931,0.0,0.0,,0.0,0.0,,0.0,0.0,
lucena125,0.2664761291609815,0.0,0.0,,0.0,0.0,,0.0,0.0,
luckyswitchback,0.012122524082692931,0.0,0.0,,0.0,0.0,,0.0,0.0,
lucliasco,0.012122524082692931,0.0,0.0,,0.0,0.0,,0.0,0.0,
lucumpe04,0.184740398249484,0.0,0.0,,0.0,0.0,,0.0,0.0,
ludogoretz,0.012122524082692931,0.0,0.0,,0.0,0.0,,0.0,0.0,
luggevoila,0.012122524082692931,0.0,0.0,,0.0,0.0,,0.0,0.0,
luizzy,0.02386237513873474,0.0,0.0,,0.0,0.0,,0.0,0.0,
lukas_111111,0.012122524082692931,0.0,0.0,,0.0,0.0,,0.0,0.0,
lukazz029,0.012122524082692931,0.0,0.0,,0.0,0.0,,0.0,0.0,
luksona14,0.012122524082692931,0.0,0.0,,0.0,0.0,,0.0,0.0,
lularobs,0.012122524082692931,0.0,0.0,,0.0,0.0,,0.0,0.0,
luminous9888,0.012122524082692931,0.0,0.0,,0.0,0.0,,0.0,0.0,
lupta_robin,0.012122524082692931,0.0,0.0,,0.0,0.0,,0.0,0.0,
m-garcett,0.012122524082692931,0.0,0.0,,0.0,0.0,,0.0,0.0,
m_ezat,0.3591387484091033,0.0,0.0,,0.0,0.0,,0.0,0.0,
maHmoUd-S-haddAd-M,0.012122524082692931,0.0,0.0,,0.0,0.0,,0.0,0.0,
mac0504,0.09030677030704795,0.0,0.0,,0.0,0.0,,0.0,0.0,
maciejbrzeski128,0.012122524082692931,0.0,0.0,,0.0,0.0,,0.0,0.0,
maciek_92,0.01329049218635899,0.0,0.0,,0.0,0.0,,0.004618937644341801,6e-05,76.98229407236336
madmax011,0.15144671002130994,0.0,0.0,,0.0,0.0,,0.0,0.0,
maestroza,0.012122524082692931,0.0,0.0,,0.0,0.0,,0.0,0.0,
magnusshawa_chess,0.13137829552807043,0.0,0.0,,0.0,0.0,,0.0,0.0,
maksimys18,0.012122524082692931,0.0,0.0,,0.0,0.0,,0.0,0.0,
malakismayil,0.012122524082692931,0.0,0.0,,0.0,0.0,,0.0,0.0,
malginati,0.012122524082692931,0.0,0.0,,0.0,0.0,,0.0,0.0,
malkalmardgh,0.012122524082692931,0.0,0.0,,0.0,0.0,,0.0,0.0,
mamey78,0.012122524082692931,0.0,0.0,,0.0,0.0,,0.0,0.0,
mamonika,0.012122524082692931,0.0,0.0,,0.0,0.0,,0.0,0.0,
manfroi-alexander,0.012122524082692931,0.0,0.0,,0.0,0.0,,0.0,0.0,
mangochessgo,0.012122524082692931,0.0,0.0,,0.0,0.0,,0.0,0.0,
manipun1,0.012122524082692931,0.0,0.0,,0.0,0.0,,0.0,0.0,
manitodeplomo,0.999126955390669,0.0,0.0,,0.0,0.0,,0.0,0.0,
manmanlai1,0.012122524082692931,0.0,0.0,,0.0,0.0,,0.0,0.0,
mapleaff,0.012122524082692931,0.0,0.0,,0.0,0.0,,0.0,0.0,
maracayo,0.012122524082692931,0.0,0.0,,0.0,0.0,,0.0,0.0,
marcocordeiro2013,0.012122524082692931,0.0,0.0,,0.0,0.0,,0.0,0.0,
marcodobrikov,0.012122524082692931,0.0,0.0,,0.0,0.0,,0.0,0.0,
marekpolska,0.012122524082692931,0.0,0.0,,0.0,0.0,,0.0,0.0,
margarita_2703,0.06664698909029519,0.0,0.0,,0.0,0.0,,0.0,0.0,
mariaesthergranados,0.012122524082692931,0.0,0.0,,0.0,0.0,,0.0,0.0,
marianacadilhac,0.012122524082692931,0.0,0.0,,0.0,0.0,,0.0,0.0,
mariangie523,0.012122524082692931,0.0,0.0,,0.0,0.0,,0.0,0.0,
marianokar,0.012122524082692931,0.0,0.0,,0.0,0.0,,0.0,0.0,
marik_spb,0.012122524082692931,0.0,0.0,,0.0,0.0,,0.0,0.0,
mariofs,0.012122524082692931,0.0,0.0,,0.0,0.0,,0.0,0.0,
maroro07,0.012122524082692931,0.0,0.0,,0.0,0.0,,0.0,0.0,
marsofsilva,0.012122524082692931,0.0,0.0,,0.0,0.0,,0.0,0.0,
marszach123,0.012122524082692931,0.0,0.0,,0.0,0.0,,0.0,0.0,
martabartel,0.012122524082692931,0.0,0.0,,0.0,0.0,,0.0,0.0,
martinbitel,0.012122524082692931,0.0,0.0,,0.0,0.0,,0.0,0.0,
martinez_95,0.012122524082692931,0.0,0.0,,0.0,0.0,,0.0,0.0,
martinmena,0.012122524082692931,0.0,0.0,,0.0,0.0,,0.0,0.0,
marvelavengers4,0.012122524082692931,0.0,0.0,,0.0,0.0,,0.0,0.0,
marvinguevara,0.012122524082692931,0.0,0.0,,0.0,0.0,,0.0,0.0,
mary-sanna,0.012122524082692931,0.0,0.0,,0.0,0.0,,0.0,0.0,
masenik,0.012122524082692931,0.0,0.0,,0.0,0.0,,0.0,0.0,
mashulakiss,0.012122524082692931,0.0,0.0,,0.0,0.0,,0.0,0.0,
masnyszachistaaa,0.012122524082692931,0.0,0.0,,0.0,0.0,,0.0,0.0,
masruri_rahman,0.17645737657199356,0.0,0.0,,0.0,0.0,,0.0009127210496292071,0.00016,5.704506560182544
masterofpuppets2,0.012122524082692931,0.0,0.0,,0.0,0.0,,0.0,0.0,
mataMNsMS,0.012122524082692931,0.0,0.0,,0.0,0.0,,0.0,0.0,
matagordo,0.012122524082692931,0.0,0.0,,0.0,0.0,,0.0,0.0,
matecontomate123,0.012122524082692931,0.0,0.0,,0.0,0.0,,0.0,0.0,
matenitian,0.012122524082692931,0.0,0.0,,0.0,0.0,,0.0,0.0,
matihalac,0.01329049218635899,0.0,0.0,,0.0,0.0,,0.0,0.0,
mattcolins2025,0.012122524082692931,0.0,0.0,,0.0,0.0,,0.0,0.0,
matvamatva,0.15480846820247673,0.0,0.0,,0.0,0.0,,0.0,0.0,
maurovargas01,0.01329049218635899,0.0,0.0,,0.0,0.0,,0.0,0.0,
maximnovik,0.012122524082692931,0.0,0.0,,0.0,0.0,,0.0,0.0,
maxip32,0.012122524082692931,0.0,0.0,,0.0,0.0,,0.0,0.0,
maxximum_ww,0.14502971103372828,0.0,0.0,,0.0,0.0,,0.0,0.0,
may_goose,0.012122524082692931,0.0,0.0,,0.0,0.0,,0.0,0.0,
mazetofonias,0.012122524082692931,0.0,0.0,,0.0,0.0,,0.0,0.0,
maziarbagheri,0.05694692647638574,0.0,0.0,,0.0,0.0,,0.0,0.0,
mbachez,0.015669149755972257,0.0,0.0,,0.0,0.0,,0.0,0.0,
mbchess97,0.012122524082692931,0.0,0.0,,0.0,0.0,,0.0,0.0,
mbojan,0.05640157685342207,0.0005389867049946101,3e-05,17.966223499820337,0.0026949335249730508,0.00015,17.96622349982034,0.019942508084800574,0.00111,17.966223499820334
mc4chess,0.015965166908563134,0.0,0.0,,0.0,0.0,,0.0,0.0,
medinapazmiguel1968,0.012122524082692931,0.0,0.0,,0.0,0.0,,0.0,0.0,
mehran_azamikia,0.012122524082692931,0.0,0.0,,0.0,0.0,,0.0,0.0,
melissa_guez,0.012122524082692931,0.0,0.0,,0.0,0.0,,0.0,0.0,
menelao1986,0.012122524082692931,0.0,0.0,,0.0,0.0,,0.0,0.0,
meoluoi91,0.2606011327860388,0.0,0.0,,0.0,0.0,,0.0,0.0,
meotintin,0.20496160156784157,0.0,0.0,,0.0,0.0,,0.0,0.0,
merinasian,0.012122524082692931,0.0,0.0,,0.0,0.0,,0.0,0.0,
mertfelin,0.012122524082692931,0.0,0.0,,0.0,0.0,,0.0,0.0,
messiboca,0.012122524082692931,0.0,0.0,,0.0,0.0,,0.0,0.0,
mestrefeitosa19,0.38073814658504673,0.0,0.0,,0.0,0.0,,0.0,0.0,
mfschulz,0.012122524082692931,0.0,0.0,,0.0,0.0,,0.0,0.0,
mfwagnerpeixoto,0.012122524082692931,0.0,0.0,,0.0,0.0,,0.0,0.0,
mgoxana,0.012122524082692931,0.0,0.0,,0.0,0.0,,0.0,0.0,
mhebden,0.012122524082692931,0.0,0.0,,0.0,0.0,,0.0,0.0,
miaou33,0.029278350515463916,0.0,0.0,,0.0,0.0,,0.0,0.0,
michaelk123,0.012122524082692931,0.0,0.0,,0.0,0.0,,0.0,0.0,
michaelq2d5,0.012122524082692931,0.0,0.0,,0.0,0.0,,0.007987220447284345,0.0001,79.87220447284345
michaelskie11,0.012122524082692931,0.0,0.0,,0.0,0.0,,0.0,0.0,
michechess89,0.012122524082692931,0.0,0.0,,0.0,0.0,,0.0,0.0,
michellopez159,0.012122524082692931,0.0,0.0,,0.0,0.0,,0.0,0.0,
michobr,0.24049246236993183,0.0,0.0,,0.0,0.0,,0.0,0.0,
micke12a,0.012122524082692931,0.0,0.0,,0.0,0.0,,0.0,0.0,
microbear,0.012122524082692931,0.0,0.0,,0.0,0.0,,0.0,0.0,
midedu,0.012122524082692931,0.0,0.0,,0.0,0.0,,0.0,0.0,
mightysmasher,0.0446927374301676,0.0,0.0,,0.0,0.0,,0.0,0.0,
miguelho67,0.23607553944726897,0.0,0.0,,0.0,0.0,,0.0,0.0,
mik0_ch4n,0.14187357048386168,0.0,0.0,,0.0,0.0,,0.0,0.0,
mikhailooooo,0.012122524082692931,0.0,0.0,,0.0,0.0,,0.0,0.0,
mikolka1985,0.012122524082692931,0.0,0.0,,0.0,0.0,,0.0,0.0,
milenaK_09,0.22261727401127238,0.0,0.0,,0.0,0.0,,0.0,0.0,
milenapn,0.012122524082692931,0.0,0.0,,0.0,0.0,,0.0,0.0,
milovichalex,0.012122524082692931,0.0,0.0,,0.0,0.0,,0.0,0.0,
mind1mover,0.11823047926009277,0.0,0.0,,0.0,0.0,,0.0007498750208298617,9e-05,8.331944675887351
mindprogress732,0.012122524082692931,0.0,0.0,,0.0,0.0,,0.0,0.0,
minhquang_chesscoach,0.1766877033829248,0.0,0.0,,0.0,0.0,,0.0,0.0,
minisim,0.02386237513873474,0.0,0.0,,0.0,0.0,,0.0,0.0,
miracmelihtopuz7,0.012122524082692931,0.0,0.0,,0.0,0.0,,0.0,0.0,
miragha_yev,0.012122524082692931,0.0,0.0,,0.0,0.0,,0.0,0.0,
miraitrunks,0.012122524082692931,0.0,0.0,,0.0,0.0,,0.0,0.0,
mirceaparligras,0.012122524082692931,0.0,0.0,,0.0,0.0,,0.0,0.0,
mirciulica14,0.012122524082692931,0.0,0.0,,0.0,0.0,,0.0,0.0,
mirochka,0.012122524082692931,0.0,0.0,,0.0,0.0,,0.0,0.0,
miroslavsavic,0.012122524082692931,0.0,0.0,,0.0,0.0,,0.0,0.0,
mishanick,0.9746967473141697,0.0775204932749228,0.07556,1.025946178863457,0.2169773573678325,0.21149,1.0259461788634567,0.4435883493551928,0.43237,1.0259461788634567
missponyo10,0.012122524082692931,0.0,0.0,,0.0,0.0,,0.0,0.0,
misterlamine,0.012122524082692931,0.0,0.0,,0.0,0.0,,0.0,0.0,
mistrzemi,0.012122524082692931,0.0,0.0,,0.0,0.0,,0.0,0.0,
misutodn,0.5682117990755877,0.0,0.0,,0.0,0.0,,0.0,0.0,
mitrabhaa,0.46413206176475846,0.0005577603775608709,0.00026,2.1452322213879653,0.004547892309342486,0.00212,2.1452322213879653,0.01913547141478065,0.00892,2.145232221387965
mjbacojo,0.012122524082692931,0.0,0.0,,0.0,0.0,,0.0,0.0,
mjelcic,0.01329049218635899,0.0,0.0,,0.0,0.0,,0.0,0.0,
mjray79,0.012122524082692931,0.0,0.0,,0.0,0.0,,0.0,0.0,
mkllnd1517,0.012122524082692931,0.0,0.0,,0.0,0.0,,0.0,0.0,
mmDarko,0.012122524082692931,0.0,0.0,,0.0,0.0,,0.0,0.0,
mmaks007,0.012122524082692931,0.0,0.0,,0.0,0.0,,0.0,0.0,
mohammednx111,0.012122524082692931,0.0,0.0,,0.0,0.0,,0.0,0.0,
mohsengabr2002,0.012122524082692931,0.0,0.0,,0.0,0.0,,0.0,0.0,
mohssenbinaddi,0.012122524082692931,0.0,0.0,,0.0,0.0,,0.0,0.0,
moisesanto,0.012122524082692931,0.0,0.0,,0.0,0.0,,0.0,0.0,
mokerslag,0.24392498345852504,0.0,0.0,,0.0,0.0,,0.0,0.0,
momotaro77,0.012122524082692931,0.0,0.0,,0.0,0.0,,0.0,0.0,
monkins,0.012122524082692931,0.0,0.0,,0.0,0.0,,0.0,0.0,
monomita,0.012122524082692931,0.0,0.0,,0.0,0.0,,0.003451251078515962,4e-05,86.28127696289904
montyotto,0.012122524082692931,0.0,0.0,,0.0,0.0,,0.0,0.0,
moodynorway76,0.012122524082692931,0.0,0.0,,0.0,0.0,,0.0,0.0,
morfius,0.012122524082692931,0.0,0.0,,0.0,0.0,,0.0,0.0,
moro182,0.448145699634674,0.0006457502950410831,0.00029,2.2267251553140794,0.003941303524905921,0.00177,2.2267251553140794,0.02066400944131466,0.00928,2.2267251553140794
moroccanchess23,0.012122524082692931,0.0,0.0,,0.0,0.0,,0.0,0.0,
morozcoma,0.012122524082692931,0.0,0.0,,0.0,0.0,,0.0,0.0,
morte-negra,0.012122524082692931,0.0,0.0,,0.0,0.0,,0.0,0.0,
mortngabriel,0.012122524082692931,0.0,0.0,,0.0,0.0,,0.0,0.0,
mostafa_sakha,0.012122524082692931,0.0,0.0,,0.0,0.0,,0.0,0.0,
mosthonestman,0.012122524082692931,0.0,0.0,,0.0,0.0,,0.0,0.0,
motivated_bishop,0.012122524082692931,0.0,0.0,,0.0,0.0,,0.0,0.0,
mouniouboun,0.012122524082692931,0.0,0.0,,0.0,0.0,,0.0,0.0,
mouseroom44,0.012122524082692931,0.0,0.0,,0.0,0.0,,0.0,0.0,
mouseslips_are_the_best,0.012122524082692931,0.0,0.0,,0.0,0.0,,0.0,0.0,
movingmeats,0.31107389576428446,0.0,0.0,,0.0,0.0,,0.0,0.0,
mr65,0.012122524082692931,0.0,0.0,,0.0,0.0,,0.0,0.0,
mr_gustavo,0.012122524082692931,0.0,0.0,,0.0,0.0,,0.0,0.0,
mrntzchess,0.012122524082692931,0.0,0.0,,0.0,0.0,,0.0,0.0,
mroquero,0.45980416171875005,0.0,0.0,,0.0,0.0,,0.0,0.0,
mshuaau0,0.012122524082692931,0.0,0.0,,0.0,0.0,,0.0,0.0,
mslemongirl,0.012122524082692931,0.0,0.0,,0.0,0.0,,0.0,0.0,
muchojogo,0.012122524082692931,0.0,0.0,,0.0,0.0,,0.0,0.0,
munozmiguelangel1982,0.012122524082692931,0.0,0.0,,0.0,0.0,,0.0,0.0,
musclemonster12,0.012122524082692931,0.0,0.0,,0.0,0.0,,0.0,0.0,
mw86,0.7428238826507222,0.0,0.0,,0.0,0.0,,0.0,0.0,
mwpchess,0.9874977165109854,0.0,0.0,,0.0,0.0,,0.0,0.0,
myburger,0.012122524082692931,0.0,0.0,,0.0,0.0,,0.0,0.0,
myevli,0.2526434938855011,0.0,0.0,,0.0,0.0,,0.0,0.0,
myleoclub,0.012660296763507477,0.0,0.0,,0.0,0.0,,0.0,0.0,
mywarrior500,0.5269909772153285,0.0,0.0,,0.0,0.0,,0.0,0.0,
naaats888,0.012122524082692931,0.0,0.0,,0.0,0.0,,0.0,0.0,
nabukatnezarr,0.30651383519792874,0.0,0.0,,0.0,0.0,,0.0,0.0,
nadiafawaz,0.012122524082692931,0.0,0.0,,0.0,0.0,,0.0,0.0,
nagsark,0.012122524082692931,0.0,0.0,,0.0,0.0,,0.0,0.0,
nakajo,0.012122524082692931,0.0,0.0,,0.0,0.0,,0.0,0.0,
nanGM,0.012122524082692931,0.0,0.0,,0.0,0.0,,0.0,0.0,
nassimzrikem,0.012122524082692931,0.0,0.0,,0.0,0.0,,0.0,0.0,
nastypanda,0.021541501976284586,0.0,0.0,,0.0,0.0,,0.0,0.0,
nau64,0.012122524082692931,0.0,0.0,,0.0,0.0,,0.0,0.0,
navnp04,0.012122524082692931,0.0,0.0,,0.0,0.0,,0.0,0.0,
ncofre98,0.012122524082692931,0.0,0.0,,0.0,0.0,,0.0,0.0,
needforglory2,0.10878189247953314,0.0,0.0,,0.0,0.0,,0.0,0.0,
neilbhav,0.012122524082692931,0.0,0.0,,0.0,0.0,,0.0,0.0,
neistoviupryam,0.012122524082692931,0.0,0.0,,0.0,0.0,,0.0,0.0,
nekotyanof,0.012122524082692931,0.0,0.0,,0.0,0.0,,0.0,0.0,
nelsi,0.012122524082692931,0.0,0.0,,0.0,0.0,,0.0,0.0,
nelsoncopa,0.012122524082692931,0.0,0.0,,0.0,0.0,,0.0,0.0,
neri_gaite,0.012122524082692931,0.0,0.0,,0.0,0.0,,0.0,0.0,
nestorvive,0.012122524082692931,0.0,0.0,,0.0,0.0,,0.0,0.0,
nevmenko,0.012122524082692931,0.0,0.0,,0.0,0.0,,0.0,0.0,
newChess1213,0.012122524082692931,0.0,0.0,,0.0,0.0,,0.0,0.0,
newauto,0.012122524082692931,0.0,0.0,,0.0,0.0,,0.0,0.0,
newyorkmouse,0.16146096074690974,0.0,0.0,,0.0,0.0,,0.0,0.0,
nfds,0.012122524082692931,0.0,0.0,,0.0,0.0,,0.0,0.0,
nhn_08,0.012122524082692931,0.0,0.0,,0.0,0.0,,0.0,0.0,
nicholas_ilic,0.012122524082692931,0.0,0.0,,0.0,0.0,,0.0,0.0,
nickmatta,0.012122524082692931,0.0,0.0,,0.0,0.0,,0.0,0.0,
nicoderboss24,0.012122524082692931,0.0,0.0,,0.0,0.0,,0.0,0.0,
nicolai1950,0.012122524082692931,0.0,0.0,,0.0,0.0,,0.0,0.0,
nicolasbatista3,0.012122524082692931,0.0,0.0,,0.0,0.0,,0.0,0.0,
nicolasulaneobelassi,0.012122524082692931,0.0,0.0,,0.0,0.0,,0.0,0.0,
nicolochessit,0.01329049218635899,0.0,0.0,,0.0,0.0,,0.0,0.0,
nihalsarin,0.0,0.0,0.0,,0.0,0.0,,0.0,0.0,
nikitadovbnya2008,0.012122524082692931,0.0,0.0,,0.0,0.0,,0.0,0.0,
nikitakhoroshev,0.012122524082692931,0.0,0.0,,0.0,0.0,,0.0,0.0,
nindjaxx8,0.012122524082692931,0.0,0.0,,0.0,0.0,,0.0,0.0,
ninguno46,0.012122524082692931,0.0,0.0,,0.0,0.0,,0.0,0.0,
ningyzhou,0.012122524082692931,0.0,0.0,,0.0,0.0,,0.0,0.0,
ninjatrick,0.012122524082692931,0.0,0.0,,0.0,0.0,,0.0,0.0,
nishyuu,0.015669149755972257,0.0,0.0,,0.0,0.0,,0.0,0.0,
nitpicker,0.628819337351709,0.0,0.0,,0.0,0.0,,0.0,0.0,
niyozmetov,0.49535048437500007,0.0,0.0,,0.0,0.0,,0.0,0.0,
nj123456,0.012122524082692931,0.0,0.0,,0.0,0.0,,0.0,0.0,
noblerone,0.012122524082692931,0.0,0.0,,0.0,0.0,,0.0,0.0,
nobodyperfect13,0.012122524082692931,0.0,0.0,,0.0,0.0,,0.0,0.0,
nochewycandy,0.012122524082692931,0.0,0.0,,0.0,0.0,,0.0008045052292839903,1e-05,80.45052292839902
nocnypako,0.05992357870320014,0.0,0.0,,0.0,0.0,,0.0,0.0,
noret,0.012122524082692931,0.0,0.0,,0.0,0.0,,0.0,0.0,
northridgehawk,0.012122524082692931,0.0,0.0,,0.0,0.0,,0.0,0.0,
norwaytoadog,0.012122524082692931,0.0,0.0,,0.0,0.0,,0.0,0.0,
novocane,0.012122524082692931,0.0,0.0,,0.0,0.0,,0.0,0.0,
npaipal,0.012122524082692931,0.0,0.0,,0.0,0.0,,0.029069767441860465,0.00035,83.05647840531562
nrbi44,0.012122524082692931,0.0,0.0,,0.0,0.0,,0.0,0.0,
nrvignesh,0.012122524082692931,0.0,0.0,,0.0,0.0,,0.01898188093183779,0.00022,86.28127696289904
nrvisakh,0.012122524082692931,0.02551440329218107,0.00031,82.30452674897118,0.09135802469135802,0.00111,82.30452674897118,0.13004115226337448,0.00158,82.30452674897118
nss13,0.012122524082692931,0.0,0.0,,0.0,0.0,,0.0,0.0,
nuadvaga,0.012122524082692931,0.0,0.0,,0.0,0.0,,0.0,0.0,
nurgyulsalimova,0.012122524082692931,0.0,0.0,,0.0,0.0,,0.0,0.0,
nylvor,0.23589503385021368,0.0,0.0,,0.0,0.0,,0.0,0.0,
obliviate12,0.15978652574059948,0.0,0.0,,6.239081607187422e-05,1e-05,6.239081607187422,0.0033067132518093336,0.00053,6.239081607187422
oganromchess,0.012122524082692931,0.0,0.0,,0.0,0.0,,0.0,0.0,
oggy1984,0.012122524082692931,0.0,0.0,,0.0,0.0,,0.0,0.0,
ogpin,0.012122524082692931,0.0,0.0,,0.0,0.0,,0.0,0.0,
okriak,0.012122524082692931,0.0,0.0,,0.0,0.0,,0.0,0.0,
olakenn,0.012122524082692931,0.0,0.0,,0.0,0.0,,0.0,0.0,
olawsson,0.012122524082692931,0.0,0.0,,0.0,0.0,,0.0,0.0,
olderson,0.012122524082692931,0.0,0.0,,0.0,0.0,,0.0,0.0,
olga-belka,0.012122524082692931,0.0,0.0,,0.0,0.0,,0.0,0.0,
olintoarthur,0.012122524082692931,0.0,0.0,,0.0,0.0,,0.0,0.0,
olkarchess,0.012122524082692931,0.0,0.0,,0.0,0.0,,0.0,0.0,
olksuna,0.2535359937011801,0.0,0.0,,0.0,0.0,,0.00011779950524207798,3e-05,3.926650174735933
omeganebulapegasus,0.012122524082692931,0.0,0.0,,0.0,0.0,,0.0,0.0,
omer1997,0.012122524082692931,0.0,0.0,,0.0,0.0,,0.0,0.0,
omidnoroozi21,0.012122524082692931,0.0,0.0,,0.0,0.0,,0.0,0.0,
omulcafea,0.012122524082692931,0.0,0.0,,0.0,0.0,,0.0,0.0,
oneshot007,0.012122524082692931,0.0,0.0,,0.0,0.0,,0.0,0.0,
only_strong_moves,0.7944512189614632,0.0,0.0,,0.00031519889049990546,0.00025,1.2607955619996218,0.0034419718842589675,0.00273,1.2607955619996218
onnoelgersma,0.012122524082692931,0.0,0.0,,0.0,0.0,,0.0,0.0,
onyshchuk_v,0.012122524082692931,0.03895004233700254,0.00046,84.67400508044031,0.04233700254022015,0.0005,84.6740050804403,0.08975444538526672,0.00106,84.67400508044031
oogee,0.012122524082692931,0.0,0.0,,0.0,0.0,,0.0,0.0,
orestn,0.012122524082692931,0.0,0.0,,0.0,0.0,,0.0,0.0,
ori99,0.012122524082692931,0.0,0.0,,0.0,0.0,,0.0,0.0,
orkinyo12345,0.012122524082692931,0.0,0.0,,0.0,0.0,,0.0,0.0,
osh1ro,0.012122524082692931,0.0,0.0,,0.0,0.0,,0.0,0.0,
osielchesslover2011,0.07844066932980065,0.0,0.0,,0.0,0.0,,0.0,0.0,
oskariot,0.012122524082692931,0.0,0.0,,0.0,0.0,,0.0,0.0,
otrov-11,0.14612501059544833,0.0,0.0,,0.0,0.0,,0.0,0.0,
outsider2012,0.14443319972033136,0.0,0.0,,0.0,0.0,,0.0,0.0,
ozates,0.026400515132002575,0.0,0.0,,0.0,0.0,,0.0,0.0,
ozen_metehan,0.012122524082692931,0.0,0.0,,0.0,0.0,,0.0,0.0,
pablovik,0.012122524082692931,0.0,0.0,,0.0,0.0,,0.0,0.0,
paladin_ll,0.012122524082692931,0.0,0.0,,0.0,0.0,,0.0,0.0,
palombie,0.012122524082692931,0.0,0.0,,0.0,0.0,,0.0,0.0,
pamapseba,0.012122524082692931,0.0,0.0,,0.0,0.0,,0.0,0.0,
pankajfm,0.012122524082692931,0.0,0.0,,0.0,0.0,,0.0,0.0,
panter1307,0.012122524082692931,0.0,0.0,,0.0,0.0,,0.0,0.0,
papapizza,0.012122524082692931,0.0,0.0,,0.0,0.0,,0.0,0.0,
paradise10,0.012122524082692931,0.0,0.0,,0.0,0.0,,0.0,0.0,
paranoyak,0.012122524082692931,0.0,0.0,,0.0,0.0,,0.0,0.0,
pariasortega,0.012122524082692931,0.0,0.0,,0.0,0.0,,0.0,0.0,
parintele_chess,0.012122524082692931,0.0,0.0,,0.0,0.0,,0.0,0.0,
parnali1611,0.15328607314708984,0.0,0.0,,0.0,0.0,,0.0,0.0,
pasteta13,0.012122524082692931,0.0,0.0,,0.0,0.0,,0.0,0.0,
pastouche06,0.012122524082692931,0.0,0.0,,0.0,0.0,,0.0,0.0,
patmat123456,0.19190064211557806,0.0,0.0,,0.0,0.0,,0.0,0.0,
patrisiii123,0.012122524082692931,0.0,0.0,,0.0,0.0,,0.0,0.0,
patzer-reloaded,0.012122524082692931,0.0,0.0,,0.0,0.0,,0.0,0.0,
patzerplay,0.1691580383670103,0.0,0.0,,0.0,0.0,,0.0,0.0,
patzersame,0.012122524082692931,0.0,0.0,,0.0,0.0,,0.0,0.0,
pauliukevicius,0.012122524082692931,0.0,0.0,,0.0,0.0,,0.0,0.0,
pavel_skatchkov,0.012122524082692931,0.0,0.0,,0.0,0.0,,0.0,0.0,
pavelmartynov,0.012122524082692931,0.0,0.0,,0.0,0.0,,0.0,0.0,
pavet,0.012122524082692931,0.0,0.0,,0.0,0.0,,0.0,0.0,
pavle896,0.28188877466437884,0.0,0.0,,0.0,0.0,,0.0,0.0,
pawn0209,0.01329049218635899,0.0,0.0,,0.0,0.0,,0.0,0.0,
pawndissection,0.012122524082692931,0.0,0.0,,0.0,0.0,,0.0,0.0,
pawnsoverpieces02,0.012122524082692931,0.0,0.0,,0.0,0.0,,0.0,0.0,
pedro_gines,0.012122524082692931,0.0,0.0,,0.0,0.0,,0.0,0.0,
pedroholly22,0.012122524082692931,0.0,0.0,,0.0,0.0,,0.0,0.0,
pedromartinez91,0.012122524082692931,0.0,0.0,,0.0,0.0,,0.0,0.0,
peixe64,0.012122524082692931,0.0,0.0,,0.0,0.0,,0.0,0.0,
penguingm1,0.02386237513873474,0.0030728709394205445,7e-05,43.89815627743636,0.025899912203687446,0.00059,43.89815627743635,0.08077260755048288,0.00184,43.89815627743634
peonrojo150,0.012122524082692931,0.0,0.0,,0.0,0.0,,0.001638001638001638,2e-05,81.9000819000819
pepechess12,0.012122524082692931,0.0,0.0,,0.0,0.0,,0.0,0.0,
petearrpan,0.012122524082692931,0.0,0.0,,0.0,0.0,,0.0,0.0,
petr577,0.012122524082692931,0.0,0.0,,0.0,0.0,,0.0,0.0,
pfalcon1949,0.029278350515463916,0.0,0.0,,0.0,0.0,,0.0,0.0,
phantom19801127,0.012122524082692931,0.0,0.0,,0.0,0.0,,0.0,0.0,
pheonixking2000,0.012122524082692931,0.0,0.0,,0.00338409475465313,4e-05,84.60236886632825,0.047377326565143825,0.00056,84.60236886632826
physisian_chess,0.4622221705223586,0.0,0.0,,0.0,0.0,,0.0,0.0,
pianoskater,0.012122524082692931,0.0,0.0,,0.0,0.0,,0.0,0.0,
picturesquecheck,0.012122524082692931,0.0,0.0,,0.0,0.0,,0.0,0.0,
pifion,0.012122524082692931,0.0,0.0,,0.0,0.0,,0.0,0.0,
pineapplehhh,0.012122524082692931,0.0,0.0,,0.0,0.0,,0.0,0.0,
pinelone,0.01329049218635899,0.0,0.0,,0.0,0.0,,0.0,0.0,
pinguino120,0.012122524082692931,0.0,0.0,,0.0,0.0,,0.0,0.0,
pirulillo,0.18189801105807055,0.0,0.0,,0.0,0.0,,0.0,0.0,
pitopisback,0.012122524082692931,0.0,0.0,,0.0,0.0,,0.0,0.0,
platy3,0.5510793903501436,0.0026125292548848855,0.00144,1.8142564270033925,0.010450117019539542,0.00576,1.8142564270033925,0.027739980768881872,0.01529,1.8142564270033925
play1ngtheangel,0.012122524082692931,0.0,0.0,,0.0,0.0,,0.0,0.0,
playablecharacter,0.06655595287870791,0.0,0.0,,0.0,0.0,,0.0,0.0,
ploddingpawn,0.012122524082692931,0.0,0.0,,0.0,0.0,,0.0,0.0,
ploxoi,0.012122524082692931,0.0,0.0,,0.0,0.0,,0.0,0.0,
plpiPih-tesrMe,0.31406647737577215,0.0,0.0,,0.0,0.0,,0.0,0.0,
plumalka,0.012122524082692931,0.0,0.0,,0.0,0.0,,0.0,0.0,
pnaibaf,0.012122524082692931,0.0,0.0,,0.0,0.0,,0.0,0.0,
pokochajszachy,0.012122524082692931,0.0,0.0,,0.0,0.0,,0.0,0.0,
politeplayer,0.012122524082692931,0.0,0.0,,0.0,0.0,,0.0,0.0,
poluprovodnik01,0.012122524082692931,0.0,0.0,,0.0,0.0,,0.0,0.0,
pomp523,0.7578761698594776,0.0,0.0,,0.0,0.0,,0.0,0.0,
pooh2012,0.012122524082692931,0.0,0.0,,0.0,0.0,,0.0,0.0,
popov_m,0.012122524082692931,0.0,0.0,,0.0,0.0,,0.0,0.0,
pospisku,0.16977488377519626,0.0,0.0,,0.0,0.0,,0.0,0.0,
poummba,0.012122524082692931,0.0,0.0,,0.0,0.0,,0.0,0.0,
pouya21,0.09440625363766887,0.0,0.0,,0.0,0.0,,0.004051604648683228,0.00038,10.66211749653481
powermove,0.012122524082692931,0.0,0.0,,0.0,0.0,,0.0,0.0,
pr1105,0.012122524082692931,0.0,0.0,,0.0,0.0,,0.0,0.0,
prakharbajaj21,0.012122524082692931,0.0,0.0,,0.0,0.0,,0.0,0.0,
praveenb2002,0.01329049218635899,0.0,0.0,,0.0,0.0,,0.0,0.0,
prime-morty,0.012122524082692931,0.0,0.0,,0.0,0.0,,0.0,0.0,
probablybad04,0.012122524082692931,0.0,0.0,,0.0,0.0,,0.0,0.0,
prochn,0.012122524082692931,0.0,0.0,,0.0,0.0,,0.0,0.0,
profaVa,0.012122524082692931,0.0,0.0,,0.0,0.0,,0.0,0.0,
profedechess93,0.012122524082692931,0.0,0.0,,0.0,0.0,,0.0,0.0,
profofchess,0.012122524082692931,0.0,0.0,,0.0,0.0,,0.0,0.0,
prohorov2010,0.012122524082692931,0.0,0.0,,0.0,0.0,,0.0,0.0,
promen1999,0.012122524082692931,0.0,0.0,,0.0,0.0,,0.003355704697986577,4e-05,83.89261744966443
promising_talent,0.012122524082692931,0.0,0.0,,0.0,0.0,,0.0,0.0,
protectiago,0.012122524082692931,0.0,0.0,,0.0,0.0,,0.0,0.0,
prxcess_brownie,0.012122524082692931,0.0,0.0,,0.0,0.0,,0.0,0.0,
psychokiller48,0.012122524082692931,0.0,0.0,,0.0,0.0,,0.0,0.0,
ptsdzzq,0.01329049218635899,0.0,0.0,,0.0,0.0,,0.0,0.0,
publicaccountcze,0.012122524082692931,0.0,0.0,,0.0,0.0,,0.0,0.0,
purpurice,0.012122524082692931,0.0,0.0,,0.0,0.0,,0.0,0.0,
purusottamchaulagain,0.012122524082692931,0.0,0.0,,0.0,0.0,,0.0,0.0,
push_up,0.012122524082692931,0.0,0.0,,0.0,0.0,,0.0,0.0,
pushingsomepieces,0.07882516787171653,0.0,0.0,,0.0,0.0,,0.0,0.0,
puz2010,0.34482563049197745,0.0,0.0,,2.9299736302373278e-05,1e-05,2.9299736302373276,0.004160562554937006,0.00142,2.929973630237328
pzsombor90,0.4500094749609375,0.0,0.0,,0.0,0.0,,0.0,0.0,
qeeqer,0.012122524082692931,0.0,0.0,,0.0,0.0,,0.0,0.0,
qing29,0.012122524082692931,0.0,0.0,,0.0,0.0,,0.0,0.0,
qqwow,0.012122524082692931,0.0,0.0,,0.0,0.0,,0.0,0.0,
qsjtgx,0.1360004909538576,0.0,0.0,,0.0,0.0,,0.0,0.0,
quantisium,0.37527653252841797,0.0,0.0,,0.0,0.0,,0.0,0.0,
queen_iryna,0.012122524082692931,0.0,0.0,,0.0,0.0,,0.0,0.0,
queenazo,0.012122524082692931,0.0,0.0,,0.0,0.0,,0.0,0.0,
quietsunset,0.012122524082692931,0.0,0.0,,0.0,0.0,,0.0,0.0,
quizden37,0.012122524082692931,0.0,0.0,,0.0,0.0,,0.0,0.0,
quvnoq_muxlis,0.012122524082692931,0.0,0.0,,0.0,0.0,,0.0,0.0,
qwerty_cool_123,0.039538714991762765,0.0,0.0,,0.0,0.0,,0.0,0.0,
qx4z,0.012122524082692931,0.0,0.0,,0.0,0.0,,0.0,0.0,
r31415,0.012122524082692931,0.0,0.0,,0.0,0.0,,0.0,0.0,
rachidhuilda,0.05926102008629944,0.0,0.0,,0.0,0.0,,0.0,0.0,
ragnaroek66,0.012122524082692931,0.0,0.0,,0.0,0.0,,0.0,0.0,
rainlofichess,0.012122524082692931,0.0,0.0,,0.0,0.0,,0.0,0.0,
raisingspartans,0.012122524082692931,0.0,0.0,,0.0,0.0,,0.0,0.0,
rajesh1464,0.012122524082692931,0.0,0.0,,0.0,0.0,,0.0,0.0,
raloloit,0.012122524082692931,0.0,0.0,,0.0,0.0,,0.0,0.0,
randomo,0.012122524082692931,0.0,0.0,,0.0,0.0,,0.0,0.0,
randy296,0.012122524082692931,0.0,0.0,,0.0,0.0,,0.0,0.0,
rasmussvane,0.871190192801683,0.0011582435981238746,0.00101,1.1467758397266086,0.015481473836309217,0.0135,1.1467758397266088,0.11053772319124781,0.09639,1.1467758397266086
ravengelic,0.012122524082692931,0.0,0.0,,0.0,0.0,,0.0,0.0,
raviteja81293,0.012122524082692931,0.0,0.0,,0.0,0.0,,0.0,0.0,
rboss82,0.012122524082692931,0.0,0.0,,0.0,0.0,,0.0,0.0,
rcmz,0.12753379357763098,0.0,0.0,,0.0,0.0,,0.0,0.0,
rdarruda,0.012122524082692931,0.0,0.0,,0.0,0.0,,0.0,0.0,
realburq,0.012122524082692931,0.0,0.0,,0.0,0.0,,0.0,0.0,
realcyberbird,0.3774644812436046,0.0,0.0,,0.0,0.0,,0.0,0.0,
realmadridfc123,0.012122524082692931,0.0,0.0,,0.0,0.0,,0.0,0.0,
recargado,0.012122524082692931,0.0,0.0,,0.0,0.0,,0.0,0.0,
redblizzard,0.012122524082692931,0.0,0.0,,0.0,0.0,,0.0,0.0,
redchessman,0.07833422948638788,0.0,0.0,,0.0,0.0,,0.0,0.0,
redchurch,0.012122524082692931,0.0,0.0,,0.0,0.0,,0.0,0.0,
redgrob,0.012122524082692931,0.0,0.0,,0.0,0.0,,0.0,0.0,
rednova1729,0.012122524082692931,0.019198664440734557,0.00023,83.47245409015025,0.0676126878130217,0.00081,83.47245409015025,0.2612687813021703,0.00313,83.47245409015025
reevecanada,0.3625657285471711,0.0,0.0,,0.0,0.0,,0.0,0.0,
regolita,0.012122524082692931,0.0,0.0,,0.0,0.0,,0.0,0.0,
reigningmvp,0.012122524082692931,0.0,0.0,,0.0,0.0,,0.0,0.0,
rekin87,0.012122524082692931,0.0,0.0,,0.0,0.0,,0.0,0.0,
remi04,0.012122524082692931,0.0,0.0,,0.011235955056179775,0.00014,80.25682182985554,0.027287319422150885,0.00034,80.25682182985554
remyrushbrooke,0.012122524082692931,0.0,0.0,,0.0,0.0,,0.0,0.0,
renathy,0.0446927374301676,0.0,0.0,,0.0,0.0,,0.0,0.0,
rendrexchess,0.012122524082692931,0.0,0.0,,0.0,0.0,,0.0,0.0,
renehp,0.012122524082692931,0.0,0.0,,0.0,0.0,,0.0,0.0,
reniite,0.012122524082692931,0.0,0.0,,0.0,0.0,,0.0,0.0,
resha1988,0.012122524082692931,0.0,0.0,,0.0,0.0,,0.0,0.0,
reymannnathan,0.23841265173972595,0.0,0.0,,0.0,0.0,,0.0,0.0,
rezamahdavi2008,0.8053748110392772,0.0035360326709497486,0.00284,1.2450819263907564,0.009861048857014791,0.00792,1.2450819263907564,0.03706608894865282,0.02977,1.2450819263907564
rhl_b,0.012122524082692931,0.0,0.0,,0.0,0.0,,0.0,0.0,
rhungaski,0.012122524082692931,0.0,0.0,,0.0,0.0,,0.0016220600162206002,2e-05,81.10300081103
rhwr,0.6738431808998401,0.0,0.0,,0.0,0.0,,0.0,0.0,
ri4mi,0.012122524082692931,0.0,0.0,,0.0,0.0,,0.0,0.0,
ricaurtelopezj1955,0.012122524082692931,0.0,0.0,,0.0,0.0,,0.0,0.0,
rickywsb,0.012122524082692931,0.0,0.0,,0.0,0.0,,0.0,0.0,
riconaipe,0.012122524082692931,0.0,0.0,,0.0,0.0,,0.0,0.0,
riddhi_07,0.012122524082692931,0.0,0.0,,0.0,0.0,,0.0,0.0,
ridnani1,0.012122524082692931,0.0,0.0,,0.0,0.0,,0.0,0.0,
ridnani2021,0.012122524082692931,0.0,0.0,,0.0,0.0,,0.0,0.0,
rikchessmx,0.4448983167061115,0.0,0.0,,0.0,0.0,,0.0,0.0,
rikyshi,0.012122524082692931,0.0,0.0,,0.0,0.0,,0.0,0.0,
ril1997,0.012122524082692931,0.0,0.0,,0.0,0.0,,0.0,0.0,
rinky12,0.012122524082692931,0.0,0.0,,0.0,0.0,,0.0,0.0,
rinoasadey,0.012122524082692931,0.0,0.0,,0.0,0.0,,0.0,0.0,
rionelG,0.012122524082692931,0.0,0.0,,0.0,0.0,,0.0,0.0,
ritanovikova,0.4065109596652562,0.0,0.0,,0.0,0.0,,0.0,0.0,
rk12387,0.012122524082692931,0.0,0.0,,0.0,0.0,,0.0,0.0,
rkracht,0.012122524082692931,0.0,0.0,,0.0,0.0,,0.0,0.0,
roaring_lion23,0.012122524082692931,0.0,0.0,,0.0,0.0,,0.0,0.0,
rober85val,0.012122524082692931,0.0,0.0,,0.0,0.0,,0.0,0.0,
robertoalejandro10,0.012122524082692931,0.0,0.0,,0.0,0.0,,0.0,0.0,
rochaaaaaaaaaa,0.012122524082692931,0.0,0.0,,0.0,0.0,,0.0,0.0,
rockero68,0.012122524082692931,0.0,0.0,,0.0,0.0,,0.0,0.0,
rockstar0902,0.012122524082692931,0.0,0.0,,0.0,0.0,,0.0,0.0,
rogapa,0.012122524082692931,0.0,0.0,,0.0,0.0,,0.0008460236886632825,1e-05,84.60236886632825
roka7,0.25510628648342537,0.0,0.0,,0.0,0.0,,0.0,0.0,
rollercoaster29,0.297147637953868,0.0,0.0,,0.0,0.0,,0.0,0.0,
rolyku,0.012122524082692931,0.0,0.0,,0.0,0.0,,0.0,0.0,
romulocardoso,0.012122524082692931,0.0,0.0,,0.0,0.0,,0.0,0.0,
rookoco,0.012122524082692931,0.0,0.0,,0.0,0.0,,0.0,0.0,
rookpower2004,0.012122524082692931,0.0,0.0,,0.0,0.0,,0.0,0.0,
rose107,0.012122524082692931,0.0,0.0,,0.0,0.0,,0.0,0.0,
rotimilapite,0.5562946875000001,0.0,0.0,,0.0,0.0,,0.0,0.0,
roxannyzoldyck,0.012122524082692931,0.0,0.0,,0.0,0.0,,0.0,0.0,
rpragchess,0.15161254921014647,0.17691853213418238,0.02695,6.564695069914002,0.3496356594236198,0.05326,6.564695069914003,0.48224249983588263,0.07346,6.564695069914003
rquery98,0.012122524082692931,0.0,0.0,,0.0,0.0,,0.0,0.0,
rrgchessmaster05,0.012122524082692931,0.0,0.0,,0.0,0.0,,0.0,0.0,
rubicapa,0.015669149755972257,0.0,0.0,,0.0,0.0,,0.0,0.0,
rubix-time,0.012122524082692931,0.0,0.0,,0.0,0.0,,0.0,0.0,
rubix_time,0.012122524082692931,0.0,0.0,,0.0,0.0,,0.0,0.0,
rudolfjun2005,0.012122524082692931,0.0,0.0,,0.0,0.0,,0.0,0.0,
rududuyk,0.012122524082692931,0.0,0.0,,0.0,0.0,,0.0,0.0,
rudyst06,0.012122524082692931,0.0,0.0,,0.0,0.0,,0.0,0.0,
ruifeng,0.012122524082692931,0.0,0.0,,0.0,0.0,,0.0,0.0,
rumo_a_3200,0.012122524082692931,0.0,0.0,,0.0,0.0,,0.0,0.0,
rupeshjswl7,0.012122524082692931,0.0,0.0,,0.0,0.0,,0.0,0.0,
rushing_mane,0.012122524082692931,0.0,0.0,,0.0,0.0,,0.0,0.0,
rychessmaster1,0.22331168351811279,0.0,0.0,,0.0,0.0,,0.00017797552836484984,4e-05,4.4493882091212456
rynos0411,0.012122524082692931,0.0,0.0,,0.0,0.0,,0.0,0.0,
s-dshubin,0.012122524082692931,0.0,0.0,,0.0,0.0,,0.0,0.0,
saara_sunea,0.021541501976284586,0.0,0.0,,0.0,0.0,,0.0,0.0,
sacdaruck,0.012122524082692931,0.0,0.0,,0.0,0.0,,0.0,0.0,
sacrifoice,0.012122524082692931,0.0,0.0,,0.0,0.0,,0.0,0.0,
safikiet,0.7060509862875326,0.0,0.0,,0.0,0.0,,0.0,0.0,
saikrishnaReturns,0.3398469936765431,0.0,0.0,,0.0,0.0,,0.0,0.0,
sakkikuska,0.012122524082692931,0.0,0.0,,0.0,0.0,,0.0,0.0,
salgadoLO,0.12750000050942478,0.0,0.0,,0.0,0.0,,0.0,0.0,
salomez,0.012122524082692931,0.0,0.0,,0.0,0.0,,0.0,0.0,
salzikis,0.012122524082692931,0.0,0.0,,0.0,0.0,,0.0,0.0,
samaksh_ashok,0.5970034747901833,0.0,0.0,,0.0,0.0,,0.0,0.0,
samdanov,0.835898443414859,0.0,0.0,,0.0,0.0,,0.0,0.0,
sami82xp,0.40512087024763993,0.0,0.0,,0.0,0.0,,0.0,0.0,
samidescalona2002,0.012122524082692931,0.0,0.0,,0.0,0.0,,0.0,0.0,
sammartin99,0.012122524082692931,0.0,0.0,,0.0,0.0,,0.0,0.0,
samolo,0.012122524082692931,0.0,0.0,,0.0,0.0,,0.0,0.0,
sanbruh,0.052346900848172624,0.0,0.0,,0.0,0.0,,0.0,0.0,
sansanathalia,0.015669149755972257,0.0,0.0,,0.0,0.0,,0.0,0.0,
santig8,0.25905379408995877,0.0,0.0,,0.0,0.0,,0.0,0.0,
santosalberto1987,0.012122524082692931,0.0,0.0,,0.0,0.0,,0.0,0.0,
sar2007,0.012122524082692931,0.0,0.0,,0.0,0.0,,0.0,0.0,
sara_olendo,0.012122524082692931,0.0,0.0,,0.0,0.0,,0.0,0.0,
sarahahaa10,0.012122524082692931,0.0,0.0,,0.0,0.0,,0.0,0.0,
saraswathii,0.012122524082692931,0.0,0.0,,0.0,0.0,,0.0,0.0,
sari07,0.012122524082692931,0.0,0.0,,0.0,0.0,,0.0,0.0,
sathvikadiga,0.23983538342310617,0.0,0.0,,0.0,0.0,,0.0,0.0,
sau6on,0.012122524082692931,0.0,0.0,,0.0,0.0,,0.0,0.0,
saumya402,0.4774508481511085,0.0,0.0,,0.0,0.0,,0.0,0.0,
savchess06,0.24685343519108427,0.0,0.0,,0.0,0.0,,0.0,0.0,
savitha1030,0.480723397902298,0.0,0.0,,0.0,0.0,,0.0,0.0,
sbouchet,0.012122524082692931,0.0,0.0,,0.0,0.0,,0.0,0.0,
scabies1,0.012122524082692931,0.0,0.0,,0.0,0.0,,0.0,0.0,
scandalgod,0.012122524082692931,0.0,0.0,,0.0,0.0,,0.0,0.0,
scarabee43,0.3960682812615871,0.0003295644678801399,0.00013,2.535111291385692,0.006312427115550373,0.00249,2.5351112913856917,0.07154084064290422,0.02822,2.535111291385692
schachlana,0.012122524082692931,0.0,0.0,,0.0,0.0,,0.0,0.0,
schachsensei_YT,0.012122524082692931,0.0,0.0,,0.0,0.0,,0.0,0.0,
schack_vit,0.012122524082692931,0.0,0.0,,0.0,0.0,,0.0,0.0,
schackspelaren,0.012122524082692931,0.0,0.0,,0.0,0.0,,0.0,0.0,
schondeln,0.2961638618239408,0.0,0.0,,0.0,0.0,,0.0,0.0,
schoolmeester,0.012122524082692931,0.0,0.0,,0.0,0.0,,0.0,0.0,
schubakov,0.012122524082692931,0.0,0.0,,0.0,0.0,,0.0,0.0,
scorpio199999,0.012122524082692931,0.0,0.0,,0.0,0.0,,0.0,0.0,
scrambleyourbrain,0.012122524082692931,0.0,0.0,,0.0,0.0,,0.0,0.0,
scrapnel,0.012122524082692931,0.0,0.0,,0.0,0.0,,0.0,0.0,
screwdriver2009,0.7835781305919705,0.0,0.0,,0.0,0.0,,0.0,0.0,
seasidesunset,0.021541501976284586,0.0,0.0,,0.0,0.0,,0.0,0.0,
sebastianmarinp,0.012122524082692931,0.0,0.0,,0.0,0.0,,0.0,0.0,
seccafim,0.6325574315628218,0.0,0.0,,0.0,0.0,,0.0,0.0,
secrethawk1,0.012122524082692931,0.0,0.0,,0.0,0.0,,0.0,0.0,
secretroses,0.012122524082692931,0.0,0.0,,0.0,0.0,,0.0,0.0,
secretsuperstar7,0.15009866911763048,0.0,0.0,,0.0,0.0,,0.0,0.0,
secretworker2027,0.012122524082692931,0.0,0.0,,0.0,0.0,,0.0,0.0,
selvas123,0.012122524082692931,0.0,0.0,,0.0,0.0,,0.0,0.0,
semchik73,0.012122524082692931,0.0,0.0,,0.0,0.0,,0.0,0.0,
semchik90,0.012122524082692931,0.0,0.0,,0.0,0.0,,0.0,0.0,
semion03032009,0.012122524082692931,0.0,0.0,,0.0,0.0,,0.0,0.0,
seopie,0.012122524082692931,0.0,0.0,,0.004173622704507512,5e-05,83.47245409015024,0.03171953255425709,0.00038,83.47245409015024
seorobert1971,0.012122524082692931,0.0,0.0,,0.0,0.0,,0.0008278145695364238,1e-05,82.78145695364238
seramoral,0.012122524082692931,0.0,0.0,,0.0,0.0,,0.0,0.0,
serefra99,0.012122524082692931,0.0,0.0,,0.0,0.0,,0.0,0.0,
sergeikim,0.012122524082692931,0.0,0.0,,0.0,0.0,,0.0,0.0,
sergiochess83,0.012122524082692931,0.0,0.0,,0.0008389261744966443,1e-05,83.89261744966443,0.008389261744966443,0.0001,83.89261744966443
sergoy,0.5204136137226375,0.0021355188733695025,0.00111,1.9238908769094616,0.010696833275616607,0.00556,1.9238908769094618,0.06302666512755396,0.03276,1.9238908769094618
serhanberat_ozdemir,0.012122524082692931,0.0,0.0,,0.0,0.0,,0.0,0.0,
sestremera,0.012122524082692931,0.0,0.0,,0.0,0.0,,0.0,0.0,
severomorskij,0.012122524082692931,0.0,0.0,,0.0,0.0,,0.0008230452674897119,1e-05,82.30452674897118
sewlins,0.012122524082692931,0.0,0.0,,0.0,0.0,,0.0,0.0,
sganerdene,0.012122524082692931,0.0,0.0,,0.0,0.0,,0.0,0.0,
shEwAsonlyeLevEN11,0.012122524082692931,0.0,0.0,,0.0,0.0,,0.0,0.0,
shadow_master99,0.021541501976284586,0.0,0.0,,0.0,0.0,,0.0,0.0,
shailendrabajpai,0.012122524082692931,0.0,0.0,,0.0,0.0,,0.0,0.0,
shambleschess06,0.15104554527492783,0.0,0.0,,0.0,0.0,,0.0,0.0,
shanemelaughcm,0.012122524082692931,0.0,0.0,,0.0,0.0,,0.0,0.0,
sharkarton,0.012122524082692931,0.0,0.0,,0.0,0.0,,0.0,0.0,
shav3184,0.012122524082692931,0.0,0.0,,0.0,0.0,,0.0,0.0,
shaya01,0.012122524082692931,0.0,0.0,,0.0,0.0,,0.0,0.0,
shimastream,0.5969152900075635,0.004709234120998827,0.00281,1.6758840288252053,0.03383609854198089,0.02019,1.6758840288252053,0.11191553544494721,0.06678,1.6758840288252053
shineatchess,0.012122524082692931,0.0,0.0,,0.0,0.0,,0.0,0.0,
shinobi-1987,0.200541086570999,0.0,0.0,,0.0,0.0,,0.0,0.0,
shirovin,0.8404445560734833,0.0,0.0,,0.0,0.0,,0.0,0.0,
shoels,0.012122524082692931,0.0,0.0,,0.0,0.0,,0.0,0.0,
shrek4life02,0.012122524082692931,0.0,0.0,,0.0,0.0,,0.0,0.0,
shyam,0.012122524082692931,0.0,0.0,,0.0,0.0,,0.0,0.0,
siciliannaga,0.012122524082692931,0.0,0.0,,0.0,0.0,,0.0,0.0,
siiiiii1,0.012122524082692931,0.0,0.0,,0.0,0.0,,0.0,0.0,
sim06,0.012122524082692931,0.0,0.0,,0.0,0.0,,0.0,0.0,
simaopdias,0.012122524082692931,0.0,0.0,,0.0,0.0,,0.0,0.0,
simonachess,0.012122524082692931,0.0,0.0,,0.0,0.0,,0.0,0.0,
simplerXiao,0.012122524082692931,0.0,0.0,,0.0,0.0,,0.0,0.0,
sina101,0.012122524082692931,0.0,0.0,,0.0,0.0,,0.0,0.0,
sindarovjr,0.012122524082692931,0.0,0.0,,0.0,0.0,,0.0,0.0,
singenoirrr,0.012122524082692931,0.0,0.0,,0.0,0.0,,0.0,0.0,
sirinbaba33,0.012122524082692931,0.0,0.0,,0.0,0.0,,0.0,0.0,
sissahungrychess,0.012122524082692931,0.0,0.0,,0.0,0.0,,0.0,0.0,
sjoerd893,0.012122524082692931,0.0,0.0,,0.0,0.0,,0.0,0.0,
skeyman,0.012122524082692931,0.0,0.0,,0.0,0.0,,0.0,0.0,
skkeyan1309,0.07914093603913494,0.0,0.0,,0.0,0.0,,0.0,0.0,
skoularikii,0.012122524082692931,0.0,0.0,,0.0,0.0,,0.0,0.0,
skyethestar,0.012122524082692931,0.0,0.0,,0.0,0.0,,0.0,0.0,
skzt,0.012122524082692931,0.0,0.0,,0.0,0.0,,0.0,0.0,
sleeping_in_the_fire,0.13951168177902404,0.0,0.0,,0.0,0.0,,0.0,0.0,
slidingknight2775,0.2955613274130332,0.0,0.0,,0.0,0.0,,0.0,0.0,
slimshady,0.012122524082692931,0.0,0.0,,0.0,0.0,,0.0,0.0,
slorovel,0.012122524082692931,0.0,0.0,,0.0,0.0,,0.0,0.0,
slow_jamz,0.012122524082692931,0.0,0.0,,0.0,0.0,,0.0,0.0,
slowdgehammer,0.012122524082692931,0.0,0.0,,0.0,0.0,,0.0,0.0,
smallbaba,0.012122524082692931,0.0,0.0,,0.0,0.0,,0.0,0.0,
smilingice,0.012122524082692931,0.0,0.0,,0.0,0.0,,0.0,0.0,
smotherhubbard,0.012122524082692931,0.0,0.0,,0.0,0.0,,0.0,0.0,
sn2022s,0.12577857739489748,0.0,0.0,,0.0,0.0,,0.0,0.0,
snchin,0.012122524082692931,0.0,0.0,,0.0,0.0,,0.0,0.0,
sndp24onz,0.012122524082692931,0.0,0.0,,0.0,0.0,,0.0,0.0,
snehahalder2009,0.8529384763572067,0.0,0.0,,0.0,0.0,,0.0,0.0,
snowlord,0.3987925807538109,0.0029542097488921715,0.00118,2.503567583806925,0.008437022757429337,0.00337,2.503567583806925,0.03762862078461808,0.01503,2.503567583806925
sofaceindisguise,0.012122524082692931,0.0,0.0,,0.0,0.0,,0.0,0.0,
sokidze,0.10976411568637147,0.0,0.0,,0.00027485112230874945,3e-05,9.161704076958314,0.011177278973889144,0.00122,9.161704076958316
soloderisas,0.012122524082692931,0.0,0.0,,0.0,0.0,,0.0,0.0,
solofon,0.012122524082692931,0.0,0.0,,0.0,0.0,,0.0,0.0,
somewhatunpredictable,0.6523912068638863,0.0,0.0,,0.0,0.0,,0.0,0.0,
soniahris,0.02386237513873474,0.0,0.0,,0.0,0.0,,0.0,0.0,
sonicdravise,0.24301853284188735,0.0,0.0,,0.0,0.0,,0.0,0.0,
sorch29,0.012122524082692931,0.0,0.0,,0.0,0.0,,0.0,0.0,
sotochess,0.012122524082692931,0.0,0.0,,0.0,0.0,,0.0,0.0,
soul_mortall,0.012122524082692931,0.0,0.0,,0.0,0.0,,0.0,0.0,
soumeow,0.012122524082692931,0.0,0.0,,0.0,0.0,,0.0,0.0,
soupeOchoux,0.012122524082692931,0.0,0.0,,0.0,0.0,,0.0,0.0,
spartantiger2025,0.06696386360277004,0.0,0.0,,0.0,0.0,,0.0,0.0,
spicycaterpillar,0.012122524082692931,0.0,0.0,,0.013490725126475547,0.00016,84.31703204047217,0.2580101180438449,0.00306,84.31703204047218
spiritof_stlouis,0.012122524082692931,0.0,0.0,,0.0,0.0,,0.0,0.0,
splendidkid,0.012122524082692931,0.0,0.0,,0.0,0.0,,0.0,0.0,
spotbet,0.012122524082692931,0.0,0.0,,0.0,0.0,,0.0,0.0,
ssunu,0.09711299970106457,0.0,0.0,,0.0,0.0,,0.0,0.0,
stamatolog13,0.012122524082692931,0.0,0.0,,0.0,0.0,,0.0,0.0,
starplatinum2030,0.012122524082692931,0.0,0.0,,0.0,0.0,,0.0,0.0,
starworld123,0.012122524082692931,0.0,0.0,,0.0,0.0,,0.0,0.0,
stasOR4ik,0.012122524082692931,0.0,0.0,,0.0,0.0,,0.0,0.0,
staz_staz,0.012122524082692931,0.0,0.0,,0.0,0.0,,0.0,0.0,
steepedgames,0.012122524082692931,0.0,0.0,,0.0,0.0,,0.0,0.0,
stefan_95,0.012122524082692931,0.0,0.0,,0.0,0.0,,0.0,0.0,
stefansachy,0.012122524082692931,0.0,0.0,,0.0,0.0,,0.0,0.0,
stepanosinovsky,0.012122524082692931,0.0,0.0,,0.0,0.0,,0.0,0.0,
sterpfi,0.012122524082692931,0.0,0.0,,0.0,0.0,,0.0,0.0,
stevis5,0.012122524082692931,0.0,0.0,,0.0,0.0,,0.0,0.0,
stolencandy13,0.25841106822914967,0.0,0.0,,0.0,0.0,,0.0,0.0,
stoleriu,0.012122524082692931,0.0,0.0,,0.0,0.0,,0.0,0.0,
stollenmonster,0.08789400452130154,0.0005595344673231871,5e-05,11.19068934646374,0.002909579230080573,0.00026,11.190689346463742,0.00951208594449418,0.00085,11.190689346463742
stratacticos,0.012122524082692931,0.0,0.0,,0.0,0.0,,0.0,0.0,
stregachess,0.012122524082692931,0.0,0.0,,0.0,0.0,,0.0,0.0,
strongestgolden,0.012122524082692931,0.0,0.0,,0.0,0.0,,0.0,0.0,
subham777,0.2216551906913542,0.0,0.0,,0.0,0.0,,0.0,0.0,
sudtirolese06,0.012122524082692931,0.0,0.0,,0.0,0.0,,0.0,0.0,
sumadrecucho,0.013101804009603346,0.0,0.0,,0.0,0.0,,0.0,0.0,
sun_chan_lee,0.5735651402693723,0.0,0.0,,0.0,0.0,,0.0,0.0,
suneebaker,0.012122524082692931,0.0,0.0,,0.0,0.0,,0.0,0.0,
super_emi_26,0.021555399384204962,0.0,0.0,,0.00046468401486988845,1e-05,46.46840148698884,0.01858736059479554,0.0004,46.468401486988846
superchess02,0.1276740907472936,0.00023625767837454718,3e-05,7.875255945818239,0.003386360056701843,0.00043,7.87525594581824,0.015041738856512837,0.00191,7.875255945818239
supereagles1201,0.012122524082692931,0.0,0.0,,0.0,0.0,,0.0,0.0,
superfast64,0.012122524082692931,0.0,0.0,,0.0,0.0,,0.0,0.0,
superfer98,0.012122524082692931,0.0,0.0,,0.0,0.0,,0.0,0.0,
superjem123,0.21687635174925826,0.0,0.0,,0.0,0.0,,0.0,0.0,
supermoli2300,0.012122524082692931,0.0,0.0,,0.0,0.0,,0.0,0.0,
surrenderPLS,0.012122524082692931,0.0,0.0,,0.0,0.0,,0.0,0.0,
suspiciumchess,0.0446927374301676,0.0,0.0,,0.0,0.0,,0.0,0.0,
suyu28,0.012122524082692931,0.0,0.0,,0.0,0.0,,0.0,0.0,
svilson23,0.012122524082692931,0.0,0.0,,0.0,0.0,,0.0,0.0,
swayamsm,0.012122524082692931,0.0,0.0,,0.0,0.0,,0.0,0.0,
swimmerchess,0.012122524082692931,0.0,0.0,,0.0,0.0,,0.0,0.0,
switlave,0.012122524082692931,0.0,0.0,,0.0,0.0,,0.0,0.0,
szachmistrz2500,0.012122524082692931,0.0,0.0,,0.0,0.0,,0.0,0.0,
szachuspl,0.05658575127331815,0.0,0.0,,0.0,0.0,,0.0,0.0,
szefru,0.012122524082692931,0.0,0.0,,0.0,0.0,,0.0,0.0,
tabarex,0.012122524082692931,0.0,0.0,,0.0,0.0,,0.0,0.0,
tactic,0.02386237513873474,0.0,0.0,,0.0,0.0,,0.0,0.0,
tactichunter08,0.012122524082692931,0.0,0.0,,0.0,0.0,,0.004166666666666667,5e-05,83.33333333333333
tacticthunder,0.021541501976284586,0.0,0.0,,0.0,0.0,,0.0009157509157509158,2e-05,45.78754578754578
taglit,0.09389921578294241,0.0,0.0,,0.0,0.0,,0.0,0.0,
talaicito,0.012122524082692931,0.0,0.0,,0.0,0.0,,0.0,0.0,
taleslascando,0.012122524082692931,0.0,0.0,,0.0,0.0,,0.0,0.0,
talman67,0.012122524082692931,0.0,0.0,,0.0,0.0,,0.0,0.0,
tamarozi99,0.012122524082692931,0.0,0.0,,0.0,0.0,,0.0,0.0,
tandaleo,0.012122524082692931,0.0,0.0,,0.0,0.0,,0.0,0.0,
tandercat,0.012122524082692931,0.0,0.0,,0.0,0.0,,0.0,0.0,
tantaan,0.012122524082692931,0.0,0.0,,0.0,0.0,,0.0,0.0,
tapu2,0.012122524082692931,0.0,0.0,,0.0,0.0,,0.0,0.0,
tarno17,0.012122524082692931,0.0,0.0,,0.0,0.0,,0.0,0.0,
tdf98pantani,0.012122524082692931,0.0,0.0,,0.0,0.0,,0.0,0.0,
teillery95,0.012122524082692931,0.0,0.0,,0.0,0.0,,0.0,0.0,
teju0607,0.012122524082692931,0.0,0.0,,0.0,0.0,,0.0,0.0,
temiksmozg,0.012122524082692931,0.0,0.0,,0.0,0.0,,0.0,0.0,
temus_galaktionov,0.722609888181391,0.0,0.0,,6.937988260923863e-05,5e-05,1.3875976521847724,0.0009019384739201021,0.00065,1.3875976521847726
teresin05,0.20707575438112766,0.0,0.0,,0.0,0.0,,0.0,0.0,
terrortoast,0.012122524082692931,0.0,0.0,,0.0,0.0,,0.0,0.0,
tetrix83,0.5821193379448342,0.0,0.0,,0.0,0.0,,0.0,0.0,
tgpgoat,0.012122524082692931,0.0,0.0,,0.0,0.0,,0.0,0.0,
th3d4rkness,0.012122524082692931,0.0,0.0,,0.0,0.0,,0.0,0.0,
the,0.012122524082692931,0.0,0.0,,0.0,0.0,,0.0,0.0,
the-gambler,0.039538714991762765,0.0,0.0,,0.0,0.0,,0.0,0.0,
the_blue_pill,0.039538714991762765,0.0,0.0,,0.0,0.0,,0.0,0.0,
the_chess_child,0.15011471256579856,0.00013304949441192123,2e-05,6.652474720596061,0.005654603512506653,0.00085,6.652474720596063,0.04350718467269824,0.00654,6.652474720596062
the_drake,0.012122524082692931,0.0,0.0,,0.0,0.0,,0.0,0.0,
thealphalion86,0.012122524082692931,0.0,0.0,,0.0,0.0,,0.0,0.0,
thebeast2900,0.021541501976284586,0.0,0.0,,0.0,0.0,,0.0,0.0,
theblindman1980,0.012122524082692931,0.0,0.0,,0.0,0.0,,0.0,0.0,
theblitzchamp,0.012122524082692931,0.0,0.0,,0.0,0.0,,0.0,0.0,
thebulldog1,0.012122524082692931,0.0,0.0,,0.0,0.0,,0.0,0.0,
thecatdoglady,0.46968902537173834,0.0,0.0,,0.0,0.0,,0.0,0.0,
thechesscorner64,0.012122524082692931,0.0,0.0,,0.0,0.0,,0.0,0.0,
thechessnoob12345,0.021541501976284586,0.0,0.0,,0.0,0.0,,0.0,0.0,
thedjoker98,0.012122524082692931,0.0,0.0,,0.0,0.0,,0.0,0.0,
themind1hunter,0.012122524082692931,0.0,0.0,,0.0,0.0,,0.0,0.0,
thenewfiredragon,0.012122524082692931,0.0,0.0,,0.0,0.0,,0.0,0.0,
theoneandonlydaaevik,0.012122524082692931,0.0,0.0,,0.0,0.0,,0.0,0.0,
theopera,0.012122524082692931,0.0,0.0,,0.0,0.0,,0.0,0.0,
theredking89,0.021541501976284586,0.0,0.0,,0.00045351473922902497,1e-05,45.35147392290249,0.012244897959183673,0.00027,45.35147392290249
thesmallergreek,0.012122524082692931,0.0,0.0,,0.0,0.0,,0.0,0.0,
thesupera12,0.012122524082692931,0.0,0.0,,0.0,0.0,,0.0,0.0,
thomask2011,0.4118995416564515,0.0,0.0,,0.0,0.0,,0.0,0.0,
thox_xo,0.012122524082692931,0.0,0.0,,0.0,0.0,,0.0,0.0,
threemind,0.012122524082692931,0.0,0.0,,0.0,0.0,,0.0,0.0,
tianzel,0.012122524082692931,0.0,0.0,,0.0,0.0,,0.0,0.0,
ticokiller,0.012122524082692931,0.0,0.0,,0.0,0.0,,0.0,0.0,
tigra,0.012122524082692931,0.0,0.0,,0.0,0.0,,0.0,0.0,
tigurones,0.012122524082692931,0.0,0.0,,0.0,0.0,,0.0,0.0,
timedothwasteme,0.012122524082692931,0.0,0.0,,0.0,0.0,,0.0,0.0,
timurdzhaan,0.342065526781707,0.0,0.0,,0.0,0.0,,0.0,0.0,
titan013,0.012122524082692931,0.0,0.0,,0.0,0.0,,0.0,0.0,
titledsquirrel2007,0.012122524082692931,0.0,0.0,,0.0,0.0,,0.0,0.0,
titomagno_64,0.012122524082692931,0.0,0.0,,0.0,0.0,,0.0,0.0,
tizpa96,0.012122524082692931,0.0,0.0,,0.0,0.0,,0.0,0.0,
tjallkompall,0.012122524082692931,0.0,0.0,,0.0,0.0,,0.0,0.0,
tjychess,0.012122524082692931,0.0,0.0,,0.0025466893039049238,3e-05,84.88964346349746,0.02631578947368421,0.00031,84.88964346349745
tk22h,0.012122524082692931,0.0,0.0,,0.0,0.0,,0.0,0.0,
tolia123,0.012122524082692931,0.0,0.0,,0.0,0.0,,0.0,0.0,
tolimachess,0.012122524082692931,0.0,0.0,,0.0,0.0,,0.0,0.0,
tomasdanada,0.012122524082692931,0.0,0.0,,0.0,0.0,,0.0,0.0,
tomesao,0.3949966789256937,0.0,0.0,,0.0,0.0,,0.0,0.0,
tomobeast,0.012122524082692931,0.0,0.0,,0.0,0.0,,0.0,0.0,
toninhojit,0.021541501976284586,0.0,0.0,,0.0,0.0,,0.0,0.0,
toniv1,0.012122524082692931,0.0,0.0,,0.0,0.0,,0.0,0.0,
toog,0.012122524082692931,0.0,0.0,,0.0,0.0,,0.0,0.0,
topalovkramnik,0.012122524082692931,0.0,0.0,,0.0,0.0,,0.0,0.0,
topce,0.012122524082692931,0.0,0.0,,0.0,0.0,,0.0,0.0,
topin8,0.012122524082692931,0.0,0.0,,0.0,0.0,,0.0,0.0,
topotun,0.012122524082692931,0.0,0.0,,0.0,0.0,,0.0,0.0,
tortorchess,0.012122524082692931,0.0,0.0,,0.0,0.0,,0.0,0.0,
toshali,0.012122524082692931,0.0,0.0,,0.0,0.0,,0.0,0.0,
totoro9,0.012122524082692931,0.0,0.0,,0.0,0.0,,0.0,0.0,
tptagain,0.4163842430823011,0.00598272189915524,0.0025,2.393088759662096,0.026395769019072916,0.01103,2.393088759662096,0.09847560246009525,0.04115,2.393088759662096
traack,0.012122524082692931,0.0,0.0,,0.0,0.0,,0.0,0.0,
traveee7,0.012122524082692931,0.0,0.0,,0.0,0.0,,0.0,0.0,
traviscottofficial,0.012122524082692931,0.0,0.0,,0.0,0.0,,0.0,0.0,
treadstone_71,0.012122524082692931,0.0,0.0,,0.0,0.0,,0.0,0.0,
trriinu,0.012122524082692931,0.0,0.0,,0.0,0.0,,0.0,0.0,
tsaruk_maks,0.1196030831684146,0.0,0.0,,8.463100880162491e-05,1e-05,8.463100880162491,0.008463100880162491,0.001,8.463100880162491
tsvet2005,0.012122524082692931,0.0,0.0,,0.0,0.0,,0.0015710919088766694,2e-05,78.55459544383346
tteshan,0.01329049218635899,0.0,0.0,,0.0,0.0,,0.0,0.0,
tuditz_uu,0.012122524082692931,0.0,0.0,,0.0,0.0,,0.0,0.0,
tuongminhcute,0.10448516971783363,0.0,0.0,,0.0,0.0,,0.0,0.0,
turayev_shahruh17,0.012122524082692931,0.0,0.0,,0.0,0.0,,0.0,0.0,
tuschessCM1,0.012122524082692931,0.0,0.0,,0.0,0.0,,0.006739679865206402,8e-05,84.24599831508002
tusplingher,0.012122524082692931,0.0,0.0,,0.0,0.0,,0.0,0.0,
tvjosue,0.012122524082692931,0.0,0.0,,0.0,0.0,,0.0,0.0,
twitchTriniCupid,0.23169502749195195,0.0,0.0,,0.0,0.0,,0.0,0.0,
twofoxniel,0.16186777726000634,0.0,0.0,,0.0,0.0,,0.0,0.0,
tyczka123,0.012122524082692931,0.0,0.0,,0.0,0.0,,0.0,0.0,
tylityli,0.012122524082692931,0.0,0.0,,0.0,0.0,,0.0,0.0,
u-art,0.012122524082692931,0.0,0.0,,0.0,0.0,,0.0,0.0,
ubdip,0.012122524082692931,0.0,0.0,,0.0,0.0,,0.0,0.0,
udithj22,0.012122524082692931,0.0,0.0,,0.0,0.0,,0.0,0.0,
ukchessbomber,0.2775233470607495,0.0,0.0,,0.0,0.0,,0.0,0.0,
ulia_escha,0.012122524082692931,0.0,0.0,,0.0,0.0,,0.0,0.0,
ulises2013,0.012122524082692931,0.0,0.0,,0.0,0.0,,0.00333889816360601,4e-05,83.47245409015025
umutataakbas,0.012122524082692931,0.0,0.0,,0.0,0.0,,0.0,0.0,
umutbekiragaoglu,0.012122524082692931,0.0,0.0,,0.0,0.0,,0.0,0.0,
unbreakablepawn35,0.05876307449712625,0.0,0.0,,0.0,0.0,,0.0,0.0,
unclear15,0.012122524082692931,0.0,0.0,,0.0,0.0,,0.0,0.0,
underdogchss,0.012122524082692931,0.0,0.0,,0.0,0.0,,0.0,0.0,
underthebridge1999,0.012122524082692931,0.0,0.0,,0.0,0.0,,0.0,0.0,
univio,0.012122524082692931,0.0,0.0,,0.0,0.0,,0.0,0.0,
unkiyto,0.012122524082692931,0.0,0.0,,0.0,0.0,,0.0,0.0,
upbeat028,0.21119262847480597,0.0,0.0,,0.0,0.0,,0.0,0.0,
ural58,0.9742135589445093,0.0,0.0,,0.0,0.0,,0.0,0.0,
urano56,0.02386237513873474,0.0,0.0,,0.0,0.0,,0.0,0.0,
urutodo,0.012122524082692931,0.0,0.0,,0.0,0.0,,0.0,0.0,
uzkuzk,0.012122524082692931,0.0,0.0,,0.0,0.0,,0.0,0.0,
vaishali2001,0.012122524082692931,0.0,0.0,,0.0,0.0,,0.0,0.0,
valdenicio,0.012122524082692931,0.0,0.0,,0.0,0.0,,0.0,0.0,
valemava,0.012122524082692931,0.0,0.0,,0.0,0.0,,0.0,0.0,
valeriocarnicelli,0.14421621799941253,0.0,0.0,,0.0,0.0,,0.0,0.0,
valik3504,0.012122524082692931,0.0,0.0,,0.0,0.0,,0.0,0.0,
valorant64,0.012122524082692931,0.0,0.0,,0.0,0.0,,0.0,0.0,
vangulio,0.012122524082692931,0.0,0.0,,0.0,0.0,,0.0,0.0,
vaniavindy,0.012122524082692931,0.0,0.0,,0.0,0.0,,0.0,0.0,
vanyakuba,0.012122524082692931,0.0,0.0,,0.0,0.0,,0.0,0.0,
varunkrishnanchess,0.012122524082692931,0.0,0.0,,0.0,0.0,,0.0007955449482895784,1e-05,79.55449482895783
vasblesk,0.012122524082692931,0.0,0.0,,0.0,0.0,,0.0016299918500407497,2e-05,81.49959250203747
vasilisfragkos,0.012122524082692931,0.0,0.0,,0.0,0.0,,0.0,0.0,
vedantgoswami,0.11446234155576543,0.0,0.0,,0.0,0.0,,0.0,0.0,
ventdelest,0.012122524082692931,0.0,0.0,,0.0,0.0,,0.0,0.0,
venturov,0.012122524082692931,0.0,0.0,,0.0,0.0,,0.0,0.0,
verdest,0.012122524082692931,0.0,0.0,,0.0,0.0,,0.0,0.0,
verrbaa,0.23705086159210564,0.0,0.0,,0.0,0.0,,0.0,0.0,
vesalhamedinia,0.012122524082692931,0.0,0.0,,0.0,0.0,,0.0,0.0,
vesgath,0.07944888767966174,0.0,0.0,,0.0,0.0,,0.0,0.0,
vi_pranav,0.5196466819719803,0.015428417529144704,0.00802,1.9237428340579432,0.04434227232503559,0.02305,1.9237428340579432,0.14010619060444,0.07283,1.9237428340579428
victormago,0.012122524082692931,0.0,0.0,,0.0,0.0,,0.0,0.0,
vidavi,0.012122524082692931,0.0,0.0,,0.0,0.0,,0.0,0.0,
viditchess,0.3244668198108723,0.001413167030198765,0.00046,3.0721022395625326,0.017848914011858313,0.00581,3.0721022395625326,0.1270314276059107,0.04135,3.0721022395625326
vikber19611,0.012122524082692931,0.0,0.0,,0.0,0.0,,0.0,0.0,
viktorgen2021,0.012122524082692931,0.0,0.0,,0.0,0.0,,0.0,0.0,
viktorskliarov,0.9550148510025845,0.0,0.0,,0.0,0.0,,0.0,0.0,
vincentmasuka,0.012122524082692931,0.0,0.0,,0.0,0.0,,0.0,0.0,
vincevincevince09,0.012122524082692931,0.0,0.0,,0.0,0.0,,0.0,0.0,
vinclat,0.012122524082692931,0.0,0.0,,0.0,0.0,,0.0,0.0,
viniciusrego,0.012122524082692931,0.0,0.0,,0.0,0.0,,0.0,0.0,
vinniethepooh,0.09238180518292805,0.0,0.0,,0.0,0.0,,0.0,0.0,
visa,0.012122524082692931,0.0,0.0,,0.0,0.0,,0.0,0.0,
vishwa_vijeta,0.01329049218635899,0.0,0.0,,0.0,0.0,,0.0,0.0,
viviania,0.012122524082692931,0.0,0.0,,0.0,0.0,,0.013366750208855471,0.00016,83.54218880534668
vlad_Sid,0.012122524082692931,0.0,0.0,,0.0,0.0,,0.0,0.0,
vladgoncharov,0.999524771421457,0.0,0.0,,0.0,0.0,,0.0,0.0,
vladislavkovalev,0.012122524082692931,0.004095004095004095,5e-05,81.9000819000819,0.00819000819000819,0.0001,81.9000819000819,0.031122031122031123,0.00038,81.9000819000819
vladjianu,0.012122524082692931,0.0,0.0,,0.0,0.0,,0.0,0.0,
vladoboch,0.03206997084548104,0.0,0.0,,0.0,0.0,,0.0,0.0,
vmulay,0.08245787698400835,0.0,0.0,,0.0,0.0,,0.0,0.0,
volanchikchess,0.5813681030181165,0.0,0.0,,0.0,0.0,,0.0,0.0,
volcanoexplorer,0.012122524082692931,0.0,0.0,,0.0,0.0,,0.0,0.0,
volkanyirik,0.012122524082692931,0.0,0.0,,0.0,0.0,,0.0,0.0,
volodja49,0.012122524082692931,0.0,0.0,,0.0,0.0,,0.0,0.0,
volunteers1998,0.012122524082692931,0.0,0.0,,0.0,0.0,,0.0,0.0,
vova-79,0.012122524082692931,0.0,0.0,,0.0,0.0,,0.0,0.0,
vovachesss,0.911619679716233,0.0,0.0,,0.0,0.0,,0.0,0.0,
vovasev,0.012122524082692931,0.0,0.0,,0.0,0.0,,0.0,0.0,
vozlo,0.012122524082692931,0.0,0.0,,0.0,0.0,,0.0,0.0,
vpantev,0.012122524082692931,0.0,0.0,,0.0,0.0,,0.0,0.0,
vugarrasulov,0.04360812425328554,0.00687915615684476,0.0003,22.93052052281587,0.0277459298326072,0.00121,22.93052052281587,0.06764503554230682,0.00295,22.930520522815872
vyprd,0.012122524082692931,0.0,0.0,,0.0,0.0,,0.0,0.0,
wadsy27,0.13413714871913981,0.0,0.0,,0.0,0.0,,0.0,0.0,
wagnerbi,0.012122524082692931,0.0,0.0,,0.0,0.0,,0.0,0.0,
wallowss,0.012122524082692931,0.0,0.0,,0.0,0.0,,0.0,0.0,
waltereador,0.012122524082692931,0.0,0.0,,0.0,0.0,,0.0,0.0,
waly48ks,0.8188535901944438,0.0,0.0,,0.0,0.0,,0.0,0.0,
wanderingexplorer,0.012122524082692931,0.0,0.0,,0.0,0.0,,0.0,0.0,
wang5ter,0.012122524082692931,0.0,0.0,,0.0,0.0,,0.0,0.0,
wannabe2700,0.012122524082692931,0.0,0.0,,0.0,0.0,,0.0,0.0,
wanyaland,0.3741368922478031,0.0,0.0,,0.0,0.0,,0.0,0.0,
waspofborneo,0.012122524082692931,0.0,0.0,,0.0,0.0,,0.0,0.0,
watermelonattackk,0.012122524082692931,0.0,0.0,,0.0,0.0,,0.0,0.0,
weezhun93,0.2323335824955328,0.0,0.0,,0.0,0.0,,0.0,0.0,
wejbimoo,0.060633651902409935,0.0,0.0,,0.0,0.0,,0.0,0.0,
wesalmoshtael,0.5940851238777787,0.0,0.0,,0.0,0.0,,0.0,0.0,
weshaIlwin,0.09996841735224271,0.0,0.0,,0.0,0.0,,0.0,0.0,
weshallwin,0.41715275673399893,0.0,0.0,,0.0,0.0,,0.0,0.0,
wgraif,0.11549217146367181,0.0,0.0,,0.0,0.0,,0.0,0.0,
whatisbynavshde,0.012122524082692931,0.0,0.0,,0.0,0.0,,0.0,0.0,
whiteglovethief,0.012122524082692931,0.0,0.0,,0.0,0.0,,0.0,0.0,
whitemirrorninja,0.012122524082692931,0.0,0.0,,0.0,0.0,,0.0,0.0,
wiciu492k,0.28328891913292265,0.0,0.0,,0.0,0.0,,0.0,0.0,
wild3000,0.6633541334986777,0.0,0.0,,0.0,0.0,,0.0,0.0,
willsidney,0.012122524082692931,0.0,0.0,,0.0,0.0,,0.0,0.0,
willyam13,0.012122524082692931,0.0,0.0,,0.0,0.0,,0.0,0.0,
winniethepooh04,0.012122524082692931,0.0,0.0,,0.0,0.0,,0.0,0.0,
wisdomboy,0.012122524082692931,0.0,0.0,,0.0,0.0,,0.0,0.0,
wnstop,0.012122524082692931,0.0,0.0,,0.0,0.0,,0.0,0.0,
wohen2,0.012122524082692931,0.0,0.0,,0.0,0.0,,0.0,0.0,
wonderfultime,0.8957257334382548,0.028595017348908302,0.02563,1.1156854213385994,0.09746627840814004,0.08736,1.1156854213385994,0.2514866508239337,0.22541,1.1156854213385994
wonderknight64,0.012122524082692931,0.0,0.0,,0.0,0.0,,0.0,0.0,
woodhy,0.012122524082692931,0.0,0.0,,0.0,0.0,,0.0,0.0,
woodpecker108,0.0446927374301676,0.0,0.0,,0.0,0.0,,0.0,0.0,
woodpusher52,0.012122524082692931,0.0,0.0,,0.0,0.0,,0.0,0.0,
workhard91,0.012122524082692931,0.0,0.0,,0.0,0.0,,0.0,0.0,
wqws,0.056514955245204286,0.0,0.0,,0.0005430847212165098,3e-05,18.102824040550328,0.004525706010137582,0.00025,18.102824040550328
wunderkind2011,0.16256087777570846,0.0,0.0,,0.0,0.0,,0.0,0.0,
wyano,0.012122524082692931,0.0,0.0,,0.0,0.0,,0.0,0.0,
x-3738459472,0.012122524082692931,0.0,0.0,,0.0,0.0,,0.0,0.0,
x-5963514717,0.012122524082692931,0.0,0.0,,0.0,0.0,,0.0008257638315441783,1e-05,82.57638315441783
xJOHNTITORx,0.012122524082692931,0.0,0.0,,0.0,0.0,,0.0,0.0,
xakevicius91,0.012122524082692931,0.0,0.0,,0.0,0.0,,0.0,0.0,
xamax2000,0.012122524082692931,0.0008298755186721991,1e-05,82.9875518672199,0.012448132780082987,0.00015,82.98755186721992,0.07302904564315353,0.00088,82.98755186721992
xasid81,0.4348720466016566,0.0,0.0,,0.0,0.0,,0.0,0.0,
xberli,0.012122524082692931,0.0,0.0,,0.0,0.0,,0.0,0.0,
xh4823,0.012122524082692931,0.0,0.0,,0.0,0.0,,0.0,0.0,
xhembulla,0.012122524082692931,0.0,0.0,,0.0,0.0,,0.0,0.0,
xiaopang123,0.02386237513873474,0.0,0.0,,0.0,0.0,,0.0,0.0,
xiaotong2008,0.01329049218635899,0.011922503725782414,0.00016,74.51564828614008,0.08345752608047691,0.00112,74.5156482861401,0.22429210134128166,0.00301,74.51564828614009
xiaoxuan2012,0.16972207328305097,0.0,0.0,,0.0,0.0,,0.0,0.0,
xozr,0.012122524082692931,0.0,0.0,,0.0,0.0,,0.0,0.0,
xspiderwoman,0.012122524082692931,0.0,0.0,,0.0,0.0,,0.0,0.0,
xxysoul6,0.012122524082692931,0.012131715771230503,0.00014,86.65511265164645,0.02772963604852686,0.00032,86.65511265164643,0.05545927209705372,0.00064,86.65511265164643
yaguigor,0.012122524082692931,0.0,0.0,,0.0,0.0,,0.0,0.0,
yasaswi25,0.30817240691009845,0.0,0.0,,0.0,0.0,,0.0,0.0,
yashcore,0.3558796627590269,0.0,0.0,,0.0,0.0,,0.0,0.0,
yavrukurt40,0.6231142682898876,0.00025806867852707304,0.00016,1.6129292407942064,0.009080791625671382,0.00563,1.6129292407942066,0.18929337569960805,0.11736,1.6129292407942062
ybothg,0.12675043660122642,0.0,0.0,,0.0,0.0,,0.0,0.0,
ybruned,0.012122524082692931,0.0,0.0,,0.0,0.0,,0.0,0.0,
yesilikeorangejuice,0.012122524082692931,0.0,0.0,,0.0,0.0,,0.0,0.0,
yetzggs,0.08683685314083119,0.0,0.0,,0.0,0.0,,0.0,0.0,
yitongjianghu,0.015965166908563134,0.0,0.0,,0.0,0.0,,0.0,0.0,
yjjga,0.012122524082692931,0.0,0.0,,0.0,0.0,,0.0,0.0,
ykam78,0.012122524082692931,0.0,0.0,,0.0,0.0,,0.0,0.0,
ylr5000,0.012122524082692931,0.0,0.0,,0.0,0.0,,0.0,0.0,
ymoy,0.012122524082692931,0.0,0.0,,0.0,0.0,,0.002586206896551724,3e-05,86.20689655172413
yobdc,0.012122524082692931,0.0,0.0,,0.0,0.0,,0.0,0.0,
yoelpolanco,0.09211881689018399,0.0,0.0,,0.0,0.0,,0.0,0.0,
yonaltimur,0.012122524082692931,0.0,0.0,,0.0,0.0,,0.0,0.0,
yoolund,0.012122524082692931,0.0,0.0,,0.0,0.0,,0.002527379949452401,3e-05,84.24599831508003
yoriiiis,0.012122524082692931,0.0,0.0,,0.0,0.0,,0.0,0.0,
yosephtaher,0.7312808755723292,0.0007371510477100539,0.00054,1.3650945327963961,0.00868200122858508,0.00636,1.3650945327963961,0.09745409869633472,0.07139,1.3650945327963961
youngKID,0.28014454119704646,0.00021670820240546104,6e-05,3.6118033734243506,0.003828511575829812,0.00106,3.611803373424351,0.016180879112941093,0.00448,3.6118033734243515
youngdinousaur,0.012122524082692931,0.0,0.0,,0.0,0.0,,0.0,0.0,
younix2022,0.012122524082692931,0.0,0.0,,0.0,0.0,,0.0,0.0,
yoyolol34,0.039538714991762765,0.0,0.0,,0.0,0.0,,0.0,0.0,
ypografos,0.09505606559495655,0.0,0.0,,0.0,0.0,,0.0,0.0,
ystp_09,0.029278350515463916,0.0,0.0,,0.0,0.0,,0.0,0.0,
yujiarun18,0.012122524082692931,0.0,0.0,,0.0,0.0,,0.0,0.0,
yuki_chess123,0.012122524082692931,0.0,0.0,,0.0,0.0,,0.0,0.0,
yuriydovzik,0.012122524082692931,0.0,0.0,,0.0,0.0,,0.0,0.0,
zacachess,0.012122524082692931,0.0,0.0,,0.0,0.0,,0.0,0.0,
zaguer,0.029278350515463916,0.0,0.0,,0.0,0.0,,0.0,0.0,
zajka-molotok,0.012122524082692931,0.0,0.0,,0.0,0.0,,0.0,0.0,
zane33,0.012122524082692931,0.0,0.0,,0.0,0.0,,0.0,0.0,
zano2023,0.012122524082692931,0.0,0.0,,0.0,0.0,,0.0,0.0,
zaur-mammadov,0.012122524082692931,0.0,0.0,,0.0,0.0,,0.020308692120227456,0.00025,81.23476848090982
zeitnot2006,0.012122524082692931,0.0,0.0,,0.0,0.0,,0.0,0.0,
zeitnotakrobat,0.012122524082692931,0.0,0.0,,0.0,0.0,,0.0,0.0,
zenitushka,0.012122524082692931,0.0,0.0,,0.0,0.0,,0.0,0.0,
zhoh_off,0.8760996141652774,0.0,0.0,,0.0,0.0,,0.0,0.0,
zimmm36,0.012122524082692931,0.0,0.0,,0.0,0.0,,0.0,0.0,
zivicd,0.012122524082692931,0.0,0.0,,0.0,0.0,,0.0,0.0,
zmarian,0.012122524082692931,0.0,0.0,,0.0,0.0,,0.0,0.0,
zmeeed67,0.012122524082692931,0.0,0.0,,0.0,0.0,,0.0,0.0,
zoladkowa360,0.2579572868114393,0.0,0.0,,0.0,0.0,,0.0,0.0,
zouchen6,0.012122524082692931,0.0,0.0,,0.0,0.0,,0.0,0.0,
zozik,0.012122524082692931,0.0,0.0,,0.0,0.0,,0.0,0.0,
zsizsi99,0.012122524082692931,0.0,0.0,,0.0,0.0,,0.0,0.0,
zsoltkorpics,0.012122524082692931,0.0,0.0,,0.0,0.0,,0.0,0.0,
zubridis,0.012122524082692931,0.0,0.0,,0.0,0.0,,0.0,0.0,
zurzan,0.012122524082692931,0.0,0.0,,0.0,0.0,,0.0,0.0,
zutragg,0.012122524082692931,0.0,0.0,,0.0,0.0,,0.0,0.0,
zuzannaklara,0.012122524082692931,0.0,0.0,,0.0,0.0,,0.0,0.0,
zverr1,0.6270808157505863,0.0,0.0,,0.0,0.0,,0.0,0.0,
