username,date,p_gradient_boost,p_logistic,p_random_forest,p_ensemble
alexrustemov,2026-07-14,0.9353707674502983,0.9481652002938064,0.96025740104228,0.9479311229287948
GeorgiosSouleidis,2026-07-14,0.9342031257160927,0.9474307509272717,0.9610476771281801,0.9475605179238481
vladgoncharov,2026-07-14,0.932212812206684,0.9461513329403097,0.9609727982335421,0.9464456477935119
Boundless_Strike,2026-07-14,0.9295851540933084,0.9477274011238056,0.9607924821874991,0.9460350124682044
MITerryble,2026-07-14,0.9297389805076496,0.947327983346977,0.9603425634008407,0.9458031757518223
mishanick,2026-07-14,0.9235083637368943,0.9474085588131687,0.9546436332895327,0.9418535186131985
manitodeplomo,2026-07-14,0.9159677250010214,0.9423801238518407,0.9589996846344804,0.9391158444957807
Witik,2026-07-14,0.9181150580240764,0.9432193573992407,0.9530976347593964,0.9381440167275712
mwpchess,2026-07-14,0.9125133558767563,0.9415129434913396,0.9601181370587604,0.9380481454756188
ural58,2026-07-14,0.9066245597629695,0.941565832062812,0.9532872345804503,0.9338258754687438
Cheer_Down,2026-07-14,0.8987879660694522,0.938345029635592,0.9536188412849892,0.9302506123300112
Witty_Alien,2026-07-14,0.8915464758296598,0.9416998593309559,0.952093968792457,0.9284467679843575
Smiechu,2026-07-14,0.8970081226600816,0.9301702286585039,0.9512830187696529,0.9261537900294128
viktorskliarov,2026-07-14,0.8915542240506289,0.9334597543769954,0.9485064229797932,0.9245068004691391
Oleksandr_Bortnyk,2026-07-14,0.8922389768514447,0.9359861073172704,0.9353630438508705,0.9211960426731952
NikitaShandrygin,2026-07-14,0.8614573231321749,0.939991727115596,0.9472266676772084,0.9162252393083264
Beca95,2026-07-14,0.8627965406003317,0.940509760494796,0.9422086488636148,0.9151716499862474
RobertoJBM,2026-07-14,0.8668010856028199,0.9260158535688738,0.9443852290781537,0.9124007227499491
MatthewG-p4p,2026-07-14,0.8795466277458394,0.9244881740338348,0.9324330757926156,0.9121559591907632
Shuvalov,2026-07-14,0.8793204939658403,0.9304584483418541,0.9263815092072507,0.9120534838383151
EugeneFurman,2026-07-14,0.8730484119605324,0.9271785522980522,0.9339884178632373,0.9114051273739406
gaidym72,2026-07-14,0.8626835788814238,0.9214645301446567,0.9419363009393933,0.9086948033218246
vovachesss,2026-07-14,0.8578203578114462,0.9325174437262959,0.9347458933113242,0.9083612316163553
RandomNoob04,2026-07-14,0.8607581943647538,0.9166887857247015,0.9473308924508976,0.9082592908467843
Msb2,2026-07-14,0.8700118935748791,0.9406673731386351,0.9131738644621382,0.9079510437252175
Shivananda1964,2026-07-14,0.8547533824402435,0.9273497491427817,0.9329142390018075,0.9050057901949442
Mise2020,2026-07-14,0.8407126433847765,0.9379228272743025,0.936292197344048,0.9049758893343757
crescentmoon2411,2026-07-14,0.8476477281754441,0.9311015122419843,0.933941193123594,0.9042301445136741
Hikaru,2026-07-14,0.8611592977630252,0.943034784297002,0.9078999716608694,0.9040313512402989
wonderfultime,2026-07-14,0.8601493695493737,0.9260883882445453,0.9245749863895787,0.9036042480611659
FairChess_on_YouTube,2026-07-14,0.8537224677045261,0.9306173346393327,0.9243847984356779,0.9029082002598455
bazar-wokzal,2026-07-14,0.8663981390210782,0.9120971564039335,0.9246031999490117,0.9010328317913411
Ginger_GM,2026-07-14,0.836849637033176,0.9262246687302494,0.9194106961215376,0.8941616672949877
Recombinant,2026-07-14,0.8203415462770416,0.9221424264870652,0.9357323417762973,0.8927387715134681
MikeSailer,2026-07-14,0.8441317213647331,0.9112551364321887,0.9199546402971525,0.8917804993646915
rasmussvane,2026-07-14,0.825609502390845,0.9394705187962479,0.9080142521581483,0.8910314244484137
Matols,2026-07-14,0.8258721908678631,0.9217049524947605,0.9210131369500583,0.8895300934375606
karinachess1,2026-07-14,0.8560773005771227,0.8961957788702993,0.9070879068009425,0.8864536620827882
Lion-Al-Messi,2026-07-14,0.8264036082728046,0.918937693517089,0.9089455155333573,0.8847622724410836
Mikhal867,2026-07-14,0.811686568077753,0.9168083730331584,0.9089052497528911,0.8791333969546008
Kotofeyca,2026-07-14,0.8264377216013982,0.9224383991691599,0.8874661047010233,0.8787807418238605
amylazy,2026-07-14,0.8065142877953173,0.9090465126429736,0.9207693162641032,0.8787767055674647
artin10862,2026-07-14,0.8093163650804591,0.9217639331212992,0.9049371148616042,0.8786724710211208
Parhamov,2026-07-14,0.8024968849839705,0.9063529102404264,0.9271329362557408,0.8786609104933792
shirovin,2026-07-14,0.8347675393397677,0.9000143525224014,0.9010032755415083,0.8785950558012257
MaxLeto,2026-07-14,0.836336512241417,0.9131048973443983,0.8796941235500481,0.8763785110452877
SuanQuek,2026-07-14,0.8115324198506965,0.8834934624595109,0.930051776457245,0.8750258862558175
Meri-Arabidze,2026-07-14,0.7982694295782642,0.9223174667612595,0.8919253653024769,0.8708374205473336
JoliyRoger,2026-07-14,0.8278224051952526,0.8981152555709122,0.8848549366007394,0.8702641991223015
Byniolus,2026-07-14,0.8200110058140803,0.9021701182285848,0.8843785020177638,0.8688532086868096
mw86,2026-07-14,0.7761386766363938,0.9163393639513093,0.9128479585025688,0.8684419996967573
Sam_ChessMood,2026-07-14,0.7769249893347421,0.9126876562129299,0.9147130214993682,0.8681085556823467
Zurability,2026-07-14,0.7881398629730283,0.9184430381138728,0.8887855097904815,0.8651228036257942
Fh2411,2026-07-14,0.8124415665568582,0.8897285808288764,0.8923479056688506,0.864839351018195
temus_galaktionov,2026-07-14,0.7668330123843226,0.9189098837200151,0.9069741482728285,0.8642390147923887
LuisFSiles,2026-07-14,0.8104385692427974,0.887994299036979,0.8852546027312429,0.8612291570036731
Tugaychess,2026-07-14,0.7661099826807614,0.912124929857128,0.9022891954459216,0.8601747026612703
DenLaz,2026-07-14,0.7669940618597101,0.927407538521719,0.8842634989829602,0.8595550331214631
zhoh_off,2026-07-14,0.7839212126355981,0.8821629388995824,0.9096815262571551,0.8585885592641119
jannurchess,2026-07-14,0.7775677216593564,0.893495628001083,0.8971329827372321,0.8560654441325571
chuessco,2026-07-14,0.7701995578995318,0.8871076956096411,0.9091499469274897,0.8554857334788876
rezamahdavi2008,2026-07-14,0.7631125846594232,0.9231943913524617,0.8755501882020361,0.853952388071307
zverr1,2026-07-14,0.768531155411397,0.9128494033359242,0.8726604258640946,0.851346994870472
GHANDEEVAM2003,2026-07-14,0.7525402186091668,0.9051248333590762,0.8886058414001624,0.8487569644561351
Polish_fighter3000,2026-07-14,0.7382329113312759,0.9136688796614534,0.8821743371085798,0.8446920427004363
samdanov,2026-07-14,0.7442439820461352,0.8913399829822161,0.8947142137626415,0.8434327262636643
Alechess1351,2026-07-14,0.7295968907021307,0.9024642570938464,0.893455225355661,0.841838791050546
Kirill_Klukin,2026-07-14,0.7566035093470568,0.8954334196960986,0.8732669464496542,0.8417679584976031
GelmanAlexander,2026-07-14,0.734535185028134,0.9026479494471195,0.8849591356780989,0.8407140900511174
Lucasnzbr10,2026-07-14,0.7494519909422827,0.8702904964775257,0.9021034968446826,0.8406153280881637
snehahalder2009,2026-07-14,0.723370107941076,0.8976119596211465,0.8963638597194606,0.8391153090938944
crazy_m_attack,2026-07-14,0.7241868059767231,0.9104346774244472,0.8762813482197391,0.8369676105403032
Vesper2018,2026-07-14,0.7425730007915433,0.8878193815745653,0.8775392344553954,0.835977205607168
futurechamp1907,2026-07-14,0.7197432819964037,0.8929668140410193,0.8900745689582327,0.8342615549985518
Sina-Movahed,2026-07-14,0.6989137994584012,0.9002578415399033,0.897616465383281,0.8322627021271951
ChristopherYoo,2026-07-14,0.7260159762288705,0.887414811971953,0.8818838734258467,0.8317715538755568
shimastream,2026-07-14,0.7615524862872743,0.878619761833047,0.8549593356908269,0.8317105279370495
EndGameDestroyer,2026-07-14,0.7180558250731964,0.8811422657833125,0.8934390779405734,0.8308790562656941
dropstoneDP,2026-07-14,0.7873141198227979,0.8596175863598047,0.8447485791322726,0.8305600951049584
nitpicker,2026-07-14,0.7358267717529748,0.8799184537073997,0.8737404874245672,0.8298285709616473
GrotBchess,2026-07-14,0.7120686507618388,0.9094590254453144,0.8607572712866672,0.8274283158312735
acidShazz,2026-07-14,0.6948669845302827,0.9078418959600497,0.874099345997113,0.8256027421624818
NastyaHn,2026-07-14,0.6994503562113485,0.8991969711159234,0.8702043770790526,0.8229505681354415
LeoAlonso,2026-07-14,0.6943780987804078,0.8902393627318277,0.8755318255457112,0.8200497623526489
ckgchess,2026-07-14,0.70402624973859,0.8948537668337108,0.8607702038117986,0.8198834067946997
Aradhya2000,2026-07-14,0.7297299201212604,0.8744980622564826,0.8550625016974537,0.8197634946917322
Zhuu96,2026-07-14,0.6928834467278668,0.8854125470606637,0.8789165805064869,0.8190708580983391
AlexPapasimakopoulos,2026-07-14,0.7468868850118993,0.8764052113939362,0.8265325681391604,0.8166082215149987
Leonid_Starozhilov,2026-07-14,0.7069001888554711,0.8688269451949565,0.8710180628763061,0.8155817323089113
Flawless_Fighter,2026-07-14,0.71424964165407,0.877733145937011,0.8357534659908399,0.8092454178606404
rhwr,2026-07-14,0.6919643392666694,0.8470273299131211,0.8861333934247873,0.8083750208681927
FabianoCaruana,2026-07-14,0.7183891847871512,0.8830681357305334,0.823395416196811,0.8082842455714986
GMBenjaminBok,2026-07-14,0.7120580025273576,0.8551902790374987,0.8498795049640928,0.8057092621763164
Little_Skib,2026-07-14,0.6620471311953031,0.8883463950978915,0.8653288433639953,0.80524078988573
Louis-Paulsen-Fan,2026-07-14,0.6764168837694637,0.8810733476118607,0.8544024235799981,0.8039642183204408
vi_pranav,2026-07-14,0.6970507501568841,0.8891495670631469,0.8200138608682491,0.8020713926960933
Jospem,2026-07-14,0.7547771241731496,0.8357433616004666,0.8083479385869502,0.7996228081201888
TJTabernilla_Imus_12,2026-07-14,0.6854775648781088,0.8510502972650839,0.8613658441341495,0.7992979020924474
Orest_Vovk,2026-07-14,0.6946485380771878,0.8609657081837259,0.8400290572857172,0.798547767848877
OparinGrigoriy,2026-07-14,0.7120493802999082,0.8600525618074735,0.8209711705819821,0.7976910375631213
amintabatabaei,2026-07-14,0.6805099743482086,0.8854914379989987,0.8256684850938943,0.7972232991470339
somewhatunpredictable,2026-07-14,0.6619568965267618,0.8566790895590516,0.8693463758639635,0.7959941206499256
TiagoMangialardo,2026-07-14,0.6610607611369539,0.8752621508542922,0.8462374082404999,0.794186773410582
pomp523,2026-07-14,0.6607521803440224,0.8626119008341978,0.8493399202727909,0.7909013338170037
Slawomir_Kurpiewski,2026-07-14,0.6574618713920833,0.8678667201608172,0.8465720988734325,0.7906335634754443
Icaro_83,2026-07-14,0.6649709508229373,0.850496272496962,0.8538281934542763,0.7897651389247252
screwdriver2009,2026-07-14,0.6616514943562392,0.8434827151688248,0.8611489168038652,0.788761042109643
LIUSIA,2026-07-14,0.642704796641137,0.8896522783396837,0.8265753322482309,0.7863108024096839
Baratheont,2026-07-14,0.6541433038775621,0.8642592341936299,0.8400656989767465,0.7861560790159796
RuslanN88,2026-07-14,0.641778834955219,0.8844398879390994,0.8315420091276537,0.7859202440073241
NiviAttack,2026-07-14,0.6477477449788819,0.8784071586343457,0.8315713263262937,0.7859087433131737
FGHSMN,2026-07-14,0.651434443131597,0.8866264419156519,0.8122888831696204,0.7834499227389564
yavrukurt40,2026-07-14,0.6715622333238509,0.8348095453779857,0.8419253469421838,0.7827657085480068
MostafaSakha,2026-07-14,0.6315506499678931,0.8755300552546137,0.8411440321831702,0.7827415791352257
DawidCzerw,2026-07-14,0.6466706436961264,0.8666764149482997,0.8345145984417237,0.78262055236205
AlexandraSamaganova,2026-07-14,0.6517916296550891,0.8571370826371413,0.8380151300525653,0.7823146141149319
MaestroCheck,2026-07-14,0.6504756200382795,0.8608707286108753,0.834759183866311,0.7820351775051554
Zuko07,2026-07-14,0.6490979798424494,0.8406698406820263,0.8542130564598268,0.7813269589947676
Chera_Chola_Pandya_in2024,2026-07-14,0.6292568601895252,0.8648276069161931,0.8449150469522162,0.7796665046859781
komogro,2026-07-14,0.6591270078032714,0.8458555370866984,0.8317016454061205,0.7788947300986967
Andrey_Klymchuk,2026-07-14,0.6408966297887976,0.8574949956090139,0.8364389392624793,0.7782768548867636
Bardiya06,2026-07-14,0.6458636356084215,0.8360435695009323,0.8528309843243068,0.7782460631445535
MaurinM,2026-07-14,0.6225578523573381,0.8747156507707915,0.8308433921336941,0.7760389650872747
Szparu,2026-07-14,0.6665951941523045,0.8342329487919612,0.8271830814090855,0.7760037414511171
yosephtaher,2026-07-14,0.6252059675799924,0.8565324974603724,0.8435108173531808,0.7750830941311819
Maus7,2026-07-14,0.6439192070368606,0.863392475664977,0.816972944255375,0.7747615423190709
Tim1234321,2026-07-14,0.6449765462473308,0.853508663699963,0.8177895553967168,0.7720915884480036
Konavets,2026-07-14,0.6243121664285106,0.8493475499006495,0.8389083973596705,0.7708560378962769
Eloist,2026-07-14,0.6686341958399667,0.8318310880898415,0.8068556494670878,0.7691069777989653
volanchikchess,2026-07-14,0.6297997374986192,0.8498260639827014,0.8269000990343084,0.768841966838543
wild3000,2026-07-14,0.6726601514774823,0.8242175560531362,0.809056161376741,0.7686446229691198
jefferyx,2026-07-14,0.6413695158601858,0.8630466727337656,0.8014968173363195,0.7686376686434236
djano,2026-07-14,0.6903835109784016,0.8192235286162246,0.7915637722372673,0.7670569372772977
vgjxtyi,2026-07-14,0.6693077158948003,0.7998863572524544,0.830003310474907,0.766399127874054
Grischuk,2026-07-14,0.6391141084076195,0.84472241716042,0.8142018545321195,0.7660127933667197
BrockLesnar16,2026-07-14,0.6751657923406703,0.7921454461547964,0.8298448613771476,0.7657186999575382
jcibarra,2026-07-14,0.6902280894766938,0.8298077272586831,0.7746979555860553,0.7649112574404774
faryma91,2026-07-14,0.6704971713110193,0.794262628323354,0.8297356601140106,0.7648318199161279
MIss_MIaMI,2026-07-14,0.6176135819071377,0.8395637827478853,0.8356054032605736,0.7642609226385323
artooon,2026-07-14,0.6482619467819178,0.8429555981586296,0.796710987404655,0.7626428441150676
Shield12,2026-07-14,0.6403588586587373,0.8601923068119997,0.7861695521358087,0.7622402392021819
Mirchi_26,2026-07-14,0.6263286544148717,0.848596030505039,0.8109996400587491,0.7619747749928866
knightrider1357,2026-07-14,0.6680021088724033,0.7845582853351337,0.8297495199292562,0.760769971378931
safikiet,2026-07-14,0.6272359405492963,0.8369128311380736,0.8152199170688017,0.7597895629187238
Magila31,2026-07-14,0.6428489671153296,0.8210243931759891,0.811999469902337,0.7586242767312186
savitha1030,2026-07-14,0.6150452513757666,0.8530612468961988,0.7983078655786752,0.7554714546168801
dimoointheworld,2026-07-14,0.6271877349169974,0.80665370714628,0.8299573484170808,0.754599596826786
Turboplombir,2026-07-14,0.5974719394079384,0.8631105579261763,0.801684146354844,0.754088881229653
only_strong_moves,2026-07-14,0.6112078810692759,0.8579159471713833,0.7928931926814127,0.7540056736406907
Germanovs_Georgijs,2026-07-14,0.6042461735904581,0.844627965635374,0.8116297833924206,0.7535013075394176
cabezauro,2026-07-14,0.5957304333336989,0.8328731350318586,0.8279130814537368,0.7521722166064314
borasavran35,2026-07-14,0.6062650727341684,0.835379650169702,0.8123608747305225,0.7513351992114643
B_Griffin,2026-07-14,0.6011213759122509,0.8456426057474504,0.8070098637947285,0.75125794848481
MetiForce,2026-07-14,0.5928518881132246,0.8462426506801765,0.8129301988927078,0.7506749125620363
SuperAwesomeSarthak,2026-07-14,0.5857828644069543,0.8405583071879843,0.824304518320591,0.7502152299718432
Bacus79,2026-07-14,0.6058471434208506,0.8224121118282429,0.8215279042954182,0.7499290531815039
seccafim,2026-07-14,0.616229524615314,0.8088069607003896,0.8192803182403494,0.7481056011853511
waly48ks,2026-07-14,0.6324229224163693,0.7914067153664972,0.8172759872041147,0.7470352083289938
Gray_3024,2026-07-14,0.593669392840582,0.8308046741554498,0.8152801645829887,0.7465847438596734
ThePersianCreed,2026-07-14,0.6252727641386406,0.7996535284386637,0.8130720212931867,0.7459994379568303
chrisclaireredfield,2026-07-14,0.6095624669706521,0.8099614972733277,0.8096045097003196,0.7430428246480997
rotimilapite,2026-07-14,0.6389715047018725,0.7753957443346063,0.8147325537819018,0.743033267606127
Battery_chess,2026-07-14,0.5777280894982452,0.8368727524487022,0.8082857695186118,0.740962203821853
Achuvettan,2026-07-14,0.6555120642825837,0.751362523912415,0.8158761333347653,0.740916907176588
Alex_Banzea,2026-07-14,0.5793454277531295,0.8445410274695986,0.7972570908307013,0.7403811820178098
PaBr21,2026-07-14,0.6580592556164055,0.7411609380916266,0.8151079071896088,0.7381093669658804
NowInChess,2026-07-14,0.5932380996975865,0.8403910916262823,0.7790794730275049,0.7375695547837912
ArtemyKhan,2026-07-14,0.5816586372875625,0.8306316177046894,0.7973005120207164,0.7365302556709894
scarabee43,2026-07-14,0.5866025040080489,0.8412408891207996,0.7754352884582264,0.7344262271956916
Gryffindorac8,2026-07-14,0.6018456735845898,0.8391639160537245,0.7622681935173371,0.7344259277185504
Manukyan_Artak,2026-07-14,0.6752419646252728,0.7623082007229677,0.7634983552922584,0.7336828402134996
InfiniteFlo,2026-07-14,0.5820998546193683,0.8209510564221633,0.7888490497108822,0.7306333202508046
Bencus12,2026-07-14,0.5712891886527977,0.8205827282847835,0.798135209587083,0.7300023755082213
Aspirant-Bitume,2026-07-14,0.5704688637368117,0.8215588603005641,0.7843045383503928,0.7254440874625896
GM_dmitrij,2026-07-14,0.5886926823401228,0.820712190150821,0.7658805254263593,0.7250951326391011
Zkid,2026-07-14,0.5825705341030021,0.799364719365435,0.7907485099320314,0.7242279211334894
ritanovikova,2026-07-14,0.5744646798499656,0.8082929113827905,0.7860530940729378,0.7229368951018978
elis06,2026-07-14,0.5914962813961671,0.7920319638011579,0.7849811990923993,0.7228364814299081
MercilessVictory,2026-07-14,0.5934207435937523,0.776481745258642,0.7972233145482389,0.722375267800211
JanistanTV,2026-07-14,0.5684533993004853,0.8205877205957781,0.7774119824186841,0.7221510341049825
BillieKimbah,2026-07-14,0.5541610795027635,0.8281832163724082,0.780150179471405,0.7208314917821923
Johajedrezz,2026-07-14,0.5467338043442898,0.828750738574623,0.7853594320331095,0.7202813249840073
kaidanov,2026-07-14,0.567358715883422,0.7998888373467677,0.7912378792001015,0.7194951441434304
God_speedmove,2026-07-14,0.5741195277779565,0.792552105629427,0.7828951980402816,0.7165222771492218
GeneralZod,2026-07-14,0.5860437871116395,0.7660495200342301,0.7974576311800763,0.716516979441982
snowlord,2026-07-14,0.5707323305610305,0.7983924943059276,0.7774922972595754,0.7155390407088444
annacramling,2026-07-14,0.5632774043831108,0.8191709529204771,0.7639463502502604,0.7154649025179495
Yan_Dyomin2010,2026-07-14,0.5695167883306517,0.806904099837492,0.7697324630084036,0.7153844503921825
Pinkpawn2023,2026-07-14,0.5921764677915599,0.755616380628857,0.7951204553623518,0.7143044345942563
LionTheLeon_06,2026-07-14,0.5543291269739828,0.8016213158496205,0.7838190111607481,0.7132564846614505
rikchessmx,2026-07-14,0.5851100180048046,0.7982698160408987,0.7541159210598404,0.7124985850351813
ElVital,2026-07-14,0.5544377290287533,0.7999377130299404,0.7823762845307252,0.7122505755298064
NiklasSchmider,2026-07-14,0.5633331224477546,0.797312676243341,0.7745787081508858,0.7117415022806605
Katheringomezarias,2026-07-14,0.5486598937229689,0.8061503063350487,0.7797682718706531,0.7115261573095569
Hephaestus_11,2026-07-14,0.5299949614717595,0.8125748607865304,0.7897942541323321,0.7107880254635407
Smexov,2026-07-14,0.6063468542276333,0.7211388228514973,0.802306732887387,0.7099308033221726
sun_chan_lee,2026-07-14,0.5584798407164261,0.7865660733101206,0.7821298638588278,0.7090585926284582
Irina_Mikhaylova,2026-07-14,0.5534265482910732,0.798565608974858,0.7741130824798056,0.7087017465819122
ToivoK3,2026-07-14,0.5639482375951858,0.7815467272021831,0.7796337776191957,0.7083762474721883
HansOnTwitch,2026-07-14,0.5607446851254776,0.7878071737284843,0.7744467315107952,0.7076661967882524
NMChessToImpress,2026-07-14,0.5427688754812453,0.821332164826307,0.7578830597795273,0.7073280333623598
Gravity_Chess,2026-07-14,0.5571468585500723,0.7831916079888354,0.7734372032729181,0.7045918899372752
NodariousBIG,2026-07-14,0.5398400834418854,0.7961254023442474,0.7765518254238298,0.7041724370699876
saumya402,2026-07-14,0.6197612002741868,0.7189532286665158,0.7718131268550062,0.7035091852652363
DNPascual,2026-07-14,0.5646178944241966,0.7538124400632851,0.7887856976344062,0.7024053440406294
Iskusnyh,2026-07-14,0.6444835232123827,0.7143858622920751,0.7460185470532751,0.7016293108525776
kassablanca,2026-07-14,0.5739608763502653,0.746211509778173,0.7840588652024393,0.7014104171102925
FROGGY64,2026-07-14,0.5899997784751863,0.7185010443366233,0.7955881349346258,0.7013629859154785
EseVeisi,2026-07-14,0.5356895714479851,0.7947554769556961,0.7717076753511235,0.7007175745849349
JOHNCENATHEGOAT1,2026-07-14,0.5394839139026472,0.7930542836773474,0.7694945643491785,0.7006775873097243
tetrix83,2026-07-14,0.5353807583026535,0.7999025767437166,0.7655490100616715,0.7002774483693472
TheSpiderLion,2026-07-14,0.5387515428422807,0.7818781501417778,0.7799874151936521,0.7002057027259035
Aygehovit1992,2026-07-14,0.5720944914617431,0.7568432793222583,0.7694501840172185,0.6994626516004067
Sunny_Star,2026-07-14,0.5505657851517732,0.7761525358728915,0.7697743066586412,0.6988308758944353
K_A_S_T_O_R,2026-07-14,0.5959311118745545,0.7600893262719602,0.7384308844868598,0.6981504408777915
EnzoFerrara,2026-07-14,0.5211998472740731,0.8012253188921526,0.7713801625976292,0.6979351095879517
BeanScreen,2026-07-14,0.5681105981083255,0.7821908894749764,0.7425234686183105,0.6976083187338707
chessmatist53,2026-07-14,0.5332400302942192,0.7876376343530681,0.7706627227768716,0.6971801291413863
Andreikka,2026-07-14,0.551303007817329,0.8012420552218305,0.7373591346120227,0.6966347325503941
physisian_chess,2026-07-14,0.518954104513069,0.8065618778657332,0.7628442694929239,0.696120083957242
Rebequeen08,2026-07-14,0.5276646937766895,0.7828264586238932,0.7657845966697241,0.692091916356769
ChesswithAkeem,2026-07-14,0.518070643605915,0.7867503456810666,0.7689691377001825,0.691263375662388
BILLYS2010,2026-07-14,0.49307975438324286,0.8099042991979458,0.7689476918792265,0.6906439151534718
Larchikov,2026-07-14,0.5286008799546068,0.7583017902880005,0.7832476911736428,0.6900501204720833
Trojan-Knight,2026-07-14,0.49274898331580624,0.8202862783529024,0.7516881434210484,0.688241135029919
GMWSO,2026-07-14,0.5410608443700523,0.7875577274371655,0.7357491109143206,0.6881225609071794
samaksh_ashok,2026-07-14,0.5410887782467987,0.7431409799187835,0.7752162345876634,0.6864819975844152
goozack,2026-07-14,0.5339956042991999,0.760266056040244,0.7635893285646485,0.6859503296346974
Papas_con_nuggets,2026-07-14,0.5265827368540724,0.7717112138297291,0.7595325031326762,0.6859421512721592
igorvershinin2009,2026-07-14,0.5254580343823149,0.76750083409661,0.7570966604694297,0.6833518429827848
platy3,2026-07-14,0.5196997041632895,0.7787929804015067,0.7510773804733583,0.6831900216793848
Patron_del_Mal,2026-07-14,0.5263738914417284,0.7579433324894715,0.7641289548638744,0.6828153929316915
chesshippopotamus15,2026-07-14,0.5694747978370874,0.7043765061732354,0.7725086728498037,0.6821199922867088
M_Pank_537,2026-07-14,0.4779871224352598,0.8160417814287648,0.7509449000587334,0.6816579346409194
Volodar_Murzin,2026-07-14,0.5164994934873838,0.7942240787602163,0.7317748352795753,0.6808328025090584
hansen,2026-07-14,0.555185338734146,0.7442061907322983,0.742212620818627,0.6805347167616905
IMRosen,2026-07-14,0.5363012427979684,0.7893540094128306,0.7146603443629317,0.6801051988579103
Let_it_be_1,2026-07-14,0.5537555891183215,0.7233248300359832,0.7616674955438779,0.6795826382327276
WMirBV,2026-07-14,0.512194563139496,0.7934655533483309,0.7274341995182696,0.6776981053353656
c63_amg,2026-07-14,0.5290598187666504,0.7659938586843553,0.7351934768320868,0.6767490514276976
sergoy,2026-07-14,0.4765188764707585,0.8089206717033988,0.7345684176528775,0.6733359886090117
carokannlover213,2026-07-14,0.5171546659533782,0.7684505466500946,0.7300375466131218,0.6718809197388649
MaLeK_Koniahli,2026-07-14,0.4979270607153197,0.7626804026366528,0.7529506493697338,0.6711860375739022
khaled_seyam_2012,2026-07-14,0.49982576767906467,0.7642600849375503,0.7466917288982419,0.6702591938382856
wesalmoshtael,2026-07-14,0.4833474485369362,0.7731273293533754,0.748104209772427,0.6681929958875795
mitrabhaa,2026-07-14,0.492531437494107,0.8016991370231314,0.708413401312616,0.6675479919432847
AliKa2810,2026-07-14,0.5160861869113041,0.7440635336687008,0.7367989513079608,0.6656495572959886
TILAHUN-ABEL-MATHEWOS,2026-07-14,0.5370984528854662,0.7048942903348007,0.7549413033319322,0.6656446821840664
Aguiar94,2026-07-14,0.5103070242506597,0.7603721473582016,0.722277387068479,0.6643188528924467
Gareth-Bale11,2026-07-14,0.4834710736393066,0.777387260825621,0.7300714204808579,0.6636432516485952
chess123456s,2026-07-14,0.5385906562375008,0.7278732910172091,0.7239635512226438,0.6634758328257845
misutodn,2026-07-14,0.4694166524781473,0.7704404449404775,0.7502802909749703,0.6633791294645316
Roedor,2026-07-14,0.5189921550546582,0.7405886153305998,0.7157450607065137,0.6584419436972572
Jumbo,2026-07-14,0.49382803844597034,0.7547474084809611,0.7247133617537815,0.6577629362269043
fan_of_chess1908,2026-07-14,0.4771290544079561,0.7712195748625748,0.7236494076255007,0.6573326789653439
chess94cu,2026-07-14,0.5029070051746208,0.73543218399414,0.7323298241791433,0.6568896711159681
moro182,2026-07-14,0.49232304283829326,0.7746694085225222,0.6985001668854476,0.6551642060820877
conformalfunction,2026-07-14,0.4895985215850019,0.7357004374684146,0.7389725915031865,0.6547571835188677
Aka_Regulus,2026-07-14,0.5207079860764786,0.6953888404595345,0.7481239926665897,0.6547402730675344
mywarrior500,2026-07-14,0.4761980718346425,0.7681846561738299,0.7193333048227402,0.6545720109437375
bubeliang,2026-07-14,0.4688502113198493,0.7779873860603267,0.7162177927501509,0.654351796710109
Antosha_Chekhonte,2026-07-14,0.4842811956568763,0.7205676823000656,0.7570489798408065,0.6539659525992495
chessdevotee26,2026-07-14,0.4525051429790278,0.778056297496999,0.7151159227641517,0.6485591210800595
Micki-taryan,2026-07-14,0.4705104910924045,0.7679757144174151,0.7070325072229519,0.6485062375775904
quantisium,2026-07-14,0.49436870146249157,0.7275038260122724,0.7228050290314287,0.6482258521687309
Tikhon_Popov,2026-07-14,0.4540994105786133,0.7618491002657235,0.7287055609228504,0.6482180239223957
AndriiDiachek,2026-07-14,0.43107769587199674,0.7995810378528238,0.7105559383436121,0.6470715573561442
Kashthuri3,2026-07-14,0.4698975850555865,0.7362338229147856,0.73475334863088,0.6469615855337506
LevKotelva,2026-07-14,0.5068547186349733,0.7129485480360593,0.7201247661895573,0.6466426776201967
chess13524678,2026-07-14,0.4934790427097031,0.742469531386754,0.703957593508205,0.6466353892015541
Iljiushenok_Ilya,2026-07-14,0.5042494026161989,0.7106993100048086,0.7244655855253047,0.6464714327154374
ContrVersia,2026-07-14,0.49425865377038897,0.7081507396245302,0.7257574585517211,0.6427222839822134
mestrefeitosa19,2026-07-14,0.4425832220941823,0.7505286197614796,0.7331301630527114,0.6420806683027911
laiditmang05_ducminh,2026-07-14,0.47001775809085433,0.7213020427642125,0.7346976729497839,0.6420058246016169
GalaxySearcher,2026-07-14,0.4614020577631164,0.7214295104838052,0.741109649622216,0.6413137392897126
GMKrikor,2026-07-14,0.48712468053807895,0.7389405549390489,0.6899673628595935,0.638677532778907
Tagir45,2026-07-14,0.47755362434253124,0.7059909969532319,0.7301393960259652,0.6378946724405762
ccccvhhhj,2026-07-14,0.48642322695294155,0.7302854272664676,0.6968605424449608,0.6378563988881233
gpsji27,2026-07-14,0.4892993090000385,0.7274958339706082,0.6915195806385642,0.6361049078697371
ASCeNDer21,2026-07-14,0.4717387993625327,0.712137026638746,0.724110566518879,0.6359954641733859
linesman39,2026-07-14,0.4880305101498948,0.6838117068501643,0.7305291758936593,0.6341237976312395
Aemulus20,2026-07-14,0.5092531145298202,0.7012412305313718,0.6904471571593941,0.633647167406862
MuzisChess,2026-07-14,0.4938232479602755,0.6671738543166122,0.7365509214319726,0.6325160079029534
Jesper_Kjaergaard-Jensen,2026-07-14,0.45106641913606565,0.7423467013976836,0.7026242532610398,0.6320124579315963
Stephenzinho,2026-07-14,0.4744185846999627,0.7055269308859832,0.7160106597726644,0.6319853917862034
andrew-blr,2026-07-14,0.4327688218120623,0.7695756182572918,0.6872746732371035,0.6298730377688192
DenizDirikolu09,2026-07-14,0.4513899103719195,0.7102329044108276,0.7250305482592525,0.6288844543473332
timurdzhaan,2026-07-14,0.4690672254699779,0.7232821570459357,0.6933312482752919,0.6285602102637352
Khromkin,2026-07-14,0.44650029102662636,0.7174174970495062,0.7171060155493624,0.6270079345418317
ChessMarkoD,2026-07-14,0.4686536190323123,0.7091376826485661,0.6931966652646918,0.6236626556485234
frederiksvane,2026-07-14,0.5077449866725474,0.6942325781833899,0.6672856647185855,0.6230877431915077
Ga_R,2026-07-14,0.43313246058122784,0.7121843604176864,0.7233361403525188,0.6228843204504777
DarkAlekhine,2026-07-14,0.4205124635909247,0.7472219639874371,0.6991516657057933,0.6222953644280517
gmsolver,2026-07-14,0.4612418229574669,0.7053181149039007,0.699685398713415,0.6220817788582608
Nagireocanon,2026-07-14,0.45524720799321405,0.699153449479345,0.7101676513031482,0.6215227695919023
darknessss_1,2026-07-14,0.47553852977688416,0.6746977304794596,0.7116224196886636,0.6206195599816691
FARIZA2018,2026-07-14,0.49144587946310186,0.6887413760019911,0.6807015277837521,0.6202962610829483
Kapetan4,2026-07-14,0.48196704983150473,0.6781925030685447,0.6997720790582426,0.619977210652764
tptagain,2026-07-14,0.47616566287501993,0.6852559207798775,0.6967771140665967,0.6193995659071647
betta2004,2026-07-14,0.4235936168025331,0.7367474697542326,0.6920615117347882,0.6174675327638512
Kosak12,2026-07-14,0.459404482383921,0.7239109367036347,0.6660597588022857,0.6164583926299471
miguelho67,2026-07-14,0.46800694593526926,0.667602415491148,0.7136590923092325,0.6164228179118832
drisdan13,2026-07-14,0.4455254406873615,0.6932152690323441,0.706691427706035,0.6151440458085802
AlainBruxelles,2026-07-14,0.44313251406484483,0.7209509257023351,0.6786634855116876,0.614248975092956
just_bahodirovv,2026-07-14,0.46190057192002193,0.6643689025329267,0.708151224968311,0.6114735664737533
NikoTheodorou,2026-07-14,0.41987502818123135,0.732756877487962,0.6773933619808915,0.6100084225500283
JaroslavSobek,2026-07-14,0.45023984781435283,0.6874161745302718,0.6904666910128925,0.609374237785839
AnkitGajwa,2026-07-14,0.42675658062729793,0.6890065376932069,0.7118958329895284,0.6092196504366777
LionDinamic,2026-07-14,0.4014681866821571,0.7377943482331916,0.6874126726765779,0.6088917358639755
tomesao,2026-07-14,0.503886155252871,0.6798042069900488,0.6429400306450358,0.6088767976293186
aa175,2026-07-14,0.47215425113279597,0.6815772076798292,0.6702086237868717,0.6079800275331656
Angry_Twin,2026-07-14,0.4459668243554375,0.7126229273599989,0.6625113536083288,0.6070337017745885
Cayse,2026-07-14,0.4477675905250461,0.7106855139520043,0.6623811492715478,0.6069447512495327
Shahzodbek_2010,2026-07-14,0.43059535286019085,0.7196169901168951,0.6671977028600504,0.6058033486123787
Mars520,2026-07-14,0.4503088615929951,0.6590050278268609,0.7003415347270346,0.6032184747156303
Wotgenie,2026-07-14,0.3899542966651244,0.7474653183778153,0.6720619175989146,0.6031605108806181
Harsha_Bharathakoti,2026-07-14,0.41943730427595965,0.7146514689945265,0.6745152401342736,0.6028680044682532
pzsombor90,2026-07-14,0.423747748580362,0.689121734004518,0.6945801865217074,0.6024832230355291
RianKapriaga,2026-07-14,0.42892662176797264,0.7177929145033599,0.6587626887349074,0.6018274083354133
BroderickBauml,2026-07-14,0.45050780421970876,0.6827676394670228,0.6704925303659779,0.6012559913509031
michobr,2026-07-14,0.4399022637533983,0.6591255186043317,0.7006142582574849,0.5998806802050716
MiguelCifuente,2026-07-14,0.4535341769111349,0.642015065777159,0.7025446425735936,0.5993646284206292
GambitGiesbergen,2026-07-14,0.4138667332452011,0.722194960414092,0.6620304888276496,0.5993640608289809
Gen-Gutman,2026-07-14,0.39294012301356385,0.7245568908125609,0.6803460121126929,0.5992810086462725
SteveAlappatt,2026-07-14,0.4060486953551568,0.7066066303098298,0.6822599282883475,0.5983050846511114
Nicki2013,2026-07-14,0.42409970478840364,0.6952863040379941,0.6737378156461585,0.5977079414908522
WiktoriaPOL,2026-07-14,0.46159382714653574,0.6822268975069526,0.6472117721594773,0.5970108322709886
APS,2026-07-14,0.38474104565015316,0.7205976661701211,0.6842228620680878,0.596520524629454
Arseniy_Nesterov,2026-07-14,0.4184003827191417,0.6947975855743519,0.6737963021495351,0.5956647568143429
Emon005,2026-07-14,0.42431950310082855,0.6673560900375688,0.6951869785020981,0.5956208572134986
Yyaroslavchess2010,2026-07-14,0.4002978667684049,0.716987621792362,0.6662478645276205,0.5945111176961291
Marat_Gilfanov,2026-07-14,0.42674981010691027,0.6804579214597517,0.6753653629101067,0.5941910314922563
HighChessFM,2026-07-14,0.3985557942073952,0.7065221619922429,0.6764497709723898,0.5938425757240093
Duhless,2026-07-14,0.419537998904319,0.6724410692006946,0.6782233236350586,0.5900674639133573
gakashchess,2026-07-14,0.42658757432212774,0.6489272385366942,0.6889503217330705,0.5881550448639641
Brawny_Wizard,2026-07-14,0.38279102373605317,0.7184600509207231,0.6626902286275764,0.5879804344281175
GMR7525,2026-07-14,0.39346297022216736,0.7012348554902655,0.6664615703365024,0.5870531320163118
falzehope0,2026-07-14,0.41908645413481754,0.6655515931761893,0.6725465089186009,0.5857281854098693
chessgirl_leyla,2026-07-14,0.38602399774034557,0.6974269245138699,0.6734799014444907,0.5856436078995687
Rud_Makarian,2026-07-14,0.45265613849005454,0.6429933720602685,0.6577226605998695,0.5844573903833975
Godzillator,2026-07-14,0.39436717578205904,0.7097181633706396,0.6458886935601207,0.5833246775709399
SahibSinghKnight,2026-07-14,0.40217173774007825,0.6855057089599368,0.6611821821728436,0.5829532096242862
ljuks68,2026-07-14,0.4726276388775358,0.6602182323663143,0.6115950909005905,0.5814803207148135
Zhigalko_Sergei,2026-07-14,0.45437579231552216,0.6819436507191582,0.6076090197951516,0.5813094876099439
Arlan_Mirzhanov,2026-07-14,0.4127037123736775,0.6826093822256893,0.6475886565831652,0.5809672503941773
BogdanDeac,2026-07-14,0.43050880760751503,0.6767386158536148,0.6353768988699801,0.58087477411037
lachesisQ,2026-07-14,0.39793797535519,0.6962539952021506,0.6459659437877668,0.5800526381150358
Berardino,2026-07-14,0.37389588319083655,0.6795642731974508,0.6859842572939224,0.5798148045607366
m_ezat,2026-07-14,0.3844288377737146,0.6931524693252585,0.6603674093942324,0.5793162388310685
Autarch64,2026-07-14,0.40302284515986203,0.6573736417313776,0.6733139158079448,0.5779034675663949
IlanSchnaider,2026-07-14,0.3953577681770242,0.6841152057831534,0.6540127343749573,0.577828569445045
LoruF,2026-07-14,0.4010102041646212,0.6765610484239719,0.6542226859484143,0.5772646461790024
Ludin-Esteban-Jaimes-Gonz,2026-07-14,0.3954613979129537,0.656816089496567,0.6786625236608407,0.5769800036901205
Nikolakis2014,2026-07-14,0.3859987864306721,0.6718941459288086,0.6698835342969994,0.5759254888854933
TheRabbit19,2026-07-14,0.38578858761390733,0.6844584779460116,0.6560499475670961,0.575432337709005
Impressive2026,2026-07-14,0.4024294526620107,0.6505549303126672,0.6719034089403907,0.5749625973050229
Shanyrak,2026-07-14,0.39303728159692547,0.6449010968432826,0.6866870588875308,0.574875145775913
TimurDushatov,2026-07-14,0.4038694479861985,0.637195331373152,0.6717103523141461,0.5709250438911655
Tol_Tol,2026-07-14,0.3864546678225132,0.6720558651664368,0.6533939676012256,0.5706348335300585
reevecanada,2026-07-14,0.43377954279330366,0.6591811625492708,0.615216366044857,0.5693923571291438
Durarbayli,2026-07-14,0.4236392435334541,0.6362870588550016,0.6413942766333924,0.5671068596739494
Aaradhya_Das-03,2026-07-14,0.35871516262245656,0.6832594346396422,0.6580181572843172,0.566664251515472
Mertceyhan35,2026-07-14,0.3906223000849784,0.6421561240481902,0.6654705108323342,0.5660829783218343
ivandrade10,2026-07-14,0.39566267283562545,0.6521864281853055,0.6497678863090198,0.5658723291099835
RoseAtwell,2026-07-14,0.3523957085423809,0.6728152382881616,0.6711246798450748,0.5654452088918723
Alexei_Gubajdullin,2026-07-14,0.422371369950264,0.6367203159562559,0.633124033229702,0.5640719063787406
FREDERICKtheMATE,2026-07-14,0.37282531029073096,0.6703767598476598,0.6439936157862693,0.5623985619748867
APOLLONZEROTV,2026-07-14,0.34872377389273795,0.7157296864912807,0.6218010292827981,0.5620848298889389
puz2010,2026-07-14,0.36351768681795277,0.6563584821934894,0.6663156952431859,0.5620639547515427
DoraemonAndMe,2026-07-14,0.369363394530127,0.6554561338975243,0.6574077016357281,0.5607424100211266
niyozmetov,2026-07-14,0.38828874889292975,0.6346840679404067,0.6581803273646238,0.56038438139932
Grieve72,2026-07-14,0.41065968685771687,0.6556448438611806,0.6138400215404645,0.560048184086454
IlikeApple314159,2026-07-14,0.3580893548761138,0.6646318988140004,0.654253834356037,0.5589916960153838
HVillagra,2026-07-14,0.4184704629977984,0.6046308866815462,0.6536021852169099,0.5589011782987515
thecatdoglady,2026-07-14,0.38355739485586265,0.634108068036956,0.6582146334425728,0.5586266987784638
ChessMasterV777,2026-07-14,0.3901045482343916,0.6507980832494032,0.6309643564453301,0.5572889959763749
Gasparyan_Erik,2026-07-14,0.37726598076301743,0.6316484234359964,0.6628987341154629,0.5572710461048255
O_Dgerman,2026-07-14,0.37118796210023747,0.6395978425973053,0.6559063660942966,0.5555640569306132
Guzikov_Daniil,2026-07-14,0.4174037959291204,0.5833848566560313,0.6622699333885359,0.5543528619912292
DrWonderKid,2026-07-14,0.371615880861123,0.6489031401181111,0.6418080129359615,0.5541090113050652
nylvor,2026-07-14,0.3845214920029441,0.6292225937520007,0.6460859643107475,0.5532766833552308
annamaja,2026-07-14,0.46315028626784654,0.5430494045647706,0.6532188803549637,0.5531395237291936
Shiraaaaazi,2026-07-14,0.3570052444647476,0.6524958884779083,0.6494311513135652,0.552977428085407
DanylaBagrov,2026-07-14,0.36065543839883635,0.6511429498932346,0.6454525920223645,0.5524169934381451
Monopolio123,2026-07-14,0.36995405346396676,0.62053548144074,0.6598232395300799,0.5501042581449288
meoluoi91,2026-07-14,0.36896544112738655,0.626389529341079,0.6511899380991579,0.5488483028558745
dey2580,2026-07-14,0.3628512039999576,0.6373745102853129,0.6432211530845335,0.5478156224566013
Yushko_Olga,2026-07-14,0.381956798730644,0.6367722834513765,0.6238885340184502,0.5475392054001569
ChessFighter_2011,2026-07-14,0.3683038993427908,0.6146536307176741,0.6558857168511163,0.5462810823038604
ant_chess_2019,2026-07-14,0.3451868732332949,0.6630659701987679,0.6292688038159908,0.5458405490826845
gh6999,2026-07-14,0.3354684682996899,0.6508451335357271,0.6487812463290504,0.5450316160548225
Sankalp_Gupta2003,2026-07-14,0.35902672668091773,0.6354241856666367,0.6316200663347317,0.542023659560762
Mr-Uteligger,2026-07-14,0.37982399147608314,0.6035027150287282,0.6416286916850705,0.5416517993966273
Pizzalover2502,2026-07-14,0.33722908881130537,0.657808980932884,0.6292588078955146,0.541432292546568
Candidates14,2026-07-14,0.35108902948995413,0.6333138766863665,0.6395396138704581,0.5413141733489263
ChessIsShocking,2026-07-14,0.36547285657487283,0.5845044101653575,0.6736006930215974,0.5411926532539426
ColinFederer,2026-07-14,0.3523827252047435,0.6322411976378218,0.6389424096927566,0.541188777511774
ChessLover0108,2026-07-14,0.3658260729571409,0.6410476699788329,0.6150133344441752,0.540629025793383
viditchess,2026-07-14,0.3283080052060981,0.6807675717494186,0.609845673643621,0.5396404168663792
thomask2011,2026-07-14,0.35072627937007983,0.6419216587854696,0.623100446938994,0.5385827950315144
VMalhotra14,2026-07-14,0.34341125753392415,0.6271632184013886,0.6451442289937916,0.5385729016430348
Djager97,2026-07-14,0.34316934296611834,0.6417381748408217,0.6289394278042846,0.5379489818704082
NelsonLinda,2026-07-14,0.40409010556000224,0.5847477330623123,0.6242000729637471,0.5376793038620206
FormerProdigy,2026-07-14,0.3627850944686706,0.6153814624667038,0.6333656254473508,0.537177394127575
jaci33333,2026-07-14,0.3481209216096266,0.640281306604198,0.6216686924862576,0.5366903069000274
Sanan_Aliyev,2026-07-14,0.3760113875542291,0.5981039825541425,0.6339576888637963,0.5360243529907226
KaterynaLagno,2026-07-14,0.3707280126062738,0.6189680869665608,0.6134500604319987,0.5343820533349444
JaiSankarS,2026-07-14,0.3507269886225894,0.6478717182605728,0.6027974991767661,0.5337987353533094
NexoKnight11,2026-07-14,0.34608246702039885,0.6300287519666175,0.6231661675213006,0.533092462169439
Answer03,2026-07-14,0.33670280288239385,0.6448695685297366,0.6165223514151541,0.5326982409424282
likeyouuuu,2026-07-14,0.3397922429356247,0.6250258531336119,0.6316876544211805,0.5321685834968056
GameOverBro,2026-07-14,0.35874395973350653,0.6279500866966012,0.6083766494814763,0.531690231970528
Giannos_barbagiannos,2026-07-14,0.34679646774749023,0.6168587436494849,0.6264434675571211,0.5300328929846988
Preobrazhenska_D2011,2026-07-14,0.37264682873013694,0.6155109547611005,0.5976365513244578,0.5285981116052317
NutsOnTheBoard,2026-07-14,0.32970383922039137,0.6404320209938161,0.6153562896280524,0.5284973832807532
QuesadaLuisE,2026-07-14,0.33470278345220517,0.6462412163085115,0.6042271322607451,0.5283903773404872
Sergg33,2026-07-14,0.37435927331079794,0.5872074671787666,0.620613672156128,0.5273934708818975
Saumitra,2026-07-14,0.36478331155986443,0.6000037706072501,0.6173925218916216,0.527393201352912
Saqo_ChessMate,2026-07-14,0.3499472665522102,0.5995479672199102,0.632123172942103,0.5272061355714078
Tolyanius,2026-07-14,0.33015442418461405,0.6445758348706473,0.6040537527974302,0.5262613372842305
DeArron_Fox,2026-07-14,0.3675917594998406,0.6304613714029426,0.5781230326107486,0.5253920545045107
colincreeveydennic,2026-07-14,0.3533280299896528,0.6432127609477428,0.572829274938438,0.5231233552919445
FischerBobbyJames,2026-07-14,0.3332546576399475,0.6336223016663755,0.6019402236700477,0.5229390609921235
KatakuriDono,2026-07-14,0.3711826504769786,0.573108581672611,0.6151564651503871,0.5198158990999923
superjem123,2026-07-14,0.3449975591127613,0.6239333068934646,0.5871007515506111,0.518677205852279
Gamer_boy101,2026-07-14,0.33395521881488677,0.639371197130263,0.578164807602919,0.5171637411826896
MY2010,2026-07-14,0.3080509203683917,0.6461022672582137,0.5928461155623934,0.515666434396333
EsmeraldasAnderson03,2026-07-14,0.39151735246955194,0.5713791123151322,0.5826932895931152,0.5151965847925998
WoodlandMagic,2026-07-14,0.3514163900178263,0.6003989965078377,0.5935037727146416,0.5151063864134352
WildJoker2016,2026-07-14,0.31331561852198603,0.6101639401840585,0.6194815593436386,0.5143203726832276
alexboy14,2026-07-14,0.3244965931988588,0.602594269192272,0.6149681253622951,0.5140196625844753
wiciu492k,2026-07-14,0.35910167744485344,0.5755128094871074,0.6063049023999505,0.5136397964439704
DeanKlobucar,2026-07-14,0.3378345266134863,0.6145164778057555,0.5870995374385525,0.5131501806192648
forevery0ung,2026-07-14,0.3658198508148113,0.579181198729063,0.5939318230144884,0.5129776241861209
checkmatequen,2026-07-14,0.3617005663452688,0.5840384431851129,0.5930396573579487,0.5129262222961102
Gianmarco_es,2026-07-14,0.3089875695864528,0.6319520160263815,0.5934308829843926,0.5114568228657422
janjestem,2026-07-14,0.32717001608039625,0.5861312875070572,0.6167140764715375,0.5100051266863304
Patricius007,2026-07-14,0.3163822399793562,0.6068621078164591,0.6065830705865716,0.509942472794129
salgadoLO,2026-07-14,0.40300809173986213,0.5232252287531856,0.6028558951188121,0.5096964052039533
NikFil2013,2026-07-14,0.34429035279795656,0.5865982163569398,0.5979169235820038,0.5096018309122999
aquarium76,2026-07-14,0.30641484291857135,0.6006476562212261,0.6203763584754829,0.50914628587176
crazy_but_lazy,2026-07-14,0.3842201305707431,0.5703125378321112,0.5713939441287866,0.5086422041772137
baki83,2026-07-14,0.3822985902545782,0.5614931500858301,0.5801305589475289,0.5079740997626457
AlmasRakhmatullaev,2026-07-14,0.3539118729283207,0.5727709152148368,0.5938813667791004,0.5068547183074193
MagnusCarlsen,2026-07-14,0.3545663925008806,0.5717727381490559,0.5931185978647995,0.506485909504912
lilleper1,2026-07-14,0.3534050503165889,0.5502188059170033,0.6141251215251968,0.5059163259195963
GORA2012,2026-07-14,0.3418931255101043,0.5909600987593677,0.5845053541239609,0.505786192797811
realcyberbird,2026-07-14,0.3324506138965684,0.5665654506783199,0.6177430155083544,0.5055863600277476
Glkllkllk,2026-07-14,0.3145292925773607,0.6078754934710958,0.5910924357471585,0.5044990739318717
LileKoridze,2026-07-14,0.3329472580621251,0.602978311020008,0.5774500369911663,0.5044585353577665
Mwhdi3000,2026-07-14,0.3079654546776199,0.6203857398485514,0.583164018087259,0.5038384042044768
rollercoaster29,2026-07-14,0.3086213525901443,0.6182376524126393,0.5838826500976695,0.503580551700151
plpiPih-tesrMe,2026-07-14,0.34446861472755685,0.577682775161631,0.587030672892113,0.503060687593767
nissegambit,2026-07-14,0.3646608040935375,0.5473842095769452,0.5931245164852791,0.5017231767185873
ZoktayyyyFanClubbb,2026-07-14,0.29101710172807144,0.6060248772730589,0.608064817969608,0.5017022656569128
kaanozcan006,2026-07-14,0.31026627710024707,0.6007423086037482,0.5917322007685292,0.5009135954908416
Rakhmanov_Aleksandr,2026-07-14,0.3018543131357248,0.6214022214678843,0.5782721762593654,0.5005095702876582
NMMoonraker,2026-07-14,0.3290622180176988,0.5928000979746653,0.5770556920554373,0.49963933601593374
chessifizer,2026-07-14,0.3462669873921907,0.5710470540833089,0.5812830289590821,0.4995323568115273
A-Fier,2026-07-14,0.32154906060117233,0.5816884269225291,0.5930165100726947,0.49875133253213205
Aryan_Tamadon,2026-07-14,0.2930123314526144,0.62488037840987,0.5731996121178822,0.49703077399345547
HrvojeZagreb,2026-07-14,0.33678662889498295,0.5675197064283947,0.5849790956795966,0.4964284770009914
Sanan_Sjugirov,2026-07-14,0.37633697602477034,0.542042634728823,0.5705752103425564,0.4963182736987166
Sek_Konstantin,2026-07-14,0.28380961501466084,0.6338844892855953,0.5698349299199016,0.4958430114067192
yashcore,2026-07-14,0.3224038229445818,0.5935604772497893,0.5694722129471085,0.49514550438049315
Cryptic_Warrior,2026-07-14,0.2910642601163326,0.624323531507994,0.5692154264450494,0.49486773935645867
Rikikits,2026-07-14,0.33040548931488933,0.5714482934198667,0.5803135565371506,0.4940557797573022
Ranindu2003,2026-07-14,0.31835200002264485,0.5984398517414058,0.563808235020528,0.49353336226152617
mroquero,2026-07-14,0.30306830663560436,0.5915455107940086,0.5854145696464338,0.49334279569201556
santig8,2026-07-14,0.3057827045709973,0.6088154146789487,0.5631762134179672,0.4925914442226378
SaqoChess_Coach,2026-07-14,0.2976892153168653,0.5934282425869164,0.5857895877186037,0.49230234854079513
albadelomass,2026-07-14,0.3105637542915204,0.5837647413240098,0.5818403239510122,0.4920562731888474
rcmz,2026-07-14,0.34626396372710844,0.5538382225876032,0.575408100460421,0.4918367622583775
StarlightFade,2026-07-14,0.3054763556330652,0.6021954709096604,0.5662576822355199,0.4913098362594151
ValiantCeleb,2026-07-14,0.3123021521137847,0.5880685278761459,0.5726825714277467,0.4910177504725592
Arman_Hakemi,2026-07-14,0.3346658706760505,0.5363589067677667,0.6019249641210536,0.49098324718829023
Revan_2002,2026-07-14,0.341552138333644,0.5445504756344024,0.5856360302574468,0.4905795480751644
Andrei_Skvortsov,2026-07-14,0.3077121614458633,0.5946907990473029,0.5683550870283322,0.4902526825071661
korkmaz16,2026-07-14,0.34497919089663265,0.5488445965963232,0.5747293318171738,0.48951770643670994
Mikhail_Bryakin,2026-07-14,0.31524438726219617,0.5858277808624495,0.5672361458740185,0.4894361046662214
Miguel-LA,2026-07-14,0.2901662812638385,0.6172520593273473,0.560616640666292,0.4893449937524926
TanVinhVictory,2026-07-14,0.2914786241037709,0.5739973145326597,0.6007414601709032,0.4887391329357779
SharapovEvgeny,2026-07-14,0.31958496948187365,0.5844854406081829,0.5617453619732011,0.48860525735441923
Romik2012,2026-07-14,0.286490293944953,0.5886772969452347,0.5903787685382494,0.48851545314281236
OPQRC,2026-07-14,0.31067038964837956,0.5518925610960288,0.5934302826968119,0.4853310778137401
edgarhay012,2026-07-14,0.32268320726488636,0.560840249465963,0.5707905132113473,0.4847713233140656
MasterCheese379,2026-07-14,0.2921478663216103,0.5918387703899815,0.5683042817619048,0.4840969728244989
Vaathi_Coming,2026-07-14,0.340708085103344,0.5419116076930798,0.5694255104539477,0.4840150677501239
Vaibhav2026,2026-07-14,0.3151007912798062,0.5518916768213538,0.5848627027519258,0.4839517236176953
azertytototgetot,2026-07-14,0.29476864342814724,0.6037906092124279,0.5518220678982675,0.48346044017961426
kanzaww,2026-07-14,0.3030763385349229,0.6024125257055549,0.5424889677631982,0.48265927733455866
Grandelicious,2026-07-14,0.31518488485802665,0.5451124907244488,0.5856469413998407,0.48198143899410545
youngKID,2026-07-14,0.322451402357579,0.547421118540683,0.5749912989522432,0.48162127328350174
Aisen1011,2026-07-14,0.2987699720058042,0.5966658344384844,0.549154548808733,0.4815301184176739
ukchessbomber,2026-07-14,0.33400875406523745,0.5459540118466435,0.5646103571663122,0.4815243743593977
adarsh12370,2026-07-14,0.2811409330364851,0.6092337156417473,0.5528977693669755,0.48109080601506937
slidingknight2775,2026-07-14,0.29724628854781043,0.5747046986136117,0.5681219742645964,0.48002432047533955
rychessmaster1,2026-07-14,0.30624670983108987,0.5947597437663213,0.5363172426031521,0.47910789873352105
ilqar_74,2026-07-14,0.310439941703992,0.5413609548720241,0.584830729411108,0.4788772086623747
NMJeevanK,2026-07-14,0.31185268837241903,0.5296281361215374,0.5944091672935966,0.47862999726251765
Ferreret64,2026-07-14,0.31627118855595293,0.5335785398198583,0.5858908638089302,0.47858019739491375
StockFisher_HBK,2026-07-14,0.30496774094219675,0.5541438710257829,0.5752165335180376,0.4781093818286724
Kacparov,2026-07-14,0.30852658791713594,0.5865440470197506,0.5391904571262855,0.478087030687724
effefe,2026-07-14,0.29627467540338503,0.5871428786575613,0.55059672387772,0.4780047593128887
DoMyk16,2026-07-14,0.29181886061177514,0.5413991660320463,0.6000373255364171,0.4777517840600795
Jakhongir-Vakhidov,2026-07-14,0.3042040070081649,0.5582151444984481,0.5673302563269742,0.4765831359445291
Robert_Sava,2026-07-14,0.3008463107473504,0.5770456155805981,0.5504349658805325,0.4761089640694937
Brilliant_Move_11,2026-07-14,0.29228050807337125,0.5821822847465483,0.5524580917504278,0.47564029485678244
CosmoKramer2260,2026-07-14,0.296101918980534,0.5776686123870342,0.5523587755093436,0.4753764356256373
Taron_Shagbazyan,2026-07-14,0.30566073302703334,0.5485717128027112,0.570629993960295,0.47495414659667984
sami82xp,2026-07-14,0.31085735709581064,0.5134128351199122,0.5996275174538294,0.47463256988985075
KogotBobra17,2026-07-14,0.30629844680087925,0.5424174862896617,0.5749122622201804,0.4745427317702404
lopesakalopes,2026-07-14,0.26611688055225174,0.6243450471495973,0.5320328949280634,0.4741649408766375
cheessmasteer54,2026-07-14,0.28707046338516456,0.5685417722244296,0.5647823777169735,0.4734648711088559
nabukatnezarr,2026-07-14,0.29524118397083066,0.5307879092491946,0.5886261951858269,0.47155176280195077
xasid81,2026-07-14,0.2843744552692964,0.5423217686783646,0.5877616615691369,0.4714859618389326
MikaKarttunen,2026-07-14,0.3287859224795608,0.522100455887755,0.5632406200796066,0.47137566614897414
wanyaland,2026-07-14,0.2854502390899108,0.597570867901092,0.5301395727867794,0.47105355992592735
GAO,2026-07-14,0.3139739740640419,0.5683061808200672,0.5302745733900821,0.4708515760913971
Queensandpawns,2026-07-14,0.3089001892101103,0.5936788535277918,0.5089662806918293,0.4705151078099104
LiamPutnam2008,2026-07-14,0.29588174223273017,0.565240688403784,0.5502026725262483,0.47044170105425415
sleeping_in_the_fire,2026-07-14,0.3022672101838846,0.5627042961464269,0.5462466595453086,0.4704060552918734
lilylg,2026-07-14,0.3038290552047508,0.5462367527547141,0.5608545198030537,0.47030677592083947
RobertSkytte,2026-07-14,0.26640433877918795,0.5895450886716391,0.5479987146053752,0.46798271401873404
Annawel,2026-07-14,0.3018374330977607,0.5372972839714166,0.5643546835745356,0.46782980021457093
CSB7,2026-07-14,0.4214750944345601,0.45985816321720857,0.5214582506490917,0.4675971694336201
fireemblem7,2026-07-14,0.3228218182848904,0.5120294378501747,0.5586792156515912,0.4645101572622188
SkibidiToiletLover94,2026-07-14,0.31540902962847295,0.5276102597447866,0.550231437397334,0.4644169089235312
Alenzer,2026-07-14,0.29130043430423025,0.5947505078354044,0.5052773225787629,0.46377608823946587
Ruchess27,2026-07-14,0.33094357905860894,0.5152388879328073,0.5441798608522848,0.46345410928123365
Iron_Punch,2026-07-14,0.280926329298377,0.5501463359425437,0.5590234022387408,0.46336535582655386
Janh4,2026-07-14,0.28993975215664936,0.5541472303565717,0.5436530987659376,0.46258002709305285
FlorentinS2011,2026-07-14,0.28821549324092605,0.5406038043628328,0.5581593026916751,0.462326200098478
RogerioMuller,2026-07-14,0.26701298512321214,0.5647156069296198,0.5550816138114767,0.4622700686214362
MatthewVT,2026-07-14,0.29502523814849047,0.5295639226847808,0.5603677098963545,0.4616522902432086
Turquoise_2701,2026-07-14,0.29607738611931506,0.5347242820150335,0.552615054195285,0.46113890744321123
Guillaumeg63,2026-07-14,0.27216260280667204,0.5616637988070711,0.5492380339647167,0.46102147852615327
Payyappat,2026-07-14,0.2961594601800599,0.5660788760662158,0.5189428579099625,0.46039373138541273
LL220284LL,2026-07-14,0.2689169403439022,0.5897413224875513,0.5216561930931243,0.4601048186415259
AryanTari,2026-07-14,0.2784758342461724,0.5384203666705449,0.560630699954812,0.4591756336238431
chess_09L,2026-07-14,0.2875069206568087,0.5377911091508137,0.5484119483282909,0.4579033260453045
Tunartank,2026-07-14,0.26417216931902343,0.5661119886512443,0.542498504594623,0.45759422085496365
Cherneevo_23,2026-07-14,0.28088372553647717,0.55627138649805,0.5332187317300602,0.45679128125486246
roka7,2026-07-14,0.2826750036845622,0.5385126103759312,0.545437749635301,0.4555417878985981
ElimChessKG,2026-07-14,0.27666717255825024,0.5211806752998063,0.5670043074848337,0.45495071844763
Casper,2026-07-14,0.3148465398202398,0.5074854827161327,0.5406927278730879,0.4543415834698201
Dixit_Nikhil,2026-07-14,0.2804163736841281,0.535040642194811,0.5468977422771545,0.4541182527186978
Neseomrev,2026-07-14,0.2829011225519527,0.5234005975179628,0.553763607343934,0.4533551091379498
Escudito,2026-07-14,0.299346849848756,0.5056808574831825,0.5533050602392795,0.452777589190406
Gordima,2026-07-14,0.25615738466234117,0.5595299580363065,0.5425468584734942,0.4527447337240473
AD0406,2026-07-14,0.27936482136955937,0.5342284406109623,0.5438636965958739,0.45248565285879855
MikeWizard,2026-07-14,0.2619952743099015,0.5880134608321527,0.5058036008901741,0.4519374453440761
Lorenzo_2012,2026-07-14,0.2727255798680624,0.5469003161582331,0.5322664556574848,0.4506307838945934
BigPiano,2026-07-14,0.26965358978211246,0.5752639088157726,0.5057871822458063,0.45023489361456387
Nurahmad2021,2026-07-14,0.2859284749590377,0.5375182705468108,0.524992127817551,0.4494796244411332
Ganiev_Artur11,2026-07-14,0.24945613430880123,0.5715985684659927,0.5261462568282527,0.44906698653434884
ElliotAldersonTwitch,2026-07-14,0.26812821158647054,0.5476744234350405,0.5289015818702038,0.448234738963905
Kielinkei,2026-07-14,0.3095484867455788,0.5041346370094,0.5309611688593509,0.4482147642047765
Slavonac1988,2026-07-14,0.2616274602457861,0.5813311085153285,0.5014507946691098,0.44813645447674144
ShaxrombekKarimov9,2026-07-14,0.27779920184115314,0.5538044622374118,0.5120207379219938,0.4478748006668529
Gadhavi_Veerbhadrasinh,2026-07-14,0.28974085335427213,0.5118199414323662,0.5420542384155895,0.44787167773407593
chessfatbear,2026-07-14,0.26418744300724284,0.5683234388277224,0.5102113875469894,0.4475740897939849
Heritiana_Andria,2026-07-14,0.2495942060298175,0.5799412171335402,0.5100617487113105,0.4465323906248894
lucena125,2026-07-14,0.27101106052758955,0.5357292338268013,0.532855872766528,0.44653205570697296
Alex_Sahakyan2006,2026-07-14,0.2814635868631897,0.5278298419430901,0.5291253129815136,0.4461395805959311
Tea99,2026-07-14,0.2771351663292768,0.5596618637045405,0.5008405191660114,0.44587918306660956
ChhunnuBabu,2026-07-14,0.2701974355509459,0.5495408700010512,0.516827701518051,0.44552200235668266
KononenkoD,2026-07-14,0.3078108326676436,0.4808942077500557,0.5471647559191858,0.445289932112295
anasta10,2026-07-14,0.3150215799516667,0.5022394223019668,0.5173833767944181,0.44488145968268383
Zampronha1971,2026-07-14,0.28624892789257106,0.48715851537051863,0.55849841320264,0.4439686188219099
Laurin_2009,2026-07-14,0.26625615519535206,0.5636077120500832,0.5016203383283528,0.44382806852459605
forvin07,2026-07-14,0.2824187312629057,0.5132033407564419,0.5341188864706776,0.44324698616334174
schondeln,2026-07-14,0.287659593724235,0.48807538374235165,0.5535159432216586,0.4430836402294151
Thechampion_18,2026-07-14,0.2540194619183412,0.5242969172657774,0.5489185452691078,0.44241164148440876
banane_verte,2026-07-14,0.2780402174883737,0.507449767841549,0.5393315227118264,0.4416071693472497
MatyChess1,2026-07-14,0.2747270206815179,0.5209658612836657,0.5282987604240914,0.4413305474630917
yasaswi25,2026-07-14,0.25869117854666546,0.5372524599350625,0.5264866858582193,0.4408101081133158
NickKR,2026-07-14,0.2835387787213961,0.46453119349929306,0.5713711077577299,0.4398136933261397
jaqueconandres,2026-07-14,0.2679744703866259,0.5481469100644145,0.4991373458284205,0.438419575426487
Nitzan_Steinberg,2026-07-14,0.25105553721223756,0.593212315661525,0.46875474178740645,0.4376741982203897
Individoom,2026-07-14,0.2703541121058307,0.5111493962515393,0.5275874672924641,0.4363636585499447
Mikasinski,2026-07-14,0.2667318657170207,0.5046716126249889,0.5375390880976515,0.4363141888132203
FaustinoOro,2026-07-14,0.3143897514559111,0.4468821890212589,0.5452325629873152,0.4355015011548284
OutlawedGangster,2026-07-14,0.26383748879832064,0.4693224276865089,0.5716442174276346,0.4349347113041547
verrbaa,2026-07-14,0.26132645740897464,0.5252038617850763,0.5173226313612223,0.4346176501850911
Widowmaker122,2026-07-14,0.2614313321677645,0.5362471045467675,0.5051803255490595,0.4342862540878638
Fjal,2026-07-14,0.2548889774115718,0.5583835143832759,0.4895753221874646,0.4342826046607708
Viper_108,2026-07-14,0.2704624774496194,0.4998522733075205,0.532416646757514,0.4342437991715513
dretch,2026-07-14,0.29248212007356333,0.46667201714636763,0.5435458419006669,0.4342333263735327
Tactican_228,2026-07-14,0.27165458023989814,0.4889744842863923,0.542026863608081,0.43421864271145716
Aandi123,2026-07-14,0.25244975682645554,0.5221004776330722,0.5272256332637201,0.4339252892410826
EpicSwindler2010,2026-07-14,0.2597613569315997,0.5184434651765708,0.5215569942571776,0.43325393878844937
olksuna,2026-07-14,0.2789492698049628,0.47894978200660915,0.5378517906629786,0.4319169474915168
VSofja,2026-07-14,0.25715605479293324,0.4961185281017245,0.5421829602049439,0.43181918103320055
ValarMateulis,2026-07-14,0.25394123781502004,0.49513304039833317,0.545029147999254,0.4313678087375357
Everest-Mountain2899,2026-07-14,0.23878398902061101,0.5439172376052122,0.5104459784606238,0.431049068362149
Kapibara_Warri0r,2026-07-14,0.25255587081610886,0.552809348624947,0.48721849363750813,0.43086123769285467
EgeOZZ2020,2026-07-14,0.2588106412999906,0.5102637480642485,0.5215122377675724,0.43019554237727053
InvisibleM0ves,2026-07-14,0.24826230594081916,0.4958996114589599,0.5459373810586883,0.4300330994861558
annasargsyan_m,2026-07-14,0.2575201238006267,0.5128333810965761,0.5197383696857086,0.43003062486097043
VedantVarasada,2026-07-14,0.25315233068344006,0.5273948209940511,0.5073209745547013,0.42928937541073076
ValentunHulka,2026-07-14,0.26034307102689114,0.49978344403850344,0.526654593243896,0.42892703610309685
twitchTriniCupid,2026-07-14,0.2418105718625648,0.553358910907272,0.4877959003529454,0.4276551277075941
QueenCrusher_10,2026-07-14,0.23602252386402892,0.5417552504854728,0.5048919755182937,0.4275565832892651
Kwsclt7,2026-07-14,0.2533197663867398,0.5165225438274335,0.5109961380576657,0.4269461494239463
AthenaStrikes20,2026-07-14,0.26445795419048174,0.4938355046798046,0.5190355313372118,0.425776330069166
karthikola,2026-07-14,0.2554155206387228,0.5260741119283219,0.49560767809650996,0.4256991035545182
kingofthenil,2026-07-14,0.2645483435820818,0.5103361381078158,0.5013263933315284,0.42540362500714196
HS03935,2026-07-14,0.24246371066252265,0.5102992115741383,0.519269516374807,0.4240108128704893
ArtemDyachuk,2026-07-14,0.25385789263848735,0.5450823498466388,0.4714625603754859,0.42346760095353736
Lennis93,2026-07-14,0.26263163793101985,0.4813073973216886,0.5213103548005571,0.42174979668442186
astralpulse,2026-07-14,0.2540240158311033,0.5261383932780795,0.4811748859678739,0.4204457650256856
TacticalTerror_10,2026-07-14,0.23574398911389863,0.5322826827599773,0.4930261047854114,0.4203509255530958
Shankland,2026-07-14,0.26652060245361153,0.45325920976661815,0.5409596059460543,0.42024647272209464
BashirliSaadat,2026-07-14,0.25158290318390253,0.5133823599484233,0.49365928786919794,0.4195415170005079
weshallwin,2026-07-14,0.23537949672586211,0.5115938545813472,0.5083216518368312,0.41843166771468016
XDPS,2026-07-14,0.24833763437501755,0.5199647630653618,0.48664794121005156,0.4183167795501436
DonkyDonkyDonkey,2026-07-14,0.23186355855728832,0.5542097665901704,0.4683203156721902,0.41813121360654965
Magste2007,2026-07-14,0.24954363339778837,0.5304440779590001,0.47423781112064345,0.41807517415914397
Alexensio1907,2026-07-14,0.2501857371415821,0.4803273527964875,0.5236606629293573,0.4180579176224756
atbenina64,2026-07-14,0.2465001547084643,0.5205261824527173,0.4860820785121547,0.4177028052244454
SerkanSoysal,2026-07-14,0.2474432878990098,0.5105898903677323,0.4950318122182857,0.4176883301616759
Igor_Janik,2026-07-14,0.23987854912483628,0.4933323126949993,0.5186449686266655,0.41728527681550037
GM_path,2026-07-14,0.24860979626116034,0.502053418773123,0.5008817499524411,0.41718165499557475
Xyloxia,2026-07-14,0.24484602452243368,0.4903100819926405,0.5141500870494196,0.4164353978548312
Olga_Zhuravleva,2026-07-14,0.2572058780360277,0.4799321637276562,0.5106462130222009,0.41592808492862826
Aglo_2012,2026-07-14,0.24042253523326812,0.5266079394345734,0.47832773720666005,0.4151194039581672
Robin_cool,2026-07-14,0.22088808588213474,0.5415315206730965,0.48125203014460277,0.41455721223327796
LadyChessNV,2026-07-14,0.24335659372217092,0.4930664897568426,0.5065905404024967,0.41433787462717014
Beawuids,2026-07-14,0.2239590508948148,0.5199506628860658,0.49665937013046524,0.41352302797044865
LeoWin2012,2026-07-14,0.25006397670734776,0.496326712537807,0.4910441507118909,0.4124782799856819
milenaK_09,2026-07-14,0.2264616853342211,0.5339549316204122,0.4768713189503182,0.41242931196831717
B_nn_t,2026-07-14,0.22567496298644146,0.5527048143264542,0.4582777150218956,0.4122191641115971
blitzking1729,2026-07-14,0.23084278430946914,0.5324223848622645,0.47332729190479567,0.4121974870255098
bouzidian,2026-07-14,0.2447637722571977,0.49085029355590726,0.500065174741689,0.41189308018493137
mokerslag,2026-07-14,0.23437558431871564,0.5201624457239341,0.4801124000569319,0.4115501433665272
Nbk90,2026-07-14,0.27155230755686943,0.4425093690317432,0.5191015509189992,0.41105440916920394
shinobi-1987,2026-07-14,0.2367397659841284,0.5142192588346453,0.4817991699920045,0.4109193982702594
JaimaR_00,2026-07-14,0.26359806780675504,0.4347582759081746,0.534086229371232,0.41081419102872047
diamonds13,2026-07-14,0.23999387161341834,0.5405906494883892,0.45000455162681996,0.41019635757620915
GabrielCarckeno,2026-07-14,0.24936192144462505,0.47156033964697713,0.5050871588719055,0.40866980665450253
argodeajedrez,2026-07-14,0.2355424745063392,0.48587651060754017,0.5037712706522998,0.4083967519220597
Alexander_Donchenko,2026-07-14,0.2507288039579544,0.46216831594497765,0.5108655962176208,0.4079209053735176
Scylla_138,2026-07-14,0.2317545605144553,0.5135241270213438,0.4737696063770718,0.4063494313042903
pavle896,2026-07-14,0.22052921683301954,0.4943029150349542,0.5032499874056399,0.4060273730912045
Cocosiukas,2026-07-14,0.26776304658982536,0.46197858195012687,0.4879447406754438,0.405895456405132
Tapson67,2026-07-14,0.24012469150691404,0.4889960729365171,0.48607931305891705,0.4050666925007827
boutikaki,2026-07-14,0.26562789558125066,0.4528693616411032,0.49510832242923813,0.4045351932171973
dosto07,2026-07-14,0.308790451578574,0.46789420061911086,0.43449457325699037,0.4037264084848918
Kobalia,2026-07-14,0.2324779398885581,0.5322645771121493,0.4449123872285757,0.403218301409761
LordanBoy,2026-07-14,0.22530776692934684,0.5106268549281503,0.4729995392562713,0.4029780537045895
VacheH009,2026-07-14,0.23628603518652463,0.5331219413274161,0.4382240929312283,0.40254402314838966
KnightDuta,2026-07-14,0.22078218305653624,0.5095735927050884,0.4758866548245377,0.40208081019538744
Anton_Demchenko,2026-07-14,0.2584603762776519,0.4956808025000951,0.44838099612968124,0.40084072496914275
Fusikk,2026-07-14,0.21265944393566477,0.5293342939160047,0.46052394132478297,0.4008392263921508
kuwaitiGM,2026-07-14,0.2391523797258674,0.4869935113382523,0.4749544715672755,0.4003667875437984
NoHeThTo,2026-07-14,0.23775110994486545,0.4843428177336611,0.4728180946914925,0.39830400745667305
Sergeant_James,2026-07-14,0.21328247070833026,0.5219695126281636,0.458759733196051,0.39800390551084835
LevonAronian,2026-07-14,0.2559912016737833,0.5108829379829016,0.4249543723858622,0.39727617068084903
Dr_Tyger,2026-07-14,0.21833636084420685,0.5207614025275403,0.4514224623268146,0.396840075232854
Sokoloco,2026-07-14,0.2280637374635701,0.49235034669034117,0.4689118664510925,0.39644198353500126
RCC_2024,2026-07-14,0.23467770973243066,0.47451412293468676,0.47262416768602866,0.393938666784382
adotand,2026-07-14,0.23058397859528965,0.5126835009249411,0.438336658775598,0.39386804609860954
hikaruchija,2026-07-14,0.21786147029265016,0.5117502892598734,0.4496912573431352,0.3931010056318862
jcmesafischer,2026-07-14,0.21768056295955696,0.5182344868051393,0.4415991365307891,0.39250472876516174
Indianlad,2026-07-14,0.22562116806953725,0.495049471705836,0.45620924862438356,0.3922932961332523
Seal_Island_Puffin,2026-07-14,0.21888444328419712,0.4785126493153626,0.47763915943453433,0.3916787506780313
ChessQueen,2026-07-14,0.2562140941405794,0.4594253038553303,0.45596743252095423,0.39053561017228794
Actuary44,2026-07-14,0.27247259417179337,0.4038551529630199,0.49474978679795,0.39035917797758773
DavtyanArsen,2026-07-14,0.2033727978395828,0.5133850170530913,0.45284094103182676,0.38986625197483366
JCarlson_13,2026-07-14,0.22677865458278754,0.4677621594103654,0.4703794437472947,0.3883067525801492
PremierChess64,2026-07-14,0.2371684017935439,0.44926327469075733,0.47604085765182175,0.38749084471204104
dzuffin,2026-07-14,0.22836837969199777,0.44103711177648713,0.49008317664712814,0.3864962227052044
LouisKhooThwe,2026-07-14,0.21930923945624828,0.48273137491749585,0.45694413695374214,0.3863282504424954
PainTrain08,2026-07-14,0.1990328204426166,0.503424970339959,0.45213830944924743,0.384865366743941
Mr_NeilA,2026-07-14,0.21058525653401944,0.5013500050585024,0.44252945336563926,0.38482157165272035
Itay121,2026-07-14,0.20398762411964025,0.5120648084908327,0.43250312406251257,0.3828518522243285
bsnsun,2026-07-14,0.2292147265567321,0.4198801573574487,0.49378601382416887,0.3809602992461166
daniil_kaminskii,2026-07-14,0.21781207795987267,0.4431448501397422,0.4796641652552322,0.38020703111828236
weezhun93,2026-07-14,0.20690378140417812,0.4832200954488703,0.4447193952009571,0.37828109068466853
BlankaEjs,2026-07-14,0.2167489339872992,0.49343086896291327,0.42388510605688745,0.3780216363356999
Velociraptor34,2026-07-14,0.21475691842180158,0.4452359099224225,0.4706799634337973,0.3768909305926738
Chessbard1972,2026-07-14,0.22197664810705017,0.45763444118490365,0.4507206664967698,0.3767772519295745
iwanyu,2026-07-14,0.21576509743793731,0.4835761884525565,0.42908941016796764,0.37614356535282045
Sofiia_Hryzlova,2026-07-14,0.18883248447392448,0.5200131614243053,0.41924516242592064,0.37603026944138346
Arseny-Kleschevnikov,2026-07-14,0.19945292064472844,0.5090729753646498,0.4194965196099585,0.3760074718731123
SharathRk6,2026-07-14,0.2294730018894325,0.443839705852183,0.4518751715403709,0.37506262642732885
gueraumasague,2026-07-14,0.21699638999028498,0.4712950997033608,0.4362587548945375,0.3748500815293945
Silent-Killer100,2026-07-14,0.2129697460705655,0.4876604469833954,0.4231386663097789,0.3745896197879133
Chernov_Mikhail,2026-07-14,0.22177279704353853,0.45355026440444834,0.4476345413371462,0.3743192009283776
MonsterChess_uz,2026-07-14,0.20316359367467318,0.49907587339789306,0.4188630332180039,0.37370083343019006
magnusshawa_chess,2026-07-14,0.19593347428552194,0.4949088957046202,0.42966033897125316,0.37350090298713173
Lady_Nika,2026-07-14,0.2541420150975572,0.4465233617179477,0.41921872994652476,0.3732947022540099
Bapttoche,2026-07-14,0.22054371420565577,0.43582092926568744,0.46038324233681477,0.37224929526938605
1assen,2026-07-14,0.21789159382057788,0.42327287819134773,0.4752517827452095,0.3721387515857117
FMVolodymyrSakun,2026-07-14,0.21152394297596433,0.43601431095440163,0.461861712712702,0.36979998888102267
DaVVIttttt2009,2026-07-14,0.20722456158761388,0.4338234120417434,0.4678066530213237,0.3696182088835603
lucumpe04,2026-07-14,0.20942123181356573,0.45465641534290774,0.4445298893392316,0.3695358454985684
User234564,2026-07-14,0.19923604524859856,0.4802460050196596,0.42792597799932625,0.36913600942252817
Squirlolz,2026-07-14,0.205927387741013,0.48356217705577426,0.4165366359306663,0.3686754002424845
myevli,2026-07-14,0.21511105103877895,0.41544943645904026,0.47480746614157915,0.3684559845464661
sathvikadiga,2026-07-14,0.2306999875471252,0.39883318117635047,0.4756892297488925,0.36840746615745606
CzechChessplayer17,2026-07-14,0.20532922468750223,0.45519660991293037,0.4446490262472475,0.36839162028256006
jaskol95,2026-07-14,0.26701047116591675,0.43651759493494563,0.39949064497294634,0.3676729036912696
atomicmate123,2026-07-14,0.20666982246043866,0.46171959236570403,0.43268188825702647,0.3670237676943897
angamat,2026-07-14,0.21686881800771818,0.4269757837289643,0.4563802548031356,0.366741618846606
Seyidoff_2010,2026-07-14,0.22120127900828854,0.43289170884656397,0.44251224960211666,0.36553507915232303
The_RizzGuy,2026-07-14,0.19903817406880817,0.47347662414545383,0.423883312898858,0.3654660370377067
Bathory44,2026-07-14,0.20247731638063002,0.47009610687670356,0.42036854975021276,0.36431399100251544
LSChess,2026-07-14,0.19571415432486614,0.467987241289918,0.4290899875566194,0.36426379439046785
eljanov,2026-07-14,0.1807122249201819,0.4831878127196639,0.42316075268737796,0.36235359677574125
AmardeepB,2026-07-14,0.1936424314301341,0.47662975055602064,0.41639429982233117,0.36222216060282864
Bryanl106,2026-07-14,0.19723081340598006,0.457933363616757,0.4293369596440845,0.36150037888894054
TioCridineno,2026-07-14,0.19557036261265914,0.4738058594780931,0.4111983164681787,0.36019151285297696
tsaruk_maks,2026-07-14,0.17493789597647066,0.4905486698195554,0.41400193212684777,0.3598294993076246
JennyQi13,2026-07-14,0.2057657924589916,0.4581124013156328,0.4137237347078536,0.3592006428274927
StefanosKazantzoglou,2026-07-14,0.20433261705291095,0.4631932877099954,0.40995939936675446,0.35916176804322025
Joyromany15,2026-07-14,0.218297361120133,0.39695861516228975,0.4613996760259439,0.3588852174361222
Leebit02,2026-07-14,0.19125053660184385,0.45156191042691957,0.4311591419493494,0.3579905296593709
stolencandy13,2026-07-14,0.20416595357362152,0.4529945844928559,0.4153337533190402,0.35749809712850594
nihalsarin,2026-07-14,0.2474366467257972,0.4106673832711216,0.41410799028865986,0.35740400676185957
ukrainianMC,2026-07-14,0.21338931243092604,0.3952587332694806,0.4619747909219813,0.3568742788741293
Ratami,2026-07-14,0.2132295642673621,0.39510502519306107,0.4620375792555746,0.3567907229053326
chess_blitz00,2026-07-14,0.20462028953395567,0.44842776944241797,0.41673173570205807,0.35659326489281057
JAN2404,2026-07-14,0.21948316031403423,0.44279377400361136,0.406699407978493,0.35632544743204625
TelevisionIsHere,2026-07-14,0.2020269743867598,0.466922401786424,0.3994780790361747,0.35614248506978613
arm-sam,2026-07-14,0.18229825630226548,0.44728773325470284,0.43572610390488525,0.3551040311539512
Asalimova,2026-07-14,0.19789949874324528,0.46195888865270923,0.4029357371196042,0.35426470817185285
Firouzja2003,2026-07-14,0.20663276575667314,0.428667173554616,0.42597856270053264,0.3537595006706073
Simonplaysbadchess,2026-07-14,0.21132548745818952,0.3851227450100348,0.46323693567074803,0.35322838937965745
AngelDeLaSoledad,2026-07-14,0.19476938780063338,0.4082527145438175,0.45337027039225847,0.3521307909122364
lehjoz,2026-07-14,0.20272314216261794,0.3992927809772466,0.45181149900798784,0.35127580738261743
SandwichOSaumon,2026-07-14,0.20797268223213597,0.4123847966827899,0.4309627685759688,0.3504400824969649
CCGoodKnightRookie,2026-07-14,0.19038016247051925,0.4409831770951707,0.41743607732991866,0.3495998056318695
LionKing2367890,2026-07-14,0.21782199466221805,0.38551783288206665,0.4443651153080536,0.3492349809507795
kapishp1,2026-07-14,0.18853875824086794,0.44104706043219566,0.4150354906802301,0.34820710311776454
ZugHydra,2026-07-14,0.18792506616420895,0.4410214951308453,0.4144338580568717,0.3477934731173087
Iball95,2026-07-14,0.22947283773009944,0.3593386076053463,0.4536478956348429,0.34748644699009623
IngDiegoMRChess,2026-07-14,0.18095261850416144,0.45979016697629466,0.4013354826821599,0.34735942272087206
01Roman,2026-07-14,0.1972794744100374,0.44927374822507127,0.3946401941633358,0.34706447226614817
FutureRise,2026-07-14,0.19693738382119746,0.4482622659527099,0.3951991011325201,0.3467995836354758
subham777,2026-07-14,0.2140594132856211,0.384441970984397,0.4415128486130747,0.34667141096103093
Legendinunknown,2026-07-14,0.19254178575362424,0.4320033727987663,0.4154482291881763,0.34666446258018896
Zapateado,2026-07-14,0.20459708612538052,0.4073412161044318,0.4264835163461833,0.34614060619199855
IchbinBerliner2012,2026-07-14,0.18554476957570437,0.4521184127776631,0.40007627936761425,0.3459131539069939
McQueen444,2026-07-14,0.18943862732409938,0.4555182086740911,0.3891339186132184,0.34469691820380294
DreamsAreFake,2026-07-14,0.2116600374808972,0.3560343191010659,0.46331594354164113,0.3436701000412014
FilipKlim,2026-07-14,0.17498766769742574,0.4409548487918788,0.4136810930629057,0.34320786985073676
upbeat028,2026-07-14,0.17324556024382967,0.4360728107142226,0.4195113438416936,0.34294323826658196
wunderkind2011,2026-07-14,0.18395085475121523,0.43466851512439225,0.4065486596877117,0.3417226765211064
Pesandu_Liyanage_1,2026-07-14,0.17599722667120707,0.4408686585654771,0.40790279657281947,0.34158956060316786
GOGIEFF,2026-07-14,0.2005698196532341,0.38503647495386856,0.4379899132061441,0.3411987359377489
masruri_rahman,2026-07-14,0.18473838736896117,0.41353303798923446,0.42505628911520793,0.3411092381578012
Abund,2026-07-14,0.19789801528955728,0.40782580571776533,0.41648060641605006,0.3407348091411242
JunjiCol,2026-07-14,0.18108421428579918,0.43100114651473126,0.40962458283226033,0.34056998121093024
Pournami_S,2026-07-14,0.19759334698316203,0.4190407118113841,0.4049136637496048,0.340515907514717
MareleAlb,2026-07-14,0.19104929513809027,0.4324809488247303,0.39771101453801194,0.34041375283361086
PolishForce3000,2026-07-14,0.1584478240019831,0.4683952399909839,0.39396835895290594,0.34027047431529095
BestestBP,2026-07-14,0.18458192522449712,0.42581612344954073,0.41007477574514745,0.34015760813972845
greekplayer1,2026-07-14,0.19107338595445572,0.4179214120050336,0.41141250575340166,0.34013576790429695
Tha_Shadow_Of_Lupin,2026-07-14,0.18664638811591314,0.4519121925160639,0.3813665864844385,0.3399750557054719
Professor_FM,2026-07-14,0.1879949569458545,0.44127732835215655,0.3899725549053003,0.33974828006777047
kevinwangDE,2026-07-14,0.17355835260506464,0.432539512920142,0.41279767403069095,0.33963184651863254
Earlybird2012,2026-07-14,0.1786199950898957,0.42442808742590976,0.41486421269561896,0.3393040984038081
SONIC-2025,2026-07-14,0.1814278936478456,0.4569127946029026,0.3793520372308315,0.3392309084938599
alexg2003,2026-07-14,0.1907388544089095,0.4005188840556678,0.42523243232774616,0.3388300569307745
AVIELME,2026-07-14,0.17707472139658242,0.4529324353947657,0.38562512787085224,0.3385440948874001
Mnatsakanyan-Aren2012,2026-07-14,0.17237312426785728,0.42976839440560105,0.41233665191064306,0.3381593901947005
BulletCloud,2026-07-14,0.17262553200336445,0.42205758165514473,0.4192485399747436,0.3379772178777509
lamomiajunior,2026-07-14,0.19312846261972713,0.4394107400868748,0.3809210725713805,0.3378200917593275
CanidateMaster,2026-07-14,0.20360591456843827,0.35529526331064437,0.4535494561604581,0.3374835446798469
KZ_Champ_GM,2026-07-14,0.17514436454705753,0.4381021980221098,0.3936646805105925,0.33563708102658657
TheChessLion64,2026-07-14,0.18495623968089134,0.4438671600610463,0.3767686848367532,0.33519736152623025
SirPez,2026-07-14,0.1747991582514383,0.4194526658253897,0.41064741770230123,0.3349664139263764
MrLion3000,2026-07-14,0.16378013988154844,0.444442455608538,0.39553362451029395,0.33458540666679343
Night_Rider3491,2026-07-14,0.17263348955397081,0.4221805153070441,0.4075638466378561,0.3341259504996237
SpeedElephant,2026-07-14,0.17553171761810668,0.3852477161256806,0.4407791005304372,0.3338528447580748
agustinwyatt,2026-07-14,0.19644704176482047,0.37714737644348106,0.42750347227062463,0.33369929682630867
FastRocket2007,2026-07-14,0.19135513217551833,0.37945728422330743,0.4274535216542882,0.3327553126843713
ImmJam,2026-07-14,0.19835885468586445,0.3756830821310477,0.4236687347057081,0.33257022384087337
GMSrinath,2026-07-14,0.1928563596587056,0.38590541753266167,0.4183854903849237,0.3323824225254303
Chandradi,2026-07-14,0.18022276784435756,0.43727480672475283,0.37886604984136163,0.332121208136824
johndoe698,2026-07-14,0.18015660788081242,0.4029198342754186,0.41281157071011365,0.33196267095544824
NajdorfPlayerc5,2026-07-14,0.19625169926131789,0.390728453826186,0.4082758725188605,0.3317520085354548
ZachHKL,2026-07-14,0.172923650554882,0.430371341695797,0.39174943781806904,0.33168147668958264
pirulillo,2026-07-14,0.20943565345940127,0.37335701756637807,0.4102542653017543,0.3310156454425112
HankSalamanca10,2026-07-14,0.18247019081169594,0.4370023146749491,0.3726218238932139,0.33069810979328634
BardArtem,2026-07-14,0.1715723679170927,0.4335367090674751,0.38554552455986935,0.3302182005148124
OhanyanEminChess,2026-07-14,0.18648557638740765,0.41558469145909227,0.3877004089699424,0.32992355893881414
DvaHrasta,2026-07-14,0.22034294589026315,0.3461458521531972,0.41973415600348274,0.32874098468231433
Mazarini41,2026-07-14,0.18858750592859733,0.3933753685260341,0.403704780294915,0.3285558849165155
jinxy2009,2026-07-14,0.1766987025778886,0.43069372254757704,0.37708980368049055,0.32816074293531877
needforglory2,2026-07-14,0.1786170057018569,0.43191202210651786,0.3723072644699382,0.32761209742610437
matvamatva,2026-07-14,0.16126195171598764,0.4274846656511025,0.3938860209391967,0.3275442127687623
MasterAtracos,2026-07-14,0.1743413836635512,0.4082025927048867,0.4000587403717345,0.3275342389133908
amaslidan,2026-07-14,0.1759827497456046,0.3899540175243443,0.41328372688456555,0.3264068313848381
LeRoidesChampions,2026-07-14,0.1664793185580236,0.4202178832754419,0.39108165196461014,0.3259262845993585
Larina_Maria,2026-07-14,0.193694658435695,0.37718825731855377,0.40611106720911777,0.32566466098778885
Yohankrokov,2026-07-14,0.16520244551151336,0.43571769229299634,0.3748628814768943,0.3252610064271347
farseer25,2026-07-14,0.1739525849353115,0.4208071309250231,0.3807275588307051,0.32516242489701325
elpeordelosmejores,2026-07-14,0.18727795753406337,0.3859570507772119,0.4016828411404256,0.32497261648390025
LogicBaba,2026-07-14,0.14082387588999712,0.43966353482127035,0.39416843408827396,0.32488528159984714
allblacksGOAT,2026-07-14,0.17342902143829103,0.3827924127041855,0.417081788907232,0.32443440768323617
LucasGL2013,2026-07-14,0.1805424516985415,0.384187764564594,0.40771893181094954,0.32414971602469506
Akewjon,2026-07-14,0.16766607493230093,0.42545799071789786,0.37838990252451976,0.3238379893915729
Haramball08,2026-07-14,0.17285347279729574,0.3888129037613984,0.40776193616895645,0.3231427709092169
barriochess,2026-07-14,0.1629099775413991,0.42272182220581184,0.3806586255103462,0.3220968084191857
Bryantman2014,2026-07-14,0.18207421802340779,0.3899296459230338,0.3939738649020693,0.32199257628283695
JanaMohamedZaky,2026-07-14,0.1669802255810183,0.4303557345017807,0.36664508550686487,0.3213270151965546
Suvradeepta_Das,2026-07-14,0.1975325491276674,0.34086727953114465,0.42552898526719213,0.3213096046420014
baby_leo,2026-07-14,0.16457064235084587,0.4134648561166853,0.3852695508817756,0.3211016831164356
saikrishnaReturns,2026-07-14,0.1888986908500216,0.3548874820189542,0.41918648095389327,0.32099088460762304
Arnaking20,2026-07-14,0.1721987783718816,0.3969002771330235,0.39286746039132425,0.32065550529874315
Losingexperience,2026-07-14,0.1559018923396692,0.42628007398139545,0.37825252595041464,0.32014483075715977
mind1mover,2026-07-14,0.15927378846819956,0.39553010470819144,0.4053998850235263,0.3200679260666391
yueyangshan,2026-07-14,0.1759150617374708,0.41724061917181315,0.36675946786178776,0.3199717162570239
kingnb,2026-07-14,0.17378106428990453,0.41687865065094815,0.3691429959661729,0.3199342369690085
briesmas,2026-07-14,0.1817416523307202,0.38756666679145585,0.39033536264391616,0.3198812272553641
PotapovaM,2026-07-14,0.17974775950289584,0.38372707260118716,0.39568344658810817,0.3197194262307304
Egehany09,2026-07-14,0.15684212418116622,0.42208801146778446,0.3786253922545676,0.3191851759678394
mik0_ch4n,2026-07-14,0.15547008203787535,0.4267106317974096,0.37533282805073775,0.3191711806286742
TrixR4Kidzzzzz,2026-07-14,0.1688950242807659,0.38839677110195975,0.39748640360884996,0.3182593996638585
Gogolev_Artemy,2026-07-14,0.1668497843078236,0.385218012916259,0.4000221092168774,0.31736330214698666
BullyCloud,2026-07-14,0.1525003112154801,0.39950922195893346,0.3980480725539628,0.31668586857612546
PiliposyanRobertChess,2026-07-14,0.17384192501702628,0.3800213505189767,0.3936631169838243,0.3158421308399424
Maurijs,2026-07-14,0.15283271028676967,0.4100813754654792,0.38278374395586456,0.31523260990270446
SaiHanThiha,2026-07-14,0.1669093410912413,0.38326904471588047,0.3950972902543095,0.3150918920204771
fastestmindalive,2026-07-14,0.17139129863044578,0.37398271522911314,0.399850445480065,0.3150748197798746
teresin05,2026-07-14,0.17843099388004693,0.41141765287853466,0.3542869917622598,0.3147118795069472
ferch1ni,2026-07-14,0.1652347404572434,0.3864674247265316,0.3911181910760291,0.31427345208660135
Nasrin_Babayeva,2026-07-14,0.173349051720111,0.37061221102750824,0.3988482110701924,0.3142698246059372
Albaricoque2,2026-07-14,0.15325216850222473,0.4031341122075287,0.3832030750253491,0.31319645191170087
bulgakdamir,2026-07-14,0.1779616636600035,0.3676984099538619,0.39325781190416914,0.3129726285060115
TurkishWunderkind,2026-07-14,0.1489766204150696,0.413981075367734,0.37505605226889527,0.3126712493505663
LiemLe,2026-07-14,0.19556150252547275,0.3426375995000507,0.3990399052797662,0.31241300243509657
sokidze,2026-07-14,0.2074112641768364,0.3495092776039544,0.37987483252804743,0.3122651247696127
Ruslan_0807,2026-07-14,0.1845141042698838,0.35202286096996105,0.3992311688472523,0.3119227113623657
Maria-Anistoroaei,2026-07-14,0.16651061675482234,0.3832268123561288,0.3845475158946192,0.3114283150018568
PyrihRoman,2026-07-14,0.174663666546098,0.37237394714779837,0.3870605395939986,0.311366051095965
zoladkowa360,2026-07-14,0.1978164435153256,0.2985789226820796,0.43659266250748,0.3109960095682951
RebecaJimnz,2026-07-14,0.183055775784145,0.37776252646742137,0.3720619017382792,0.3109600679966152
Dolphin_2010,2026-07-14,0.16923536038394474,0.38190061198381964,0.37853523446629517,0.30989040227801984
Chellyart,2026-07-14,0.19085619491130731,0.33168685731337505,0.4067935497597952,0.3097788673281592
RaheemGlaves,2026-07-14,0.16517149617458937,0.40100911497043684,0.3626868548747103,0.30962248867324554
stollenmonster,2026-07-14,0.152942492047545,0.4038825744098682,0.3717752854295754,0.30953345062899623
Root_21,2026-07-14,0.16024384788349366,0.3923941995492658,0.37542981423579325,0.3093559538895176
KhGirl2015,2026-07-14,0.16493624046107883,0.384423613220936,0.3776786768368205,0.30901284350627845
AGW2016,2026-07-14,0.15528841127653895,0.40389006817446643,0.3676745654433658,0.30895101496479044
meotintin,2026-07-14,0.1573660851416636,0.3951036850740393,0.3714129482525049,0.30796090615606925
Gennady_Kozlov,2026-07-14,0.15745414994611615,0.38910403449551106,0.37350291736507496,0.3066870339355674
JanMur7,2026-07-14,0.18009183251890287,0.35222744546614265,0.387339850699913,0.30655304289498614
NguyenQuangAnh3112,2026-07-14,0.17420667276950078,0.3506769006027114,0.39471787887965865,0.30653381741729024
maxximum_ww,2026-07-14,0.1440999640492012,0.39112239505364615,0.383071346441803,0.3060979018482168
ybothg,2026-07-14,0.1584746789414147,0.3826536752717151,0.37711357035423076,0.3060806415224535
Devil_Sun,2026-07-14,0.16190655741905985,0.3673671142794744,0.3885186881836647,0.30593078662739964
Shubinkirill2003,2026-07-14,0.15336551208129479,0.39281185349897185,0.3706985076382454,0.30562529107283737
Antoni_Radzimski,2026-07-14,0.15775911510961985,0.37809034257416557,0.380354304387391,0.3054012540237255
otrov-11,2026-07-14,0.1640571132733607,0.3586406291765033,0.39306670161953733,0.3052548146898004
Dr-Bassem,2026-07-14,0.15867767992174495,0.3592387524844016,0.39739098955800756,0.3051024739880514
SuperGPatzer,2026-07-14,0.1562480472595818,0.3771077639496793,0.3806077331097,0.30465451477298705
WhiteKnight2612,2026-07-14,0.16684967750880556,0.3738657321561018,0.37190633682087393,0.3042072488285938
cavallo_bianco123,2026-07-14,0.1513430703666697,0.38647884494923535,0.37357662341243597,0.303799512909447
Javokhir_Sindarov05,2026-07-14,0.15719057646296444,0.3924377034573984,0.3613188204875108,0.30364903346929123
WIMAnnaRudolph,2026-07-14,0.15209197680368308,0.38163971017355025,0.3767903882784063,0.30350735841854654
savchess06,2026-07-14,0.1508132782642157,0.38685672458483295,0.37207969116315937,0.3032498980040694
Jehehahaha,2026-07-14,0.1645385377093626,0.3450095950211117,0.4001474370351235,0.3032318565885326
KillerBishop888,2026-07-14,0.14873215819933636,0.38718988992527514,0.37265152963972703,0.30285785925477954
NitishArun,2026-07-14,0.1604180097565559,0.37673733712936164,0.36881657728219486,0.3019906413893708
tungquannguyen,2026-07-14,0.16429283133045214,0.3609087989588633,0.3762871563195651,0.30049626220296016
Vahan,2026-07-14,0.154785043577301,0.37791406712840664,0.3686154883045304,0.30043819967007934
2346PL,2026-07-14,0.16332843306086844,0.38424122222335727,0.35321050677012056,0.30026005401811545
yoelpolanco,2026-07-14,0.16092503080024087,0.3750377328981676,0.363790225852187,0.2999176631835318
Thecourseoisildur,2026-07-14,0.17539870538795144,0.3408331646191879,0.37809353297247145,0.29810846765987026
Toxic_Knight17,2026-07-14,0.14572755884091715,0.3869346698276735,0.36118649799232394,0.2979495755536382
chessdjw,2026-07-14,0.15755714038730023,0.37657501198637583,0.3587891833673514,0.29764044524700917
AaravDenglaOfficial,2026-07-14,0.1528793530820576,0.3719378239422465,0.36783624412054733,0.2975511403816171
TheMagician,2026-07-14,0.1467899868639558,0.38657710923305016,0.35920283554409765,0.2975233105470345
HarryHexblade,2026-07-14,0.1413159339126819,0.412994851246693,0.3380337215990404,0.29744816891947173
Lucsd,2026-07-14,0.15813288030146302,0.34381899586961834,0.3899769790356368,0.2973096184022394
superchess02,2026-07-14,0.17031351122353458,0.36704571031658956,0.35355170722083934,0.29697030958698784
ReinisUz,2026-07-14,0.17777820631144495,0.322360817891862,0.3888985121424634,0.2963458454485901
averageFM,2026-07-14,0.13923983248636312,0.38917532803480875,0.3597309166120757,0.29604869237774917
patmat123456,2026-07-14,0.15729452723321538,0.33543450396878793,0.3953874653472983,0.2960388321831005
ejam94,2026-07-14,0.15424733277449862,0.37917073093756054,0.3531621022655989,0.29552672199255264
qsjtgx,2026-07-14,0.1474199654570955,0.3898761806476854,0.34805406928597876,0.2951167384635866
Fy_Rakotomaharo,2026-07-14,0.14342792429495282,0.3861083792031249,0.35489080128250394,0.29480903492686056
vinniethepooh,2026-07-14,0.13415593160877015,0.4013522439165205,0.34856224810121106,0.2946901412088339
chessdragon7161,2026-07-14,0.15009278365375553,0.37887684721222004,0.3544109640196119,0.2944601982951958
ManMish2,2026-07-14,0.1775145384476096,0.3104289950981957,0.3938501044164155,0.2939312126540736
Sicilian_Maestro789,2026-07-14,0.13836840422406219,0.38298685819383255,0.35733736487277457,0.2928975424302231
Cherepov_Alexej,2026-07-14,0.1337525362953699,0.39579824128495633,0.34586231599477896,0.29180436452503505
Juan-Jose-Taylor-Rodrigue,2026-07-14,0.137406604636912,0.4043183021144851,0.3313570833866386,0.29102733004601194
wgraif,2026-07-14,0.15157760293119912,0.3761748928137345,0.3452620846784364,0.2910048601411233
Fedoseev-Vladimir,2026-07-14,0.19127120408290502,0.3111430902220252,0.36817689258339015,0.2901970622961068
acordeonist,2026-07-14,0.1522184958138992,0.35120885252902334,0.36634435167722074,0.2899239000067144
Niilo1,2026-07-14,0.16984185691993595,0.314238603265301,0.38307975260297217,0.2890534042627364
MKlose11,2026-07-14,0.14253763753939494,0.36870858332906015,0.35468488053217634,0.28864370046687715
Tamizhamudhan2017,2026-07-14,0.15687392763576788,0.3394991027801992,0.3694160152964554,0.28859634857080746
lavpajcin123,2026-07-14,0.15584636680636052,0.3376071157138592,0.37187243727917624,0.2884419732664653
movingmeats,2026-07-14,0.17507422857744656,0.3138311839413484,0.3756166837053579,0.28817403207471765
Sibelephant,2026-07-14,0.17617859368316338,0.3064130972272347,0.37998851189895416,0.2875267342697841
BilodeauA,2026-07-14,0.15548177332068025,0.3413556963838812,0.3656747678321024,0.28750407917888793
ramitalab,2026-07-14,0.1511100425911087,0.3548073959483049,0.3563848994083393,0.28743411264925095
antigeroiy,2026-07-14,0.14143844536346184,0.3626060476698522,0.3576848884872099,0.28724312717350803
minhquang_chesscoach,2026-07-14,0.14658304261306523,0.3569580175587582,0.35811156776943504,0.28721754264708615
wadsy27,2026-07-14,0.1718445762826995,0.3318017594470187,0.35781537085091586,0.2871539021935447
DrVelja,2026-07-14,0.14270517548067221,0.3581704456470003,0.35951890732917646,0.286798176152283
Racinggoals123,2026-07-14,0.13793016626770374,0.3613816187431679,0.35954584401712547,0.28628587634266567
Pachonpower,2026-07-14,0.14267606436109476,0.3581115248856999,0.3536684512871701,0.2848186801779882
calmberserk,2026-07-14,0.13197521318302305,0.38569111034309894,0.33657441053779535,0.2847469113546391
ChessWarrior7197,2026-07-14,0.1884611890256529,0.31927636891738903,0.3461755309247919,0.28463769628927793
emre_demirbas,2026-07-14,0.14264314693276225,0.34610385866013926,0.36429380390508187,0.2843469364993278
coconutik757,2026-07-14,0.13310848454915117,0.3807593692552241,0.33873303607636657,0.28420029662691393
TenguundalaiGanbat,2026-07-14,0.13509870153300532,0.38896869302902803,0.32726429563724757,0.28377723006642697
Perecke,2026-07-14,0.14568002827346163,0.35390456377605956,0.3505101288986886,0.2833649069827366
RafaelSharon,2026-07-14,0.1516598443819846,0.33782313526825697,0.3601598766048768,0.2832142854183728
jens1102,2026-07-14,0.1681081302739783,0.30639848220246274,0.3736644543935313,0.28272368895665745
Dinamo81,2026-07-14,0.1408983128097428,0.3212469410845778,0.3854820140901847,0.28254242266150176
ElijahLogozar,2026-07-14,0.15322194808695247,0.3346267275803745,0.35850681803214307,0.2821184978998233
Fedor_AntipovSPB,2026-07-14,0.14420560436057994,0.3493600575856612,0.3506116021538954,0.2813924213667122
skkeyan1309,2026-07-14,0.1329721155892846,0.37084077306315966,0.3397302388922883,0.28118104251491083
Eagle_2019,2026-07-14,0.15024827939975377,0.3576163209195777,0.3352812180648794,0.2810486061280703
JoshuaGK27,2026-07-14,0.1333594872239216,0.36386829110040964,0.34510385814345246,0.28077721215592794
lordplayer64,2026-07-14,0.13335812010410195,0.36336124639629674,0.34445441749266464,0.2803912613310211
Joaco_mc,2026-07-14,0.14260125865117665,0.3583792275968054,0.33893455100875,0.27997167908557735
KarlEmilElmer,2026-07-14,0.16633190687454863,0.3208123046632327,0.350623917423378,0.27925604298705314
KhamzinOlzhas,2026-07-14,0.17177763636572496,0.2842645742210034,0.381607162493214,0.2792164576933141
MammadzadaG,2026-07-14,0.1422364611165173,0.35644213322063734,0.3371820569543346,0.27862021709716306
Beltraxtor,2026-07-14,0.13859256899025424,0.345242129150594,0.3481367966112618,0.2773238315840367
Mach1el,2026-07-14,0.1296968059866831,0.3648617073891442,0.33470176592647727,0.27642009310076815
HatsuzukiMeiso,2026-07-14,0.1291834663873796,0.35457614708822327,0.3437070465499222,0.27582222000850837
champion0403,2026-07-14,0.1459089414033485,0.33374074761094796,0.347259179740647,0.27563628958498115
Kildepiotr,2026-07-14,0.23453598665322928,0.3123150351464471,0.27945652520061437,0.27543584900009693
Whiteking2009,2026-07-14,0.14911260444678304,0.3225031342812504,0.35469016026126515,0.27543529966309954
BirdMaster3000,2026-07-14,0.1298652570878915,0.3557305416553524,0.33972585011223166,0.2751072162851585
klimkoj,2026-07-14,0.14385273240378024,0.33098531506944573,0.3496784569546449,0.2748388348092903
Dishal2010,2026-07-14,0.1266459533210741,0.3726305964074664,0.3248838640639759,0.27472013793083877
Robert_E2009,2026-07-14,0.12716830245048108,0.35841524538650543,0.3377382405243741,0.2744405961204535
banhdongxu,2026-07-14,0.15697993879218664,0.2980192227650225,0.36818999513960277,0.274396385565604
NigiriSushies,2026-07-14,0.13762191232971488,0.3711890399014255,0.3132033318334017,0.27400476135484736
Fantom2007,2026-07-14,0.14658863748669698,0.3198626765303346,0.3538925851155964,0.27344796637754265
DishonorOnYourCow,2026-07-14,0.13584873086578245,0.34075946372308547,0.34034131701672377,0.27231650386853057
hilleltoledo,2026-07-14,0.1444208915475825,0.33718024030696436,0.3349844671710229,0.27219519967518996
hitaman,2026-07-14,0.12223714194215025,0.36858816717606785,0.32546958162646156,0.27209829691489323
SargissyanSargis,2026-07-14,0.14410690548313285,0.3308360617692825,0.3402768411091258,0.2717399361205137
TonyCapuozzo,2026-07-14,0.13192946517155868,0.3600888128353717,0.3229487567371433,0.27165567824802456
bbartekk,2026-07-14,0.126351788643043,0.3633008472485972,0.3217667109784337,0.27047311562335796
AaronJZR,2026-07-14,0.1269798585011733,0.3707167970379022,0.3136358559614254,0.27044417050016695
patzerplay,2026-07-14,0.14450823152353848,0.31932469688016585,0.34463551306871154,0.2694894804908053
ssunu,2026-07-14,0.1269220080129484,0.3765203146525805,0.3033383622096559,0.26892689495839495
valeriocarnicelli,2026-07-14,0.1628689830695837,0.2678189072307136,0.37521750747653165,0.2686351325922763
Hajialiyev_Islam2008,2026-07-14,0.12238234652116083,0.3545034957765049,0.3261277980214112,0.2676712134396923
GMG,2026-07-14,0.14990606564997766,0.29659185080212697,0.35566256774487004,0.2673868280656582
CatalinnC10,2026-07-14,0.12613975879324624,0.3706740331354032,0.30404974751331637,0.26695451314732194
Philosopherrr,2026-07-14,0.13472822862681205,0.3288486518881097,0.337213874044551,0.26693025151982425
Skapo_1190,2026-07-14,0.144562985510844,0.3130857048704171,0.3430424756858873,0.2668970553557161
Njal28,2026-07-14,0.14606554090166052,0.33391709813065296,0.3206005108731707,0.26686104996849475
David_George21,2026-07-14,0.1292342105222162,0.33108852205287237,0.3372540426424785,0.26585892507252235
vedantgoswami,2026-07-14,0.14532172081101521,0.3071069977208486,0.3443673756789888,0.2655986980702842
TheINfinity011,2026-07-14,0.1393581092108947,0.3218519264898771,0.3349505700109269,0.2653868685705662
NotFMJoshYet,2026-07-14,0.12793715451838603,0.3648369515469397,0.3019598983712858,0.2649113348122038
Gmgunsal,2026-07-14,0.12568493179218415,0.3632589924499705,0.3055070495597224,0.26481699126729236
Didici,2026-07-14,0.14350778120956406,0.2977033935297367,0.35139126665295295,0.2642008137974179
GM_shahin,2026-07-14,0.12462086364564597,0.3343088372962682,0.33149957772943817,0.2634764262237841
osielchesslover2011,2026-07-14,0.13074107921348024,0.3281177749950139,0.3310542891225781,0.2633043811103574
FoggyMorning,2026-07-14,0.14714630972886594,0.2983064181625746,0.3443901140711268,0.2632809473208558
Suleyman_Chess06,2026-07-14,0.1452761374114421,0.3028794354734333,0.33773853932169595,0.26196470406885713
Khazhatuly_Alikhan,2026-07-14,0.14883683331273398,0.285023223539246,0.3486911840083199,0.2608504136200999
sn2022s,2026-07-14,0.12060914366894684,0.35002802049489096,0.3118013963511661,0.26081285350500133
Josephrov,2026-07-14,0.123708269508465,0.34929423362864953,0.30570461181022085,0.2595690383157785
gerardts,2026-07-14,0.123708269508465,0.3490017800189847,0.30570461181022085,0.25947155377922354
Historytw,2026-07-14,0.12768897501325735,0.3438825487271274,0.30663481529378694,0.2594021130113906
KevinGeorgeMicheal,2026-07-14,0.14384271406945273,0.31261766002465086,0.3200519224563202,0.2588374321834746
FollowRivers,2026-07-14,0.13034923574585397,0.3348940095497172,0.31005055788840713,0.25843126772799274
Gabrielian_Artur,2026-07-14,0.15799116575415226,0.3179373113008993,0.2964108774022012,0.2574464514857509
pushingsomepieces,2026-07-14,0.12218132880505311,0.3292191070452172,0.3207602146865036,0.25738688351225797
Wise_Guyyy,2026-07-14,0.1454844610725373,0.2681681305451418,0.358334068020976,0.2573288865462184
HonestJoe1,2026-07-14,0.138177425827829,0.30263802264894735,0.33053317771164165,0.25711620872947266
MarcBarcelo,2026-07-14,0.1299251508802988,0.32077055653866554,0.3195052103404321,0.25673363925313214
kalogridakos,2026-07-14,0.1230333912996596,0.342072518315381,0.3042959305057251,0.25646728004025526
TalatYildiz,2026-07-14,0.12015964239175064,0.34279588235844405,0.3061583676695197,0.2563712974732381
Adar_07,2026-07-14,0.13977736684894557,0.3111536204792807,0.3175501139257611,0.25616036708466244
AllCer7,2026-07-14,0.13750158877452215,0.28814611408539026,0.3424136721197518,0.25602045832655473
Zarinur,2026-07-14,0.1364403616906966,0.3172555612493065,0.31312238783264557,0.25560610359088287
Keblisa01,2026-07-14,0.13120644769681067,0.3119079014229485,0.3230728153105019,0.2553957214767537
Bright_Panda23,2026-07-14,0.14413898416491874,0.2822014160739375,0.33764927291406865,0.2546632243843083
LPhoangquan,2026-07-14,0.11843306562697616,0.3548708261298963,0.2902695130225929,0.2545244682598218
Navyblue1,2026-07-14,0.14380177431590663,0.3280030701695888,0.2909845966158138,0.25426314703376973
atomicchessbomb2200,2026-07-14,0.13478241498120994,0.3000893616979859,0.327693247654378,0.2541883414445246
pouya21,2026-07-14,0.1347223007071503,0.3052609558912941,0.32060705374947845,0.2535301034493076
redchessman,2026-07-14,0.11378197392767996,0.33750189350461035,0.3084040975984383,0.25322932167690954
Tssunami,2026-07-14,0.1393785746511572,0.28042601554780044,0.33917416990542276,0.2529929200347935
SadigMammadov_003,2026-07-14,0.11170564283649867,0.33538624305154074,0.30925157281559873,0.2521144862345461
Chomiczek786,2026-07-14,0.13160942854635468,0.3146864827872161,0.3091671994296766,0.2518210369210825
StormStrategist,2026-07-14,0.12538987814604016,0.2963338462815241,0.3325487231967894,0.2514241492081179
bulletteemo,2026-07-14,0.12420954018465752,0.33601085475763537,0.2940465547167237,0.25142231655300556
Torosyan_chess,2026-07-14,0.1286398489300228,0.30065231090463806,0.32418353293270263,0.2511585642557878
Michaeltilt,2026-07-14,0.12113928275470717,0.33079450166814756,0.3003089888504327,0.25074759109109584
margarita_2703,2026-07-14,0.1271450590407774,0.3215346288234959,0.30305415260430446,0.2505779468228593
Fandorine,2026-07-14,0.12889655615275963,0.32840642620288396,0.2905336481422786,0.24927887683264074
parnali1611,2026-07-14,0.12638361006296714,0.294146245530482,0.32571634240029257,0.24874873266458056
Venemycin,2026-07-14,0.14099252560399067,0.3154485174019891,0.2894479205804414,0.24862965452880706
MightyGMpretender,2026-07-14,0.13377451838971452,0.31779558924404944,0.29424734419753634,0.2486058172771001
Assdour,2026-07-14,0.11106255522172799,0.3305266578259885,0.3037363018358807,0.24844183829453237
sunaya1,2026-07-14,0.12594365713776987,0.31820424999490116,0.30070956456030823,0.24828582389765974
Yerlan-Ra,2026-07-14,0.1214176778124109,0.31887207959854236,0.3028005756751661,0.24769677769537313
Seppppppy,2026-07-14,0.12237777748274713,0.3138007094102563,0.30638421277666994,0.24752089988989112
TimAina,2026-07-14,0.1168852243077353,0.34200856854446177,0.2816977966960448,0.24686386318274725
Gangsterrito,2026-07-14,0.1468708524498981,0.3011199357218228,0.2922240137609995,0.24673826731090678
sonicdravise,2026-07-14,0.13252087279748534,0.2835365286668679,0.3235240089568007,0.24652713680705132
Freeeeeeeeeeeeeeeeee,2026-07-14,0.14345736092428327,0.2859836185327342,0.30968304252414436,0.2463746739937206
Schachlatan64,2026-07-14,0.12000018036767833,0.3154082993384166,0.3031038905457043,0.24617079008393308
Latinachess,2026-07-14,0.11982469294506169,0.32837451167270043,0.29022476280850695,0.24614132247542306
kyiv-volvo,2026-07-14,0.12515537178436464,0.3234696528492248,0.28958283729193757,0.246069287308509
brother-bear,2026-07-14,0.11294071728608428,0.3177335003708769,0.3068698279235087,0.24584801519348995
Timur_Nurzhanov,2026-07-14,0.11866693780609587,0.3106874328913721,0.307196836913073,0.24551706920351365
Brave_spirit12,2026-07-14,0.11996526053872289,0.32122701076808946,0.29507828923789214,0.24542352018156818
KanseiMigatte,2026-07-14,0.12051975573787198,0.31296247255495846,0.30258989306514145,0.24535737378599065
Tad17ik,2026-07-14,0.12048855836138908,0.3053782830103986,0.30986750197108,0.24524478111428918
hatsak7,2026-07-14,0.13033133163744146,0.2567338404645371,0.34843259513562663,0.24516592241253507
halldorgretar,2026-07-14,0.12164511661253788,0.32269934680395435,0.2906937645187761,0.24501274264508943
Safin_Safar,2026-07-14,0.12653399858893238,0.30762817658790537,0.29961266825166727,0.2445916144761683
Mesa_1,2026-07-14,0.12582851574209622,0.28740616892053983,0.3200704847867729,0.24443505648313632
AlexanderJasinski,2026-07-14,0.13130493809713129,0.27020758553887825,0.3291302272266273,0.24354758362087894
GM_Huschenbeth,2026-07-14,0.12213613461721064,0.3246975977548272,0.2813225024623616,0.24271874494479984
Sargsyan_Shant,2026-07-14,0.1190341727809776,0.314852651626932,0.29353415703687424,0.2424736604815946
Vasily85,2026-07-14,0.12247266624192243,0.3054887325952667,0.2992746162082501,0.2424120050151464
ColorChangingPawn,2026-07-14,0.10606767033864316,0.3345061783824485,0.28564624208476314,0.2420733636019516
BlackBoarder,2026-07-14,0.13695652939031278,0.2559697840979692,0.3331131821291185,0.24201316520580018
LyonBeast,2026-07-14,0.15958055949344854,0.3000412310787322,0.2662702863026253,0.24196402562493535
KnightRider701,2026-07-14,0.11726282500501212,0.2863740924683638,0.32176999089976627,0.24180230279104742
BlunderMaster2335,2026-07-14,0.11972489959072977,0.30312033096115404,0.3024931904365236,0.2417794736628025
Lilovence,2026-07-14,0.117777708686003,0.31447820794281334,0.29236295008769736,0.24153962223883788
tuongminhcute,2026-07-14,0.11895567840411393,0.32222814577065495,0.28263567360448705,0.24127316592641865
DanielTitichoca,2026-07-14,0.12207267366892972,0.30120369689871207,0.3001452611543724,0.24114054390733805
kira_raa,2026-07-14,0.11607235798827341,0.3157911541418906,0.29116257944655843,0.2410086971922408
Der_Balak_3Halak,2026-07-14,0.12990047543458094,0.2828492622873892,0.310124804821324,0.24095818084776469
PepeCuenca,2026-07-14,0.13055563362665473,0.27832738677345775,0.3138258955833405,0.24090297199448432
Cruel_Yaro,2026-07-14,0.11295053673930182,0.3101230583229422,0.29903005963018,0.240701218230808
Kr1sjan1s_La2ars,2026-07-14,0.12203707588006729,0.2999036042212585,0.30000453922059594,0.2406484064406406
mac0504,2026-07-14,0.12538002122494168,0.2752529815039589,0.3201291090497918,0.24025403725956415
SRob2003,2026-07-14,0.12021475702726454,0.3051956104511639,0.29469083796072865,0.2400337351463857
DangDuyLinh,2026-07-14,0.12354549867873628,0.27367650658802684,0.32253858712002414,0.23992019746226242
lucasmito,2026-07-14,0.12006404523141423,0.3029007056441908,0.2966988741833179,0.239887875019641
MRPedegru25,2026-07-14,0.1168302344970604,0.30201722928172825,0.2988085294068155,0.23921866439520137
Mops_2004,2026-07-14,0.1331759110668078,0.2994979297773246,0.28457888848107177,0.2390842431084014
GOTY09,2026-07-14,0.11758099767702679,0.2967778037674637,0.3022010166765526,0.23885327270701437
Akhalkalakets_11,2026-07-14,0.11265389793812466,0.3145621398858023,0.2889863125418668,0.2387341167885979
Fearless_Fighter_2800,2026-07-14,0.1038742344144889,0.31749685053734816,0.2942222023095262,0.23853109575378775
Macho_2006,2026-07-14,0.12707408791240896,0.30327398183235865,0.2838979331199642,0.23808200095491058
kolja28,2026-07-14,0.1243849471889725,0.26184960763788934,0.3265105328033984,0.23758169587675346
Miki_Gb,2026-07-14,0.1139522843722872,0.31222178265664063,0.28598592628517044,0.23738666443803277
KoshkaMatrioshka,2026-07-14,0.12065272852109547,0.27755348637161553,0.3138978451503237,0.2373680200143449
RobRam,2026-07-14,0.13182421648282192,0.26544434140873074,0.3141099540472156,0.2371261706462561
FoxOnTheRun97,2026-07-14,0.12230787364631943,0.29479653175157877,0.29305168397616266,0.23671869645802027
endgamemaster51,2026-07-14,0.12892484980100472,0.27417231595462294,0.3057610879332807,0.23628608456296943
ChessWarrior3,2026-07-14,0.13340951341866533,0.2589898053860066,0.3161798385865586,0.23619305246374353
SuperPower2011,2026-07-14,0.11074972368859633,0.32867144613031873,0.26914042361422497,0.23618719781104666
PattyCastillo,2026-07-14,0.1260721032721273,0.25906840300395517,0.32267752192954574,0.23593934273520942
outsider2012,2026-07-14,0.12218045368416677,0.26952777209378315,0.312881914701617,0.23486338015985564
GoodOldBell,2026-07-14,0.11630215049793108,0.3146485898120596,0.27280861998882927,0.23458645343293996
Sylwester_Bednarek,2026-07-14,0.12203707588006729,0.2683375174391544,0.31104088309814676,0.23380515880578948
iammetiniko,2026-07-14,0.10538917386906539,0.31019373096965025,0.28351791517339,0.23303360667070186
mbojan,2026-07-14,0.1351743809698168,0.2805372728437242,0.28334484613525207,0.23301883331626438
HopeChess64,2026-07-14,0.1141629782090641,0.303783809935801,0.27853569152606583,0.23216082655697698
rachidhuilda,2026-07-14,0.11215550505070512,0.3158881198379849,0.2675898026297768,0.23187780917282227
luca_va99,2026-07-14,0.11564961903128673,0.2817497491306576,0.29806690689873555,0.2318220916868933
AlhassadiYousefA4,2026-07-14,0.11913358889266028,0.2717620432627781,0.3028125322881125,0.23123605481451695
Adam4757,2026-07-14,0.1044455823308149,0.3094343579583535,0.2796166714355049,0.23116553724155775
StasSB,2026-07-14,0.13211539599129862,0.25670453405442206,0.3042725158192571,0.23103081528832592
Elessar16,2026-07-14,0.10774183345113622,0.3218842376857333,0.2621704331376042,0.23059883475815793
TregubovP,2026-07-14,0.11796483346841068,0.2965978134296125,0.27450139455380834,0.2296880138172772
Giantgoogachess,2026-07-14,0.11526182675397376,0.28992772668659494,0.28383265715513356,0.22967407019856742
Rakitic2010,2026-07-14,0.12425766674359993,0.2528579147196152,0.3116810338297656,0.22959887176432692
SinisterKnight8,2026-07-14,0.12418829897971091,0.25749383069112936,0.3069073888507637,0.22952983950720132
Just_Lucky_1,2026-07-14,0.11515520760160056,0.2863003810532705,0.286707551803143,0.2293877134860047
DragonB70,2026-07-14,0.11817205833679142,0.2773505821437328,0.2922465061787387,0.2292563822197543
The_Machine04,2026-07-14,0.11386687368268003,0.2877534373651811,0.2859764408561811,0.22919891730134742
Superfelix,2026-07-14,0.11872914763246557,0.28598544961272054,0.2822602557942856,0.2289916176798239
Speshka,2026-07-14,0.1206051491929778,0.3065749454035039,0.25805258602553155,0.2284108935406711
AlexanderMatlak,2026-07-14,0.10980283332450154,0.2872510624448584,0.28723514391841604,0.22809634656259195
mightysmasher,2026-07-14,0.11047238203300729,0.2948654331155511,0.27773534661624116,0.22769105392159986
I-have-no-rizz,2026-07-14,0.10382769587450853,0.29826217022434703,0.28025614714743513,0.22744867108209688
Statham,2026-07-14,0.11298280777012908,0.2843901966388896,0.2848473667715726,0.2274067903935304
szachuspl,2026-07-14,0.10476336176915216,0.3011500469757854,0.2757928504448872,0.22723541972994157
hongnhung1234,2026-07-14,0.11539112251032632,0.2829098154890936,0.28311202644786126,0.2271376548157604
Defend1r,2026-07-14,0.11870926564273425,0.27881316471624823,0.2836088925638829,0.2270437743076218
Oliver_Wartiovaara,2026-07-14,0.11647305748794591,0.2765201710067182,0.2869717575689311,0.22665499535453174
annakantane,2026-07-14,0.11443334812278856,0.2674703666832524,0.2974739251747003,0.22645921332691374
PeacefulWarrior888,2026-07-14,0.11139739403129871,0.2995947595712702,0.26780988218433976,0.22626734526230288
Laura145vian,2026-07-14,0.11360338870272238,0.2674734844700301,0.2976307308128508,0.2262358679952011
spartantiger2025,2026-07-14,0.1082406500024709,0.30420621098384154,0.26598602991329856,0.226144296966537
Pingah9,2026-07-14,0.1262228460010243,0.25295165912361306,0.2991446593307655,0.22610638815180095
ypografos,2026-07-14,0.11041035014113512,0.29930855922530947,0.2680653050012662,0.22592807145590363
MaxiDag30,2026-07-14,0.10452224275479997,0.30082664995894054,0.2723220980241728,0.22589033024597108
GorinDeshi,2026-07-14,0.11004197696219788,0.2693409183699395,0.29620723867543025,0.22519671133585586
gabber2011,2026-07-14,0.10731891638367633,0.30382087242510125,0.2619955608725772,0.22437844989378494
HunterBRR,2026-07-14,0.10751288237486062,0.3015902746280964,0.26357550587565753,0.22422622095953818
nocnypako,2026-07-14,0.1131309636782389,0.2863346657930475,0.2725949815065049,0.22402020365926378
Guliev_Gasan,2026-07-14,0.11498847340857754,0.26865627803306336,0.28799920026588,0.2238813172358403
CKJY2796,2026-07-14,0.10359596234707465,0.30618082188499807,0.26174573337650187,0.22384083920285822
GeorgMeier,2026-07-14,0.12222787680516378,0.25002516424787335,0.2983173618452616,0.22352346763276623
wqws,2026-07-14,0.12711502954377527,0.2812514988526064,0.2622036311251634,0.2235233865071817
NewPlayerOrIsHe,2026-07-14,0.1073765835233363,0.28308604161514084,0.2791654873371316,0.2232093708252029
bangchess21,2026-07-14,0.1187290570469551,0.24995238099934178,0.3009114703536504,0.22319763613331575
Rodalquilar,2026-07-14,0.1358021735362854,0.273967829002611,0.25934795177518843,0.22303931810469493
playablecharacter,2026-07-14,0.10478267928877687,0.3027532892085256,0.25849418720761763,0.22201005190164005
legendisback1,2026-07-14,0.11588615315366378,0.2793777082105381,0.2693524314370096,0.2215387642670705
Gabcur,2026-07-14,0.11302928881408326,0.2830072397400535,0.26828346283499616,0.22143999712971096
Francesatop,2026-07-14,0.11663997453748612,0.27865640862705154,0.2664594214071027,0.22058526819054677
RhettLangseth,2026-07-14,0.10944983554269717,0.2971771923549201,0.2546883438449713,0.22043845724752953
Matycarcamo91,2026-07-14,0.10740406298920373,0.2837617148511907,0.2695246212052624,0.22023013301521896
Eleyah,2026-07-14,0.10666343773799346,0.284437895852852,0.26501392419191666,0.2187050859275874
finec2,2026-07-14,0.10611781616995794,0.2598568574009696,0.28930657377601654,0.21842708244898135
Ismael-khadour,2026-07-14,0.10407352207942647,0.2811742007106059,0.26956557934106107,0.21827110071036449
Chesssplayer21,2026-07-14,0.1138146898906972,0.2580042446136171,0.282472567383812,0.21809716729604212
EmirhanTarlabasi,2026-07-14,0.1081835801422715,0.2701653610718284,0.27537764167291917,0.21790886096233972
Allysson_Muniz_2809,2026-07-14,0.10479968250505131,0.2967032712158053,0.2521861046181336,0.21789635277966343
GyurjinyanValter,2026-07-14,0.10803180603258675,0.2667211100086595,0.27788413136486534,0.21754568246870387
danifv,2026-07-14,0.09827620119423473,0.32001079433873614,0.23154540299134202,0.21661079950810427
Ramu_K_FM_FT,2026-07-14,0.1212285054478706,0.2636552234766055,0.2644008101258755,0.21642817968345054
Jagadeesh_Siddharth,2026-07-14,0.10536344831898768,0.2558183785107832,0.2875791772766508,0.21625366803547388
futbolvic,2026-07-14,0.10134725624643337,0.2980105164503523,0.24928448899297062,0.21621408722991875
wejbimoo,2026-07-14,0.1007358883835121,0.29543995692612035,0.2505463698300273,0.21557407171321993
yetzggs,2026-07-14,0.09902292785226839,0.3059098873143396,0.24078098187986824,0.2152379323488254
guillembaches,2026-07-14,0.1395897345226022,0.24883421656274843,0.2572401402968234,0.215221363794058
Schekachikhin_Maksim,2026-07-14,0.10665074981930783,0.2857116913035749,0.25261150075406963,0.2149913139589841
horpereyra17,2026-07-14,0.11078396475581405,0.2515136480080885,0.28169291633002275,0.2146635096979751
Axolotl_2015,2026-07-14,0.10713205984998143,0.25901672523740266,0.2775166083523485,0.2145551311465775
Aakash-Dalvi7,2026-07-14,0.10616999564628761,0.26122655278501544,0.2758775468501274,0.21442469842714348
DrKiller67,2026-07-14,0.1022246148473885,0.2786802833773987,0.2621557145659782,0.2143535375969218
Agoking701,2026-07-14,0.1040441782940269,0.27395577729358234,0.26471047226618266,0.2142368092845973
Viktoker,2026-07-14,0.11436031483574323,0.2567670686688347,0.2704794082430462,0.2138689305825414
kamilianin235,2026-07-14,0.11363059210726181,0.2711008214896089,0.2566111178788059,0.21378084382522555
Qenzy10,2026-07-14,0.10706001904671171,0.2487685497584258,0.2852369096797973,0.2136884928283116
gshwbedhkhd,2026-07-14,0.1077773291761261,0.24642231600880743,0.2866669674351744,0.21362220420670264
unbreakablepawn35,2026-07-14,0.10428174585522475,0.2761365451886078,0.26027030774634985,0.21356286626339416
estupendastico,2026-07-14,0.10671532917924671,0.27094605988273807,0.26246028367871044,0.21337389091356507
Aslanov_Umid,2026-07-14,0.1164308416381561,0.26149077553061695,0.26095954123604037,0.2129603861349378
Advik1B,2026-07-14,0.09937562715230765,0.2841107262324473,0.25478684581433514,0.21275773306636336
ferdipy,2026-07-14,0.1250369304775797,0.24222072857393903,0.27031115170571485,0.21252293691907786
iturrizaga,2026-07-14,0.10688353701618553,0.2639741244200793,0.26621364400034575,0.21235710181220355
DarkStorm64,2026-07-14,0.10468104227177276,0.2548737804008134,0.27678347786444774,0.21211276684567795
taglit,2026-07-14,0.11656158279418036,0.2597518136554848,0.2587337044358669,0.21168236696184403
Arystanner,2026-07-14,0.11481636923359378,0.2834664990265734,0.23603035580434348,0.21143774135483687
collonut,2026-07-14,0.10224029348768891,0.2773177929685187,0.2538890033266778,0.2111490299276285
larsmandreassen,2026-07-14,0.10917560287054355,0.2454960910281643,0.2787734983131038,0.2111483974039372
AlexMoscow2011,2026-07-14,0.11550262085917105,0.23971192765997837,0.277891501265627,0.21103534992825881
XiaoKangZhong,2026-07-14,0.09458929644516229,0.2970017114733284,0.24150058563554477,0.2110305311846785
levqcq,2026-07-14,0.11125789796867176,0.2635098309171405,0.2571497395992422,0.2106391561616848
maziarbagheri,2026-07-14,0.09623441045400347,0.28583419357983275,0.24929797969085424,0.21045552790823016
Matvii_B,2026-07-14,0.10162319305992525,0.27824689931778934,0.2511467386579799,0.21033894367856484
Ykow2,2026-07-14,0.11573974903194109,0.24679987091197697,0.26580607339145507,0.20944856444512436
Talitofelix,2026-07-14,0.10061183552377143,0.26267074408415775,0.264901981393818,0.20939485366724905
Epica11,2026-07-14,0.10302998713313524,0.24883097063394258,0.2754438196164014,0.20910159246115975
Goffredo_Fofi,2026-07-14,0.09829794629747056,0.27746136580760944,0.2511003227387765,0.20895321161461886
ShahMatKanal,2026-07-14,0.10191410431574167,0.280237283885812,0.24467380953646473,0.20894173257933946
AlwaysPlayForAWin44,2026-07-14,0.09800598662124911,0.2764599382544218,0.25232855417720834,0.2089314930176264
Elprofessor21,2026-07-14,0.10290133667003272,0.25422358570849085,0.26823522366140606,0.20845338201330987
Demyan7777,2026-07-14,0.10212522901131355,0.25635903578554403,0.26659728615088635,0.2083605169825813
angelgab3,2026-07-14,0.10036415402798099,0.2692359255876734,0.2522470508048604,0.20728237680683825
Aural1011,2026-07-14,0.10303487719782581,0.2634618425086602,0.2550853960966501,0.20719403860104535
Judomaster3,2026-07-14,0.10277360392374217,0.2543885989808279,0.26394609519297124,0.2070360993658471
Dinosaurioyogurt,2026-07-14,0.09652537021898272,0.2810188718150807,0.24276033327689833,0.20676819177032058
Darius321,2026-07-14,0.10237288900801106,0.24367052015981383,0.2740820178692379,0.20670847567902095
Anuar_Tureshbayev,2026-07-14,0.09995965021093063,0.2665831205383376,0.2535295937422369,0.20669078816383504
kulik2007,2026-07-14,0.10701725714372769,0.25211395602909714,0.260835325499154,0.20665551289065962
StrongestRookie1,2026-07-14,0.10314846820193037,0.2549455197334818,0.2618288718784936,0.2066409532713019
Rile-Man,2026-07-14,0.10817245204625896,0.24614207013726047,0.26495322267717464,0.20642258162023133
vladoboch,2026-07-14,0.0967568689422477,0.2711052919947853,0.25126808890558333,0.20637674994753877
ecwinslow,2026-07-14,0.09929317176569095,0.251279666307062,0.26847513377708254,0.20634932394994518
reymannnathan,2026-07-14,0.09407475333592265,0.29511391978020873,0.22880317066993336,0.20599728126202158
Sammed_Shete,2026-07-14,0.10307004872431869,0.2467043574570359,0.2672773619210871,0.2056839227008139
YoreDea,2026-07-14,0.11316419612825197,0.23482076758915874,0.268746226999276,0.2055770635722289
suspiciumchess,2026-07-14,0.09749808570976835,0.25415329244676915,0.2645422668560221,0.20539788167085318
chessvr,2026-07-14,0.0976567612532168,0.2596457627236881,0.2585503234753777,0.20528428248409422
Schoenbrunn,2026-07-14,0.09495627450544059,0.2774497321866629,0.24308098461632832,0.20516233043614393
Vaibhavraut99,2026-07-14,0.10446371238878617,0.2373589768473472,0.27336039658481476,0.20506102860698272
abhidabhi,2026-07-14,0.1176365877289961,0.22643126063910993,0.27034344526249265,0.20480376454353288
Semetey,2026-07-14,0.10181243691741688,0.27848674115158784,0.23403751631890513,0.20477889812930328
dannyings83972,2026-07-14,0.09403464573900203,0.29690261985071126,0.22339523801797714,0.20477750120256347
bescmelasti,2026-07-14,0.10928976441200056,0.25262717722391925,0.25212337936756135,0.20468010700116038
7ChessAce,2026-07-14,0.09220403160514962,0.2761006022068738,0.24455375808221003,0.20428613063141113
benedekisti,2026-07-14,0.10155662226106427,0.24306246383848756,0.267742047833922,0.2041203779778246
GMAkobianSTL,2026-07-14,0.11413751820370534,0.2420588217697948,0.2551809059493849,0.20379241530762834
Nuvas,2026-07-14,0.09983444935378993,0.2529034328727706,0.25677733444554773,0.20317173889070275
Homelander150,2026-07-14,0.09734752398032018,0.2533514405806204,0.2581584115354606,0.2029524586988004
ZenBull,2026-07-14,0.09371017420840055,0.2735603228821514,0.24050579977678357,0.20259209895577848
SuperJesus88,2026-07-14,0.09834685682565743,0.25843438805481933,0.2501775375831943,0.20231959415455703
VincentKeymer,2026-07-14,0.13370936694993812,0.23919670010528857,0.23271513957599524,0.20187373554374063
GMaka,2026-07-14,0.11477006292774433,0.24421324766585553,0.24427445134019565,0.20108592064459851
bojosi,2026-07-14,0.09970659326232799,0.24082960856820507,0.26239657459701,0.20097759214251434
PropellerBoy01,2026-07-14,0.10025189260171478,0.2571865103073075,0.24417289140963347,0.2005370981062186
JDDG,2026-07-14,0.09949597699012643,0.2557732601094785,0.2448970343593937,0.2000554238196662
Boris_Plotnikov,2026-07-14,0.10079996179368343,0.2323138024532884,0.26697922145651837,0.20003099523449674
ElefanteNegro,2026-07-14,0.09460440054125518,0.25342829584896825,0.2516343512267391,0.19988901587232086
goshachai2010,2026-07-14,0.10334896021794807,0.24798024798404633,0.2473595418360242,0.19956291667933956
Jmf24,2026-07-14,0.09221956810426137,0.28585914079053765,0.22002400378662376,0.1993675708938076
Slederes,2026-07-14,0.09292340858698116,0.25998441656715227,0.24467060551251094,0.1991928102222148
Jakuboss22005,2026-07-14,0.09899822430291033,0.23697937772605132,0.2608431878855715,0.19894026330484438
bardiya_Daneshvar,2026-07-14,0.11589641925330345,0.22140074460632814,0.2566674562694768,0.19798820670970282
Andrey-Ivanov2011,2026-07-14,0.0942209929149687,0.25391046865684164,0.24524793266260253,0.19779313141147095
AquivaRubinstein,2026-07-14,0.1062754236358537,0.22908879571309906,0.2580046470529036,0.19778962213395213
Enchanter14,2026-07-14,0.09802614038465189,0.2349969053369892,0.2601440032187496,0.19772234964679689
TrahtarBelarus,2026-07-14,0.11137786746476944,0.25739689700324964,0.2237183494861849,0.19749770465140135
banhgiahuy2606,2026-07-14,0.09223113197716319,0.2706965720261426,0.22944193426338022,0.19745654608889537
weshaIlwin,2026-07-14,0.10412019367455928,0.2397478411918006,0.2470643574220631,0.196977464096141
ChessFighter1975,2026-07-14,0.09613684297726452,0.23369071427366472,0.2600329820897234,0.19662017978021754
Zhans_2014,2026-07-14,0.09207317983289176,0.2615459984958442,0.234967964353538,0.19619571422742466
woodpecker108,2026-07-14,0.0981802038820195,0.24080989267119784,0.2488174641701958,0.19593585357447105
vugarrasulov,2026-07-14,0.13815572942835266,0.2130390539621394,0.23572893490781785,0.19564123943276998
VladShere,2026-07-14,0.09275662936715083,0.25156213458513677,0.24095239398580165,0.1950903859793631
boasovietica,2026-07-14,0.0871706052694212,0.27081090781205114,0.22612086791221866,0.1947007936645637
Dontmesswithme_2,2026-07-14,0.10048360977505791,0.22443661052535,0.2571134464019796,0.19401122223412917
AdrianaNikolova,2026-07-14,0.08748582115454472,0.264065407762183,0.22934663129934774,0.19363262007202517
PapaieDudu,2026-07-14,0.09533304123248681,0.23560693761613216,0.24945603992238527,0.19346533959033474
chegueps,2026-07-14,0.11908562877142316,0.2183876587181854,0.2428589190228173,0.1934440688374753
AyelenChess,2026-07-14,0.08853327700475842,0.2523646522422612,0.23873513262544266,0.1932110206241541
Chess2010kingAlex,2026-07-14,0.09946922989743538,0.20307973305588323,0.27640308933191426,0.19298401742841098
SaraBlackPanther,2026-07-14,0.09843934642170189,0.23092125542443784,0.24824129560215474,0.19253396581609816
imdvb6307,2026-07-14,0.09964045186870431,0.2253589622606227,0.2523619379864776,0.19245378403860156
AccioChess,2026-07-14,0.10176285486330107,0.23807690267649292,0.2369034887628438,0.19224774876754594
ASVZ,2026-07-14,0.10033888584793663,0.22150852689386616,0.2535179186569143,0.19178844379957236
bodhiknight,2026-07-14,0.09327429167893037,0.24177143036892645,0.2402235874783421,0.19175643650873297
ELAREMETR,2026-07-14,0.10175167964145652,0.21321384507097726,0.26017343558076034,0.19171298676439805
GMdj77,2026-07-14,0.09851152545319844,0.23234025905348438,0.24354973120152004,0.1914671719027343
GMShoti,2026-07-14,0.10090341208703661,0.22699659676491155,0.24618880597653514,0.1913629382761611
PaulBishop7,2026-07-14,0.09035605561181217,0.26271327117567417,0.22091968751743252,0.19132967143497295
Elodosia,2026-07-14,0.08954697101308358,0.25096954501928515,0.23291373823738643,0.1911434180899184
AmbartsumianTyhran2012,2026-07-14,0.09526667192021199,0.23940185593745097,0.23777904176932949,0.19081585654233083
ElEspartanooo,2026-07-14,0.08970250067720836,0.24523547389797923,0.23712335782970773,0.19068711080163178
VidarGrahn,2026-07-14,0.09202415883706572,0.22663280201532499,0.2533034568195572,0.190653472557316
dogrem5,2026-07-14,0.09144518773786643,0.22777861441443126,0.25241044243037664,0.19054474819422476
Mlkkel,2026-07-14,0.08935564302276691,0.2474957503653433,0.23437393364817077,0.190408442345427
christianallen359,2026-07-14,0.08336331390855242,0.2672291632626373,0.2191075452135268,0.18990000746157218
Nobodyjeroen,2026-07-14,0.09307676996138929,0.2364176431095026,0.23926849144831627,0.18958763483973606
Cobysters,2026-07-14,0.08991352615756949,0.23949654465214323,0.23929950661153804,0.1895698591404169
gedizov,2026-07-14,0.09314541659565247,0.2251336904378709,0.24989743125054278,0.18939217942802203
Carnivoras,2026-07-14,0.10122006929799626,0.2209903881870035,0.2446238268984117,0.18894476146113715
jakopogi,2026-07-14,0.1015181037081558,0.21306305017416663,0.25205864813609635,0.1888799340061396
giomar27,2026-07-14,0.09570296571836279,0.25146988856869135,0.21856994013173042,0.18858093147292818
kingofchesss17,2026-07-14,0.08485530079739051,0.27099348956323804,0.20876057068347897,0.18820312034803585
sanbruh,2026-07-14,0.09794750393218701,0.251186526523845,0.21543317490159375,0.1881890684525419
LukasLeBakken,2026-07-14,0.10216798630116398,0.23584909704422846,0.22653858908330407,0.18818522414289884
allespatzer,2026-07-14,0.09627505618451102,0.23100136605449698,0.23709567066086415,0.18812403096662403
ReyGto,2026-07-14,0.09106711202814483,0.23324114092812184,0.23995355138572275,0.18808726811399645
Hasangatin_Ramil,2026-07-14,0.09996456294490044,0.23909519991005812,0.22283924251911075,0.18729966845802312
NoVabbeSeiUnGenio,2026-07-14,0.09449912239102196,0.21276469247317592,0.25401712915918007,0.18709364800779263
Srawberryfields,2026-07-14,0.08499863592500728,0.2413485845605698,0.234719414086883,0.18702221152415335
Keithonsky,2026-07-14,0.10317590634184692,0.22232760043049823,0.23551963009057705,0.18700771228764076
Gunner214,2026-07-14,0.0980126928621304,0.23982574275285487,0.22305870851148593,0.18696571470882373
LostWanderer1,2026-07-14,0.09306269545123619,0.22281215748042557,0.24500158729559826,0.18695881340908668
DavidLana1987,2026-07-14,0.09673374768400084,0.22125162143381308,0.24081883641384538,0.1862680685105531
DontMessWithTheFish,2026-07-14,0.09781569391708987,0.2114666041157212,0.24895191785190302,0.18607807196157136
Dani097,2026-07-14,0.08813577421022635,0.25045179484936886,0.21922684350703098,0.18593813752220875
Sriansh_Das,2026-07-14,0.09494394750239758,0.20659811906310388,0.25626701897089005,0.18593636184546383
IngOscarArdila,2026-07-14,0.11849773750858787,0.2370665300600273,0.2020826926035432,0.1858823200573861
Hattori-Hanzo78,2026-07-14,0.09731208448977051,0.22868642029766517,0.22895671256901667,0.1849850724521508
Oneiros0201,2026-07-14,0.08412970490207808,0.25117747583879224,0.21870671082444917,0.1846712971884398
Wizard_97,2026-07-14,0.10292355619092769,0.19650759355746455,0.2542996453272238,0.18457693169187203
STT170116,2026-07-14,0.08488409322935991,0.25004231511904884,0.21730236098812938,0.18407625644551273
Igor_Lysyj,2026-07-14,0.09028891566664174,0.23259367344334564,0.2292545701590337,0.18404571975634035
Martial2008,2026-07-14,0.10758036952405002,0.2101821561257835,0.23423637427875643,0.18399963330952998
Aamuktha-Guntaka,2026-07-14,0.08415297373911934,0.24673249162378155,0.22078749420817423,0.1838909865236917
qwerty_cool_123,2026-07-14,0.0938883308808634,0.22365628029352674,0.23255210307443142,0.18336557141627385
vesgath,2026-07-14,0.0883612986007418,0.24380807562934143,0.21762714784358209,0.1832655073578884
ozates,2026-07-14,0.118603138192548,0.22421464219564713,0.20657426481651125,0.1831306817349021
Macron20hTF1,2026-07-14,0.08986058462104232,0.22267056046050274,0.23670199218688492,0.18307771242281
karenzc,2026-07-14,0.08253498498809086,0.25335868384952653,0.21329644051939667,0.18306336978567136
McCarthyStone,2026-07-14,0.10421223810372941,0.21281735140645067,0.23144995909839533,0.18282651620285847
NathanHoover,2026-07-14,0.0841367210092078,0.26807439063206523,0.19430343324705543,0.18217151496277617
ItsCheckM8Mate,2026-07-14,0.09509509153695829,0.2043235925479023,0.24704391128088546,0.1821541984552487
kids2010,2026-07-14,0.09315096576854348,0.20937723090733626,0.24391114279805756,0.18214644649131242
BuyBoxBandit,2026-07-14,0.09660545026006108,0.21817679941952947,0.23114319849263232,0.18197514939074097
NottheBishopSacrifice,2026-07-14,0.08970362048654039,0.2254980851404252,0.23053493728281027,0.18191221430325863
andrzej,2026-07-14,0.08895425683444462,0.24049620613606018,0.21601657404634367,0.1818223456722828
McWzPk,2026-07-14,0.08337712915458603,0.24861472431786538,0.2133996101977496,0.1817971545567337
ModernRambo1,2026-07-14,0.0880131833385192,0.2422684943933204,0.21370977308870379,0.18133048360684778
Mandaloriana19,2026-07-14,0.0827200472789611,0.2309828978883442,0.2296861021423027,0.18112968243653602
BestByTestbro,2026-07-14,0.08651227091713395,0.22228306956992117,0.2329359512179959,0.18057709723501703
guillead1,2026-07-14,0.0950174331876767,0.21624352892594245,0.2289591422855319,0.18007336813305033
IM_Alex_Ivanov,2026-07-14,0.0900541222728528,0.24828787960264206,0.2016128739477633,0.17998495860775274
EdgarAndreasyan2008,2026-07-14,0.08855088211580053,0.21766893006839633,0.2334337715405547,0.17988452790825052
giovannibrandao7,2026-07-14,0.09642905582732061,0.2301022121098198,0.212565490597506,0.17969891951154882
N_Mullodzhanov,2026-07-14,0.09322665986912738,0.21902822907268826,0.22626655470395896,0.17950714788192487
yoyolol34,2026-07-14,0.09018919406506495,0.2031801021970973,0.2434443841612161,0.17893789347445943
HomeAlone20,2026-07-14,0.10043061420670311,0.23309493117918148,0.20301868837215722,0.1788480779193473
aloe_normansen,2026-07-14,0.08683573474684139,0.22577623704146405,0.22360686035275934,0.17873961071368827
Ganec4,2026-07-14,0.09013545351213892,0.21677284081841136,0.22929451137202295,0.1787342685675244
hsd2016,2026-07-14,0.09638945149329074,0.23532140503678417,0.2039737350005245,0.17856153051019982
QueLadri,2026-07-14,0.09580262667161592,0.2071296210746959,0.23263250409380215,0.17852158394670467
lucabieging,2026-07-14,0.08394734452000724,0.22329561383751717,0.22709780715191166,0.17811358850314538
gau248,2026-07-14,0.09917628180518485,0.20392949546118108,0.23034123014889235,0.17781566913841942
rostovmaxim,2026-07-14,0.08834258363451132,0.21380370313343033,0.23117562969655822,0.1777739721548333
komikaoxid,2026-07-14,0.09021140383071061,0.19603154571251355,0.24648026727794292,0.1775744056070557
loverischess,2026-07-14,0.08394640014797548,0.2330475740741088,0.21568877101109965,0.17756091507772798
GAusal,2026-07-14,0.11246449044405002,0.19643307492255926,0.22242528184996352,0.17710761573885758
CyberSurfer12,2026-07-14,0.08454287604813997,0.21825420801549164,0.22738911267145087,0.1767287322450275
Jahonas,2026-07-14,0.08228165503727439,0.22520729974459702,0.22256084143954039,0.17668326540713727
Quetia_Pin,2026-07-14,0.08589115606306985,0.23030398382909584,0.21287031934310605,0.1763551530784239
99simooon,2026-07-14,0.07796606905601584,0.24253157995561458,0.2083607682943254,0.1762861391019853
Noname372k,2026-07-14,0.08921023124740711,0.2117482447330417,0.2278242051571699,0.17626089371253958
Vazabanga,2026-07-14,0.08181602022262563,0.2281814440403034,0.21866582693381648,0.17622109706558184
Hirna2005,2026-07-14,0.10180528017032035,0.209817600501593,0.2169985308298256,0.1762071371672463
MarijaKuznecova,2026-07-14,0.08435023368340333,0.2126127899513023,0.23059508238081908,0.1758527020051749
Kgli1m,2026-07-14,0.08890148171382005,0.2073409519012839,0.2312518449006593,0.17583142617192107
JD_chess_Academy,2026-07-14,0.08357523709455192,0.21444312909850344,0.22928067259167606,0.17576634626157714
AjedrezconPeter,2026-07-14,0.09460319708884188,0.1949626626444615,0.237704129194766,0.17575666297602313
ErenEYM11,2026-07-14,0.09729102496487414,0.19447370811671177,0.23521834963204127,0.17566102757120905
Ket_Cha,2026-07-14,0.08278849886589415,0.2236263265374902,0.22047952830021958,0.17563145123453464
PawnEatingZombie,2026-07-14,0.08357925375193588,0.22260936811820867,0.2205809048799934,0.175589842250046
ChainedDowntohell,2026-07-14,0.08856591286252673,0.22942068554638242,0.20868789230299878,0.17555816357063594
ChawitAp,2026-07-14,0.07868855324766583,0.23733454589554473,0.21057129143016534,0.17553146352445861
Gora2812,2026-07-14,0.09263484102611363,0.23215328746711725,0.20104763798567887,0.17527858882630323
Vladislav_Voitovich,2026-07-14,0.07555477176990996,0.258794866184226,0.1910962399108065,0.17514862595498082
the_blue_pill,2026-07-14,0.09241958840542838,0.20015441646461238,0.23243538479474893,0.17500312988826325
GarnikN,2026-07-14,0.09274836232955443,0.20735122700210293,0.22374059976419253,0.1746133963652833
EGK_06,2026-07-14,0.08496254132427528,0.23155212679127382,0.20713492362617228,0.17454986391390712
penguingm1,2026-07-14,0.11433442716223818,0.18354006567385556,0.22572215814856303,0.1745322169948856
KnightSlasher2020,2026-07-14,0.08405025592160512,0.21252366460628555,0.22623096555594574,0.17426829536127877
ISAAC2906PER,2026-07-14,0.08219902300500817,0.23661075770935144,0.2038848037324784,0.17423152814894602
urano56,2026-07-14,0.084119434705872,0.20343231015675792,0.23432909935776028,0.17396028140679673
Alen_ChessMate,2026-07-14,0.08972018629714486,0.21249852017019843,0.2195744291155167,0.17393104519428668
BeautiFullMindChess,2026-07-14,0.0906855648641083,0.2094975090213953,0.22143939301655982,0.17387415563402112
vmulay,2026-07-14,0.08767822044485118,0.2209983637167199,0.21291532024944446,0.1738639681370052
NoMercy_Ukr,2026-07-14,0.08024505163482018,0.22581517388354538,0.2152255423079803,0.17376192260878195
SchachmattTV_Daniel,2026-07-14,0.08040632614330709,0.214395592580573,0.22511609726948487,0.17330600533112164
ViralduS,2026-07-14,0.09885954580558137,0.19544550442194095,0.2256016345136963,0.17330222824707286
Dark_Night180,2026-07-14,0.07726223677529498,0.2446306127737319,0.19769247338643475,0.1731951076451539
xiaopang123,2026-07-14,0.0832538880164941,0.219062934991184,0.21640749839979326,0.1729081071358238
bonantagulo,2026-07-14,0.09993590542085566,0.1904450507763186,0.2269711716943581,0.17245070929717743
angelaberbach,2026-07-14,0.07861046899198534,0.22506581230863526,0.21293439871557512,0.1722035600053986
knightinshiningarmour16,2026-07-14,0.09905021434626143,0.19331042658211195,0.22324545463436624,0.17186869852091322
Slovak_fighter2000,2026-07-14,0.10568215035477113,0.20945499142920682,0.2004043331973231,0.17184715832710032
handsoffhans,2026-07-14,0.07977685389816734,0.2236400464466746,0.2118026067261149,0.17173983569031895
The_glorious_Chesscular,2026-07-14,0.07819363657972117,0.22828149086472804,0.2074221508452438,0.171299092763231
elgrona,2026-07-14,0.08342317284119771,0.1961998404861036,0.2335373612662035,0.17105345819783493
DrIMpractical1,2026-07-14,0.08034873976422761,0.21755173418060803,0.21498472961747153,0.17096173452076904
ngn_hklnh,2026-07-14,0.08361153090896188,0.19964647739730498,0.22871458398771208,0.17065753076465964
Too_Stupid_To_Play,2026-07-14,0.07977214247758432,0.2137837790009633,0.2183944365221314,0.17065011933355967
polpeboss,2026-07-14,0.0836775414678759,0.19570484337986324,0.23256143612389618,0.17064794032387845
esrosenberg,2026-07-14,0.09742076832566154,0.18854964400385732,0.2255565678069022,0.170508993378807
hakanazeri2,2026-07-14,0.1019895637184316,0.20649798472602354,0.2022367533964855,0.17024143394698021
Championnn-9,2026-07-14,0.08060097165017495,0.21163803831701802,0.2174511876023287,0.16989673252317392
ACH19,2026-07-14,0.09153150894695254,0.20118709509742597,0.21670742635953885,0.16980867680130576
As0nchess,2026-07-14,0.08011318188084542,0.20791180558388545,0.2212196460950616,0.16974821118659747
NLLO777,2026-07-14,0.08542333647233491,0.19058390252423768,0.23308593479092887,0.16969772459583385
PenguinIsANoob,2026-07-14,0.07608629748201917,0.231483296033246,0.200931761405705,0.16950045164032337
NikolozTsomaia,2026-07-14,0.0746503521034211,0.23223722249317988,0.1998024369561975,0.1688966705175995
renathy,2026-07-14,0.07989416503059889,0.20110985829897723,0.22491108817894623,0.16863837050284078
luizzy,2026-07-14,0.08433979657044018,0.20761495569697358,0.2133886285605401,0.16844779360931794
tactic,2026-07-14,0.08023732896735507,0.21148283746353214,0.2132871053295297,0.1683357572534723
aachess2006,2026-07-14,0.07630349787468715,0.2252943771758104,0.20245857747214818,0.16801881750754857
krzyzan94,2026-07-14,0.09743167342213074,0.20440006671928104,0.20188261553746795,0.16790478522629323
Nurali3012,2026-07-14,0.0884591765599846,0.19273905176843864,0.22246680917065603,0.1678883458330264
InitiatingASC,2026-07-14,0.12446472565903016,0.18413374513725694,0.19421117275461142,0.16760321451696616
R1CK-GR1MES,2026-07-14,0.07949982877875007,0.21702606061978694,0.20598645714503278,0.16750411551452327
Milop27,2026-07-14,0.08283812120391683,0.1957050171075005,0.22343622472798205,0.16732645434646645
Hugo_BD,2026-07-14,0.07593989487548453,0.22751081723593058,0.19840721902769234,0.16728597704636916
average_trans,2026-07-14,0.0798749874894878,0.20282629068999722,0.21898978567974745,0.16723035461974414
Milana-Alex,2026-07-14,0.07468987861299402,0.2285602331904149,0.19817170861782152,0.1671406068070768
AljoschaFeuerstack,2026-07-14,0.08245190041842193,0.21734025307807547,0.2013569132841534,0.16704968892688363
Olga_Girya,2026-07-14,0.07701965771793248,0.20747260819446403,0.21646302183997887,0.16698509591745847
SacrificeSavant07,2026-07-14,0.07886373391886767,0.21871394414037743,0.20336178699352114,0.1669798216842554
Esa_2009,2026-07-14,0.08411996165061882,0.19166052514665932,0.2251091065799345,0.1669631977924042
Herminiah,2026-07-14,0.08316125039958093,0.20886619430141037,0.20873966708590155,0.16692237059563095
Pellegrino_Chess,2026-07-14,0.08044304997227422,0.1991396868260294,0.22023236109790903,0.16660503263207085
miaou33,2026-07-14,0.08540708664340484,0.19216396228403765,0.22178540649259354,0.1664521518066787
kreonx,2026-07-14,0.08997930332868885,0.1727725205082949,0.23609852601390954,0.16628344995029776
jup1978,2026-07-14,0.11690575937128442,0.1784468756782773,0.2031727727055347,0.16617513591836547
toninhojit,2026-07-14,0.0850298606367099,0.20392476629520956,0.20933231407864814,0.16609564700352253
VeryBadlyBald,2026-07-14,0.07472150904156755,0.2261411782577032,0.19714836053490228,0.166003682611391
SuperGreenTea,2026-07-14,0.06974590616809269,0.24824407099260806,0.17982978640000472,0.16593992118690182
Incognito_Knight,2026-07-14,0.08089061305429737,0.19612992226180065,0.21992454065312464,0.16564835865640756
Geroinia,2026-07-14,0.07634782974496912,0.21458520189139338,0.20572326361583623,0.1655520984173996
KimKahre,2026-07-14,0.08250011608889836,0.1913391840192302,0.22263082594227174,0.1654900420168001
JinelaRodriguez,2026-07-14,0.0844101878918944,0.1958396772367316,0.21544193492828817,0.16523060001897139
AjedrezInteligente,2026-07-14,0.0834849707182671,0.20624053764077016,0.20595141493331884,0.16522564109745205
GM4life,2026-07-14,0.08257279129424004,0.18605706567166597,0.22697821712183427,0.16520269136258012
ystp_09,2026-07-14,0.07259462901850079,0.22560561773850984,0.1972990117433981,0.16516641950013625
ZCorrales,2026-07-14,0.0748086390091924,0.22536060406315284,0.19510953079887927,0.1650929246237415
Mitul,2026-07-14,0.08143892836856496,0.20313259659860014,0.2106538603938775,0.16507512845368086
the-gambler,2026-07-14,0.07246075381207058,0.2283907804899009,0.19415385014827038,0.1650017948167473
bq895,2026-07-14,0.08095149121440613,0.21199460482405402,0.20201879820779486,0.164988298082085
kasparicy,2026-07-14,0.08425204003943526,0.19188138804592314,0.21882850345691524,0.1649873105140912
MokshAD1603,2026-07-14,0.08132152339429365,0.20867143464728138,0.20390968566712162,0.16463421456956553
Willhaven3,2026-07-14,0.08344570052469903,0.18223069916492338,0.2280954629411466,0.164590620876923
Feegus,2026-07-14,0.08351922994884248,0.19846263718191218,0.21158837409021317,0.16452341374032262
NuAthena,2026-07-14,0.0756335009283707,0.20823958257374206,0.20938997161552764,0.1644210183725468
Akhilesh_Nagare,2026-07-14,0.08133152541998707,0.19766543464594571,0.21393516208087132,0.16431070738226802
deepfear,2026-07-14,0.08077776067670746,0.20236403665409447,0.20940223961615498,0.16418134564898565
MarceloPlaya,2026-07-14,0.08079853920108306,0.19210352307201625,0.21930349670376784,0.16406851965895572
GaalZsoka,2026-07-14,0.08089576582164736,0.21018488310307437,0.2009581633386515,0.1640129374211244
newyorkmouse,2026-07-14,0.09628069246006511,0.17476462294573764,0.22081403771759858,0.16395311770780044
Nicolik,2026-07-14,0.0852104041279737,0.20058061688565695,0.20606469762273605,0.16395190621212222
GobiQuanvo,2026-07-14,0.07425555006614482,0.2236626941503105,0.1938107323047182,0.1639096588403912
hyuslin,2026-07-14,0.06994620554081137,0.233184921551316,0.18844841024496817,0.16385984577903184
Kasandra124,2026-07-14,0.08574222632135943,0.1809624457618974,0.2246727694085772,0.16379248049727801
RaunakSadhwani2005,2026-07-14,0.09116453858135702,0.18376211196258666,0.2163155006339445,0.16374738372596273
DonMicheleCorleone,2026-07-14,0.0811740699847615,0.20180539312889847,0.20818335469933755,0.16372093927099918
tacticthunder,2026-07-14,0.08312678499123163,0.20141567928439766,0.20606784184565619,0.16353676870709516
Trickster_fam,2026-07-14,0.08370068364773939,0.18902514928851305,0.21759336940043242,0.16343973411222826
RamonManon0g,2026-07-14,0.08188840079365847,0.18176297877271444,0.22637825594192873,0.16334321183610054
Richy_94,2026-07-14,0.08336702581637588,0.19178126254393085,0.21486721426706892,0.1633385008757919
AlievaSasha,2026-07-14,0.08319236439846829,0.1869895020918525,0.21976325920445297,0.16331504189825793
Elnaz_Kaliakhmet,2026-07-14,0.08250136116909378,0.19417833396227782,0.21310368630348037,0.16326112714495064
WPWPWP-2015,2026-07-14,0.10045479928844561,0.1898452767979956,0.19943144115148637,0.1632438390793092
dzil,2026-07-14,0.08116040679552,0.18281680417833823,0.2252430555562346,0.16307342217669762
PositionalPanther,2026-07-14,0.08482138853730116,0.1717624538981859,0.2322152299588969,0.1629330241314613
OnslowChess,2026-07-14,0.0764083390473914,0.21827230031176192,0.19384494576735112,0.16284186170883483
Rutricks,2026-07-14,0.09452941186487264,0.1864503823782424,0.2074120872480401,0.16279729383038505
vishwa_vijeta,2026-07-14,0.07602441640049781,0.20801342789621546,0.20409584277400555,0.16271122902357296
pfalcon1949,2026-07-14,0.08948212633038036,0.20154338466350222,0.19599871052081827,0.16234140717156695
CiricPX,2026-07-14,0.07524795930840576,0.21674534761761938,0.19494573310257288,0.162313013342866
EternalNight8,2026-07-14,0.0773272592931304,0.20307127612497913,0.20643402648698841,0.16227752063503265
WildOnTwitch,2026-07-14,0.07759675363428253,0.1950765831565708,0.2136627395098634,0.16211202543357225
Supelyel,2026-07-14,0.0827805017027727,0.20061811358323542,0.20290718057760088,0.16210193195453634
Yaacovn,2026-07-14,0.08725653983732311,0.17579403984239342,0.22325280663700106,0.16210112877223917
MdChess1734,2026-07-14,0.08361876211747311,0.176441721645859,0.22615109958637586,0.162070527783236
24pablo209,2026-07-14,0.07555964124217245,0.19599133791614395,0.21465757426082052,0.162069517806379
juancruzarias,2026-07-14,0.08282951367740991,0.17796763866619195,0.2253495830747206,0.16204891180610748
The_Sherman_Variation,2026-07-14,0.08676404800840422,0.18224152967175652,0.21652401936216456,0.16184319901410846
RebelJohnny,2026-07-14,0.08326834502452844,0.19637245452645188,0.20588312142976495,0.16184130699358176
SlipperySpeedster,2026-07-14,0.0857291744088406,0.17990874505752924,0.21891546862952843,0.1615177960319661
Blitz_Lover1,2026-07-14,0.08142982344465283,0.18565216158909578,0.21744324085274236,0.1615084086288303
Juleona,2026-07-14,0.07796140850434698,0.2035673549090773,0.2029776872498127,0.16150215022107897
klercaku,2026-07-14,0.08061794549401849,0.1876581256207701,0.21536392093077153,0.16121333068185337
Kimkibo,2026-07-14,0.08052839468831025,0.18835830912740242,0.21418507290675062,0.16102392557415443
Alomaterapia,2026-07-14,0.08344868964370349,0.1934648810620327,0.20598029396730538,0.16096462155768052
SayonaraPonytail,2026-07-14,0.07702539958943809,0.18968997973159876,0.21524362211062087,0.16065300047721923
chito89,2026-07-14,0.09527247945355623,0.15991943608830697,0.22658812900210215,0.1605933481813218
Rjmcl1,2026-07-14,0.06890839558260928,0.2303882211612167,0.18246806112274305,0.16058822595552302
garicardi,2026-07-14,0.07466840743679114,0.21188370716814575,0.19489056960400994,0.16048089473631563
IlanVardi,2026-07-14,0.0788095183003705,0.19636668593805132,0.205588138494496,0.1602547809109726
Lerry0525,2026-07-14,0.07678045876062975,0.20576794077169824,0.19790829528128193,0.16015223160453665
Agibileg,2026-07-14,0.08984595543302398,0.18426045775971273,0.20631904880778573,0.16014182066684082
Volcanator,2026-07-14,0.0819384959160367,0.19581888137602393,0.20245334130488143,0.16007023953231403
Nayemhaque22,2026-07-14,0.08100847420522707,0.1899764690293793,0.20899128975751033,0.1599920776640389
Jarming,2026-07-14,0.08643001420240048,0.17519195459640813,0.21830757466601358,0.15997651448827407
Willi_Skibbe,2026-07-14,0.08126311570611747,0.19410748838508232,0.20435359474075468,0.15990806627731816
small_dragon,2026-07-14,0.07359144300430641,0.21058264450003222,0.19553152040448693,0.15990186930294184
Supergiuly,2026-07-14,0.08492718374103173,0.17913353682647595,0.2152760094837244,0.15977891001707736
Smoking_Crow,2026-07-14,0.08091295048825911,0.18366582120472022,0.21468828410313956,0.15975568526537295
tteshan,2026-07-14,0.07823134588201622,0.20149752992968403,0.19897864555141676,0.15956917378770566
thebeast2900,2026-07-14,0.08026761117551123,0.18964489237733093,0.2087320553346103,0.1595481862958175
Mattheii,2026-07-14,0.09057489237921394,0.16120543443564153,0.22668634145717723,0.15948888942401088
Gabriel-Ledezma,2026-07-14,0.07304681822652341,0.21087661732853968,0.194350223786058,0.15942455311370704
COLNZHE,2026-07-14,0.07355847869434029,0.2053128382469143,0.19930421776546736,0.15939184490224065
Boliviar,2026-07-14,0.08312629690044297,0.1841249041537554,0.21000839978135366,0.15908653361185068
sansanathalia,2026-07-14,0.07707254341335043,0.183687147113996,0.21647975860162463,0.1590798163763237
ChessKhan11,2026-07-14,0.08344930427711035,0.1818033479894268,0.21196400882611185,0.15907222036421634
minisim,2026-07-14,0.08179484429481462,0.1846079494045366,0.21036677738007487,0.1589231903598087
super_emi_26,2026-07-14,0.08112578973323115,0.19238955676285854,0.20300107932503844,0.1588388086070427
SergiooCampos,2026-07-14,0.07512415901299284,0.2075717207219973,0.19380522565464567,0.1588337017965453
Keeper0416,2026-07-14,0.08341531553087367,0.19071591027880128,0.20225594293885968,0.15879572291617822
FMalexhdez,2026-07-14,0.0839428986144917,0.1744339622237384,0.21759050299124008,0.1586557879431567
kritipatel,2026-07-14,0.07714152508869625,0.18349167294121535,0.21517761140986266,0.15860360314659142
Kirill-2008,2026-07-14,0.0703229239600766,0.21456330844597726,0.1900926168324436,0.15832628307949917
Herzog2012,2026-07-14,0.09605143828742747,0.16363977673214314,0.21472314891829128,0.15813812131262062
SaranyaDeviNarahari,2026-07-14,0.07835472644172149,0.2041300619652144,0.19150544432012612,0.15799674424235402
SantoBlue,2026-07-14,0.0955573723193129,0.16049177471594603,0.21792779928410153,0.15799231543978684
TrompeterImEther,2026-07-14,0.07554459151120059,0.193860188443906,0.2043750350843041,0.1579266050131369
fillipos12,2026-07-14,0.09121817323420024,0.17585950100685135,0.2064124816913763,0.157830051977476
KNVB,2026-07-14,0.09227437919705082,0.19718517547122397,0.18400636255448208,0.15782197240758564
MojarritaDinamita,2026-07-14,0.07267938614528983,0.20413867128893,0.19654929577528107,0.1577891177365003
carloseduar100,2026-07-14,0.08305024047542776,0.1821054398856839,0.20816473380630535,0.157773471389139
hellokostya,2026-07-14,0.0823418287846922,0.1705833501794548,0.22010542257273888,0.15767686717896198
maciek_92,2026-07-14,0.08600367508580842,0.17533909137263712,0.21165555993109297,0.15766610879651285
WinnerCM2014,2026-07-14,0.0700437218096115,0.22008834649126652,0.18275227356875093,0.15762811395654297
Reader777,2026-07-14,0.07619012321073072,0.18623273072242974,0.210361848872618,0.1575949009352595
Twitch_ElhamBlitz05,2026-07-14,0.09150354842791716,0.15427377115612442,0.22647009581948105,0.15741580513450756
JaackCamel,2026-07-14,0.07672287182390376,0.18322508347325972,0.21229553888839392,0.15741449806185245
Arimin1329,2026-07-14,0.08264828432436484,0.16662449292704118,0.22262213625380897,0.15729830450173832
xiaotong2008,2026-07-14,0.08421744325510803,0.19198206719623678,0.1955503523785304,0.15724995427662508
amin_molaei,2026-07-14,0.07669013827890564,0.18813780402580615,0.2069019169470084,0.15724328641724006
theredking89,2026-07-14,0.0773877585566213,0.19037966361050268,0.20365263889327148,0.15714002035346517
NewBornNow,2026-07-14,0.07814233427017134,0.19029880732368842,0.2028448852104092,0.15709534226808966
thewinninguy,2026-07-14,0.07209937549256488,0.21458637852384876,0.18453885593868072,0.15707486998503148
WindWhistler11,2026-07-14,0.09511276513778903,0.1643937276597956,0.21164516783506648,0.15705055354421704
littlepinkyboy,2026-07-14,0.07207536933924093,0.1973620833539337,0.20168616388342592,0.15704120552553352
ExcitingTrap,2026-07-14,0.07058123038238703,0.20822312406611476,0.19216781600502084,0.15699072348450757
BillCoe,2026-07-14,0.08293634575217244,0.16237288665620508,0.22563208301055085,0.15698043847297613
WorriedEgg,2026-07-14,0.07194433850709873,0.2002710355866811,0.19836769047429986,0.15686102152269324
Deenzerz,2026-07-14,0.08122296783108239,0.1896927352109078,0.19951942599706732,0.15681170967968583
Pintacara,2026-07-14,0.08236622901784502,0.17737272221561523,0.21027109742024142,0.15667001621790055
AlannaB01,2026-07-14,0.07892033394792158,0.17951864790244584,0.21022378765431593,0.15622092316822778
Genghis_K,2026-07-14,0.1004557307482886,0.15707610797888993,0.21082766293813843,0.156119833888439
HaryKane,2026-07-14,0.07971035071389207,0.16570833653254113,0.22208347946324816,0.1558340555698938
MapleCheck,2026-07-14,0.07780178121375593,0.17321863595254303,0.21643511615779093,0.15581851110802997
PelinGorki,2026-07-14,0.082531944419775,0.16475273358901207,0.22014220102076343,0.15580895967651684
Savva_KraSavva,2026-07-14,0.08037704115162753,0.18177515819848908,0.20501531468578146,0.1557225046786327
pospisku,2026-07-14,0.07371943235489013,0.1888915306444259,0.20452765603608317,0.15571287301179973
Slowbeast01,2026-07-14,0.07663168495995959,0.18692402292558835,0.2025766501970982,0.15537745269421538
MYS-EVS,2026-07-14,0.07106570598437285,0.20321656623164205,0.1916653212831885,0.15531586449973447
Michal_Fiedorek,2026-07-14,0.07111304133830708,0.20880351818408846,0.18559409522894085,0.15517021825044544
Midgardsormur,2026-07-14,0.0766885808849982,0.18715891393192,0.20144854977645177,0.15509868153112333
Javylavilla,2026-07-14,0.07724330689765073,0.17241503237197534,0.2154751936467294,0.1550445109721185
cristianchess19,2026-07-14,0.07105494336287095,0.21249310318103798,0.1808953865132575,0.15481447768572212
korbul,2026-07-14,0.0762561512045771,0.18562633762032063,0.20216428229052638,0.1546822570384747
N_I_Chess,2026-07-14,0.07872508679304983,0.17259582337383728,0.21264164789649745,0.1546541860211282
VQBT-TPND,2026-07-14,0.07736584663030897,0.18956066591802676,0.19665406597135937,0.15452685950656503
twofoxniel,2026-07-14,0.07874229241810048,0.17347230821265008,0.2110511837740149,0.15442192813492184
SultaiC,2026-07-14,0.0814948477304159,0.1727832315552101,0.2087700201370073,0.1543493664742111
Bekaeasycool,2026-07-14,0.0777789952730437,0.18171710643548641,0.2033185628703396,0.1542715548596232
genarovsky,2026-07-14,0.07534847588063603,0.18301238057110222,0.2043231601809401,0.1542280055442261
BelaKis,2026-07-14,0.08121487226280609,0.17311543127680465,0.20707406343684837,0.1538014556588197
Denis_Makhnyov,2026-07-14,0.07864213412941969,0.1711018654973082,0.21164440534515944,0.1537961349906291
Salem-AR,2026-07-14,0.08732763717827997,0.17117732144870276,0.20279802996865498,0.15376766286521257
mr_gustavo,2026-07-14,0.09559838238483916,0.1777103112406373,0.18755071220905994,0.15361980194484545
Johhnnyyii11,2026-07-14,0.08152066841370453,0.1706042778814043,0.20850521728703506,0.15354338786071464
Pandaguy4000,2026-07-14,0.0787719176419888,0.16036056511283917,0.2208457042562183,0.15332606233701543
ALCHESSCHAMPION,2026-07-14,0.08038837279451896,0.17037066075619842,0.20846157799644757,0.15307353718238834
skilledassassin4,2026-07-14,0.07146136047204821,0.19075350296452767,0.19685866297158544,0.15302450880272042
ExtremeLearner,2026-07-14,0.07998895215125783,0.17631192872937088,0.20254410224296646,0.15294832770786504
Defenstrator,2026-07-14,0.07662481392944147,0.17750109730952146,0.20452001595643154,0.15288197573179815
KyronGriffith,2026-07-14,0.07264189226928813,0.18507308173271506,0.20078980694422044,0.15283492698207454
rpragchess,2026-07-14,0.08858526135841037,0.16376690296602436,0.2059495598260122,0.15276724138348233
Granatomet552,2026-07-14,0.08007945647424454,0.17730107500589526,0.20081920492848082,0.1527332454695402
Road2GM3000,2026-07-14,0.07930311537958355,0.16473511074668104,0.21364255886289257,0.1525602616630524
ATM622,2026-07-14,0.0800410414130194,0.1874406502873791,0.19016482086121136,0.1525488375205366
PapusoiBatran26,2026-07-14,0.07785652263167646,0.18057450422609944,0.19907834109103134,0.15250312264960242
mjelcic,2026-07-14,0.07850549742513589,0.169158173928009,0.20945857323127515,0.15237408152814
Roman_0202,2026-07-14,0.0660574015536657,0.20889336322683932,0.18187604303826949,0.15227560260625816
Caroexpert,2026-07-14,0.07469753447204405,0.17926196817336845,0.20233192926233484,0.15209714396924912
honestgames,2026-07-14,0.07623704795565385,0.1756642867471426,0.2041951020853096,0.15203214559603537
ChessLebaneseSalah,2026-07-14,0.08218565968627271,0.16693504783566346,0.20602872215171267,0.15171647655788292
1977Ivan,2026-07-14,0.07145145479508791,0.19132878963973837,0.19208409130176718,0.15162144524553114
mbachez,2026-07-14,0.08010572836637461,0.16311049262213492,0.21091025099197555,0.15137549066016168
ShadowKing71,2026-07-14,0.06916541081795871,0.2049415329119355,0.17999045850392328,0.15136580074460582
SunStorm0720,2026-07-14,0.07016379433833633,0.19973330731271313,0.18386258548243573,0.15125322904449506
Er_ChessMate,2026-07-14,0.06819286002431037,0.20696772026198532,0.17813428528817532,0.15109828852482368
agustinv04,2026-07-14,0.07724611400114069,0.17090062895414784,0.20502497875179698,0.1510572405690285
Kopytkin,2026-07-14,0.07431086460189883,0.17361388798952304,0.2048428264995824,0.1509225263636681
chessbaerchen,2026-07-14,0.0804694713339195,0.1760220422360134,0.19622371004375683,0.15090507453789656
TanitoluwaAps116,2026-07-14,0.1309585369491928,0.12751273248381412,0.19404372035689435,0.15083832992996707
spotbet,2026-07-14,0.07983166695491276,0.1605533326173874,0.21206676222625578,0.15081725393285197
jazz_0607,2026-07-14,0.068982970389661,0.21640383582606187,0.166701165782526,0.15069599066608297
UmutErdemGunduz,2026-07-14,0.07569378607176712,0.17273991502186026,0.20361526695568133,0.15068298934976956
macaudreamer,2026-07-14,0.06722841574378481,0.20286782417983598,0.1816574905431539,0.15058457682225823
DamianoLew95,2026-07-14,0.08795470979993002,0.1552997818357135,0.2082476238240188,0.15050070515322075
MasterBlaster_1111,2026-07-14,0.0696064880043786,0.17624884624476256,0.20551086149538672,0.15045539858150928
IdoBenArtzi,2026-07-14,0.07122485952271733,0.18779680063501206,0.1922879214861327,0.15043652721462067
herewecomes1,2026-07-14,0.06820349612114555,0.2032662458098459,0.17950902896074486,0.1503262569639121
JS2606,2026-07-14,0.07053898427992407,0.1851206676501645,0.19516173707646645,0.15027379633551832
DianaMirza,2026-07-14,0.07207066146668085,0.18738286652660144,0.19106118795321386,0.15017157198216538
kurganchess45,2026-07-14,0.07804335061768637,0.18125573615178642,0.19119463420919655,0.15016457365955646
Susal_De_Silva,2026-07-14,0.0823997521031732,0.14635796835816367,0.2216770878182792,0.15014493609320534
dennisodessa,2026-07-14,0.07892397438997507,0.17518482931853152,0.19624638678055792,0.15011839682968817
Nozdrachev_Leonid,2026-07-14,0.07782098828110981,0.15830391930272616,0.21406592533714508,0.15006361097366036
lacafi,2026-07-14,0.08759129475511834,0.16173992602770196,0.20061177928872773,0.14998100002384934
zaguer,2026-07-14,0.06804397513982265,0.20344678707260616,0.17805889236564446,0.14984988485935777
soniahris,2026-07-14,0.06819808794420278,0.19694957734989071,0.18424204174782155,0.14979656901397168
NitaLucian,2026-07-14,0.0742296028680835,0.1705007160231975,0.20465124587194064,0.1497938549210739
zaid-chaseb,2026-07-14,0.07772320423333476,0.17000716729023554,0.20159481611084953,0.14977506254480663
chesslh93,2026-07-14,0.07881451194533358,0.16339216578276,0.20701615965962578,0.14974094579590644
ReadySkate,2026-07-14,0.08372098710613439,0.15104560717779844,0.2137810578446257,0.14951588404285285
DanielNaroditsky,2026-07-14,0.1071364155291622,0.14287326984737758,0.19804013758462932,0.14934994098705637
nicolochessit,2026-07-14,0.07822582027106165,0.17674439174133355,0.1930019727682011,0.1493240615935321
DoubleTactic,2026-07-14,0.06651710052915036,0.19173142646705765,0.18953912648589366,0.14926255116070056
Matibar,2026-07-14,0.08224563537521805,0.16758340584518672,0.19785007427461565,0.14922637183167348
maurovargas01,2026-07-14,0.0735735442108066,0.18060298488728516,0.1932170921243067,0.14913120707413283
thechessnoob12345,2026-07-14,0.0766897776186069,0.16528279491857514,0.20521872347583656,0.14906376533767288
Makswolf200817,2026-07-14,0.08919053545929861,0.13771392500219434,0.21985657006248072,0.14892034350799122
Barboval,2026-07-14,0.07459041311943262,0.1735543960033341,0.1982904379032009,0.14881174900865587
DivyaDeshmukh23,2026-07-14,0.06226190778515328,0.21639563403555623,0.1677747375196243,0.14881075978011127
Gameking51,2026-07-14,0.08233159565425122,0.165104084265428,0.1986753981167125,0.14870369267879724
Billy_thekid30,2026-07-14,0.07301032188451581,0.16780882119099508,0.20527382054120344,0.1486976545389048
ilm2034,2026-07-14,0.07363816767805298,0.16973105693461477,0.20272116781074273,0.14869679747447015
rubicapa,2026-07-14,0.07648141801796596,0.16956528395962975,0.19972585505134213,0.14859085234297928
chenxiaoyuer,2026-07-14,0.08314067000798016,0.13942086935426748,0.22292893285119114,0.14849682407114626
HannahSayceStreams,2026-07-14,0.06891615826696951,0.18950709258479947,0.1868527755146242,0.14842534212213107
elcandado,2026-07-14,0.073480462363567,0.18209506339700793,0.18937105652386738,0.14831552742814744
francyIM,2026-07-14,0.07521955091102595,0.16304621803949101,0.20640893390657794,0.14822490095236496
ChessBliss09,2026-07-14,0.08094170804516292,0.16577461299282056,0.19787968312951737,0.14819866805583362
KasimovR21,2026-07-14,0.06886675268842936,0.20072601565894516,0.17480383198772484,0.14813220011169978
OnurCinarEngin7,2026-07-14,0.07540699636170162,0.16841691244127074,0.20018592383592307,0.14800327754629847
MrTattaglia,2026-07-14,0.07967759883711127,0.15627336694820226,0.20800830903971002,0.14798642494167452
GoltsevDmitry2000,2026-07-14,0.1297335306437119,0.1305085809780476,0.18334069082771814,0.14786093414982587
drdaro,2026-07-14,0.08312540273314119,0.16192654008710095,0.19819337503718998,0.1477484392858107
seasidesunset,2026-07-14,0.08375560908169592,0.15870463267116944,0.20075383356336263,0.14773802510540932
konradrutkowski,2026-07-14,0.07601619500402537,0.1682202498272058,0.1988856428182163,0.14770736254981584
Ind1anStar,2026-07-14,0.06671365002158255,0.18347333664291238,0.19269135496324466,0.14762611387591318
TokChess,2026-07-14,0.07661725476262958,0.16480840067515415,0.2009891465492545,0.14747160066234608
MFatigue,2026-07-14,0.07983840568531377,0.15655310004446668,0.20598283770973994,0.14745811447984014
OleksandrProkhorov,2026-07-14,0.07243471797021821,0.1899449907292312,0.1798220375510207,0.14740058208349005
masnyszachistaaa,2026-07-14,0.07706326591232528,0.15741689692853972,0.20749586520888078,0.1473253426832486
Dhaydon19,2026-07-14,0.07823151269825696,0.1588666768587769,0.20483779811872518,0.14731199589191968
aldareee,2026-07-14,0.07109718626343572,0.18880497228175225,0.18192695123007738,0.14727636992508844
M1711,2026-07-14,0.07536698715824444,0.158009527452605,0.20807437749071614,0.14715029736718852
TigreMexicano,2026-07-14,0.07147803475592489,0.2035779559786631,0.16622542701240559,0.14709380591566454
amanjazu,2026-07-14,0.0785431214280941,0.14683362030760014,0.21578866047624967,0.14705513407064796
Kingstar70,2026-07-14,0.07749487556115772,0.1605775177274103,0.20293349985310263,0.14700196438055688
Gangster-accountant01,2026-07-14,0.08450464539818621,0.15557621195260546,0.2003969301105988,0.1468259291537968
MarusyaKholyavko,2026-07-14,0.07302968069234066,0.16648969940924765,0.20075997171955834,0.14675978394038222
Skatchkov_V,2026-07-14,0.07983679990614032,0.14532691267953154,0.21466748771966407,0.14661040010177864
pinelone,2026-07-14,0.08323561700496233,0.15187611536355575,0.20466529349919113,0.14659234195590307
chesniu,2026-07-14,0.07468571968671082,0.18570545335935928,0.17907787599037156,0.14648968301214724
Grishap06,2026-07-14,0.06934088985390097,0.1917401940458063,0.1783838825800359,0.1464883221599144
egnfanclub,2026-07-14,0.08902011480097465,0.1587741134707247,0.18991997567395866,0.14590473464855266
Bigfish1995,2026-07-14,0.08481250746084841,0.13405669263066597,0.21880300888044585,0.14589073632398675
slowdgehammer,2026-07-14,0.07376474794201679,0.15384262738260684,0.2099250865361044,0.145844153953576
Ridethesky89,2026-07-14,0.07560841464753108,0.17197031627901516,0.18950192498599666,0.14569355197084763
zimmm36,2026-07-14,0.08113932836101476,0.14677363733644444,0.20913715259531598,0.14568337276425838
SoyuzTM4,2026-07-14,0.0704242629811955,0.1712820081019596,0.19507293989556906,0.14559307032624139
Dmitry_Ponomarev,2026-07-14,0.07145527245193506,0.17781822118118007,0.18691918947378078,0.14539756103563198
Swiezen,2026-07-14,0.06677783433079885,0.17603997267991212,0.19310622827563065,0.14530801176211386
ChristianArca,2026-07-14,0.07389172456430868,0.16562971753077232,0.1963153373680234,0.14527892648770147
HouseOfDurin,2026-07-14,0.07774935514827735,0.16164622284426147,0.1963473866003921,0.14524765486431032
Sadykov_Ramil,2026-07-14,0.0874556367456437,0.12222825598044561,0.2258895155023971,0.14519113607616216
Chill_Out112,2026-07-14,0.06745333036147004,0.17226756591639675,0.19574460545269554,0.14515516724352076
DanielDardha2005,2026-07-14,0.08839279450969764,0.12084915089118817,0.22593448187331802,0.14505880909140126
Adnan_Habib,2026-07-14,0.07042863485872657,0.17367129143700158,0.1910210435364375,0.14504032327738856
drragnar1,2026-07-14,0.07490976760669302,0.15203936246998423,0.20816948015633974,0.145039536744339
Grounded_Goblin,2026-07-14,0.06323482479362943,0.20690426335813475,0.16470619926335087,0.1449484291383717
Chessmatenokk17,2026-07-14,0.07176785590211339,0.17563790686786845,0.18670730361531615,0.144704355461766
biostatistician,2026-07-14,0.10829258561501467,0.1291508971968972,0.1964473336609729,0.14463027215762825
howitzer14,2026-07-14,0.08933390698140632,0.13801793974192766,0.20633696195181506,0.14456293622504968
xiaoxuan2012,2026-07-14,0.06816769021398748,0.1774291544688681,0.18803816315930535,0.14454500261405365
ChessAdvanceUSA,2026-07-14,0.07661124847948017,0.1649927642353746,0.19185451124676525,0.14448617465387334
Arlo2024,2026-07-14,0.07339227818178419,0.1580192198625737,0.20169616438487903,0.14436922080974565
koncheto,2026-07-14,0.08782870914455496,0.13234467992175164,0.21285351249864606,0.1443423005216509
ChelsieMonica,2026-07-14,0.06693686533968267,0.17382947870219506,0.19214830054647222,0.14430488152944998
DrRiebert,2026-07-14,0.07065632732478742,0.1648100876287704,0.19744010299058928,0.14430217264804904
Jeppesen08,2026-07-14,0.06564365302082423,0.17760272545854225,0.18886835317185774,0.1440382438837414
Mikhail_Golubev,2026-07-14,0.09545544187652816,0.11766894779966233,0.21888238647111083,0.1440022587157671
JavierRuizVazquez,2026-07-14,0.07708877010687076,0.1629605232331334,0.19186163386129956,0.14397030906710126
Aminazinas,2026-07-14,0.06968795806654593,0.16912047416454054,0.19269793427865797,0.14383545550324814
RaulPerezGuerra,2026-07-14,0.06492366040095718,0.1998115124576184,0.1665207270809304,0.143751966646502
stepanosinovsky,2026-07-14,0.07538776809983905,0.15297857747964436,0.20267640489331817,0.1436809168242672
MathiasCasalaspro,2026-07-14,0.06767124559962166,0.16955739935482161,0.19371268844117115,0.14364711113187148
ShimogaTactician,2026-07-14,0.0751167490651062,0.16141060279154032,0.1944041764606974,0.143643842772448
yitongjianghu,2026-07-14,0.06430284624099222,0.1746622417979946,0.19183248014089652,0.14359918939329444
HAMOOD-ALBUSAIDI,2026-07-14,0.07245441034627596,0.15853528914763315,0.1995602605608451,0.14351665335158473
Valio_M1948,2026-07-14,0.06897553301284619,0.16252682932912224,0.1990075386270465,0.14350330032300498
Horokoskii,2026-07-14,0.07734394844262923,0.14330238513411026,0.20977540757485183,0.14347391371719712
Cirky,2026-07-14,0.06770434981983248,0.16717169112752814,0.19514776910288464,0.14334127001674843
PedagandhamSaketh,2026-07-14,0.07032287276004062,0.18388830918315102,0.1757969487741747,0.14333604357245544
mc4chess,2026-07-14,0.07260481164787781,0.15718204147231424,0.19981103424360427,0.1431992957879321
ErikRonka,2026-07-14,0.07644357420377175,0.1656338298577949,0.18737054904885858,0.14314931770347508
pawn0209,2026-07-14,0.07169921440916621,0.16947832723587894,0.18812404711208963,0.1431005295857116
Maluco_do_Natal_00,2026-07-14,0.07557656734204848,0.16333268888654146,0.19016507755220843,0.1430247779269328
Chernyavsky_A,2026-07-14,0.07465931880385968,0.15177649648322186,0.20257411864250627,0.1430033113098626
MukasChess,2026-07-14,0.07187512406484803,0.16795215857827495,0.18881446420286785,0.14288058228199693
gxbg2000,2026-07-14,0.07601575117571341,0.1591594320381393,0.19309930848303014,0.14275816389896093
TenisMaster,2026-07-14,0.07690569165538991,0.14594079145434208,0.20488213769494698,0.142576206934893
WiktorGolis,2026-07-14,0.07255525858115329,0.1612482170825155,0.19372660486170773,0.14251002684179218
LikeWater,2026-07-14,0.08505353263087845,0.12543667241958953,0.2169985682123257,0.14249625775426455
VladimirKramnik,2026-07-14,0.07782599040642971,0.12084757147972869,0.2287533249963263,0.14247562896082824
MateoReyes,2026-07-14,0.06936799976253036,0.1677996511178882,0.1902210405004225,0.142462897126947
GeloBall98,2026-07-14,0.069026665770598,0.1642989530373517,0.19329409553932553,0.14220657144909174
SchmakAttack,2026-07-14,0.09432347589845906,0.10296231946413728,0.22876329869802478,0.1420163646868737
TigrVShlyape,2026-07-14,0.12734139840147857,0.10888018829365435,0.1896318344782434,0.14195114039112544
tgpgoat,2026-07-14,0.07522728196249685,0.1434514707594067,0.2069597335086694,0.141879495410191
Chessdreamer2020,2026-07-14,0.07530142532062517,0.1471709223526348,0.203109469656256,0.1418606057765053
sergiochess83,2026-07-14,0.08805183752598449,0.11640161085588772,0.22106536177100464,0.14183960338429227
GarayevKanan,2026-07-14,0.07601755827570521,0.14552746272612854,0.20375237502131668,0.14176579867438346
KnightOclock,2026-07-14,0.06902670977123287,0.165411894166769,0.19080668340615362,0.1417484291147185
Natalya_Buksa,2026-07-14,0.07625123907668759,0.1494897813947004,0.1994725174005423,0.1417378459573101
PatrickStawr,2026-07-14,0.07100664288963111,0.18694504276921484,0.16708641838319377,0.14167936801401323
leotobares,2026-07-14,0.06526135259304804,0.1651063426740158,0.19462291217800182,0.1416635358150219
Vladimir_Zakhartsov,2026-07-14,0.08691642121255314,0.11881236311449173,0.219216373715965,0.14164838601433663
Harry_Rakkel,2026-07-14,0.0831889078749853,0.13095501520882386,0.21075140489784994,0.14163177599388635
VM2027,2026-07-14,0.06934663611936434,0.1576023184847023,0.1977518585750197,0.1415669377263621
ChessSG1,2026-07-14,0.07994943852620232,0.1487176057508725,0.19575525404834349,0.1414740994418061
TimGrutter03,2026-07-14,0.08049118362070326,0.12754450016088395,0.21630023978447416,0.14144530785535378
aifosilianorkuhs2006,2026-07-14,0.074154550600559,0.18486410150174717,0.16505004980146837,0.14135623396792485
ninjatrick,2026-07-14,0.07094820844499905,0.1644158298862557,0.1886259236222336,0.14132998731782945
Fins0905,2026-07-14,0.06006590136885254,0.1927831897276509,0.17090563827149857,0.14125157645600067
IMJonathanCarlstedt,2026-07-14,0.07225195847228966,0.15954468349373543,0.19179375453105585,0.14119679883236033
Alphafischer2019,2026-07-14,0.07541177155313311,0.14167969442866463,0.206486046225294,0.14119250406903058
emeli_chess,2026-07-14,0.08121477987180034,0.12423751177890717,0.21809528534117312,0.1411825256639602
NDRVici,2026-07-14,0.0668601148938397,0.18349705967756724,0.17280275151125885,0.14105330869422192
AcostaPablo,2026-07-14,0.06151683133222988,0.17507848428111208,0.18599391465639353,0.1408630767565785
MarkusRagger,2026-07-14,0.08187036432338522,0.14390847000495213,0.1967402907061823,0.14083970834483986
NevorLegov,2026-07-14,0.0635402176145983,0.17293701161644334,0.18600718289107337,0.14082813737403835
Franmu14,2026-07-14,0.0872484508814681,0.1323159063145667,0.20271097973306407,0.14075844564303294
SHIVACalypso,2026-07-14,0.08853792744619572,0.11896867913751497,0.21452751313752227,0.14067803990707764
DeTimmerman,2026-07-14,0.09073415265935744,0.1508106109705438,0.18021873739455407,0.14058783367481845
GCamachoMartinez,2026-07-14,0.0694512969348783,0.15431736994489878,0.19765995822488405,0.1404762083682204
JaloliddinIlkhomi,2026-07-14,0.0857853116891323,0.10521372682502657,0.2302267316097562,0.14040859004130501
RedFirePanda,2026-07-14,0.0723559466784159,0.1374209711944229,0.2112753212152178,0.14035074636268555
Hamlet,2026-07-14,0.07219731469038179,0.18296048293610465,0.1657069905425163,0.1402882627230009
Chemim21,2026-07-14,0.08030001216203726,0.15454238177710422,0.18600157192724484,0.14028132195546208
sevilplayschess,2026-07-14,0.0673474958989988,0.18307845237134163,0.1703399536596493,0.14025530064332992
VitorBronson,2026-07-14,0.07288818820437333,0.1332705426366398,0.21413464525977854,0.1400977920335972
EphraimRosenstockOfficial,2026-07-14,0.06616939200154136,0.1640587156645104,0.1898692220914795,0.14003244325251044
rudyst06,2026-07-14,0.07147479762383119,0.14902445223617955,0.1994542092216692,0.13998448636055996
maximnovik,2026-07-14,0.07486377843855518,0.13629947091932204,0.2087279013405329,0.13996371689947004
UghuzovRavan,2026-07-14,0.06466673351980352,0.18043358782588712,0.174666908407051,0.13992240991758056
Artem_0degov,2026-07-14,0.08575527126615082,0.13026945017611521,0.20358522683853486,0.13986998276026696
tusplingher,2026-07-14,0.07507481440297327,0.12686524524472895,0.21753678782373043,0.1398256158238109
Happy1712Drummer,2026-07-14,0.07791595375264555,0.12350433516235758,0.21802450545893381,0.139814931457979
SkippingLaptop,2026-07-14,0.07132194443134302,0.1453789830838448,0.20272000967915893,0.13980697906478226
Hunninn,2026-07-14,0.06298895723413202,0.17664485297360277,0.1796512126185217,0.13976167427541883
Schachkatze2000,2026-07-14,0.07045220292256091,0.15037116468955328,0.1982214092005708,0.139681592270895
Akhayan,2026-07-14,0.07441718203755186,0.13054493860163607,0.2139462462834938,0.1396361223075606
Priyansh_2011,2026-07-14,0.07320537122504983,0.13672533622116748,0.2082512295964116,0.13939397901420963
lefonghua,2026-07-14,0.07279102180211999,0.13699802300095765,0.20834680424103627,0.13937861634803797
MyDream003,2026-07-14,0.07319530818382683,0.12303951191732881,0.2218841257703659,0.13937298195717385
Alexchess1984,2026-07-14,0.07525623579246332,0.1334237333652816,0.2093051287187888,0.13932836595884457
yuriydovzik,2026-07-14,0.07277509625937338,0.13552886831851832,0.20959820915392452,0.13930072457727208
Evgeny81,2026-07-14,0.08225088419888026,0.12872842067510537,0.20687999474751692,0.13928643320716752
eCztery,2026-07-14,0.07729171884674521,0.13101987718241975,0.20936551374186702,0.13922570325701067
akanga001,2026-07-14,0.08510442969471317,0.12042868232238874,0.2121318765786219,0.13922166286524126
AradNazari,2026-07-14,0.11009348279620527,0.11197898691492301,0.19553473679785405,0.13920240216966076
AA95,2026-07-14,0.06257971950255294,0.17543480279076673,0.17948398959809847,0.1391661706304727
GMthekingindian,2026-07-14,0.07547673192512286,0.1363101167128579,0.20559794052507752,0.13912826305435275
Fuzesabonyilaci,2026-07-14,0.06880371513095361,0.14830931436093353,0.20026219632421022,0.13912507527203247
ArturoCaceres,2026-07-14,0.07098745496240652,0.15588416414838316,0.19050305706583004,0.13912489205887324
MANOJ_MISHRA123,2026-07-14,0.07667047874771726,0.11937537885677045,0.22087784092979348,0.13897456617809376
ChadBiryani,2026-07-14,0.0750454405326458,0.13683960524342395,0.2049275132673187,0.13893751968112947
lukazz029,2026-07-14,0.06454138891338544,0.16064841331281643,0.1915076764223649,0.13889915954952226
JacksterThePro,2026-07-14,0.07699105575415621,0.13858979542519512,0.20109500390815938,0.1388919516958369
jeetjain,2026-07-14,0.07443580087900922,0.1201486514472688,0.22203464292712197,0.13887303175113333
financieru,2026-07-14,0.0687915249777229,0.1549884963166705,0.1926574876912092,0.13881250299520087
FUNNY_MAN1234,2026-07-14,0.07171051253333925,0.14535868158363305,0.19936263514567837,0.13881060975421688
DarZay,2026-07-14,0.07353641897469489,0.12973701874999882,0.21308476938881252,0.1387860690378354
Oleg_Papayan,2026-07-14,0.07731758257898018,0.1497428702295595,0.18923600054073894,0.13876548444975956
invisible_s0ul,2026-07-14,0.07586526311700587,0.12315352972500557,0.21723581064143677,0.13875153449448274
Mroziiu,2026-07-14,0.0645142829280399,0.16017096553793636,0.19127899353501004,0.1386547473336621
Dr_troll,2026-07-14,0.07353228673758692,0.13660598886765396,0.20570503169288787,0.13861443576604293
DevikBronstein,2026-07-14,0.06541149758470352,0.15976311023907147,0.19055875800149033,0.13857778860842176
cristianserban1,2026-07-14,0.0751971131304908,0.1225805505027898,0.2178730775481764,0.13855024706048566
adreyd,2026-07-14,0.06932259278361559,0.15063957955739712,0.195673502150101,0.13854522483037124
suyu28,2026-07-14,0.07156781047490006,0.1303856786909392,0.21359397658167967,0.13851582191583964
GiorgianBarbosa,2026-07-14,0.08622575406236155,0.10915705794525132,0.21999184666118224,0.13845821955626503
thesupera12,2026-07-14,0.07321757903024229,0.13649544443088205,0.2055867349711801,0.13843325281076815
CristianS27,2026-07-14,0.0711625802480903,0.13290950945530505,0.2112061726664062,0.13842608745660054
Cmorales2001,2026-07-14,0.07112924096711777,0.14353462596422673,0.2005535514075384,0.13840580611296097
NikaVolkov,2026-07-14,0.07244030338285402,0.15685822636318977,0.18570790940648824,0.13833547971751067
amiralfio,2026-07-14,0.06921908258103959,0.144837054657155,0.2008602227848523,0.13830545334101563
ArchibaldCerveza29,2026-07-14,0.07668110267508796,0.12698516013635966,0.21115733713478005,0.1382745333154092
VinzentSpitzl,2026-07-14,0.07377315804030674,0.13365907024134818,0.2071078940592212,0.13818004078029203
Caisachess,2026-07-14,0.07373637754980801,0.13753552666401092,0.2032484223349218,0.13817344218291358
CarlssonLudvig,2026-07-14,0.07036496700902978,0.1387229447490043,0.20525096011548327,0.13811295729117246
jacky72,2026-07-14,0.07888132554485164,0.10936322033867826,0.22592540359229768,0.13805664982527585
masterofpuppets2,2026-07-14,0.07317111329570647,0.12265546238484988,0.21827264482422865,0.138033073501595
FuenfgegenWilly,2026-07-14,0.07458148715391537,0.12901918973108562,0.21039382748261842,0.13799816812253982
simaopdias,2026-07-14,0.08497693014248425,0.1124766722716652,0.2165328652902352,0.13799548923479488
chessprincesa1,2026-07-14,0.0732906438428477,0.11985548462655293,0.22080768035116005,0.13798460294018688
TheNextLevelFan,2026-07-14,0.06337429569260318,0.16078802965586644,0.18953214812191316,0.13789815782346093
KuzubovYuriy,2026-07-14,0.07093903026472534,0.1398497288340461,0.2026331383354581,0.13780729914474318
XilacOrigami,2026-07-14,0.06353549459621306,0.18453011067886393,0.1652322451073551,0.13776595012747736
Timerkhanov,2026-07-14,0.07459976948587121,0.12495659192832863,0.21359374269938303,0.1377167013711943
dzhumagaliev,2026-07-14,0.07181143639426382,0.132820016080802,0.2084347719856362,0.13768874148690066
JG-17,2026-07-14,0.0730163847289953,0.11581868311034411,0.22418755482139183,0.13767420755357707
JSPrepz,2026-07-14,0.08612806246740456,0.1306990388581991,0.1961671590057029,0.13766475344376886
EvgenyBurmakin,2026-07-14,0.07387531545235491,0.13056935093900662,0.2085212690333404,0.13765531180823398
obliviate12,2026-07-14,0.06369914580089542,0.16900431524663606,0.18025194507451028,0.1376518020406806
Flaccidmoves,2026-07-14,0.07280055211054208,0.13485226962561744,0.20526508978951857,0.13763930384189269
LordIron,2026-07-14,0.06923078995085187,0.15927283952603224,0.18430529601666865,0.13760297516451758
cristiano78,2026-07-14,0.10591453283689203,0.11136112656631172,0.19547734655529275,0.13758433531949885
jucAxx,2026-07-14,0.07238350642690532,0.13857309527274594,0.20174068230396322,0.13756576133453816
AniJak,2026-07-14,0.07469414129664564,0.11959051917398986,0.21839059648698586,0.1375584189858738
ylr5000,2026-07-14,0.06623649512018698,0.15294748602654828,0.1934004763186211,0.1375281524884521
VitaliyBernadskiy,2026-07-14,0.07062332698881198,0.12867718506278494,0.21317470663998897,0.13749173956386196
Grandmaster2B,2026-07-14,0.07065327383819182,0.13508068506219548,0.2066348930606049,0.1374562839869974
szefru,2026-07-14,0.0761257718698064,0.11913695121962736,0.21704467259414398,0.1374357985611926
Ali_rastbod,2026-07-14,0.07624294111331763,0.1042569554328768,0.23178239479693194,0.13742743044770878
AntunesPeroza,2026-07-14,0.0614675396785498,0.18565411069107984,0.16511876826523142,0.137413472878287
Dedic8,2026-07-14,0.07745344269079714,0.12269409080120991,0.2118346221965832,0.13732738522953006
Real_taiatai,2026-07-14,0.07314209646351003,0.13208597455416826,0.20669342677572616,0.13730716593113482
dadice10,2026-07-14,0.0747022956986165,0.13318337771478692,0.20396195767160652,0.1372825436950033
RichidelCerro,2026-07-14,0.06739740203791815,0.17834803025515708,0.16597852478938452,0.13724131902748657
Blitzking642,2026-07-14,0.07169709978127166,0.13754923968301694,0.20243223318408743,0.137226190882792
Alonmindlin,2026-07-14,0.07291116482182321,0.1222242432996804,0.21650799967514722,0.13721446926555028
vladislavkovalev,2026-07-14,0.08411793338014117,0.11139295715812428,0.21612233830449695,0.1372110762809208
elchacal664,2026-07-14,0.07494815712368205,0.11916607238214481,0.2174899538696854,0.13720139445850407
NovozhilovSemen,2026-07-14,0.07201259877282677,0.1493748360961585,0.1901319559899436,0.13717313028630962
johnmez,2026-07-14,0.06836537061000537,0.14757644582300988,0.19544747927572131,0.1371297652362455
PushingpawnsNYC,2026-07-14,0.07526202172636014,0.11612277036754744,0.21981953374603327,0.13706810861331362
Unkreativ3,2026-07-14,0.07213614818576425,0.14124013982581018,0.1976098199602822,0.1369953693239522
ceraadagaria,2026-07-14,0.06532272148863588,0.1824704114021449,0.1631647756060671,0.13698596949894928
EddieMarsalla,2026-07-14,0.0706890380118339,0.13552274975953224,0.20460266436363952,0.13693815071166857
Logman74,2026-07-14,0.07498623041033281,0.1251475119173135,0.21067390430884284,0.13693588221216305
Mackster23,2026-07-14,0.07928998812083954,0.13910367966047107,0.19241304374810952,0.13693557050980673
Alexander_Khlebovich,2026-07-14,0.0712077072132222,0.1511862717024032,0.18835687650840074,0.1369169518080087
KubaGepard,2026-07-14,0.07577809733881133,0.11905260831494545,0.2158861437524852,0.13690561646874733
JCVanDamme10,2026-07-14,0.07407847360414029,0.1504279181688906,0.18585625701072694,0.13678754959458594
varunkrishnanchess,2026-07-14,0.07527096325443604,0.113419696579718,0.2216164351791578,0.13676903167110396
1800_strength,2026-07-14,0.07345249827285374,0.11012596685469006,0.22664077662661428,0.13673974725138602
Zashibeatles,2026-07-14,0.05845454084958372,0.1707379598994194,0.18089124720900832,0.13669458265267045
Ferenc83,2026-07-14,0.07298015114285587,0.12844110136863376,0.20860716589184697,0.13667613946777887
chessmachine14,2026-07-14,0.06861222051279352,0.15059241179451652,0.19077464841102507,0.13665976023944504
Hongjin,2026-07-14,0.07612984866744704,0.1110100415288531,0.2228222517813106,0.13665404732587025
tvjosue,2026-07-14,0.07420439569536375,0.10989580591572018,0.22582368337689832,0.1366412949959941
ahkashefi2800,2026-07-14,0.0758475321102862,0.13549205164139036,0.19852290923110524,0.1366208309942606
PeshkaCh,2026-07-14,0.08116912673834822,0.10420208961832543,0.2244841496206872,0.13661845532578695
Matinghaffarifar,2026-07-14,0.0671250094665281,0.15896841468046355,0.18369770140268504,0.13659704184989221
YouShallNotPass001,2026-07-14,0.07113263269524729,0.13137803733976713,0.20723683495073153,0.13658250166191532
Shiner22,2026-07-14,0.06923348962164366,0.1431977599272912,0.19711272904047442,0.1365146595298031
Matalon,2026-07-14,0.07147898453273836,0.13681964099533875,0.20110679713887897,0.1364684742223187
RadioactiveWalrus65,2026-07-14,0.0685790356554064,0.14491933482491187,0.19587718847244914,0.13645851965092248
Onthequiet,2026-07-14,0.07368355724222946,0.12837861830563316,0.20728702346978192,0.1364497330058815
szachmistrz2500,2026-07-14,0.07623737768590408,0.1400782868084151,0.19298313669693445,0.13643293373041787
Kombinator01,2026-07-14,0.07374263313927704,0.11389225225750352,0.2215795465421146,0.1364048106462984
siciliannaga,2026-07-14,0.06400578249930229,0.15263031140907687,0.1923860244978962,0.13634070613542512
MarcoRiehle,2026-07-14,0.0825671518554936,0.1073533301368281,0.21909143116324878,0.13633730438519018
Hoshka,2026-07-14,0.07409573911982728,0.1137134886242801,0.2211881948287824,0.13633247419096325
ShokuEdi,2026-07-14,0.06353137810620156,0.1505661270318068,0.19485725777168114,0.13631825430322983
dancesar,2026-07-14,0.06951920451880118,0.14649936363625954,0.19287649108371072,0.13629835307959048
Golden_Kn1ght,2026-07-14,0.0646941866288414,0.17617362714816046,0.1679788282249196,0.13628221400064047
G10De_Arrascaeta,2026-07-14,0.06337676412896759,0.16677966184929202,0.1786259092625511,0.13626077841360357
gurelediz,2026-07-14,0.08104064555923662,0.11610841850006058,0.21158952781883675,0.13624619729271134
secretsuperstar7,2026-07-14,0.07557756720543496,0.12964359959861746,0.20344620671299263,0.13622245783901502
kleinebeer98,2026-07-14,0.08238232063254684,0.10649505838583953,0.2197715747342058,0.13621631791753072
yonaltimur,2026-07-14,0.07333102372555382,0.1237164104926954,0.2115892526622033,0.13621222896015084
Kowarenai,2026-07-14,0.06391546795050412,0.15694797564423982,0.1877435036013674,0.13620231573203712
PabloZarnicki,2026-07-14,0.07539543202820005,0.10855301146660645,0.22447156421021386,0.1361400025683401
H3nriqueTV,2026-07-14,0.07790325498463689,0.1436598395325448,0.18685427035547697,0.13613912162421957
A4RookA3,2026-07-14,0.07594900124516195,0.1417065338832409,0.190730499396589,0.1361286781749973
Chess_Star1234,2026-07-14,0.0694498873780607,0.13365211599237378,0.2052823006286292,0.13612810133302122
AldokhinIvan,2026-07-14,0.07450433577363946,0.11370880932770806,0.2201327938088407,0.13611531297006274
marcodobrikov,2026-07-14,0.07576845704533047,0.09838693618886615,0.23401143636138613,0.13605560986519424
Crazy_girl99,2026-07-14,0.07246077582517704,0.11521657029173099,0.22039765278467233,0.13602499963386014
SCIM,2026-07-14,0.07505966170235695,0.12022362692898671,0.2126149315944498,0.13596607340859782
PakMaster,2026-07-14,0.06163975148435177,0.18513183910160955,0.1610663761430267,0.13594598890966267
Longstom,2026-07-14,0.07043464202836706,0.1235521198377929,0.21361893605957483,0.13586856597524494
UK_23,2026-07-14,0.07317662475443655,0.12761461647531339,0.20678891869144014,0.13586005330706338
cthake,2026-07-14,0.07410852614318456,0.1153824748722051,0.2180659558742252,0.13585231896320496
jlf287,2026-07-14,0.07513975879230848,0.11360261235714911,0.21873697125585287,0.13582644746843683
SmirnovAlexandrA,2026-07-14,0.07449695277351885,0.11163623354954516,0.2209195753575096,0.13568425389352454
Stanbad1,2026-07-14,0.06779358193300512,0.1251408748121771,0.21410579320931017,0.13568008331816414
Hilary46,2026-07-14,0.07142335473279351,0.11964411672838601,0.21593617690375527,0.1356678827883116
Russian_berezka,2026-07-14,0.0751652541382783,0.11007888815213641,0.22172426353891478,0.13565613527644316
Doublekk14,2026-07-14,0.07082228029076816,0.12507204046374046,0.21102682949260831,0.13564038341570564
Sanyura,2026-07-14,0.0731925613610025,0.12619472752147512,0.20751292899783536,0.13563340596010431
diskeleven,2026-07-14,0.07164837152045427,0.13801129579657107,0.19719268528922854,0.1356174508687513
Boninknights,2026-07-14,0.06835289137800024,0.1295559649149743,0.20891579052331463,0.1356082156054297
Caterpiller35,2026-07-14,0.07460358789043839,0.11071048396761014,0.22138168329187613,0.13556525171664155
MTyron,2026-07-14,0.0611878007042981,0.15676375999600792,0.18868421484266737,0.13554525851432445
AwareIdea,2026-07-14,0.07499181772641554,0.10704688583037578,0.22443443194926363,0.13549104516868496
monomita,2026-07-14,0.07281030741832394,0.1279346669822263,0.205699323500265,0.1354814326336051
Fighter0411,2026-07-14,0.06352588201607329,0.1924438936882046,0.15044251030848366,0.13547076200425387
Chess4always,2026-07-14,0.07341539894160005,0.11301484700513577,0.21997203208135171,0.1354674260093625
LEGENYA1998,2026-07-14,0.07342348378759275,0.12283173953336582,0.21011243021872197,0.13545588451322685
TimofeevAr,2026-07-14,0.07463063365836758,0.1232209163038457,0.20850749651122502,0.1354530154911461
bigmanevan,2026-07-14,0.0634202954995944,0.15975336413004249,0.18312867369023691,0.1354341111066246
yaghi31,2026-07-14,0.06270052649936611,0.18026107928038582,0.1633010046907512,0.13542087015683438
Maitreia,2026-07-14,0.07187766142394972,0.12301887360241746,0.21133111864411563,0.13540921789016094
The_Straightforward_Rook,2026-07-14,0.07226837145333348,0.12016324397890481,0.21374097151059165,0.13539086231427666
SAInt_666,2026-07-14,0.07793498320157118,0.09973355441024094,0.22841371664086652,0.13536075141755954
GaiozNigalidze,2026-07-14,0.07512298639214922,0.11685395850237867,0.21392654592777757,0.13530116360743516
ProfessorChess101,2026-07-14,0.07100775265685738,0.13043963029454758,0.20433277217706855,0.13526005170949118
Bob_2004,2026-07-14,0.07381663335823403,0.11046577576184363,0.22141729274762104,0.13523323395589956
JackRodgers,2026-07-14,0.0752349079055917,0.11013736526620159,0.22013823936649918,0.13517017084609748
resha1988,2026-07-14,0.06834915816274581,0.13223440748308318,0.20484808121452536,0.13514388228678478
familijatop71,2026-07-14,0.07677878312077906,0.11981519472521483,0.20880154927895775,0.13513184237498388
Chess_Diligent,2026-07-14,0.07118587365473937,0.13566483220200984,0.1985156151066447,0.13512210698779795
abelmat,2026-07-14,0.07396179662013853,0.11656625950313891,0.21481535884809552,0.1351144716571243
Yurasova_Daria,2026-07-14,0.07452975524183013,0.12555809764229642,0.20523371639554808,0.13510718975989155
jek59,2026-07-14,0.058206558170694485,0.1677400767339174,0.1793676120903372,0.13510474899831634
dealshark,2026-07-14,0.07568333855792964,0.10882648667231247,0.22078942432557774,0.13509974985193995
Ramla2020,2026-07-14,0.07890318432298557,0.12772771735493263,0.19863752392151512,0.1350894751998111
Reality-Stone,2026-07-14,0.06720926347941299,0.14889926094024367,0.1890614594434917,0.13505666128771612
chenrip,2026-07-14,0.07526372358892947,0.13865342376535622,0.191228435883124,0.13504852774580323
Journey_to_GrandMaster_YT,2026-07-14,0.07394060094582454,0.12974105835402694,0.20141462102492555,0.13503209344159237
Danioo,2026-07-14,0.06326268214468468,0.15648325785768943,0.18533394805595574,0.13502662935277662
Stouuf,2026-07-14,0.0643173368121347,0.15008765423059622,0.19065128389744437,0.13501875831339175
Zorbos,2026-07-14,0.07014832657628836,0.11357495399313337,0.22131872283894896,0.13501400113612358
robertoalejandro10,2026-07-14,0.07134909727295934,0.12643154538260087,0.2072401048985589,0.13500691585137303
mortngabriel,2026-07-14,0.07186445013342563,0.13809845181736632,0.19504264868955762,0.13500185021344988
arctic_t00,2026-07-14,0.06943736990939904,0.12412047860482998,0.21143619474039055,0.13499801441820652
Al_Shima,2026-07-14,0.0742646855847211,0.1170321423018008,0.21369566730979458,0.13499749839877218
wannabe2700,2026-07-14,0.07374657225482478,0.10918555504249967,0.22191529755152695,0.1349491416162838
NMZanette,2026-07-14,0.07313625904221913,0.11111923658163803,0.22051531624736984,0.13492360395707567
Mihajlovskij,2026-07-14,0.0746535998500328,0.10856798461306275,0.22136844410666817,0.1348633428565879
Mostii,2026-07-14,0.07344739632050988,0.1367537092548466,0.1942953403104284,0.13483214862859497
SashaKuzhilniy,2026-07-14,0.07321621352197259,0.11674811471520471,0.21442879294904035,0.13479770706207253
IsuruAlahakoon,2026-07-14,0.07486241612425475,0.1072050220383772,0.22231000956697688,0.13479248257653628
yuki_chess123,2026-07-14,0.07448718747210788,0.10710835345976685,0.22278060024469493,0.13479204705885656
Pakarma,2026-07-14,0.07276900471473624,0.11197406657645996,0.21962997368087372,0.13479101499069
kuli4ik,2026-07-14,0.07241468896697906,0.10833321431256329,0.22360795868648842,0.13478528732201026
Gyulamiryan-koryun,2026-07-14,0.07975253741189735,0.12627228059815096,0.1983279957268193,0.13478427124562253
rdarruda,2026-07-14,0.08184708530359615,0.11636896400966822,0.20604271142170577,0.13475292024499005
KChor05,2026-07-14,0.08136497153567587,0.13326008646785692,0.1896100963070207,0.13474505143685114
Seochesspie,2026-07-14,0.0719455532945765,0.11879790801570372,0.2134190228988916,0.13472082806972394
ChessRook_E,2026-07-14,0.07575724768246986,0.10512140800563725,0.22327377049504707,0.13471747539438472
The_Princess_Moon,2026-07-14,0.07205663026508502,0.11885213415010917,0.21317033356356568,0.13469303265958663
nastypanda,2026-07-14,0.06605342226455102,0.16451988835259868,0.17349251820151282,0.13468860960622084
kyuotbi,2026-07-14,0.06906113584616236,0.1316773678334544,0.20325778915464382,0.13466543094475353
Sacbutt,2026-07-14,0.07438441141427037,0.10489363193966787,0.22468112651609054,0.13465305662334293
NigelDwarf,2026-07-14,0.07149341368728593,0.11817447473664085,0.21420320406714885,0.1346236974970252
AnishGiri,2026-07-14,0.07325879562673529,0.14660083647242744,0.1839808658906864,0.1346134993299497
AlexeiShirov,2026-07-14,0.0759803263038353,0.11954715709953637,0.2081275299024262,0.13455167110193264
grzechu96,2026-07-14,0.07644283089625885,0.12710782246191402,0.20004278189406513,0.13453114508407935
shadow_master99,2026-07-14,0.06464379522604995,0.16998578641992199,0.1689198171222602,0.13451646625607738
ExchangeAB,2026-07-14,0.0753805092412925,0.11466034082143577,0.2134928898432561,0.13451124663532812
Burgsvik,2026-07-14,0.07225300249849105,0.14343524615088096,0.1877438600102096,0.13447736955319387
JiaHaoxiang,2026-07-14,0.07552910977657688,0.11655856433489001,0.21133643959094633,0.13447470456747107
Pelopidass,2026-07-14,0.06868457490510985,0.12343556407143706,0.21111039378094415,0.13441017758583035
rhungaski,2026-07-14,0.08327657476906235,0.1369495741447958,0.18292780872931494,0.13438465254772436
Abduzhaparov,2026-07-14,0.07358514049680434,0.10754882654894739,0.22198839237325974,0.13437411980633715
Blackmind96,2026-07-14,0.07318015041231778,0.12876283443183095,0.2011759684773738,0.13437298444050752
PapiPapita,2026-07-14,0.07402465268641116,0.10605800403150831,0.2230134313472425,0.1343653626883873
madmax011,2026-07-14,0.07681935142882745,0.1351660998140681,0.19106876711078263,0.13435140611789273
chessburger_tv,2026-07-14,0.06826500205522917,0.12783483547237223,0.2068885856111708,0.13432947437959072
SizdemiAntalyaya,2026-07-14,0.06882666481976482,0.1386240044863531,0.19551923568757246,0.13432330166456344
WFM_Sara_Adel,2026-07-14,0.0737062246555184,0.13692888587891433,0.19232273290189092,0.13431928114544123
eightbyeightchess,2026-07-14,0.07501752077562221,0.11705398746335573,0.21085319677075692,0.13430823500324496
FontVella8,2026-07-14,0.06940522586530286,0.12327830859287338,0.21013042403380047,0.13427131949732557
Yurovskykh_Oleksandr,2026-07-14,0.07942461859720308,0.13769933016358804,0.18568682317406085,0.13427025731161732
Jojo_898,2026-07-14,0.07365707460084475,0.12257083081844589,0.2065503731414381,0.1342594261869096
nagsark,2026-07-14,0.06854310890447227,0.13550539133343023,0.19870961900588785,0.13425270641459677
dodoucb,2026-07-14,0.07134630616208423,0.12764084234647877,0.20376499727284825,0.13425071526047042
Zeronybah,2026-07-14,0.06624312878691042,0.1790558771264666,0.15744245561449885,0.13424715384262528
Puzzlebot_1294,2026-07-14,0.06995428802396045,0.11671086289695617,0.2160743073429571,0.1342464860879579
Aleksandar-Topalov,2026-07-14,0.08058736435367986,0.13093501830865253,0.1911954141436915,0.13423926560200797
Commando_Droid,2026-07-14,0.07141978720461165,0.14570303128210135,0.1855773320512771,0.13423338351266337
Laico,2026-07-14,0.07232796431215856,0.13908397706019182,0.1912718658687438,0.1342279357470314
imdarealist,2026-07-14,0.10059970708241123,0.10411362595701806,0.19790111116728973,0.134204814735573
Bala-Afiada,2026-07-14,0.07281468440573298,0.10879977989794226,0.22098993615248952,0.13420146681872158
LeoLV10,2026-07-14,0.07379397936628594,0.10765819561012929,0.22111127408986556,0.13418781635542695
Anish_Gandhi,2026-07-14,0.06865691360533256,0.140867971170992,0.19301861307931115,0.13418116595187857
CrushingKings,2026-07-14,0.09934958061423299,0.10619564245407268,0.19699589595491107,0.1341803730077389
DarkPassenger007,2026-07-14,0.06769326299183975,0.14632053129149697,0.18825968638299923,0.13409116022211198
boguszp,2026-07-14,0.07434786450810625,0.10592958095716122,0.2219736061647672,0.1340836838766782
Korchmar_Vasiliy,2026-07-14,0.09892337787545558,0.11750952028789881,0.18562236719434005,0.13401842178589815
Hamisandwich,2026-07-14,0.07280791922665367,0.1004303286365142,0.2287806105962364,0.13400628615313476
Arigu07,2026-07-14,0.0737731645672397,0.1016542715705196,0.2265709257421979,0.13399945395998572
Azeryahu,2026-07-14,0.07714228058428282,0.13686928151495506,0.1878964802861922,0.13396934746181002
pianoskater,2026-07-14,0.07000290478902155,0.1287672619671466,0.20309381347830804,0.13395466007815873
Mr_ruthless,2026-07-14,0.06944617839130711,0.11945633164796515,0.21294074884380035,0.1339477529610242
Josgar05,2026-07-14,0.06968039356666425,0.11711979980338041,0.21491014346572107,0.1339034456119219
Murad_Ibrahimli,2026-07-14,0.0773314377351063,0.12519002770055257,0.19918404710022602,0.13390183751196164
FMStan15,2026-07-14,0.08141579132556769,0.12816955148252598,0.19206961557291666,0.13388498612700342
Elsa167,2026-07-14,0.08249757196570577,0.13367260948585186,0.18530845217273625,0.13382621120809798
Ariadna_Atreides,2026-07-14,0.07912377145868435,0.12501447739161653,0.19733983037212777,0.1338260264074762
maracayo,2026-07-14,0.07203356098819275,0.1077488353785087,0.22165379037137062,0.13381206224602402
ilushka,2026-07-14,0.07314072769011246,0.1126695035529539,0.21558542250747476,0.13379855125018036
salomez,2026-07-14,0.07728432647292655,0.1318434981208903,0.19226770392584458,0.1337985095065538
Chessmissile07,2026-07-14,0.08676835317036383,0.12350571265482038,0.19111489073332677,0.133796318852837
Veleamater,2026-07-14,0.09718825609726338,0.11200901509969159,0.19214521054954392,0.13378082724883297
arminmusovic,2026-07-14,0.06969071562431658,0.11344980209133085,0.21797380154676305,0.13370477308747017
SalihEke,2026-07-14,0.06880306068616772,0.13492629584576699,0.19730113061510238,0.13367682904901235
brm72,2026-07-14,0.0733082333618495,0.10179096895427549,0.22585560751823602,0.13365160327812034
tarno17,2026-07-14,0.08118736210577819,0.12004939819037803,0.19965509348978244,0.13363061792864622
LeninGuerra,2026-07-14,0.07190071473001365,0.1127750543287196,0.21621036302628568,0.13362871069500631
HajiyevKanan,2026-07-14,0.08008276142132764,0.11462837698409752,0.2061348633164495,0.13361533390729155
jamengrand,2026-07-14,0.07402006615085993,0.10515900410809727,0.2216256999943522,0.13360159008443648
Aswathchess,2026-07-14,0.0665534385937172,0.13663009085376082,0.19758975273464047,0.13359109406070616
crazycheesecake,2026-07-14,0.05741625544863639,0.17779152398614773,0.1654358834042523,0.13354788761301215
Misha_Bilous,2026-07-14,0.06716583326727434,0.1439976856731647,0.18942452777237181,0.1335293489042703
fekirsito10,2026-07-14,0.06332322789873417,0.1540847295930323,0.18312210887371402,0.13351002212182683
MikhailPanin,2026-07-14,0.061086572840989124,0.16641159485071,0.17299277747038644,0.13349698172069518
leschebaza,2026-07-14,0.07074923889687992,0.11042657159304312,0.21928123116527595,0.13348568055173302
myburger,2026-07-14,0.0682703795837076,0.13378291442916312,0.19831212689830305,0.1334551403037246
MeisterJabo,2026-07-14,0.07362310676009474,0.11687954061468563,0.20985608755181737,0.13345291164219925
GMForgacs,2026-07-14,0.06985597464288272,0.12071634247633066,0.2097070204168555,0.1334264458453563
armago,2026-07-14,0.06904983220089343,0.13180978385583955,0.19940245341390953,0.1334206898235475
Quattroporte300,2026-07-14,0.07931607950034689,0.12618353252197406,0.19472740589614088,0.1334090059728206
Likvidator228,2026-07-14,0.07322747041438317,0.14288382627425103,0.18408410537663683,0.13339846735509034
TorFredrikKaasen,2026-07-14,0.07091704781499579,0.1142118499507051,0.2150336965322795,0.13338753143266013
protectiago,2026-07-14,0.10573791683903154,0.09443407523962331,0.1997365196823333,0.13330283725366274
emiliochess,2026-07-14,0.06985159035467696,0.13141233787580228,0.19862854716831357,0.1332974917995976
marcocordeiro2013,2026-07-14,0.06976624022678479,0.11380864344914218,0.2163145958428294,0.13329649317291878
levallem,2026-07-14,0.07343853801097323,0.10608487935226439,0.22016874078542692,0.1332307193828882
JonasGallasch,2026-07-14,0.06879406751875206,0.12126558853216934,0.20957900097181156,0.1332128856742443
Yoda1992,2026-07-14,0.06927538703048015,0.1133771966066775,0.2168802022610609,0.13317759529940618
DominguezOnYoutube,2026-07-14,0.06638392640510837,0.1361683382954292,0.19692240833057525,0.13315822434370428
alvarorodriguezavila,2026-07-14,0.06984161716559799,0.12086488894907663,0.20873101368115207,0.1331458399319422
BlackGod93,2026-07-14,0.0719674008714492,0.1037816901526407,0.22367602064564515,0.13314170388991167
svilson23,2026-07-14,0.07168280975890537,0.10736546776825022,0.2203455693804686,0.13313128230254137
jasrom,2026-07-14,0.07061143894409187,0.11549553126971826,0.21326128229635358,0.13312275083672123
Barmen_EV,2026-07-14,0.07931183789693397,0.12481557425493199,0.1952405333814082,0.13312264851109137
NiranjanNavalgund,2026-07-14,0.06662195987426363,0.14213546139634123,0.1906046584579629,0.13312069324285591
nochewycandy,2026-07-14,0.06859269276108712,0.1248592888679066,0.2056838238510931,0.1330452684933623
DudkinaU2010,2026-07-14,0.06645967094248105,0.1459598624477848,0.1866647796216233,0.1330281043372964
dolynachess,2026-07-14,0.07298546596059627,0.12195016049328919,0.204129413063743,0.13302167983920948
NovakCabarkapa,2026-07-14,0.07301457591268597,0.10324669271640717,0.22275953109154117,0.13300693324021143
ansprvt,2026-07-14,0.0616107529650096,0.15617959712203708,0.18117859354159324,0.13298964787621328
AndresDelgado77,2026-07-14,0.07469424859315313,0.13910191213804254,0.18509948792896944,0.13296521622005505
Brahianzevich,2026-07-14,0.07043464202836706,0.11487773998278562,0.21357846968127162,0.1329636172308081
PedroGil25,2026-07-14,0.08349575225205765,0.11675340904611177,0.19859304477218725,0.13294740202345223
luckyswitchback,2026-07-14,0.0694486470897581,0.11694283438895342,0.21238718328181366,0.13292622158684173
SicilianPanzer,2026-07-14,0.0722852992777546,0.10793440122667626,0.2183592010824225,0.13285963386228447
AliElier,2026-07-14,0.07026835235455312,0.1110337998226476,0.2172370420007673,0.13284639805932266
katharinareinecke,2026-07-14,0.08451288352718726,0.12353397625597665,0.19038373118814952,0.1328101969904378
Chopper1905,2026-07-14,0.07285991521373199,0.10488637902470044,0.2206733114317427,0.1328065352233917
pasteta13,2026-07-14,0.06313280821922594,0.14773052126546876,0.18755168128131033,0.13280500358866834
acertijo08,2026-07-14,0.07049961525042595,0.11243417970886256,0.2154643081034436,0.13279936768757739
ChessFanNM,2026-07-14,0.07334811099694513,0.11210455718382616,0.2129169982444512,0.1327898888084075
BashiqChess,2026-07-14,0.06815647105342135,0.11404800094554535,0.21612292430244692,0.13277579876713788
AnaKuchava,2026-07-14,0.07075104652957717,0.11244546958676721,0.21512342470253454,0.13277331360629296
KiyotakaAyanokouji2008,2026-07-14,0.06473468850875239,0.16939309247445403,0.16414770721543376,0.1327584960662134
IamSchrodingersCat,2026-07-14,0.07694661416377799,0.10928193478975914,0.2119523296386236,0.13272695953072025
ZhansayaChampion,2026-07-14,0.06577821716790574,0.15318392426360208,0.1791984425666321,0.13272019466604665
Dr_MorbiusBat,2026-07-14,0.06047653546732519,0.15158615127088795,0.1860428202871163,0.13270183567510982
EddieUrquhart,2026-07-14,0.09045904877848561,0.09956751310757998,0.20807113139335706,0.13269923109314088
nikitakhoroshev,2026-07-14,0.0686054166370647,0.10347696914656829,0.22591986603957573,0.1326674172744029
BigAl,2026-07-14,0.07060556499670567,0.10863743087488921,0.2187421505471805,0.13266171547292513
tsvet2005,2026-07-14,0.0704509662171987,0.11302165622696407,0.2144700893877111,0.13264757061062463
lluiss,2026-07-14,0.07958662124126338,0.12385377776035177,0.19440523863204848,0.13261521254455455
Bauman_Guy,2026-07-14,0.08477181263915311,0.12465263436993611,0.18836385776282916,0.13259610159063948
MiguelBestard1981,2026-07-14,0.07367811748258346,0.1375123853586565,0.18659500161846068,0.13259516815323355
aanshnerurkar,2026-07-14,0.0654217077968869,0.13089386571965667,0.2012290692529876,0.13251488092317706
stasOR4ik,2026-07-14,0.07326205975908275,0.11750638472143297,0.2067284831279119,0.13249897586947587
Nicolas_2509,2026-07-14,0.06362570365043456,0.18155596091929452,0.15227309440249656,0.13248491965740852
b0103232338,2026-07-14,0.06821567400683864,0.12121252108388861,0.20801910878149413,0.1324824346240738
camilocorredor,2026-07-14,0.07000290478902155,0.11049977701236656,0.21683676633657334,0.13244648271265383
zozik,2026-07-14,0.0733787079086184,0.11372148309406112,0.21023212611444603,0.13244410570570853
VinjarHammari,2026-07-14,0.06236842889773922,0.17499699970322968,0.15993933035426955,0.13243491965174614
Barbix1,2026-07-14,0.070320266690029,0.11186732658871867,0.215056103811119,0.13241456569662222
czasnaszachy,2026-07-14,0.07284560212477754,0.10686426031249195,0.21750322825321675,0.13240436356349541
Philippians46,2026-07-14,0.07557266355765496,0.11521869601889237,0.20637533916418974,0.1323888995802457
EZ-58,2026-07-14,0.062279203096226324,0.17620357115706461,0.15867864768962472,0.13238714064763857
MikaelyanArman,2026-07-14,0.0957590841178916,0.1028400878211663,0.19855186616474207,0.13238367936793333
rkracht,2026-07-14,0.06832569820914287,0.11958132385256992,0.20911787047687017,0.13234163084619432
sergeikim,2026-07-14,0.074924639862715,0.1386576480851432,0.18324845259473718,0.13227691351419846
matihalac,2026-07-14,0.059693577621221384,0.15398865966630682,0.18301243167216627,0.13223155631989816
Sofia_Blokhin,2026-07-14,0.0714654945103786,0.10885744100532048,0.21634965732211167,0.1322241976126036
lagunanivaria,2026-07-14,0.06734233912902719,0.1229686905660392,0.20632041199737253,0.1322104805641463
Nouali_Mohamed,2026-07-14,0.07000560375019504,0.1327062279321357,0.19388953665764255,0.13220045611332443
I_am_Javi,2026-07-14,0.06780064680215768,0.10742461703501312,0.2213492792832539,0.1321915143734749
jk13,2026-07-14,0.07740152814662177,0.11562397198297696,0.2035201753291416,0.1321818918195801
Sl4werThanYou,2026-07-14,0.07055300042928106,0.10598155421887176,0.2200037154535533,0.13217942336723537
KingCyber19,2026-07-14,0.07057267793783391,0.10541884790199568,0.22049722709247985,0.13216291764410315
Ajedrez_con_German,2026-07-14,0.07067305603408629,0.10802453948681597,0.21776589628576906,0.13215449726889042
arenal72,2026-07-14,0.07334746153978795,0.09114006097908108,0.23183165958713595,0.132106394035335
ActorXu,2026-07-14,0.08591811405676394,0.09647175921196617,0.21391791272054111,0.13210259532975707
Diego_FloresQ,2026-07-14,0.06292715903938972,0.14445361094134768,0.18871509359788458,0.13203195452620733
Casablanca,2026-07-14,0.06894460271997713,0.10132775129258131,0.22572727391095565,0.1319998759745047
julian2024,2026-07-14,0.06309320229937913,0.1791809742071404,0.15363632402832633,0.13197016684494864
Erdnya15,2026-07-14,0.06708740179753292,0.12503115346215712,0.2037670361422429,0.1319618638006443
Alina_Gumerovna,2026-07-14,0.07094577603606093,0.1002529629221686,0.22462389239414532,0.13194087711745828
DonCiao,2026-07-14,0.06797659111444816,0.11519181249618465,0.21265249132350506,0.1319402983113793
GothamChess,2026-07-14,0.08681429030456946,0.12451924145082689,0.184431519246984,0.13192168366746013
Doudou2015,2026-07-14,0.07113350938435552,0.10961497476267372,0.2149619371395519,0.13190347376219372
TreinadorBR,2026-07-14,0.06839900370824864,0.11244787892662413,0.21483511714376605,0.13189399992621295
LLariMarc,2026-07-14,0.06672905644533791,0.12587504443610276,0.20302617863576916,0.13187675983906996
FischerKasparow,2026-07-14,0.06909856041744325,0.1077227728346855,0.21880212602105903,0.13187448642439592
YasinEmrah,2026-07-14,0.0669373797191459,0.12191632085045018,0.20675502937246593,0.131869576647354
jinbojinbo,2026-07-14,0.08304291729292237,0.13365612622239018,0.17889546862191272,0.1318648373790751
CFalcons8,2026-07-14,0.09364333075774445,0.1119349880758097,0.1899320326064713,0.13183678381334182
tylityli,2026-07-14,0.08124578676450345,0.12545780038225834,0.18877544123510448,0.13182634279395541
AlexLongson,2026-07-14,0.060191198406897045,0.18680035660537722,0.14842525539014229,0.1318056034674722
slorovel,2026-07-14,0.07258652539013757,0.09538699205618631,0.22734390117457476,0.1317724728736329
TC2304,2026-07-14,0.06751424570886952,0.13632235631938672,0.19136785123310215,0.13173481775378612
Mynameisbuba22,2026-07-14,0.07073314561337563,0.14596415336573787,0.1784962403183468,0.13173117976582008
dodorox,2026-07-14,0.07033918352224484,0.11194622191848085,0.2128979379548327,0.1317277811318528
Rdeux42,2026-07-14,0.06862670516419518,0.12211427013573097,0.20443791516756957,0.13172629682249856
yobdc,2026-07-14,0.07068834887226219,0.12013148207166659,0.2043404672023508,0.1317200993820932
Mbneu,2026-07-14,0.07157423972718831,0.10584425210072441,0.21773905757613463,0.13171918313468245
FERNANDEZL1983,2026-07-14,0.06272741687099086,0.15765162336173333,0.17474298776301345,0.1317073426652459
HanSchut,2026-07-14,0.08734860901872793,0.11362143245066478,0.19408984065846774,0.1316866273759535
english_player_89,2026-07-14,0.06843341956384089,0.11779870267530347,0.20875674234785943,0.1316629548623346
patzer-reloaded,2026-07-14,0.06915893809164289,0.11466323837100252,0.21114867420250558,0.131656950221717
the_drake,2026-07-14,0.06936753315990465,0.10937132201076766,0.21622141836511433,0.13165342451192888
Sasha_Solovev_777,2026-07-14,0.06905952766455675,0.13065335337915626,0.1952106889961344,0.13164119001328248
s-dshubin,2026-07-14,0.07286441011751614,0.13238779395280148,0.18965640407626286,0.1316362027155268
Juandiv_Chessmood,2026-07-14,0.06869605646881034,0.13676861341042124,0.18942909678746084,0.13163125555556413
Trendle,2026-07-14,0.06820349702136906,0.11129937952121423,0.21535197963137198,0.13161828539131842
KATPAH,2026-07-14,0.06900844390580557,0.12003962153307801,0.20580548264282783,0.13161784936057047
oogee,2026-07-14,0.06814982616946487,0.11300328421786614,0.2136739823980918,0.13160903092847429
Hunting_Lion14,2026-07-14,0.0598708325220782,0.1897464743947218,0.14520406376579356,0.13160712356086454
SharankovG,2026-07-14,0.06455165191101525,0.12767804417779752,0.20256971000458104,0.13159980203113128
Artemiki,2026-07-14,0.07892786702039707,0.11578946701439939,0.2000033861363395,0.13157357339037865
GianmarcoVaR,2026-07-14,0.0971886148167328,0.1028510250824174,0.19464839492158123,0.13156267827357715
Masterbeaterr,2026-07-14,0.06954493220873824,0.11176594022792428,0.21336183258853808,0.13155756834173352
realburq,2026-07-14,0.06528747213747176,0.11466846283080445,0.2147086787425578,0.13155487123694468
AlejandroArias,2026-07-14,0.06926527378960189,0.11474782004176431,0.21063847411264663,0.1315505226480043
Attacker_2006,2026-07-14,0.07036222309839864,0.10799523342855293,0.21626594950302863,0.13154113534332673
GlavkonVVS,2026-07-14,0.0667996161805005,0.11160947425445503,0.21614303182158487,0.13151737408551345
sarahahaa10,2026-07-14,0.06778058703972556,0.11904053676755344,0.2077300152921297,0.13151704636646958
Resignify,2026-07-14,0.10044191637687884,0.09159157375114786,0.20251298877938853,0.13151549296913842
Cuchulin,2026-07-14,0.06858939390456434,0.1083874242208348,0.21752456356302857,0.13150046056280926
Politov_Pavel,2026-07-14,0.07226062840715192,0.11228170612275833,0.20995580004037784,0.13149937819009602
alexgo05,2026-07-14,0.06178792326434308,0.1461913356555136,0.18648619208837247,0.1314884836694097
garfield000,2026-07-14,0.058317064578789934,0.1654082395470716,0.17072831594516646,0.13148454002367602
geminithegreat,2026-07-14,0.0698793627221064,0.11756892384727768,0.20697518436450812,0.1314744903112974
kachsona,2026-07-14,0.06642282521192992,0.12222778107841932,0.2057651966057687,0.131471934298706
FLYD,2026-07-14,0.07095069746702598,0.1030407503207398,0.2203639629283619,0.13145180357204256
lucasran,2026-07-14,0.06667604109295941,0.13335836233588458,0.1942140341380207,0.13141614585562156
Orphanator2009,2026-07-14,0.06832931908105049,0.11230843095119897,0.21350878808417115,0.13138217937214022
LastGladiator1,2026-07-14,0.07060119856620443,0.11558894784761117,0.2078840683336163,0.13135807158247728
UB_TheQueen,2026-07-14,0.07025584719653798,0.12020721502232762,0.20350236322719908,0.13132180848202157
STAYFlow,2026-07-14,0.06875320172215754,0.13267535462316218,0.19252241738680242,0.13131699124404073
picturesquecheck,2026-07-14,0.07929883209670666,0.1266105007411297,0.18798977988456034,0.1312997042407989
Iunusovnuriddin,2026-07-14,0.06927374836365319,0.10957752994237098,0.21503118653453349,0.13129415494685256
Slovineanu,2026-07-14,0.08062406632558379,0.12232681713063852,0.1909238383826424,0.13129157394628824
HalfIsCrayfish,2026-07-14,0.07109025384547085,0.10287782193984761,0.21990408064881511,0.13129071881137785
microbear,2026-07-14,0.0745058078518847,0.09991644732073988,0.219444193874498,0.13128881634904085
JakubPulpan,2026-07-14,0.07029371383730351,0.1046510027134488,0.21891353585382242,0.13128608413485823
Boorchess,2026-07-14,0.07069767631892608,0.10196245249644223,0.22110565641247884,0.1312552617426157
Miguelito,2026-07-14,0.06489682176933856,0.12405599549169079,0.2047983995352592,0.13125040559876286
inagreV,2026-07-14,0.07201438824030088,0.10154862329679046,0.2201869273730671,0.13124997963671947
enestnrvrd,2026-07-14,0.06982256083440384,0.1117206392364296,0.21216279645152983,0.1312353321741211
ZdorovEgor2011,2026-07-14,0.06214258374332123,0.1546752495180156,0.17682152353199013,0.13121311893110899
Iulian22,2026-07-14,0.06716262416760908,0.12576332391805142,0.200711469632368,0.13121247257267618
SpongeBob_03,2026-07-14,0.06979584123980327,0.10233340347340628,0.22138925589200664,0.13117283353507206
Klendi,2026-07-14,0.07134630616208423,0.12215317549040135,0.20000624402792883,0.1311685752268048
AndreiITrifan,2026-07-14,0.06616527862434216,0.11985983891002636,0.20746833807367973,0.13116448520268276
LoaySameer,2026-07-14,0.06922835774593929,0.10665240979415058,0.2175677506475995,0.13114950606256312
enriquebutti,2026-07-14,0.07012661412702548,0.10055265768882611,0.22274372408366502,0.1311409986331722
iba6702,2026-07-14,0.07034864638118513,0.10704488171033391,0.2160085436174098,0.13113402390297627
IsaqueGoncalvesSanto,2026-07-14,0.08000629641702381,0.11816629680584066,0.19522773151759926,0.13113344158015458
JM05C,2026-07-14,0.06885658628053364,0.11710814134559072,0.20741353867381182,0.13112608876664542
Marcin,2026-07-14,0.07162677313962658,0.09408541097808086,0.22766555078131745,0.1311259116330083
martinez_95,2026-07-14,0.07226062840715192,0.10774320537816154,0.21335311786964836,0.13111898388498727
YairParkhov,2026-07-14,0.07059324455771995,0.09579509272823955,0.22695099422952278,0.13111311050516075
Art10ECHR,2026-07-14,0.08909146342490337,0.09889874137721244,0.20530643909656088,0.1310988812995589
Inepton_Fermion,2026-07-14,0.07970569767554203,0.1248720608780777,0.18870625268884328,0.13109467041415435
unclear15,2026-07-14,0.06812942341023008,0.1108761175807858,0.21425296591358423,0.13108616896820005
kinga2008,2026-07-14,0.07355695977929888,0.09334161767635789,0.22634698723142363,0.13108185489569346
Sychev_on_YouTube,2026-07-14,0.06758901554582684,0.11496153631360473,0.21065156524611098,0.13106737236851418
Schattman,2026-07-14,0.08532119106264369,0.0900806470558531,0.2177566607056773,0.13105283294139136
supereagles1201,2026-07-14,0.0671398383374891,0.12386718185522543,0.20213833984272422,0.13104845334514625
elchechereche,2026-07-14,0.07299350688266715,0.13405689259226855,0.18607290749423036,0.13104110232305535
valik3504,2026-07-14,0.07293944043385736,0.13094585335034972,0.18921896199713675,0.1310347519271146
soloderisas,2026-07-14,0.07024903875908643,0.10280239519415782,0.2199862379834955,0.1310125573122466
ACollins05,2026-07-14,0.06954493220873824,0.11320460479272576,0.21028187090065711,0.13101046930070703
doctorcristian,2026-07-14,0.0697793854208212,0.105457451414285,0.21766363367481822,0.13096682350330816
yaguigor,2026-07-14,0.07060988302262687,0.10654794849959123,0.21571309546560105,0.13095697566260636
SARGISMV,2026-07-14,0.07195991035987183,0.10092938939724916,0.21995998025584462,0.13094976000432187
alturas_pacificas,2026-07-14,0.07097061076851745,0.1034064798545796,0.21844080909289154,0.13093929990532951
Cecile-Haussernot,2026-07-14,0.06623265112895342,0.11798708570641217,0.20858828214658243,0.130936006327316
ValeriyGrinev,2026-07-14,0.07181285762187632,0.0973907774788887,0.22357347886978288,0.1309257046568493
Kale36,2026-07-14,0.07027955750445801,0.1058920974215994,0.21659420050200462,0.130921951809354
powermove,2026-07-14,0.09415383089261367,0.10210782346801768,0.19647169042820498,0.13091111492961213
C_K_G,2026-07-14,0.08194425931352459,0.11751059697682453,0.19326816589118034,0.13090767406050982
Lion_DL,2026-07-14,0.06851786074046398,0.10869187854258529,0.2155091540677752,0.13090629778360816
CartonMaster,2026-07-14,0.0618459163586172,0.1728066982086216,0.1579811236150666,0.13087791272743513
Szachulec75,2026-07-14,0.06711610487380754,0.11329498774577479,0.21221736430751284,0.1308761523090317
michellopez159,2026-07-14,0.07112061968946677,0.11380960765097925,0.20765179030386832,0.13086067254810477
Triumphmate,2026-07-14,0.06987300592746434,0.10242124902303489,0.22028513983100206,0.13085979826050043
Aiaru-01,2026-07-14,0.0684967671235977,0.11458454923999653,0.20936138228072118,0.13081423288143848
fikus-13,2026-07-14,0.06452621892689987,0.15797528732783794,0.1697740829611645,0.1307585297386341
koziororo,2026-07-14,0.06907116806623838,0.11756156700660793,0.20551682332785018,0.13071651946689883
azikom,2026-07-14,0.08828077869836996,0.11234637931410421,0.19148116176314228,0.13070277325853882
Carlitus2004,2026-07-14,0.08386226857800062,0.10992878450383123,0.1982971667518166,0.13069607327788282
aeiiuu,2026-07-14,0.07059503315454599,0.10588621724097522,0.21555974176614698,0.13068033072055607
zajka-molotok,2026-07-14,0.07849207378814511,0.11578678697841997,0.19763166412047575,0.1306368416290136
FMinho,2026-07-14,0.0644120341700261,0.16335566106145216,0.1641095686906571,0.1306257546407118
xakevicius91,2026-07-14,0.06935386604010543,0.11743830144586218,0.20508400113593203,0.1306253895406332
RantomOpening,2026-07-14,0.07376204990876607,0.11184087919284602,0.20625850169553922,0.13062047693238377
SamCopeland,2026-07-14,0.06861715753556315,0.12331315461914076,0.19988403175559252,0.13060478130343214
ValentinDragnev,2026-07-14,0.06739975729268217,0.12197052319704152,0.20243137908015627,0.13060055318996
kikoveiga,2026-07-14,0.07327820995550087,0.11019219849918375,0.20826313223619036,0.1305778468969583
NeonNinja73,2026-07-14,0.06681955931312442,0.1190266708681392,0.2058714115446962,0.1305725472419866
NTBT_DHS,2026-07-14,0.06594193591837012,0.1489007528975861,0.17686607766109375,0.13056958882568334
SocoLoco,2026-07-14,0.06750196802138773,0.11961559958688353,0.20455381163573427,0.13055712641466852
Vinuka_Wijerathna,2026-07-14,0.07217390416797445,0.13039415462916532,0.18907874553630274,0.13054893477781418
marik_spb,2026-07-14,0.07052650383093886,0.11059716370348487,0.2105217987825564,0.1305484887723267
Jamal-Jamal-Jamal,2026-07-14,0.06777818274535982,0.1162690104273359,0.20756541842409257,0.13053753719892944
Arteler,2026-07-14,0.07868720867667132,0.11458936261283864,0.1983103610653122,0.13052897745160738
gm_rashid,2026-07-14,0.07439020743773106,0.09968599748827069,0.21750558864923972,0.13052726452508048
Zeitnot593,2026-07-14,0.0719157409763643,0.13338990591765157,0.18621951186466046,0.1305083862528921
hypert,2026-07-14,0.06851786074046398,0.11686113196162287,0.20611884599511793,0.13049927956573493
ChessicallyInclined,2026-07-14,0.07140788538390921,0.1399905641417872,0.18005796058416085,0.1304854700366191
b_6,2026-07-14,0.061201509518798033,0.11652637538633992,0.21372182693416777,0.1304832372797686
KanalSzachowy,2026-07-14,0.07086592236730707,0.1034582513875117,0.21709188458224052,0.13047201944568643
Noki102,2026-07-14,0.07389708106615514,0.11125132975406872,0.20625349055080078,0.13046730045700822
ChessboArt,2026-07-14,0.07063351546158608,0.11109859415829396,0.20962469884534748,0.13045226948840918
NM_Antelacus,2026-07-14,0.07211059840095148,0.10622338863192647,0.21301908627028918,0.13045102443438905
DefiantChair,2026-07-14,0.07194882435909312,0.09793710256365414,0.22140435837940436,0.1304300951007172
GalaxyRoman,2026-07-14,0.08112989207078367,0.13111507693263377,0.1790451921367076,0.13043005371337502
Srisshhhtea,2026-07-14,0.06751827146236172,0.10772210866253833,0.21600023770807128,0.13041353927765711
isaks,2026-07-14,0.06939430331299926,0.13052335931972087,0.19132082764073705,0.13041283009115237
Pasmendjambvirgulptipon98,2026-07-14,0.068675265711102,0.11795514421668675,0.2045923038418292,0.13040757125653932
farzadbfd,2026-07-14,0.0632236592755299,0.11294277691320345,0.21505079281052392,0.1304057429997524
knighthunter2024,2026-07-14,0.059925659247940945,0.14820968501014614,0.18304242130222112,0.13039258852010274
Redzishchess,2026-07-14,0.07002156641580962,0.10275538546884327,0.21838169254736858,0.13038621481067383
Nick12772,2026-07-14,0.07078347829599138,0.095656303152941,0.2247010511088468,0.13038027751925974
DenishevM,2026-07-14,0.06911300581597558,0.10213660040679379,0.21987558084892028,0.13037506235722987
anton_vasi1enok,2026-07-14,0.06690717542743627,0.12499338384155094,0.1992232532249206,0.13037460416463595
Vaathi_Raid,2026-07-14,0.06602015762890506,0.12542926037325758,0.19962766506772275,0.1303590276899618
Gabix_94,2026-07-14,0.06457550611550784,0.11263828300416992,0.21385344521320263,0.1303557447776268
martinmena,2026-07-14,0.06736501564035377,0.10997300436651597,0.21372271239445048,0.13035357746710674
Acva-Alenok,2026-07-14,0.06508380129936006,0.11200036454674688,0.21396979059978413,0.13035131881529702
MariaFominykh,2026-07-14,0.05772200915050196,0.15583056534993464,0.17742778230671455,0.13032678560238373
stratacticos,2026-07-14,0.08381738372702488,0.11538682347145228,0.19175310265497586,0.13031910328448434
Dacean99,2026-07-14,0.0751609321278798,0.12171115748489326,0.19406887322326014,0.13031365427867772
Dewarfd,2026-07-14,0.07208508322427044,0.09816574437672643,0.220633396290231,0.13029474129707594
Unbeatable-AK2014,2026-07-14,0.061606038337337854,0.17160174487924945,0.15761480135486183,0.13027419485714972
JoachimMouhamad,2026-07-14,0.06791835017563283,0.10869017443012617,0.21410578330595967,0.13023810263723956
whiteglovethief,2026-07-14,0.07211640552220054,0.09136518399763677,0.22720582902452846,0.1302291395147886
Siemba,2026-07-14,0.0784164522487897,0.11246134941108081,0.19975930723986868,0.1302123696332464
arturoelcrack,2026-07-14,0.06995155033548123,0.13542447482296777,0.18522057491306346,0.13019886669050415
DIMONBANAN,2026-07-14,0.075627436872003,0.13098251415795317,0.18389396051948398,0.13016797051648005
DarkKnight_0102,2026-07-14,0.05719106690280901,0.18626734427756336,0.14702386648487725,0.13016075922174988
dorpato,2026-07-14,0.07052093890002722,0.11170805540478207,0.2081763505420055,0.13013511494893826
MusicCityMaster,2026-07-14,0.07856740488887803,0.11257165758588657,0.19924159532600133,0.13012688593358865
UlisesHB,2026-07-14,0.07669364231612479,0.12325722728181211,0.19040514085967825,0.1301186701525384
MVM2008,2026-07-14,0.07171012834195936,0.09711541638623815,0.22152348060481483,0.13011634177767076
KejJaj,2026-07-14,0.0705766160522078,0.10552660300455993,0.21424238688436859,0.13011520198037876
Heinza9,2026-07-14,0.09459030242221848,0.10325313261819774,0.19238264573854558,0.13007536025965394
dzilleruelo,2026-07-14,0.06781945111173336,0.1169469322342935,0.20543734927259474,0.13006791087287387
KafkaesqueKnight,2026-07-14,0.06853160693194574,0.1051842553608072,0.21647002380608682,0.1300619620329466
dirk_da_player,2026-07-14,0.06869534081277712,0.12047902177278971,0.20094232177642382,0.13003889478733022
AlexanderKing,2026-07-14,0.06761852976161103,0.11492747723783546,0.20753476358207096,0.1300269235271725
djogrodek1,2026-07-14,0.06895111521670079,0.12095355015201707,0.20014071120274546,0.1300151255238211
Maikrosoft63,2026-07-14,0.06413877832655057,0.12717751944824113,0.19872493679328204,0.13001374485602457
Caracternin123,2026-07-14,0.06397709857441303,0.11492691738458581,0.21113696519997702,0.1300136603863253
DavidGavrilescu18,2026-07-14,0.06618486525968258,0.12221139702091119,0.20164129849390233,0.13001252025816537
Mysterio47,2026-07-14,0.06482332509128996,0.10751528795345738,0.21765553610087943,0.12999804971520892
simonachess,2026-07-14,0.06629656844406415,0.1350332156821323,0.1886613588034286,0.12999704764320835
NovoselovRoman,2026-07-14,0.07059163033642293,0.10585657773935928,0.2135379921642555,0.12999540008001256
AungTZ,2026-07-14,0.07955915429364033,0.11949540908445558,0.19089322874564693,0.12998259737458095
R2D2PTY,2026-07-14,0.06610369613572149,0.10661411893221304,0.21714752648706107,0.12995511385166522
Malev212,2026-07-14,0.08050531570203256,0.11692488321632964,0.19243445497906295,0.12995488463247507
Zohid6,2026-07-14,0.0805054605999369,0.1012319603054833,0.20811949042388528,0.12995230377643516
skoularikii,2026-07-14,0.07014669659245142,0.09826811213792694,0.22142529475314426,0.1299467011611742
Vincefm,2026-07-14,0.07416450843651816,0.12953362116564923,0.18611038342816769,0.12993617101011168
rookoco,2026-07-14,0.07022553629379918,0.10397083846174561,0.21560922049516631,0.1299351984169037
Gertsog,2026-07-14,0.06953374481270007,0.12453907528667017,0.1956878067174425,0.12992020893893758
NicolaiMaxime,2026-07-14,0.06319397979616882,0.11698904247467594,0.2095131091910211,0.12989871048728863
Levanzovsky,2026-07-14,0.07091999772239523,0.09820345830841634,0.22057182774271528,0.12989842792450895
Soymono,2026-07-14,0.06091274772462591,0.18450214443174087,0.14426494683697608,0.1298932796644476
Zq1,2026-07-14,0.07238457882384733,0.11600924696633835,0.20127984278421937,0.129891222858135
the_chess_child,2026-07-14,0.0762278943205058,0.1265015252877346,0.18693487455451677,0.1298880980542524
Kingswhite2008,2026-07-14,0.06420753117806273,0.11373602733419043,0.21168911416436123,0.12987755755887145
Fonsofan,2026-07-14,0.07649226933431903,0.09943915131453598,0.21368817040311355,0.12987319701732286
TERMINATOR_PC,2026-07-14,0.0667035811011047,0.1061741660290123,0.21673864662137568,0.12987213125049757
temiksmozg,2026-07-14,0.07380084712061033,0.10028800598898385,0.21548601101503043,0.12985828804154154
TheKingDoctor,2026-07-14,0.08018692700573686,0.12190755970698905,0.18740770334037726,0.1298340633510344
Unfazed7777,2026-07-14,0.06833170081549068,0.11692946725053865,0.2042028890496333,0.12982135237188755
LamaChampetre,2026-07-14,0.09378903221236977,0.09931843461783343,0.19635322016640358,0.12982022899886891
Hakiki_satranc,2026-07-14,0.06900400160200636,0.11741433294253308,0.20303982570873966,0.12981938675109303
Barbus89,2026-07-14,0.06799610793264133,0.10529273838683906,0.2161677460795634,0.1298188641330146
medinapazmiguel1968,2026-07-14,0.06802979953813307,0.11435655979404558,0.20706299654489727,0.1298164519590253
MelihKaanCan,2026-07-14,0.07264637610001594,0.1101311886113565,0.20666891859264677,0.12981549443467308
Gumugama,2026-07-14,0.09591462845265836,0.10170770076001166,0.19180371502333668,0.12980868141200222
Kovalchuk94,2026-07-14,0.05503852457971133,0.1726349572069389,0.16168705532178365,0.1297868457028113
Shahdad2007,2026-07-14,0.06797429127112964,0.13325598370272468,0.18804500335544044,0.12975842610976493
talaicito,2026-07-14,0.08034870209744226,0.12442954572578249,0.18448464239761972,0.1297542967402815
Truequitos,2026-07-14,0.07054486290846042,0.09529294212813674,0.22341374157668523,0.12975051553776082
Milchone1,2026-07-14,0.06567352880890699,0.14308181531358477,0.18048402912956554,0.12974645775068575
igorkovalenko,2026-07-14,0.08444053244501624,0.11396713527012586,0.19081809240988112,0.12974192004167442
Accidental-genius13,2026-07-14,0.06647865516312013,0.12361055289555524,0.19912673671898923,0.12973864825922152
Peng_Li-Min,2026-07-14,0.0644286205173773,0.15002469865046772,0.17475954675731029,0.12973762197505176
Bacyanide,2026-07-14,0.0687014379799932,0.10378255360483998,0.2166597401097717,0.12971457723153498
brouetoscope,2026-07-14,0.07483608872615653,0.132107886668909,0.18216388816950008,0.12970262118818854
RamyresCoelho,2026-07-14,0.07062116477934934,0.10838158729425706,0.21009710078162933,0.12969995095174525
kiwibobo,2026-07-14,0.07301571094730216,0.12784783485956144,0.1882248204819545,0.1296961220962727
bilosuvenosu06,2026-07-14,0.09853293333242143,0.09895668117137213,0.1915930941948751,0.12969423623288956
zmeeed67,2026-07-14,0.06379705981106139,0.11189378218612368,0.21339095860596374,0.12969393353438294
el_sporco,2026-07-14,0.0723704887069266,0.09211231739016781,0.224578452837845,0.12968708631164647
FerAsensio2024,2026-07-14,0.06715696800816598,0.12506663068643037,0.19675955715653484,0.12966105195037705
Ramosha,2026-07-14,0.06844017212695533,0.11203435694730503,0.20845722200600342,0.1296439170267546
beast_20_20,2026-07-14,0.06486121442334312,0.1445935237387061,0.1794537359096224,0.12963615802389053
xh4823,2026-07-14,0.06803888946533099,0.11799295136220495,0.20279446946095955,0.12960877009616514
Sjakkerntobi,2026-07-14,0.07176227882467388,0.09992328360105442,0.21690745837935554,0.12953100693502795
ajedrezsinlimites,2026-07-14,0.07807377123413013,0.11015829427416995,0.20030882301086106,0.12951362950638703
PNEPaul,2026-07-14,0.09062812510452907,0.11313503046503552,0.1847490926082692,0.1295040827259446
Gudmundur_Kjartansson,2026-07-14,0.06004641404126974,0.15474025110085327,0.17369425177197897,0.12949363897136731
mostafa_sakha,2026-07-14,0.06472205764854429,0.12473272470152277,0.1990048767170114,0.12948655302235948
Ergali_Suleimen,2026-07-14,0.0696176328834404,0.10108197638954239,0.21775247529423367,0.12948402818907215
aghasiyevkamal,2026-07-14,0.06782905302982152,0.11733550708611798,0.2032741053190532,0.12947955514499757
Faridov2010,2026-07-14,0.0693292495755611,0.13650848102684981,0.1825965372035192,0.12947808926864338
Goryachkina,2026-07-14,0.07921480251838754,0.12905968890690758,0.1801586895865637,0.12947772700395296
Nor1lsk,2026-07-14,0.06849482724782664,0.09751099704238318,0.22242720110026645,0.12947767513015876
Me_ch_an,2026-07-14,0.07177562419038726,0.10203124132041548,0.21459849164373573,0.12946845238484617
dtn70,2026-07-14,0.058613694684159126,0.17077633105470208,0.1590105154456512,0.12946684706150413
electrosaw,2026-07-14,0.06321781189966516,0.14497101345975866,0.18014933555658896,0.12944605363867093
romulocardoso,2026-07-14,0.07511970955414256,0.11802586615547461,0.19519181551457637,0.12944579707473117
Gzucaritas,2026-07-14,0.06686427163725742,0.1153308173900495,0.2061194108232793,0.12943816661686205
Savagelittlemole,2026-07-14,0.07154791355209003,0.09553396464028598,0.2211657043435572,0.12941586084531106
SONOFHOLYGOD,2026-07-14,0.07181108924216978,0.09619022516475009,0.22023493478553569,0.12941208306415186
sharkarton,2026-07-14,0.06560672502678729,0.10724890435069945,0.21536611383889895,0.12940724773879522
jaramsdal,2026-07-14,0.06894646496610639,0.10529854691840236,0.21393618816284934,0.12939373334911938
GrigorGrigorov,2026-07-14,0.07338981950732827,0.09516746525660646,0.21960125636317007,0.1293861803757016
ketster,2026-07-14,0.07900277986500716,0.11308869875888376,0.1960158301290381,0.129369102917643
itsdsyr,2026-07-14,0.08351975446898006,0.10453539228652073,0.20000291972453627,0.12935268882667902
OK97,2026-07-14,0.06884161452379918,0.11756089563673917,0.20164676026648642,0.12934975680900826
zenitushka,2026-07-14,0.06959156972151005,0.10154174281210794,0.21683159558698964,0.12932163604020255
GMFYHR1,2026-07-14,0.061207760512786376,0.14159547058545308,0.1850998065206151,0.1293010125396182
georgpapi,2026-07-14,0.06912264846906359,0.11140681300758509,0.2073720367350671,0.12930049940390526
rekin87,2026-07-14,0.06723748847352852,0.12927829705131424,0.19134731923013676,0.12928770158499317
Kislov_Oleg,2026-07-14,0.06612397775437565,0.13174132085931176,0.18995437283846073,0.1292732238173827
m-garcett,2026-07-14,0.07265664423242055,0.11973707912376043,0.1953519674183865,0.1292485635915225
PavelChernomordik,2026-07-14,0.0709424994715222,0.10188260926321456,0.21469815352323626,0.1291744207526577
josephtolima,2026-07-14,0.06276224251683432,0.1600593215175195,0.16464978603998756,0.12915711669144714
JRenatoMaranhao,2026-07-14,0.06977612965200329,0.10224327545333071,0.21543930594941738,0.12915290368491714
NovakRatko,2026-07-14,0.07090712831488305,0.10388730967871697,0.2126319288122042,0.12914212226860142
fugadelafuga,2026-07-14,0.06871310810845507,0.10698976777261729,0.2117177886781694,0.12914022151974724
pheonixking2000,2026-07-14,0.07193745688987585,0.10403592381029957,0.21144629446260918,0.1291398917209282
Chernobay_Artem,2026-07-14,0.06580760234530357,0.10703977627288219,0.21447302296189338,0.12910680052669307
KnightmareJoker,2026-07-14,0.07419014929166474,0.09667376794864313,0.21640499309583971,0.12908963677871585
lukas_111111,2026-07-14,0.06929787002761839,0.0992534755204347,0.21871538060947301,0.12908890871917536
bolwin,2026-07-14,0.10838045421523577,0.0752557373138482,0.2036215131261147,0.1290859015517329
Ural_bogatyr,2026-07-14,0.07063209493585094,0.10336934361331643,0.21323753625839723,0.1290796582691882
ama18,2026-07-14,0.06839907764877175,0.10108048261285975,0.21770566332523067,0.12906174119562072
NaciSAN,2026-07-14,0.06829076772428708,0.10893302200257031,0.2099457864415798,0.12905652538947907
Sinquefield,2026-07-14,0.06851786074046398,0.10673878664787215,0.21179952330921892,0.12901872356585167
NAVAK2009,2026-07-14,0.06073602516714064,0.143829425083224,0.18248895273019816,0.12901813432685427
cmunda,2026-07-14,0.06711529646780441,0.11581674295435257,0.20411792608473195,0.12901665516896296
ulises2013,2026-07-14,0.07495044668569127,0.12236476559422366,0.18972359390486127,0.1290129353949254
esskeettit,2026-07-14,0.06419598084063932,0.11388332364253635,0.20889829842301808,0.1289925343020646
Rital44,2026-07-14,0.06503456874271693,0.10316640464132212,0.21876299065313837,0.12898798801239247
Kaua18,2026-07-14,0.07066348855898029,0.09252317447493343,0.22377041761073874,0.12898569354821748
Rsnr,2026-07-14,0.08338339894583434,0.10931678528874163,0.19415798081989963,0.1289527216848252
petr577,2026-07-14,0.06399311889837894,0.10922047550567453,0.21351274943295048,0.12890878127900132
CarrotsandPizza,2026-07-14,0.08409362891621024,0.10694571447074723,0.19564978117484894,0.12889637485393546
YellowJacek,2026-07-14,0.08384946268988294,0.10807990595283726,0.19473736872868322,0.1288889124571345
Chernov_Alexander_A,2026-07-14,0.06713281538006323,0.11282325953798869,0.20668205548056523,0.12887937679953906
Jenia84,2026-07-14,0.07016371559635505,0.09611253152547178,0.2203176025499838,0.12886461655727022
ljm509,2026-07-14,0.06927471601050225,0.0977289545547187,0.21958513382525677,0.1288629347968259
ineverlikedyou,2026-07-14,0.07237285328851961,0.08918766786311484,0.22500759911977503,0.12885604009046983
Koalaskakistis,2026-07-14,0.06683118205149906,0.11516224729701767,0.2045638359428861,0.12885242176380093
RH152,2026-07-14,0.06644313303096447,0.13044375886769533,0.18965752097670696,0.12884813762512226
ElDivis,2026-07-14,0.0804184735342317,0.10656866720280608,0.1995523827193688,0.1288465078188022
Kostukov_Alex,2026-07-14,0.06624948584615482,0.10715245950860648,0.21312491007805234,0.1288422851442712
Agent-JL,2026-07-14,0.07120022978971556,0.09122339584283254,0.22408427601719538,0.12883596721658117
tdf98pantani,2026-07-14,0.07332422863667583,0.10569025147961669,0.20747343617514738,0.12882930543047996
Chessdude1987,2026-07-14,0.07175684830764753,0.0944039613252202,0.2203038002920249,0.12882153664163087
Love7Unicorn,2026-07-14,0.06512899089619838,0.11750893663756153,0.2038205341800979,0.12881948723795258
Grandmaster1369,2026-07-14,0.08487377111255626,0.10527676628814589,0.19621644113099657,0.12878899284389958
aistrel,2026-07-14,0.06694592794610746,0.10961003304383789,0.20980941409123843,0.1287884583603946
AvitalBor,2026-07-14,0.07921780305962993,0.11017613908016834,0.19695236234532254,0.12878210149504027
nfds,2026-07-14,0.06591491776350952,0.1274081631971317,0.19299497243510835,0.12877268446524984
brunomorado,2026-07-14,0.07299729958546652,0.09650779894396877,0.2168023399774902,0.12876914616897517
Vuk2000,2026-07-14,0.07403919538782877,0.10817710283949343,0.20404466417261985,0.12875365413331402
atalz0,2026-07-14,0.07164074734956494,0.1020494326047081,0.212530521911433,0.12874023395523534
Massakru,2026-07-14,0.07289526703990629,0.12929257831534186,0.18401801529076803,0.1287352868820054
DACF2905,2026-07-14,0.06914282481307885,0.11342446930196293,0.2036334751398071,0.12873358975161628
Rosh1610,2026-07-14,0.07728255931400124,0.1108319439624591,0.19808586194163907,0.12873345507269982
AsaHoffmann,2026-07-14,0.10132710143335938,0.09505079137581295,0.1898067369113994,0.12872820990685727
DonBroca,2026-07-14,0.07221716265552018,0.09471274019437362,0.21924320535760214,0.12872436940249865
matematicoanonimo,2026-07-14,0.06005921221254503,0.1719958841250161,0.1541016293925928,0.12871890857671797
Nikita_Klepikov,2026-07-14,0.06669287663479247,0.11728420865335745,0.20215868839300874,0.12871192456038624
youngdinousaur,2026-07-14,0.08133458387575997,0.10419852420911303,0.20057816231053255,0.12870375679846852
EDaMatta,2026-07-14,0.07091632422865667,0.10966601123963587,0.20551573253335548,0.12869935600054935
icy,2026-07-14,0.06921378733442594,0.09721217039857513,0.21963744962071122,0.12868780245123743
kecalk,2026-07-14,0.06660561470976398,0.10060950667366518,0.218843984333873,0.12868636857243407
Arek_pacitan,2026-07-14,0.061128138319775295,0.1423406646005987,0.182563196747757,0.12867733322271033
AlexanderL,2026-07-14,0.0686118031631934,0.09456027602407074,0.2228575788705175,0.12867655268592723
MFBerna,2026-07-14,0.07131149032724093,0.10455936935202974,0.21012635737288438,0.128665739017385
GMVignirVatnar,2026-07-14,0.06536727394080086,0.11690400052450829,0.20362445591196504,0.12863191012575806
DanielSaiz01,2026-07-14,0.06707997411361136,0.11360910836943205,0.20513321591276576,0.12860743279860307
YacooBeen,2026-07-14,0.06148494694046149,0.1381912390655779,0.18613694142503376,0.12860437581035772
Siniauski,2026-07-14,0.06714411518250649,0.10334449830461243,0.21527148882046954,0.12858670076919615
LeonardoL2005,2026-07-14,0.07273294234113442,0.12352760845917293,0.18949036340473935,0.1285836380683489
tandaleo,2026-07-14,0.07188181006917906,0.1067852201849255,0.2070827971891065,0.12858327581440368
Dilshad92,2026-07-14,0.06612193864722014,0.10476028675012852,0.21481674626477446,0.12856632388737435
ItalianMachine,2026-07-14,0.07229178005666999,0.11989609195046827,0.19344142819104032,0.12854310006605954
FrenchMonster2002,2026-07-14,0.0939622415552449,0.09593168713309685,0.19572425507010777,0.12853939458614985
VladimirBelous,2026-07-14,0.05925582258030413,0.1570750827541992,0.16927905282821074,0.12853665272090467
serhanberat_ozdemir,2026-07-14,0.09670008684211293,0.0905766664893976,0.19832828178224238,0.12853501170458428
Bimaniv,2026-07-14,0.06640776103618938,0.11772123092237696,0.20140506496399438,0.12851135230752023
Athanasios2,2026-07-14,0.07151965300939894,0.08339716538624646,0.2306057903594434,0.12850753625169628
OriTaichman,2026-07-14,0.09461139247080382,0.09239300512317712,0.1985032043476506,0.12850253398054384
RusPakhom,2026-07-14,0.06682380097031544,0.11242545242306703,0.20623762607645674,0.12849562648994642
HandKnit,2026-07-14,0.06403619810208991,0.14265508497821353,0.17875121696444626,0.1284808333482499
Maftuna2303,2026-07-14,0.0710652757972516,0.11187678282930641,0.20246097690710088,0.12846767851121962
Piriflillo,2026-07-14,0.06657404608258134,0.11785996797648705,0.2008937520728768,0.1284425887106484
Airquake,2026-07-14,0.07908234889143297,0.10788222503572567,0.1982789050515446,0.12841449299290109
DampFalcon,2026-07-14,0.06859663637718513,0.10400132540618144,0.21259713604349406,0.12839836594228687
LIFE-OF-FIRE,2026-07-14,0.060139481077242006,0.17792512804829683,0.14707778363303772,0.12838079758619217
Sychev_Klementy,2026-07-14,0.07535918687215203,0.1202761963539691,0.18947630805363302,0.12837056375991804
AttilaTurzo,2026-07-14,0.07712765101844662,0.1231488534803263,0.18479490443643645,0.12835713631173648
ShiroglanTalibov,2026-07-14,0.07364676540446148,0.09148419360502566,0.21989195884556254,0.1283409726183499
emperor87,2026-07-14,0.05986631644711289,0.14701536831459036,0.17812554862166102,0.12833574446112142
Flameboard08,2026-07-14,0.06832568032553316,0.09809136833743534,0.21857050780953766,0.12832918549083538
Dinnukhammedtulendinov,2026-07-14,0.0682616451453632,0.11471782678410922,0.20199262629861006,0.12832403274269416
Adham_Fawzy,2026-07-14,0.07718550712330319,0.1170376977371056,0.19067784644620592,0.12830035043553822
AlphaPerseii,2026-07-14,0.0667171103525066,0.10697361319536898,0.21116273129102314,0.12828448494629957
BabageldiAnnaberdiyev,2026-07-14,0.06659585669234734,0.12218176996445676,0.19606580593019143,0.12828114419566516
vova-79,2026-07-14,0.08024918776848405,0.1193699282266272,0.1851855533831931,0.12826822312610145
GMRafpig,2026-07-14,0.06236724809001212,0.11630601643208671,0.20610457182724398,0.12825927878311427
Fractingale,2026-07-14,0.059446397468952826,0.1417626925608391,0.18355641025238906,0.12825516676072699
gabriel_pereyra,2026-07-14,0.05880796739362001,0.14667345116866362,0.1792783908001713,0.12825326978748497
Hope_6,2026-07-14,0.06946643763987607,0.10944823233251079,0.20581096102644533,0.12824187699961073
Freefresh,2026-07-14,0.06954536895977016,0.11023109267127626,0.2049437881957546,0.12824008327560035
IPAchess,2026-07-14,0.07972049209577586,0.10611457110590743,0.19888067028342465,0.1282385778283693
Keaton87,2026-07-14,0.0655619471644649,0.10469233666806148,0.21443206672754664,0.12822878352002434
ShadowJolteon,2026-07-14,0.07030586805194189,0.1097899312921666,0.2045324630326214,0.1282094207922433
StoreySniper,2026-07-14,0.07334931411426374,0.1259961110837699,0.1852782732111148,0.12820789946971614
APOKALIPSA13,2026-07-14,0.07191377005036703,0.09137355816696374,0.221325518857187,0.12820428235817258
Arash_Tahbaz,2026-07-14,0.07619988632349409,0.1161776809270984,0.19221513661583833,0.12819756795547696
DanilNajdin,2026-07-14,0.0655563617328608,0.1234859833705742,0.19553138467762682,0.12819124326035394
vidavi,2026-07-14,0.07022676532996795,0.0907671030569116,0.22356663071772542,0.12818683303486833
ejalmedina,2026-07-14,0.06716262416760908,0.10865330830415183,0.20872862092690933,0.12818151779955675
Nemsko,2026-07-14,0.10536427211663242,0.0857740889976914,0.19340196514105287,0.12818010875179223
adricalderon8,2026-07-14,0.06589019574996399,0.10342316031416234,0.2152007927134454,0.12817138292585725
albayo,2026-07-14,0.07924414101000476,0.1090305940814356,0.1961748469498259,0.12814986068042208
Tsyhanchuk_Stanislav,2026-07-14,0.07821209068931688,0.11165041675357984,0.19450259226850683,0.12812169990380118
Snowball-03,2026-07-14,0.06578675646532173,0.10248159986737707,0.21607151877243358,0.1281132917017108
kripri,2026-07-14,0.06868252324310767,0.10098900021963916,0.21465846080260806,0.1281099947551183
TheoSlade,2026-07-14,0.08754079330772091,0.10041932237933983,0.19636012542230194,0.12810674703645422
howtomoveaknight,2026-07-14,0.06881341481189131,0.10575198960673363,0.20973822573881726,0.12810121005248074
Piotrek1979,2026-07-14,0.07144524884915235,0.0909132618851202,0.22189915217141848,0.12808588763523035
The_Chess_Coach,2026-07-14,0.06761793130649352,0.11654093929694924,0.20005004719651542,0.12806963926665274
BartSimpson24,2026-07-14,0.058732893910785115,0.14940790073130705,0.1760540545504884,0.1280649497308602
chessllermo,2026-07-14,0.06772978951223652,0.0984370370015098,0.2180254460255099,0.12806409084641876
googlegoom,2026-07-14,0.07396680387929003,0.12188580520161423,0.18832819371782583,0.1280602675995767
DanyKopy,2026-07-14,0.06370009650060894,0.12416933524132302,0.19630923136672596,0.12805955436955263
chesselephant,2026-07-14,0.07558869453864782,0.0960524543328242,0.21253117480490955,0.1280574412254605
ChessSwole,2026-07-14,0.08274242415926784,0.12398036465340508,0.17744824867837206,0.12805701249701498
Lukianoo,2026-07-14,0.08232381125897778,0.10099832718606289,0.20084878012431265,0.1280569728564511
Blitzstream,2026-07-14,0.06850827451010266,0.09289396757487962,0.22276433671760582,0.12805552626752936
hightide,2026-07-14,0.07093174878407922,0.11036566391754572,0.20284370031947355,0.1280470376736995
MMAHDI2013,2026-07-14,0.06726586878006297,0.12430325530950964,0.1925479106846547,0.1280390115914091
Adrian-thorsen,2026-07-14,0.06103069147086216,0.1405031550238635,0.18258043394924164,0.12803809348132245
Boxerandchessplayer,2026-07-14,0.06786582207025814,0.11414763755576421,0.20209609113800656,0.12803651692134296
Xavier_mompel,2026-07-14,0.06452218723307206,0.1127291837276743,0.20680009506483427,0.1280171553418602
Duong57,2026-07-14,0.06669287663479247,0.11096416051273604,0.2063805378142029,0.1280125249872438
claudio2006,2026-07-14,0.06890946274334306,0.1083468382146154,0.20671061517162417,0.12798897204319423
Bugcrusher,2026-07-14,0.07107660028977109,0.10523882832879336,0.20764418464583456,0.12798653775479965
kaisermafra,2026-07-14,0.0663782853192284,0.1260627652133395,0.19151797580464083,0.12798634211240292
zsoltkorpics,2026-07-14,0.06591853906681266,0.10377551653727032,0.21424762262802016,0.12798055941070105
SidArun,2026-07-14,0.0693670453127995,0.10117847269831713,0.2133811455679013,0.12797555452633932
Fradi82,2026-07-14,0.06896585194452015,0.10332071812879966,0.21163663869821278,0.1279744029238442
daika91,2026-07-14,0.0628236199150641,0.12930155956643968,0.191754525537274,0.12795990167292592
xxysoul6,2026-07-14,0.07271093332222342,0.12419852974641239,0.18696921584658036,0.1279595596384054
HATilay,2026-07-14,0.08491881614599242,0.10470503177262772,0.19420937630563453,0.12794440807475158
ElCoachRene,2026-07-14,0.07195483751987741,0.09313188544556504,0.21870195563253247,0.1279295595326583
grunbergmihai,2026-07-14,0.06946678887771422,0.1002932985657116,0.21401034009974362,0.12792347584772315
Dzidzik2203,2026-07-14,0.08842862123244105,0.10125685619283151,0.19400752199449386,0.12789766647325548
chesspreceptor,2026-07-14,0.06860065484357906,0.1032955718553807,0.21179648985630328,0.12789757218508768
andrejljepic,2026-07-14,0.06565033192788264,0.11342546912446681,0.20457338670453826,0.12788306258562923
doublesik,2026-07-14,0.06541727093500199,0.1257846914480723,0.19244651353979328,0.12788282530762252
Romkachess,2026-07-14,0.06519632834461647,0.10769030937468767,0.21072960300011945,0.12787208023980787
WilsonPalencia21,2026-07-14,0.0950508274381397,0.09193380749959636,0.19660059397452986,0.12786174297075528
VojtechPlat,2026-07-14,0.07353234046296579,0.11967613954698171,0.19036666068002028,0.12785838022998927
Dubs123,2026-07-14,0.06793464797697676,0.10373934064991908,0.21187862278494116,0.12785087047061233
BashirovKemal,2026-07-14,0.07900559984664718,0.11703577174585195,0.18750496242876008,0.1278487780070864
ikhasu,2026-07-14,0.07913581149758298,0.11709625925775502,0.18730118858954126,0.12784441978162642
almaguerjm,2026-07-14,0.07999045944427434,0.10948090132723487,0.1939996211819841,0.12782366065116443
Niktlt,2026-07-14,0.06729953296212278,0.0997824304583841,0.21633369580095255,0.12780521974048648
ricaurtelopezj1955,2026-07-14,0.06660148201979589,0.10009726756333351,0.2167063769561734,0.12780170884643427
cycygogne,2026-07-14,0.07671584571074205,0.11480096179139104,0.19188241229807218,0.12779973993340177
elamier,2026-07-14,0.07538895575059243,0.11601102340444407,0.19198548410919664,0.12779515442141104
N18player,2026-07-14,0.06977264602168952,0.09918429659104398,0.21435893384373123,0.12777195881882156
Vision_64,2026-07-14,0.0691629028486344,0.10387433513224213,0.21027715221795973,0.1277714633996121
Honiex,2026-07-14,0.06874920194691285,0.11248030395048036,0.20206528857648715,0.12776493149129345
MaevskiyNikolay,2026-07-14,0.06623265112895342,0.11053499668871498,0.20652469911020602,0.1277641156426248
Berlin_wa11,2026-07-14,0.06587138660249212,0.12192679039709645,0.1954425497135661,0.1277469089043849
Kamikazeheinz2,2026-07-14,0.06721276192688866,0.10688291238338819,0.20910724352348725,0.12773430594458804
whitemirrorninja,2026-07-14,0.0761759644024109,0.1093902194067754,0.19761323750914553,0.12772647377277727
dDobravcan,2026-07-14,0.09074645117372143,0.09944058865996765,0.19298367131048988,0.12772357038139298
bylavochka,2026-07-14,0.0682496718945016,0.10365443527170418,0.21126653194031914,0.12772354636884165
TomLiu777,2026-07-14,0.07614696284548934,0.10937011309588726,0.19764389677234034,0.12772032423790566
Kiborg95,2026-07-14,0.09643572369937883,0.08628061029371349,0.20038895365483994,0.12770176254931076
2KTNGO,2026-07-14,0.0813035767219963,0.1131000698181166,0.18867093550995054,0.12769152735002112
IMaksim2010,2026-07-14,0.06414229987826169,0.13870407389448314,0.18017497788781484,0.12767378388685321
Giorno,2026-07-14,0.07095069746702598,0.08951886297002784,0.22254103696331634,0.1276701991334567
FightingDragon84,2026-07-14,0.06411914750353843,0.1212149167491334,0.197669202656412,0.12766775563636126
SpeedofLight0,2026-07-14,0.08329692489404093,0.10753060139592657,0.19216218544267105,0.12766323724421286
mr65,2026-07-14,0.07032177157685393,0.10611589037885169,0.2065417832382283,0.12765981506464463
Spriteball,2026-07-14,0.06431531190943669,0.12089347985839297,0.19772850397388908,0.12764576524723958
Elfangm2,2026-07-14,0.06737519866528753,0.102868906944952,0.21265961298644742,0.12763457286556232
Felix-Rose,2026-07-14,0.0792392875465406,0.11585341246517808,0.1877692110022382,0.1276206370046523
Balla_Tamas,2026-07-14,0.07408939712878848,0.08710554042271085,0.22161782703623753,0.12760425486257895
soumeow,2026-07-14,0.05886761699444186,0.1384969781778198,0.18543593544023626,0.12760017687083267
AlexOstrovskiy,2026-07-14,0.06563446371332869,0.11546384784857215,0.20169960544464097,0.12759930566884728
Nf3c5,2026-07-14,0.06912466679019899,0.10934764267029884,0.20430654573507043,0.12759295173185609
stregachess,2026-07-14,0.07815351298078349,0.10785103877167757,0.19676552369456857,0.12759002514900988
CMButgood,2026-07-14,0.06645409877889809,0.09705394311235149,0.21925553260225528,0.1275878581645016
vinclat,2026-07-14,0.06004777092825189,0.14226362531813014,0.18044960417717923,0.1275870001411871
Vse_po_kaify,2026-07-14,0.06476796765428747,0.10503949310957769,0.21294780417086176,0.12758508831157564
Mourinho_Jose,2026-07-14,0.0665931654598156,0.10240320495117845,0.21375832835123382,0.1275848995874093
Fritz1K,2026-07-14,0.08904123090053305,0.10055005945445766,0.19314330956257023,0.12757819997252032
campochess,2026-07-14,0.08792252250240214,0.10296985801124157,0.19184100665982867,0.1275777957244908
PlotnikovPavel,2026-07-14,0.07314746330225091,0.08854299226323013,0.2209968695344751,0.1275624416999854
GasparAsprelliok,2026-07-14,0.06300108452176231,0.16924422471606088,0.15039359497475543,0.12754630140419287
janhelmer03,2026-07-14,0.06451573167724159,0.11246847113071631,0.20556282705070458,0.12751567661955418
morte-negra,2026-07-14,0.06783332530562479,0.10025353486525626,0.21437673887737194,0.12748786634941767
kosmeg,2026-07-14,0.06747663911716996,0.11731378322703988,0.19763428651017623,0.12747490295146202
Ducke13,2026-07-14,0.06933953065656169,0.10253702607062397,0.2105437276082838,0.12747342811182316
Glidzhian_Gor,2026-07-14,0.05973582194764568,0.1322680198006629,0.19036617727024777,0.12745667300618546
GP9isback23,2026-07-14,0.08975957571061392,0.10076258549036386,0.1918235844925607,0.12744858189784616
Azatic,2026-07-14,0.06735105859035934,0.09845469005595911,0.2164585815361668,0.12742144339416175
Azerichess,2026-07-14,0.06869193261370374,0.09897205788960363,0.21459938229854708,0.12742112426728483
Lector118,2026-07-14,0.06525973309474994,0.10399876078803458,0.2130027868317458,0.12742042690484345
GrigorDilanyan,2026-07-14,0.06508508996191353,0.1235611449644793,0.19361434740306357,0.12742019410981878
MasterofMasters2006,2026-07-14,0.08158933801656418,0.10713350274054981,0.1934483777624185,0.1273904061731775
Yerkinio,2026-07-14,0.06649478537060362,0.11378391325476492,0.20159478955102178,0.12729116272546345
fitod,2026-07-14,0.07347301015642066,0.11792670904814859,0.1904334772340966,0.12727773214622196
aranibos,2026-07-14,0.09354414108864702,0.09122465692117651,0.19695925463813918,0.12724268421598758
EMANJDJ,2026-07-14,0.06575522884108662,0.11483340407011927,0.20113913292205382,0.1272425886110866
Viacheslav92,2026-07-14,0.06567145508093987,0.10136774181602286,0.21462078074515972,0.12721999254737415
Daffidollchess2,2026-07-14,0.05897700955118675,0.13817692299832515,0.18449298331643013,0.12721563862198068
glebus008,2026-07-14,0.07054227314788891,0.09049094850528834,0.22058151674853058,0.12720491280056925
jhc20110307,2026-07-14,0.0573569918683794,0.18171082548310089,0.1424857845056502,0.12718453395237683
babyking1205,2026-07-14,0.07328486033860947,0.11209350766279383,0.1961466580527955,0.12717500868473294
kalxandria,2026-07-14,0.06657013784532644,0.10842362162180305,0.206526247725301,0.12717333573081016
Golubovsky,2026-07-14,0.06652715202195787,0.10749242779057162,0.2074960900909545,0.127171889967828
gunslinger222,2026-07-14,0.06757086487792488,0.11075175362458647,0.20314114378053155,0.12715458742768096
Irishchessman16,2026-07-14,0.08783086821972394,0.1064388566210651,0.18718735533285738,0.12715236005788214
KorolDimitriy75,2026-07-14,0.07224031987147991,0.10598953381687028,0.20312439885165234,0.12711808418000084
Aquilate,2026-07-14,0.05639008553591538,0.14735281786116772,0.17758633521698794,0.12710974620469034
jlmanzanares,2026-07-14,0.06341504080972436,0.13035855303125543,0.18753477118153497,0.12710278834083824
Emp3rador,2026-07-14,0.07972070843189683,0.11136566373054435,0.19020114995901344,0.12709584070715155
norwaytoadog,2026-07-14,0.07139065754428317,0.09123672767997744,0.21858548453114462,0.1270709565851351
RuperezA,2026-07-14,0.07342596350397076,0.11978075743977436,0.18796443445991212,0.1270570518012191
stevis5,2026-07-14,0.07663541089289345,0.10614584885019031,0.1983618834823198,0.12704771440846785
Thjop,2026-07-14,0.09137315075003986,0.09191076337630696,0.19785224009049773,0.1270453847389482
Nekoo04,2026-07-14,0.06887339152685541,0.09539131447526823,0.21673535047550818,0.12700001882587728
dcremisi,2026-07-14,0.08130649512362224,0.10565563383059082,0.19401160614231133,0.1269912450321748
gmpeter008,2026-07-14,0.07591395211141752,0.11039524802129859,0.19461693119836235,0.12697537711035947
chessmadara,2026-07-14,0.0670602202848721,0.10464189525829705,0.20910692247080503,0.12693634600465806
BaptisteYannick,2026-07-14,0.06654510443362234,0.10667115053462814,0.2074154211954818,0.12687722538791077
besarquis,2026-07-14,0.0710292798773823,0.10753858985092717,0.20205714243558973,0.12687500405463306
MAGMAchess02,2026-07-14,0.07054359699427837,0.09186565687650743,0.21821383687482676,0.12687436358187085
erlesfar,2026-07-14,0.06555541797722034,0.1000385867601541,0.21502309467605088,0.12687236647114178
purpurice,2026-07-14,0.06713249212970446,0.10466348486197267,0.20880284228105206,0.12686627309090973
Kostya0705,2026-07-14,0.08023081814634024,0.10983876899205036,0.19050516098515582,0.12685824937451548
Colombiano07,2026-07-14,0.06341324344221969,0.10142879802174289,0.21570258645671037,0.12684820930689097
Hurricane_Morphy,2026-07-14,0.058819162662238536,0.14402627321936234,0.17764095633579932,0.12682879740580008
ncofre98,2026-07-14,0.06806880758945758,0.08990830565317563,0.22240488469632994,0.1267939993129877
wonderknight64,2026-07-14,0.06699707174351048,0.11397761730981473,0.19940725802689865,0.12679398236007464
Gnechko_Ruslan,2026-07-14,0.06995123852665054,0.09708365046424837,0.21334250153549728,0.12679246350879872
burbur555,2026-07-14,0.06376062196957731,0.11148903628788948,0.20511583988798393,0.1267884993818169
IranianCheetah,2026-07-14,0.0657020928418958,0.11382785611653978,0.2007520002792878,0.1267606497459078
Fleetw00dMac,2026-07-14,0.0667708681942937,0.09321158475521381,0.22026639565655004,0.1267496162020192
bansaboy,2026-07-14,0.06355336488575707,0.11971916211494597,0.19696711198461206,0.12674654632843838
Blackwhite017,2026-07-14,0.08807447025790041,0.09757480458439194,0.19457809829648187,0.12674245771292472
Ready4abattle,2026-07-14,0.06636602620896442,0.09905415594419904,0.21476193096733615,0.12672737104016654
sofaceindisguise,2026-07-14,0.08497309237987143,0.1029189673809206,0.19220101066295647,0.1266976901412495
jmpion,2026-07-14,0.07305432574286379,0.11315422730867966,0.19386762973600363,0.12669206092918237
rushing_mane,2026-07-14,0.0660435887035679,0.11479335581360259,0.19923299256067983,0.1266899790259501
GasconJR,2026-07-14,0.06892850075046121,0.09567116215960617,0.21546667716359177,0.12668878002455305
ArmanGhevondyanchess,2026-07-14,0.07090271123680367,0.08740610592375223,0.22175678373588326,0.12668853363214638
tomobeast,2026-07-14,0.06849220657167304,0.09894629881890067,0.21259137436808523,0.12667662658621964
Simoneax08,2026-07-14,0.057226282304515375,0.17926355019384366,0.14348360561601115,0.12665781270479007
RaugintaBulba,2026-07-14,0.06563074189824966,0.12134408205140788,0.19299365490824144,0.12665615961929966
Cluke86,2026-07-14,0.06244908679994865,0.10920968165398982,0.2083092480652199,0.12665600550638612
Weifd,2026-07-14,0.06380810988811039,0.12290190570098779,0.1932232430427914,0.1266444195439632
NanMKKhineHlyan,2026-07-14,0.08959209678821715,0.09557955671384202,0.1947146259070994,0.12662875980305285
marvinguevara,2026-07-14,0.08813272761310204,0.09914432481725247,0.19260593671038478,0.12662766304691309
FLamps8,2026-07-14,0.06575670535684884,0.11187964103417482,0.2022316380736465,0.1266226614882234
P_DISCIPLINE,2026-07-14,0.05869168774271072,0.14894102620061353,0.17216491226543024,0.1265992087362515
grandcoach,2026-07-14,0.06802792603703549,0.11004312843982135,0.20170526272779216,0.126592105734883
Diaschess88,2026-07-14,0.0745920027599072,0.111073962303717,0.19410563230838793,0.1265905324573374
marvelavengers4,2026-07-14,0.06063887629496915,0.14182373664278322,0.17728740674385565,0.12658333989386936
Hypercar,2026-07-14,0.0681454935000031,0.1021942928055956,0.20941012332455744,0.12658330321005204
ashookk,2026-07-14,0.07505544736521287,0.105517214598947,0.19916749741127496,0.12658005312514495
TheKnightOfBosnia,2026-07-14,0.07383884680555113,0.11770449263244682,0.18819492601575574,0.1265794218179179
MeszarosGyorgy,2026-07-14,0.055454300363010675,0.14639215543249876,0.17783557866623068,0.12656067815391336
eagleclaw07,2026-07-14,0.08015615792655569,0.11109255085121737,0.1883760431597057,0.12654158397915957
Chesstiger64,2026-07-14,0.06470604228855653,0.11668780623592302,0.1982163089781131,0.12653671916753087
NarigonCompadre,2026-07-14,0.06018423116358437,0.1339277242618945,0.18547537838852254,0.12652911127133382
TheCavemanChess,2026-07-14,0.06425044145729139,0.09719064999286624,0.2181456185256797,0.1265289033252791
Dare-Dare,2026-07-14,0.06747934651809091,0.09658160747411512,0.21548687523130347,0.12651594307450317
aaaao,2026-07-14,0.06610768138129904,0.10793585314480723,0.20550274118503964,0.12651542523704865
Hananmo,2026-07-14,0.0757556966396021,0.09636083315916714,0.2074275317897531,0.12651468719617412
Francisco_Ferrari,2026-07-14,0.07206641936712291,0.11208175388045968,0.19537025097973282,0.12650614140910513
M4444710,2026-07-14,0.0632590126243027,0.1174275046487535,0.1988195907562789,0.12650203600977836
chess_sharparchitect,2026-07-14,0.06421863324468195,0.10164203634211741,0.21352239644180704,0.12646102200953546
Josetricks,2026-07-14,0.06790780958735007,0.09097611454699103,0.2204679141816542,0.12645061277199843
soupeOchoux,2026-07-14,0.0679125761661681,0.09269733758776844,0.2186973841315883,0.1264357659618416
mertfelin,2026-07-14,0.06668811095282952,0.10128637613709583,0.2112979891269082,0.12642415873894453
Samatsa,2026-07-14,0.06413153745151016,0.09718993342802254,0.2179259526366547,0.12641580783872913
Joshukid,2026-07-14,0.06810707032118245,0.0863571634233787,0.224769157121601,0.12641113028872072
Isajevsky_Anton,2026-07-14,0.06637342721145656,0.11570192398626769,0.19712214060553898,0.12639916393442108
spiritof_stlouis,2026-07-14,0.06157689788508456,0.13056443515181634,0.18697435701860574,0.12637189668516888
DTChess,2026-07-14,0.07417804536293052,0.08589638575559,0.21901778193694568,0.12636407101848873
praveenb2002,2026-07-14,0.05674854018524594,0.17234064961074072,0.14999978071801462,0.12636299017133376
amelia91,2026-07-14,0.06996333633254315,0.10711120370164799,0.20195576582431826,0.1263434352861698
Sharafiev_Azat,2026-07-14,0.061131005200285235,0.13121736791631708,0.18667753459268163,0.12634196923642796
chesspilot01,2026-07-14,0.06621484884706089,0.11061735829590608,0.20219143751143875,0.1263412148848019
mohsengabr2002,2026-07-14,0.06723439871633209,0.10324322055466323,0.20854055995641546,0.12633939307580358
Ramil_Faizrakhmanov,2026-07-14,0.06231239103281864,0.12249513320631691,0.1942031044396917,0.12633687622627573
Tunahan_Makaraci,2026-07-14,0.07849326190280695,0.10245270567245394,0.19805588286749803,0.1263339501475863
mary-sanna,2026-07-14,0.07128280314287755,0.09970260844562756,0.2079953358836306,0.12632691582404523
Masterisback04,2026-07-14,0.074988281556774,0.10910005064843449,0.19488231777065587,0.1263235499919548
bancsoo,2026-07-14,0.06809831595128082,0.09889519623468422,0.21195890582333893,0.12631747266976798
rynos0411,2026-07-14,0.06753713232128979,0.09479650948210568,0.21659335705439858,0.12630899961926467
ninguno46,2026-07-14,0.07057879518438248,0.08742445003357177,0.22091607619516018,0.12630644047103814
cukus,2026-07-14,0.06786345960590184,0.09443542744610382,0.21661512042808492,0.12630466916003022
Hooded_Old_Man,2026-07-14,0.06649015232220239,0.09643975961462511,0.21594881676793676,0.12629290956825476
soul_mortall,2026-07-14,0.07284315231897368,0.11261200028835662,0.19339757197114926,0.12628424152615986
BahadirOzen,2026-07-14,0.07117993464967136,0.07511626885382051,0.23254631685453617,0.12628084011934268
TitanChess666,2026-07-14,0.06369603603719703,0.11477953405387013,0.20035851967949422,0.12627802992352047
jocmil,2026-07-14,0.06438757057035906,0.10560441524761378,0.20883439716491356,0.12627546099429546
erugee,2026-07-14,0.0781032471053852,0.10834152815972252,0.19235651161437686,0.12626709562649485
attack2mateU,2026-07-14,0.06936730111865895,0.09830688039595227,0.21111379356805116,0.12626265836088746
CrazyMartian,2026-07-14,0.0684045229962638,0.09287367170782836,0.21743212632872133,0.1262367736776045
GMJustin5,2026-07-14,0.06567528136747808,0.11121339806614021,0.20182117332987923,0.12623661758783253
cakeuvdort,2026-07-14,0.05802982958066506,0.1458436092077587,0.17482717017488522,0.126233536321103
nekotyanof,2026-07-14,0.09120648731720823,0.09004238592791489,0.19742952916036308,0.12622613413516207
albi1999,2026-07-14,0.08084588239318534,0.10913696013269346,0.18869361812774138,0.12622548688454005
GAZZAN_3000,2026-07-14,0.06700435004740238,0.08805357059192738,0.22361591784825857,0.12622461282919611
zsizsi99,2026-07-14,0.06744537174652164,0.1076303475194652,0.20353780726596965,0.12620450884398549
Powerofchess09,2026-07-14,0.06421035277835296,0.1127732620759829,0.20162878395493014,0.126204132936422
miraitrunks,2026-07-14,0.07182664679901402,0.09000176804432385,0.2167542784427113,0.12619423109534975
deribas12345,2026-07-14,0.09004071912128081,0.09676297455660259,0.1917182909018237,0.12617399485990236
DryCounty,2026-07-14,0.07679387525351695,0.12123309099610154,0.18044554311017255,0.12615750311993035
EfrenRamos1,2026-07-14,0.06558836923351612,0.11215141811393646,0.200715945101718,0.12615191081639018
topce,2026-07-14,0.07692578605552425,0.10504729895432863,0.19642796649588556,0.12613368383524615
anemih,2026-07-14,0.07029128799415212,0.09288240272262094,0.21522571947079122,0.1261331367291881
disciplinedbrat,2026-07-14,0.07346156442381788,0.10886441450712088,0.19606434637972237,0.12613010843688705
GKARU,2026-07-14,0.07096998794908124,0.09126125372923252,0.21615595705236765,0.12612906624356046
WanderingPuppet,2026-07-14,0.06816190009917192,0.08617387994448407,0.22400394303010093,0.12611324102458565
Veritolinda,2026-07-14,0.07958033964276974,0.10536619578706001,0.19337314642744122,0.1261065606190903
missponyo10,2026-07-14,0.06612193864722014,0.09759298584093494,0.21449857979680087,0.1260711680949853
smilingice,2026-07-14,0.06940950161712021,0.10105645267389776,0.20770269401000413,0.1260562161003407
cedchass2006,2026-07-14,0.07289311466322765,0.1128745138692485,0.1923831206494695,0.1260502497273152
stoleriu,2026-07-14,0.06720817945829623,0.08716609713652375,0.22374311839504862,0.12603913166328953
leopato,2026-07-14,0.06085824610717714,0.12927531677960674,0.18796150231476408,0.12603168840051598
Temirlan_Baltabaev,2026-07-14,0.06314845708413684,0.12046484873204832,0.1944684656337799,0.12602725714998836
venturov,2026-07-14,0.06600086603719103,0.0986521296402758,0.21340821264520382,0.12602040277422355
semchik90,2026-07-14,0.0695478022828114,0.09633132055272191,0.21214138796328372,0.12600683693293901
Muslim_player_05,2026-07-14,0.06543351555229433,0.11320146159939695,0.1993650453534041,0.12600000750169846
PowerThinking2650,2026-07-14,0.0743613882746155,0.11440688826068258,0.18918639254983177,0.1259848896950433
malakismayil,2026-07-14,0.06886034868673142,0.09339591727696325,0.2156962331748962,0.12598416637953028
Binary010,2026-07-14,0.06645776145785667,0.09577865571376738,0.21568902805293644,0.12597514840818683
IgorM2008,2026-07-14,0.07272538809846975,0.11072095953641488,0.19443943955089232,0.12596192906192563
KVAIDAN,2026-07-14,0.08599682600691994,0.10063529197453082,0.19123795443500607,0.1259566908054856
AEMEffi,2026-07-14,0.0654226821578326,0.09455474309410737,0.217882351056566,0.125953258769502
FMOlexandrProhorov,2026-07-14,0.0715776214136297,0.09974658636762002,0.20648900194386755,0.12593773657503907
hawes33,2026-07-14,0.06396730559785066,0.10705014363224409,0.20678419510545537,0.1259338814451834
rockstar0902,2026-07-14,0.06394604707066547,0.10382527200927609,0.21002838493177456,0.12593323467057205
CM_rui,2026-07-14,0.06850644576674977,0.08707536905152251,0.22217584217157046,0.12591921899661426
Juicy_Fork,2026-07-14,0.0679530923467557,0.09075083271496866,0.21905346567845055,0.12591913024672496
GMT4114,2026-07-14,0.07194058979433678,0.11446401027553617,0.19130495810484824,0.12590318605824039
publicaccountcze,2026-07-14,0.0641758415217818,0.1067502867106225,0.20675970783109165,0.12589527868783199
Perdomov,2026-07-14,0.06753995786728993,0.09484468692300174,0.2152978159293897,0.1258941535732271
kingside_rook,2026-07-14,0.057745056129985595,0.14828270137439353,0.17163285605312173,0.1258868711858336
Alexei_Kornev,2026-07-14,0.06942562168304554,0.09683674784272177,0.21135194422717787,0.1258714379176484
pooh2012,2026-07-14,0.07069610728061756,0.08532278350295894,0.22159370956666813,0.1258708667834149
Keures,2026-07-14,0.06196429945852152,0.13229188274269577,0.18335177002737243,0.12586931740952992
WiseKing_08,2026-07-14,0.07348167039549641,0.11491969395805525,0.1891513880001484,0.12585091745123336
Ziyamammadov,2026-07-14,0.0679344498631234,0.10586867520698848,0.20367706861956963,0.12582673122989382
rose107,2026-07-14,0.06687137814960217,0.1043460879843796,0.20626105472834444,0.1258261736207754
Jesseinkman,2026-07-14,0.0679125761661681,0.09717177175997241,0.21227684398125685,0.12578706396913245
Paladin61,2026-07-14,0.07644359923904398,0.10272863816915836,0.19817220990469533,0.12578148243763257
fmAguilar1,2026-07-14,0.06535373351921626,0.09245020329202712,0.21947515990161431,0.1257596989042859
Wilsy19,2026-07-14,0.06296263053904637,0.11586085929949717,0.1982724802303178,0.12569865668962044
bennyficial,2026-07-14,0.07131496590036294,0.08376924306573288,0.22200928716203427,0.12569783204271004
solofon,2026-07-14,0.06385299910466148,0.11342575622274477,0.19981008845525977,0.1256962812608887
GmSergioBarrientos,2026-07-14,0.06488411412760521,0.10190719362441093,0.21029483668858803,0.1256953814802014
AntonovaNadezhda,2026-07-14,0.09171363530176631,0.0898225753338412,0.19547430115302394,0.12567017059621047
MessiKingdom,2026-07-14,0.0817198488779024,0.10047165092522076,0.19479503899361228,0.12566217959891182
pavel_skatchkov,2026-07-14,0.06439812970222838,0.11494021448767838,0.1976440408843048,0.12566079502473718
Ati1517,2026-07-14,0.06518315036562841,0.0953689492508287,0.21642387663785947,0.12565865875143886
gabduschew,2026-07-14,0.0643882632920258,0.09679376817886173,0.2157930549552682,0.12565836214205192
JordanLoyd2020,2026-07-14,0.08827067402950971,0.09315713011569902,0.19554529064013898,0.12565769826178255
IMchanged,2026-07-14,0.07056453215454106,0.11928077232635538,0.18706686962618252,0.12563739136902632
ferrufino64,2026-07-14,0.06575647440444651,0.09444655139361836,0.21669010895226698,0.1256310449167773
Sethu0025,2026-07-14,0.06340167832293774,0.1008138238472513,0.2126079008295643,0.12560780099991778
Dangerousboy228,2026-07-14,0.05690176700570023,0.17169950961716107,0.14821432588420455,0.12560520083568863
aexmi,2026-07-14,0.06672187795867983,0.10960968039328102,0.2004784768663934,0.12560334507278473
santosalberto1987,2026-07-14,0.07143703689881177,0.09821597111293962,0.20710806185376548,0.1255870232885056
crosky,2026-07-14,0.08062048159765917,0.1006334660610103,0.19544180236809386,0.12556525000892113
kaanadayhamle,2026-07-14,0.06784844209887061,0.08797440830406307,0.22086917003148318,0.12556400681147228
behzsa,2026-07-14,0.06188534215434647,0.10235333619159397,0.21243934445322318,0.12555934093305454
GGuseinov,2026-07-14,0.07327295344275067,0.08977933170269908,0.21355900580447743,0.12553709698330906
RichardLeyvaP,2026-07-14,0.0655423822153282,0.09890360493852086,0.21215908722357338,0.12553502479247414
Karttunen,2026-07-14,0.09111077900629291,0.09994939225163568,0.18552666546734886,0.1255289455750925
JSlaby,2026-07-14,0.0623252269650555,0.10085654570895633,0.2133949968890947,0.12552558985436882
frequentblunders,2026-07-14,0.07222333316702884,0.0986338380344994,0.2057145147498122,0.12552389531711347
keepitcoming,2026-07-14,0.07355007447978251,0.1056035622997428,0.1973837013373932,0.12551244603897282
rednova1729,2026-07-14,0.06640076881439691,0.10970915505642118,0.2004154098927431,0.12550844458785373
Machidon,2026-07-14,0.0836340776861222,0.10578282169899478,0.18708758154238114,0.12550149364249938
Eliwood44,2026-07-14,0.08689180994192724,0.0951438343923875,0.1943632317593102,0.12546629203120832
Umumba_FM,2026-07-14,0.06674858975192273,0.10003909639681523,0.20957453995098338,0.1254540753665738
sbouchet,2026-07-14,0.06770865903489562,0.09886374721571389,0.2097710998318069,0.12544783536080548
promen1999,2026-07-14,0.06672109768052621,0.08725191500223056,0.22235233004223537,0.12544178090833072
Phamtrangiaphuc2009,2026-07-14,0.06137985022314077,0.10691575344685303,0.20797931008850054,0.12542497125283145
angelrth,2026-07-14,0.06396730559785066,0.12087199372397159,0.1913652752441019,0.12540152485530806
chessjazda,2026-07-14,0.06613558113648688,0.10488220035532765,0.2051802812009339,0.12539935423091614
Enriquack,2026-07-14,0.06360202313307776,0.11132326703607306,0.20126875106856243,0.12539801374590442
dimailuka,2026-07-14,0.06593287640850945,0.10994761874127008,0.20028809581070336,0.12538953032016098
GoldenShare,2026-07-14,0.06565761941885155,0.09028375649947168,0.22022205065842657,0.12538780885891662
Mikedannnn,2026-07-14,0.07192369831705749,0.12261884033180824,0.18154017911570228,0.1253609059215227
MajorCoast,2026-07-14,0.06647744981047676,0.09363441984425111,0.21594469690885998,0.12535218885452928
tabarex,2026-07-14,0.06586270520297291,0.11136656149241642,0.1987974234819912,0.12534223005912684
Ivan11Martic,2026-07-14,0.10239739754794255,0.08173021840692607,0.19184238694397718,0.12532333429961526
Mr_Lion22,2026-07-14,0.0715397391629202,0.0830743171326564,0.22128576479341716,0.12529994036299794
Romadk,2026-07-14,0.0740803095709537,0.11209717283578322,0.189710877807083,0.1252961200712733
Alexander_Moskalenko,2026-07-14,0.06784968075856644,0.10415221050032741,0.20384664945045777,0.12528284690311722
gmcorrales,2026-07-14,0.09256605041096541,0.08615239992267733,0.19711606858105724,0.12527817297156665
Titus369,2026-07-14,0.0649836139048546,0.10663628842058112,0.20413448775967627,0.125251463361704
LaStreetCmaMaison,2026-07-14,0.06426202690277162,0.10131417579247023,0.21017418611376307,0.12525012960300164
Artyom_ChessMate,2026-07-14,0.0788747780231672,0.10294267318276448,0.1939207425856315,0.1252460645971877
MunichMouse,2026-07-14,0.0686243869152575,0.09816512945069146,0.20894340364545175,0.1252443066704669
viktorgen2021,2026-07-14,0.06946880060603626,0.08768370446482485,0.2185705831405601,0.12524102940380707
Walter_White_Poland,2026-07-14,0.08630528870176285,0.09633362407587444,0.1930638981858035,0.12523427032114692
Davidalhesa2007,2026-07-14,0.07024917764325053,0.09802230351538108,0.2074182531627693,0.12522991144046697
Slayyy_200,2026-07-14,0.06711529646780441,0.10581070146189565,0.2027633865483784,0.12522979482602614
IM_Tissir,2026-07-14,0.06706869193598108,0.10558374001377745,0.20302917602836665,0.12522720265937506
feuervogel1000000,2026-07-14,0.06447950075196093,0.11689357350117957,0.19429754611247138,0.12522354012187062
lrestevez,2026-07-14,0.09103179863796397,0.08987766627783199,0.1947147778210821,0.12520808091229269
Evandro_Barbosa,2026-07-14,0.06624273482235686,0.08711250657143584,0.22215530431924604,0.12517018190434626
Il_Cavallo_Matto,2026-07-14,0.0632225735514507,0.16174864720649063,0.15047281002063126,0.12514801025952418
1mbl4,2026-07-14,0.06408159986712629,0.09969128375252435,0.21165630391384574,0.12514306251116547
olakenn,2026-07-14,0.06423556211490333,0.09892786071064515,0.21225970697717716,0.12514104326757522
Marcus_Harvey,2026-07-14,0.06372296842595027,0.10519143653410794,0.2064649062213163,0.12512643706045817
xamax2000,2026-07-14,0.06663489152834227,0.09378007468841225,0.214905564229334,0.1251068434820295
woodpusher52,2026-07-14,0.06741897473076391,0.09906062955243865,0.2087358583094304,0.12507182086421098
le-castor-faineant,2026-07-14,0.06747615144887693,0.0957976189409182,0.21192093653648306,0.1250649023087594
ChellyArt,2026-07-14,0.05954595332787259,0.1304846119272875,0.18516179379571973,0.1250641196836266
DmitryMaximov,2026-07-14,0.07450093881716476,0.10679830391826509,0.19388955597425703,0.12506293290322898
ivana_999,2026-07-14,0.06848342125156366,0.1086092064697476,0.1980754128443219,0.1250560135218777
js20000,2026-07-14,0.07103288002892764,0.09233860611083627,0.21177244230546555,0.12504797614840982
noblerone,2026-07-14,0.0681558386846657,0.09654568451154057,0.21042321745111142,0.12504158021577258
FeketeBarika,2026-07-14,0.06530606147924478,0.09176717964530855,0.21803916978367396,0.12503747030274245
HSH1987,2026-07-14,0.06783469612687526,0.09847701174543248,0.20879716894735872,0.12503629227322216
csati17,2026-07-14,0.06581427488797781,0.09551160165626058,0.21376772579417871,0.12503120077947236
Hrant_ChessMood,2026-07-14,0.10154145684347306,0.0760435152534761,0.1973824295696329,0.12498913388886068
MNyuyu,2026-07-14,0.06726458792311399,0.10008140557234768,0.2076023035872797,0.12498276569424711
JiiHart,2026-07-14,0.07075587887639159,0.09315145302477458,0.2110318627724751,0.12497973155788043
Anirudhha33,2026-07-14,0.056753495719015855,0.11492903208976273,0.20322281075880735,0.1249684461891953
OneTrickPony_82,2026-07-14,0.0710241682669176,0.09706272724717482,0.2068144529732126,0.12496711616243501
MolecularChemist,2026-07-14,0.06730028572935647,0.11049689344123309,0.19708645492889226,0.12496121136649395
Akylbek2021,2026-07-14,0.06830840452935759,0.09027310725536723,0.21629214705643474,0.12495788628038651
the,2026-07-14,0.0664677959563304,0.09693203372650405,0.2114728842831995,0.12495757132201131
Antipov_Mikhail_Al,2026-07-14,0.06705090564182946,0.08854393929089951,0.2192758879017821,0.12495691094483702
mistrzemi,2026-07-14,0.0700886679725102,0.09415934164825635,0.2105898920833504,0.12494596723470565
gisela_roque,2026-07-14,0.07262658636602681,0.10891612646657887,0.19329472429612668,0.12494581237624414
moisesanto,2026-07-14,0.05683507610472132,0.14055253908357127,0.1774328124335623,0.12494014254061829
MaiqMaster,2026-07-14,0.06518651671202834,0.09300612529197978,0.21659423761410257,0.12492895987270357
Doomfist26,2026-07-14,0.0714696632694614,0.09212758819415102,0.21106004252465374,0.1248857646627554
Rytenko_V,2026-07-14,0.06465534313024514,0.101693762674157,0.20829626915672017,0.12488179165370744
FM_Kappeler,2026-07-14,0.09007140239486588,0.0945163980519963,0.19005568141864745,0.12488116062183656
carlsenCamacho,2026-07-14,0.059480718792979295,0.1324328406089643,0.18271565546487636,0.12487640495560666
gross-aleks,2026-07-14,0.07371675665219689,0.10185119505778494,0.19903053593260714,0.12486616254752965
Italo-Zapata,2026-07-14,0.07237208845046834,0.1135249582783367,0.18863944938892696,0.12484549870591066
Canal_Showdrez,2026-07-14,0.07247083026021116,0.10989578402870741,0.19214378395483234,0.12483679941458363
PLAYER_2006_M,2026-07-14,0.09388492879072563,0.08970895144614253,0.1908550966905281,0.12481632564246543
ToddBryant,2026-07-14,0.06131874521957457,0.10698366867279968,0.20614384961521318,0.1248154211691958
ogpin,2026-07-14,0.06705850942591637,0.1008836627042183,0.2064571934973782,0.12479978854250429
shanemelaughcm,2026-07-14,0.08176777597936603,0.09880286254442237,0.1938211567445573,0.12479726508944856
Bilan_Danila,2026-07-14,0.08434743290482594,0.09817071537387988,0.1917901410652531,0.12476942978131965
Itk04,2026-07-14,0.06446476810376585,0.10034594025424177,0.20948028697242166,0.1247636651101431
KarstenSchulz,2026-07-14,0.061241901343457875,0.10573569269818232,0.2073051617193098,0.12476091858698334
Connectedcloud,2026-07-14,0.07207915098078826,0.09415763386447817,0.20793794355927564,0.1247249094681807
blitzo_vich,2026-07-14,0.07287740369888637,0.07996327457548652,0.22130379237630005,0.1247148235502243
KaydenTroffChess,2026-07-14,0.08938955819545416,0.09671601492986183,0.1879416022689971,0.12468239179810436
NFChess13,2026-07-14,0.08552822222840253,0.09680829171002991,0.1917106581628324,0.1246823907004216
AleksandrAleksikov,2026-07-14,0.06701218608297194,0.09617290418233179,0.2108017533461225,0.12466228120380873
Lancelot120376,2026-07-14,0.05943918131971812,0.1375278354180569,0.17701413351015874,0.12466038341597792
RafaelVaganian,2026-07-14,0.06913167689508973,0.12273329267389832,0.18211222361217763,0.12465906439372189
gahryman,2026-07-14,0.07032217562142322,0.11761040863941293,0.18602754517909864,0.12465337647997826
balack95,2026-07-14,0.0663038976484526,0.09152616036827577,0.21611546016409566,0.12464850606027467
kuzol,2026-07-14,0.06553629362875082,0.09584359904716538,0.21251752301505866,0.12463247189699163
waltereador,2026-07-14,0.0725096675069708,0.1136772966636764,0.18770752819858771,0.12463149745641162
mohammednx111,2026-07-14,0.05869962426136695,0.13878817540815724,0.1763195147903792,0.12460243815330112
roxannyzoldyck,2026-07-14,0.06657013784532644,0.102331376540195,0.2048968686403505,0.12459946100862397
IMVadim,2026-07-14,0.06399520297801756,0.10802463739021656,0.20166952636679703,0.12456312224501039
crazyluzhinTh3,2026-07-14,0.07190620813043147,0.11686083134783422,0.18491339700639337,0.12456014549488635
Schack-Hugo,2026-07-14,0.06690717542743627,0.09998521669776353,0.2067589177639021,0.12455043662970063
corvachesky,2026-07-14,0.06513778489305906,0.09348309924744654,0.21502123881040816,0.12454737431697126
Legit,2026-07-14,0.06354525566505599,0.09939900116985753,0.2106779267205311,0.12454072785181487
Tonychess32,2026-07-14,0.07938169306004196,0.10142118100813412,0.1927967853773856,0.12453321981518722
rionelG,2026-07-14,0.0735426720450988,0.09432038786047843,0.20570217903545096,0.12452174631367607
petrgnojek,2026-07-14,0.052162665748632965,0.18353282708319052,0.13784155584916935,0.12451234956033093
Petrovic_Aleksa,2026-07-14,0.07283137928315457,0.08067676171085017,0.22000748821578311,0.12450520973659596
TedBelanoff,2026-07-14,0.060997716937693985,0.10985039155861404,0.2026451891695367,0.1244977658886149
scandalgod,2026-07-14,0.06318389726444905,0.09652370847669929,0.2136827834485926,0.12446346306324697
h4parah5,2026-07-14,0.06721153545345124,0.09326037052497668,0.21291620324741584,0.12446270307528125
ChessTankMan,2026-07-14,0.06252209167675331,0.09637217151581888,0.21447794678335658,0.12445740332530959
GMAneta,2026-07-14,0.06810385136554539,0.09820633200012142,0.2070572512475472,0.124455811537738
miracmelihtopuz7,2026-07-14,0.06539730270631192,0.1034204150399113,0.20454957879335875,0.124455765513194
HamedWafa4,2026-07-14,0.0873450576662416,0.09632361226146093,0.18967249749935683,0.12444705580901978
EmilRisteski,2026-07-14,0.05955679218277069,0.11042205881298107,0.20334163106974656,0.12444016068849945
krucki03,2026-07-14,0.07615725950575415,0.10404419751376043,0.1930246924162729,0.12440871647859582
Mykola-Bortnyk,2026-07-14,0.06932716200050157,0.08022731770273765,0.22363010650612214,0.12439486206978712
Qvalda,2026-07-14,0.0664992055485048,0.09329796299582348,0.21335107520045196,0.12438274791492676
ViIIagra,2026-07-14,0.06953591007133293,0.07923969110867024,0.22436610764059808,0.1243805696068671
dawid498,2026-07-14,0.0832827068324182,0.09558253970495857,0.19426000831364518,0.12437508495034066
SameerMujumdar,2026-07-14,0.07510496627004248,0.0992424599799157,0.19874561245377773,0.12436434623457863
GrumbleBruno,2026-07-14,0.061675463313024766,0.10336029588247053,0.20802680315935101,0.12435418745161543
FadingMustard,2026-07-14,0.06430600565556628,0.13181570155140812,0.17693567319961734,0.12435246013553058
VAT55,2026-07-14,0.07153842022609112,0.11188570209785009,0.18963225254544128,0.12435212495646082
BobbyFischer1508,2026-07-14,0.07089782911394236,0.1123155584302067,0.18982280407331648,0.12434539720582184
goodluck06,2026-07-14,0.06324558656489206,0.101226851978564,0.20855078474428915,0.1243410744292484
Fore_Man,2026-07-14,0.06728552417364035,0.08745759032544424,0.21818365831973782,0.12430892427294081
B-man,2026-07-14,0.06220594170367587,0.11130150635320378,0.19940969515351561,0.12430571440346509
divudis17,2026-07-14,0.06728584351908971,0.12808591975807906,0.1775154440976906,0.12429573579161979
BlunderingPanda01,2026-07-14,0.0732374474653448,0.11483405216938593,0.18478556259016468,0.12428568740829848
LaPiToB,2026-07-14,0.0866601645373178,0.09232312797389537,0.19383239368250563,0.12427189539790627
CalinGheorghiu,2026-07-14,0.07255814229341292,0.08995705333725537,0.21025572871171694,0.12425697478079507
th3d4rkness,2026-07-14,0.06885612832770206,0.10268296853475538,0.20122740709597595,0.12425550131947778
bocah_sakit,2026-07-14,0.07985258452938115,0.10002615517490028,0.19287149162244063,0.12425007710890734
Denisenko_Denis,2026-07-14,0.07129855272943199,0.11258569045368867,0.18878416774302553,0.12422280364204874
Nikolas1408,2026-07-14,0.05128951737345809,0.1827790807290875,0.1385245921164061,0.1241977300729839
crazy_machine,2026-07-14,0.07576587057476569,0.10230026930749249,0.19447142296293596,0.1241791876150647
Gentlejimmy7,2026-07-14,0.07252512163848263,0.074141957940448,0.22586099741429147,0.12417602566440737
Sven_Tica,2026-07-14,0.0704441399677932,0.10855413108559175,0.19350957244663952,0.12416928116667482
YQPerez,2026-07-14,0.06730028572935647,0.10860638160713736,0.19656370406251095,0.12415679046633492
DenizG123,2026-07-14,0.07573215342947573,0.10426026578829546,0.19242750426486452,0.12413997449421192
micke12a,2026-07-14,0.07722394860600998,0.10437008014689789,0.19078044130102054,0.12412482335130948
louis198,2026-07-14,0.0649232685047736,0.09308184248787137,0.21419970756490186,0.12406827285251561
copanchess,2026-07-14,0.07205548331498068,0.10806100107273525,0.19208232418409416,0.12406626952393669
kadirsoria,2026-07-14,0.06478040553018112,0.09867340793199364,0.20873312877200614,0.1240623140780603
JosephRyan,2026-07-14,0.07538087094266671,0.10146300886762663,0.19532869654924118,0.12405752545317816
joppie2,2026-07-14,0.07230908498937286,0.07836087451116122,0.22149850496308005,0.1240561548212047
frankshar,2026-07-14,0.06615908160951907,0.09484837166041327,0.21108157347775433,0.12402967558256221
mmDarko,2026-07-14,0.06677545631197268,0.09134944490019874,0.21390854243268617,0.1240111478816192
mirochka,2026-07-14,0.07703225960682751,0.10504207493586744,0.18992899117761386,0.12400110857343627
Kezin_Roman,2026-07-14,0.07441913034737326,0.1060607635201785,0.19147951385706408,0.12398646924153861
colegiodemadrid,2026-07-14,0.08671722502497857,0.09271630124063203,0.1924992121474453,0.12397757947101863
Kingsman132,2026-07-14,0.06596178348889627,0.10567363589208001,0.20028481952490484,0.12397341296862703
VladyC,2026-07-14,0.06721777839465008,0.10061241332919368,0.20406104612778075,0.1239637459505415
chessintuit,2026-07-14,0.06561541071318762,0.10215834005609048,0.20410687596927662,0.12396020891285157
AthanasiusLefebvre,2026-07-14,0.09319279862282902,0.08361135960855307,0.19506257690958112,0.12395557838032106
GMTalks_Youtube,2026-07-14,0.07260486845257985,0.11467324634237869,0.1845850846695484,0.12395439982150232
Angel_Hranitel_37,2026-07-14,0.06450922902905047,0.09834248872337661,0.20893562682000666,0.12392911485747792
Algeriano22,2026-07-14,0.06104658443522717,0.10777462057021414,0.20296483758416867,0.12392868086320334
Bastiandash,2026-07-14,0.07451116302378025,0.12197962601971991,0.17527754958050898,0.12392277954133639
LimeInTheCoconut,2026-07-14,0.07302447910941026,0.11294618424804292,0.18577921071526057,0.12391662469090459
MustafayevFarid2004,2026-07-14,0.06667689909631407,0.10594306236806077,0.19906530974202255,0.12389509040213247
dozer80,2026-07-14,0.06477108851147512,0.09018279230317863,0.21672073454280663,0.1238915384524868
mjray79,2026-07-14,0.06568162729785959,0.08114304122935297,0.2247996308388085,0.12387476645534035
ahmedkandiliii,2026-07-14,0.08525015756938692,0.09039301292522817,0.1959808713698264,0.12387468062148049
Teidi96,2026-07-14,0.06664486394406795,0.08974698870811951,0.2152137855239473,0.1238685460587116
sakkikuska,2026-07-14,0.07973572069301163,0.09554810214877883,0.1962903822153199,0.12385806835237012
SipkeErnst,2026-07-14,0.06327616536355904,0.09995229540100639,0.20833992547711358,0.12385612874722633
Gogogogogogogogo5,2026-07-14,0.06078311902770178,0.1103718861210268,0.2003310802938854,0.12382869514753798
Roberz12,2026-07-14,0.06336920432114591,0.10113275941241855,0.2069314914379175,0.12381115172382733
SanQui14,2026-07-14,0.05986792088920578,0.11129001767044001,0.20027318167230018,0.12381037341064866
isla88,2026-07-14,0.06727751705106573,0.0856079591735259,0.21851710242534123,0.12380085954997762
PawnStorn,2026-07-14,0.057576698252016896,0.13117640309356643,0.1825929738373221,0.12378202506096847
Vamostodorecto,2026-07-14,0.08398959153316071,0.09680903684891556,0.19052923457013088,0.12377595431740239
ajian,2026-07-14,0.08633314618724161,0.0899737286527504,0.1949677571898217,0.12375821067660457
insatiable27,2026-07-14,0.06711170232267927,0.09845291261472724,0.20570798877031432,0.12375753456924028
profaVa,2026-07-14,0.06255371725186265,0.10054606611067633,0.2081549419281734,0.12375157509690414
MasterKroket,2026-07-14,0.06651528572448012,0.08252629649054097,0.2221809014608624,0.12374082789196117
Keranke,2026-07-14,0.08617107115020414,0.0893772661546004,0.1956500412869523,0.12373279286391896
ChEsper99,2026-07-14,0.07617784052311902,0.09777297167221301,0.19723999491714161,0.12373026903749122
ploxoi,2026-07-14,0.06599851549966979,0.09534543521617263,0.20981215482087795,0.12371870184557344
WilliamAlfaroCaracas,2026-07-14,0.0760703428057639,0.09966777375270049,0.19540755857180908,0.12371522504342448
Roman_Ovetchkin,2026-07-14,0.06317369552254284,0.1018547741867846,0.20611012761800926,0.12371286577577889
le_poisson,2026-07-14,0.07263053990081282,0.10631232829972401,0.19216795691180194,0.1237036083707796
Karacsonyi_Gellert,2026-07-14,0.06559850858388921,0.08946954242916069,0.21602816267813757,0.1236987378970625
SavelijTartakover,2026-07-14,0.06144169944811435,0.11584618879753322,0.19375800573876428,0.12368196466147062
Schwarzschidl,2026-07-14,0.07495935731216927,0.0956430988547057,0.2004396248880647,0.12368069368497987
SilverSwords13,2026-07-14,0.06639034518881785,0.1161229903692265,0.18852157980157414,0.12367830511987284
AGUS2007,2026-07-14,0.06928841494692707,0.1245849825426736,0.17715202560993315,0.12367514103317793
ErikBlomqvist,2026-07-14,0.08177748722424713,0.10023239756567508,0.1890023247943803,0.12367073652810083
ab-lsv,2026-07-14,0.07477667506028644,0.11470631845949923,0.18149148977995247,0.12365816109991272
sari07,2026-07-14,0.08072762388611136,0.09548058797328236,0.1947558978277309,0.12365470322904154
Mischuk_D,2026-07-14,0.0646986081079751,0.08577863230930158,0.22046475376636165,0.1236473313945461
trriinu,2026-07-14,0.06480816966202671,0.09038982363304092,0.2157052958308768,0.12363442970864813
LUISMIGUELOV,2026-07-14,0.07388034008517118,0.1112798134957955,0.1857377199935332,0.1236326245248333
MalyDominator,2026-07-14,0.07246871454947955,0.08994272133379926,0.20843840003343517,0.12361661197223799
vikber19611,2026-07-14,0.06486280126238592,0.10627873418031068,0.1997050486129259,0.12361552801854085
EdmundPlayer,2026-07-14,0.06642968083025996,0.09477873032028786,0.20961851930327702,0.12360897681794163
Artur_Hoghmrtsyan,2026-07-14,0.058521048362653115,0.13287960979442198,0.17926783411009847,0.12355616408905785
ventdelest,2026-07-14,0.0630848761882731,0.10142577158530465,0.2061563143060783,0.12355565402655204
AlexKhripachenko,2026-07-14,0.06724977014990746,0.07543498059245349,0.2279294939792033,0.12353808157385475
ChessMaster2011_1,2026-07-14,0.06939003598237241,0.12203386023518731,0.1791313040607118,0.12351840009275716
TangerineandLemon25,2026-07-14,0.06571279797357131,0.09390758495519469,0.21090106289962096,0.12350714860946232
myleoclub,2026-07-14,0.05822442720814432,0.13927601062534437,0.1730166323120673,0.12350569004851868
AustinThomas12345,2026-07-14,0.07148336004555852,0.11161614618412043,0.1873871722293383,0.1234955594863391
CheckThis4,2026-07-14,0.06536658303727103,0.09722057903533657,0.20788247320566985,0.12348987842609249
SALVA-DALI,2026-07-14,0.06430076515528488,0.08911620679631391,0.21703113042592875,0.12348270079250918
CoachSuhaas,2026-07-14,0.060390250100172765,0.1643817295499005,0.14567211880154043,0.1234813661505379
BrandonJiang123456,2026-07-14,0.0887546457446329,0.08777765002676041,0.1938511276991261,0.12346114115683982
lupta_robin,2026-07-14,0.0663928505160871,0.08447974986830165,0.21947162166765652,0.12344807401734843
scrambleyourbrain,2026-07-14,0.07229686396037152,0.10456022850807847,0.1934862598407368,0.12344778410306227
Drstrange2015,2026-07-14,0.06908698276405277,0.11475840696675699,0.1864743256634596,0.12343990513142311
el008,2026-07-14,0.06196241175976308,0.0978226334391281,0.21051377468468982,0.12343293996119369
ValerieRuchinskaya,2026-07-14,0.07260175471192852,0.11103662542246477,0.18663385191518903,0.12342407734986077
Budisavljevic,2026-07-14,0.07346470844373615,0.10105435913998959,0.19575097630398924,0.12342334796257166
MinaWael23,2026-07-14,0.07336866381567117,0.10297278700096178,0.1939150736951328,0.1234188415039219
ThePawnSmasher,2026-07-14,0.0630501355584435,0.1034560513055511,0.20370199099497285,0.12340272595298914
JoakimVonAnd,2026-07-14,0.08086323860014442,0.10226758627750368,0.18707208573934542,0.1234009702056645
CarlosjPineror,2026-07-14,0.08475224868099751,0.09053518462593817,0.19491383007811205,0.12340042112834926
ilya2700,2026-07-14,0.08154039234929199,0.10342375667974606,0.18515839547602908,0.12337418150168904
ChessRespected,2026-07-14,0.0659968623892569,0.08886280422839983,0.21521863076280964,0.12335943246015546
dianamirza,2026-07-14,0.09297241187296276,0.08505698079978803,0.192011696042067,0.12334702957160593
WinOrTilt,2026-07-14,0.07599249011865097,0.1053173016930066,0.18871951170130333,0.12334310117098697
Ykow,2026-07-14,0.06897835792233546,0.07870923212940534,0.22233915363266932,0.12334224789480337
kuchma777,2026-07-14,0.06555541797722034,0.09270782066190834,0.21175762363548478,0.12334028742487115
Nadtkins,2026-07-14,0.06278471303454773,0.10109099408905714,0.20614484390735277,0.12334018367698589
Lucky_Puncher,2026-07-14,0.06397668703779677,0.11522650388230898,0.19079820345648077,0.12333379812552885
saara_sunea,2026-07-14,0.062476191915532865,0.15901065662098424,0.14849963788004086,0.12332882880551932
Slovafn,2026-07-14,0.05782335476452075,0.1213897386319955,0.19072372916252,0.12331227418634542
Gerodot71,2026-07-14,0.06453463044665025,0.09033581974397552,0.21506542677094548,0.12331195898719043
SkinnyPuppy8,2026-07-14,0.06787888609453185,0.10382293580620611,0.19823394572742148,0.12331192254271982
Kaissa10,2026-07-14,0.06811129027362997,0.10262032612499304,0.1991987709409606,0.12331012911319454
Ananya2898,2026-07-14,0.06120432207417464,0.16124657724097893,0.1474557774287522,0.12330222558130192
NateSolon,2026-07-14,0.08453044919809566,0.0931547440177983,0.1921615263247462,0.12328223984688007
Chxss_Khxsbu,2026-07-14,0.07060654567415604,0.11573136649580097,0.18348824344085365,0.12327538520360355
EvilMorty23,2026-07-14,0.07947623387338312,0.10133851578710938,0.18900747875729823,0.12327407613926357
Tibmat,2026-07-14,0.05908268019621784,0.11988932730155272,0.19083565120531937,0.12326921956769665
VD_coach,2026-07-14,0.08696942299258288,0.08488296967937303,0.19788523551868267,0.1232458760635462
LifeIsAllAboutChess23,2026-07-14,0.05998516661366159,0.12114642070490925,0.18860577191995884,0.12324578641284323
SirStrateg,2026-07-14,0.08643147296801679,0.09317237661927276,0.19008832352163998,0.12323072436964318
Maect19,2026-07-14,0.06093052122748634,0.10294927381506627,0.2057721000913664,0.12321729837797302
Sina_Movahed,2026-07-14,0.10055086789237987,0.07194090097852837,0.19711637734744453,0.12320271540611759
phantom19801127,2026-07-14,0.06926651086477735,0.1210967895840071,0.17916232417553815,0.12317520820810753
GMJustin,2026-07-14,0.08664929525145712,0.09191139215341732,0.1908959993918808,0.12315222893225175
mapleaff,2026-07-14,0.0681279661931648,0.08905169845953498,0.21222006597797932,0.1231332435435597
Alimpic,2026-07-14,0.06706749561273374,0.08383365108896805,0.218460133922716,0.12312042687480591
Aragon,2026-07-14,0.06665343393565085,0.08748770034561719,0.21518141911386132,0.12310751779837643
Etoilegeniale,2026-07-14,0.06562139675258948,0.09469658710994742,0.20899461949264939,0.12310420111839543
ahmad_alkhatib11,2026-07-14,0.07011371730893896,0.1169687559679419,0.1821990528315851,0.12309384203615532
kylelancman,2026-07-14,0.06495612837364366,0.08790236015432525,0.216347574699156,0.12306868774237496
ElijahLogozarStudent,2026-07-14,0.06911563447458421,0.12256691172611216,0.17750978853655058,0.12306411157908231
Muracle,2026-07-14,0.06427078109255517,0.09334567739622643,0.2115707470326149,0.1230624018404655
jbking07,2026-07-14,0.06600455494843147,0.08661120029476016,0.21656267818966526,0.12305947781095229
elmusmolamas,2026-07-14,0.06966036757322151,0.09388088197099313,0.20562626232619047,0.12305583729013503
Dulinma64,2026-07-14,0.060462442109826105,0.1667916168437057,0.14187749856243617,0.12304385250532264
duone,2026-07-14,0.07268718366844847,0.10311983373540513,0.1932975851865554,0.12303486753013633
maksimys18,2026-07-14,0.06536548966032742,0.09657776442467508,0.20712848019704894,0.12302391142735047
DeyanKostov,2026-07-14,0.0651102631312039,0.10019246615415942,0.20375279708917515,0.12301850879151283
Ditman2007,2026-07-14,0.06806271620272449,0.08658089182042311,0.2144071814095601,0.12301692981090256
ansko1999,2026-07-14,0.0713553498475662,0.09466972494212146,0.20300865459102055,0.12301124312690274
Pumpkin_in_moonlight,2026-07-14,0.0641396787263137,0.10096768971328732,0.20388048594066582,0.12299595146008895
Wilver92,2026-07-14,0.06491550470507974,0.0967236357710542,0.2073258447890726,0.1229883284217355
Ryukchess81,2026-07-14,0.06451955112741593,0.08785487022614363,0.21653403062654447,0.122969483993368
Erik1971,2026-07-14,0.09035156107387349,0.08624443336645193,0.19226239916003995,0.12295279786678846
2Coaches1Profile,2026-07-14,0.0642230256293434,0.11081769456256427,0.1938026847735494,0.12294780165515236
IlyaGrigorjev,2026-07-14,0.06610004092745476,0.09435188056576886,0.20837772750992373,0.12294321633438245
LuizTFelizola,2026-07-14,0.06428868526649328,0.12198699147649553,0.18249916785283563,0.12292494819860815
Malikova777,2026-07-14,0.06526208910511797,0.09647301134821488,0.2070353767021896,0.12292349238517415
MeesvanOsch,2026-07-14,0.06494995387374743,0.0922649455310731,0.21154954939383813,0.12292148293288623
chess2024rk,2026-07-14,0.05619752763044123,0.1349671583941029,0.17759620560435507,0.12292029720963306
Alligatorsnappingturtle,2026-07-14,0.057751537904314726,0.12182331686357684,0.18917559416686558,0.12291681631158573
Adham_Hossam2011,2026-07-14,0.0830521185685502,0.0944252927890014,0.19127113980622568,0.12291618372125908
Tejas_Rama,2026-07-14,0.08176332643086706,0.09128906361283962,0.19566493610051058,0.12290577538140575
Zura_19,2026-07-14,0.05644112425912328,0.1509837525694661,0.1611915437497369,0.12287214019277544
Ginzburg_Yakov,2026-07-14,0.0645558569622113,0.09624502641712744,0.20781184350221224,0.122870908960517
elRope,2026-07-14,0.05887328445150947,0.16505264091201619,0.14468578541254368,0.12287057025868979
CaspiIsrael,2026-07-14,0.06526041445151645,0.0926957752526501,0.21064419417222113,0.12286679462546257
pr1105,2026-07-14,0.0789157522306419,0.09914375259479803,0.19051060470268866,0.12285670317604286
esteban062000,2026-07-14,0.06737349037024398,0.08898091487147884,0.2122058276129172,0.12285341095154667
Mariia89,2026-07-14,0.08632144299361455,0.0892727093105354,0.19293520053191948,0.12284311761202314
Shamatava_Nick,2026-07-14,0.06666950969403718,0.09831011914751944,0.20352601984324495,0.1228352162282672
FredddieCroderg,2026-07-14,0.0890755317842416,0.09172954623528759,0.18768260390488892,0.12282922730813937
Atousa,2026-07-14,0.061421095719580036,0.10278089709570855,0.2042568030639997,0.12281959862642944
Millerkallpa,2026-07-14,0.07153443870439823,0.10936512373778468,0.18754252071472532,0.12281402771896942
laiciffOneslraCsungaM,2026-07-14,0.06595055002999485,0.09509194987818322,0.2073710660245965,0.12280452197759152
Staudenhocker43,2026-07-14,0.06372261203183126,0.08810651829307786,0.21657459757381695,0.1228012426329087
traviscottofficial,2026-07-14,0.08193398510629649,0.09934103533843888,0.18711484471048404,0.12279662171840648
highlama,2026-07-14,0.06320633679114068,0.10167317685328596,0.20350920605334633,0.12279623989925766
NoDrawBeforeMove64,2026-07-14,0.06320525653807028,0.09823623968754697,0.20685814508127576,0.12276654710229767
kidagent,2026-07-14,0.07586837697038154,0.10708328683065656,0.18531044568324237,0.12275403649476017
ZakinIlay2306,2026-07-14,0.06487277378069321,0.10549364747812287,0.19786519706389555,0.1227438727742372
Eduard_Limonov,2026-07-14,0.08777515885922371,0.08456130888428298,0.19588876183068596,0.12274174319139756
sjoerd893,2026-07-14,0.07003487807095528,0.09259538013082323,0.20555479423257544,0.12272835081145132
yeahbuddy143,2026-07-14,0.05569011976297191,0.16182139139097465,0.15066308879454277,0.12272486664949644
Shtembuliak,2026-07-14,0.060499014851046605,0.12943122397059292,0.17819225026964725,0.12270749636376226
Maestro1986,2026-07-14,0.06457321160828719,0.09972167928019664,0.20381958433675249,0.12270482507507878
TheSilmarils,2026-07-14,0.07270950737877312,0.07845761810778153,0.2169004999830249,0.12268920848985986
Christ_is_alive,2026-07-14,0.07272249830686739,0.10375145899537008,0.19153609806313301,0.12267001845512349
Thormento16,2026-07-14,0.07120480454076272,0.08711048793855891,0.2096591840961996,0.12265815885850707
Mystery2007,2026-07-14,0.060584175179467244,0.11239838393342005,0.19491217981795597,0.12263157964361442
Resourchess,2026-07-14,0.06217994775336479,0.09789552507820208,0.20778077874001583,0.1226187505238609
Atousa1,2026-07-14,0.07237125588532674,0.08567137520590712,0.20980365232565654,0.12261542780563013
Trovita84,2026-07-14,0.0701652108213066,0.07981400305284655,0.2178326216278666,0.12260394516733991
AleOnSquares,2026-07-14,0.06179541284900337,0.10974085144296455,0.19620602795852723,0.12258076408349838
Kirill_2008GM,2026-07-14,0.06678249150725915,0.10350084837471507,0.1974314923117876,0.12257161073125394
dragzor,2026-07-14,0.06375457893992656,0.11563827840666979,0.18827361615814694,0.12255549116824777
Pedrada88,2026-07-14,0.0868172451550944,0.09106868120489836,0.1897081614463002,0.12253136260209767
Kazmin_Semyon,2026-07-14,0.06476893715013825,0.09750163702331065,0.20530474805322751,0.12252510740889215
andong36,2026-07-14,0.07109410992826447,0.1087953910967776,0.18767624014707834,0.12252191372404014
PhileKhoob,2026-07-14,0.061935926907283105,0.09742321554069218,0.20810918642623108,0.12248944295806878
Zavgorodniy_Sergiy,2026-07-14,0.08603440575658233,0.09042502311359484,0.1909494796035713,0.12246963615791617
becemix,2026-07-14,0.07172709731382255,0.08656217316128469,0.20904034103393002,0.12244320383634576
Taran2004,2026-07-14,0.09126246362296289,0.07881867184742017,0.19721208860120978,0.12243107469053094
gmjoey1,2026-07-14,0.08650043661549438,0.09400657235187,0.18677174592218726,0.12242625162985055
Tobias_Koelle,2026-07-14,0.06586200134739728,0.08990482656420933,0.21150808925958542,0.12242497239039735
JimDiGrease,2026-07-14,0.08730270506761106,0.09403024194955949,0.18593418626708444,0.12242237776141833
PavelShkapenko,2026-07-14,0.06023262657286303,0.10044536412477956,0.20658197086200258,0.1224199871865484
CYNDAD,2026-07-14,0.05708507285872836,0.1315777205085621,0.1785230846028347,0.12239529265670838
RCone,2026-07-14,0.08944383416396509,0.08487563069859497,0.19286214119511236,0.1223938686858908
Taylanruzgar,2026-07-14,0.06488149199326473,0.0868542083719453,0.21543779143585762,0.1223911639336892
saraswathii,2026-07-14,0.06519139251896679,0.09013768314249093,0.21178928330684932,0.122372786322769
fabianvivasz,2026-07-14,0.06690430822015778,0.08786640620047843,0.212304377350632,0.12235836392375608
chessisveryfun1264,2026-07-14,0.08661613962595467,0.0906815473008567,0.1897611627412297,0.12235294988934702
blueryder,2026-07-14,0.06457959496946028,0.09274038358008072,0.20969009374273678,0.12233669076409259
Kapitan_Bayan,2026-07-14,0.06753995786728993,0.07992393702918646,0.21954418425142655,0.1223360263826343
sorch29,2026-07-14,0.0649481234427428,0.0911316458149543,0.21089055740124113,0.12232344221964608
superfer98,2026-07-14,0.05784121247479995,0.12764668384582334,0.18145069203622882,0.12231286278561737
Saylormoon,2026-07-14,0.06547766709892507,0.10229409839091516,0.19909830843402307,0.12229002464128776
isaak2009,2026-07-14,0.06761339335168907,0.08055650236838066,0.21869631012593516,0.12228873528200163
i_like_explosions,2026-07-14,0.06688830207485164,0.09753975044275674,0.20239657477764816,0.12227487576508551
remyrushbrooke,2026-07-14,0.06903593419954805,0.08517803275342949,0.2125654257856775,0.12225979757955167
oskariot,2026-07-14,0.08099952427684534,0.09622370354530276,0.18953441886488054,0.12225254889567622
zurzan,2026-07-14,0.06583931715523585,0.09383537890486929,0.20705555039402332,0.12224341548470948
evgchess5,2026-07-14,0.07385906046920755,0.10486425154553362,0.18798741998524118,0.1222369106666608
a-z30,2026-07-14,0.06862503400848596,0.07934741341300555,0.21868921788147194,0.12222055510098782
Huragan007,2026-07-14,0.061417125961468005,0.0989969760502493,0.2062053777800407,0.12220649326391934
ptsdzzq,2026-07-14,0.05601606835461483,0.154419166941819,0.15615270462572328,0.12219597997405236
VaglioSagan,2026-07-14,0.07804976206544849,0.0984203341749691,0.19010106964575668,0.12219038862872476
vaishali2001,2026-07-14,0.061424274661470955,0.10185914510136228,0.20326634669797394,0.12218325548693572
CalmdownCalabreso,2026-07-14,0.06449772665632632,0.09112400221564323,0.2109195326779791,0.12218042051664957
Heliosis11,2026-07-14,0.07978612700614035,0.09959996459813965,0.1871329438448,0.12217301181635999
DucksParadise,2026-07-14,0.08648508004886572,0.08496900105709711,0.19506392235419373,0.12217266782005219
dinevmk,2026-07-14,0.05673740624935385,0.14996575425277459,0.15979835544856946,0.12216717198356597
Beletko,2026-07-14,0.07141841467147277,0.1100435019894591,0.1850353360772475,0.12216575091272645
dmschess2024,2026-07-14,0.0646820384226253,0.11248351248472833,0.18932510752327242,0.12216355281020869
ubdip,2026-07-14,0.07600127581956216,0.09843306064985355,0.19203337356484443,0.12215590334475339
MrKooshaChess_Twitch,2026-07-14,0.0630657784062949,0.09020262167925917,0.2131565877865285,0.12214166262402752
starplatinum2030,2026-07-14,0.06519139251896679,0.09094654606963501,0.21025124341071968,0.12212972733310716
IM_ArthurDW08,2026-07-14,0.08254974091016364,0.09625933984704567,0.18757376423748295,0.12212761499823076
1stSecond,2026-07-14,0.07240382075835315,0.11094921977170208,0.18301981783039328,0.12212428612014951
leclash,2026-07-14,0.06540459100127953,0.09458169389571236,0.20636998020597944,0.12211875503432379
PierrotFace,2026-07-14,0.06366792891603226,0.0982044208117459,0.2044759341277663,0.1221160946185148
Tash_Boy,2026-07-14,0.06301393526869463,0.0945697059018546,0.20875492824244635,0.12211285647099852
Pawngobblerx2000,2026-07-14,0.08875095857650507,0.09107037314005831,0.1865015010889219,0.12210761093516176
Carlos-Godoy,2026-07-14,0.0644872512366543,0.0955349658806937,0.2062779884132437,0.12210006851019724
AnthonyWirig,2026-07-14,0.06344600946140559,0.10617577979533037,0.19666377483727043,0.12209518803133546
Viktor_Poddubnyi,2026-07-14,0.06398925594241339,0.08869864037462331,0.21358002133269313,0.1220893058832433
DenielSafarov,2026-07-14,0.06616561452147264,0.09475998223566054,0.2053218682746535,0.12208248834392892
eldur16,2026-07-14,0.06043840585005739,0.10642256386007416,0.19935997170335412,0.12207364713782858
DmitriiZakurdaev,2026-07-14,0.06434364034218831,0.09307006468294715,0.20880390993747394,0.1220725383208698
Lagunov1961,2026-07-14,0.058834701482282745,0.13611417301349754,0.17126383224760133,0.12207090224779388
D0Br0V01skiy,2026-07-14,0.06081548367159118,0.10829878485787874,0.19708115751923613,0.12206514201623535
Smile2005,2026-07-14,0.06575260884946423,0.08911503689910286,0.21131981358130275,0.12206248644328994
josmito10,2026-07-14,0.06667383177680378,0.09575536711731421,0.20375022573663895,0.12205980821025231
Knjazj,2026-07-14,0.06211506188742161,0.10092061729737949,0.20314054751223284,0.12205874223234466
ZuraTqebuchava,2026-07-14,0.06718211311199997,0.08543432097580221,0.2135144421153672,0.12204362540105645
AlexTruskavetsky,2026-07-14,0.06452201211996911,0.08938835221235152,0.21216167352434148,0.12202401261888736
igorknyazev,2026-07-14,0.06515643246971094,0.09878777070859289,0.20208712176838278,0.12201044164889553
alanchamp,2026-07-14,0.06135790360732577,0.09424262292044275,0.21042981106707828,0.1220101125316156
Orkhan_Eminov,2026-07-14,0.07162124123324905,0.10445237662482602,0.18989808787827608,0.12199056857878372
LangesNasenhaar,2026-07-14,0.07906593511259176,0.10212574098199827,0.18477868823296206,0.12199012144251736
Timurist,2026-07-14,0.07204515901995537,0.10226328362119788,0.19164479185934818,0.12198441150016714
TheAlienParty,2026-07-14,0.06398943653433727,0.0907218385819217,0.21115974098612963,0.12195700536746286
severomorskij,2026-07-14,0.06466290475316287,0.09729418499428404,0.20389157527217608,0.12194955500654099
BenchGM,2026-07-14,0.06298969353522371,0.0957846374348629,0.20703501824908715,0.12193644973972458
IwkooO,2026-07-14,0.0659353475963837,0.08270112384115233,0.21717215060033127,0.12193620734595577
vesalhamedinia,2026-07-14,0.06503165513007585,0.10659619610926521,0.19417316423143358,0.12193367182359154
bulletplayer2024,2026-07-14,0.07318988175471333,0.10035481139953185,0.1922454055013785,0.12193003288520791
PurpleUnicorn2853,2026-07-14,0.06984339747759594,0.11553637959333021,0.18036991028490815,0.12191656245194477
leoduarte,2026-07-14,0.08322846375286774,0.09727613666301009,0.1852132953485741,0.1219059652548173
PoXerStar,2026-07-14,0.08129466344640814,0.087409088115657,0.19700652011042,0.12190342389082838
momotaro77,2026-07-14,0.06293502975605882,0.09521386659256242,0.20755205930212248,0.1219003185502479
Guldona_2007,2026-07-14,0.07176050521458668,0.10969390548752654,0.18419941913532561,0.12188460994581295
bilelou,2026-07-14,0.06334199281053318,0.09512041860623674,0.20712132865068203,0.12186124668915066
bobbithebuilder11,2026-07-14,0.07120265199827025,0.10524845982584732,0.1891321162974977,0.12186107604053842
zubridis,2026-07-14,0.06434764888551409,0.09104656154091938,0.21016476549027768,0.12185299197223705
TitarovVasiliYouTube,2026-07-14,0.0808781159148909,0.08997020663511959,0.19471005841783803,0.12185279365594952
JJDAREK,2026-07-14,0.06253601432187987,0.09793884229609472,0.20506061064093412,0.12184515575296957
Sondremelaa,2026-07-14,0.06648442796933579,0.08335423671873017,0.21567303454000275,0.1218372330760229
JesseFebruary,2026-07-14,0.059939331960057136,0.10264466586991242,0.2029070842654561,0.1218303606984752
Nimmy-A-George,2026-07-14,0.06019088571406993,0.1047882829899267,0.2005020316380846,0.12182706678069376
Ticoluis,2026-07-14,0.0826211978344325,0.08878118223623713,0.1940515692018121,0.12181798309082725
Yanhob,2026-07-14,0.058977597958605216,0.11293608874482067,0.19348280964517606,0.12179883211620064
Marcul0,2026-07-14,0.06388681256381812,0.11056032650830286,0.19092587466034072,0.12179100457748722
foxmanoban,2026-07-14,0.059947407665247095,0.10507322671283018,0.20034836637872794,0.12178966691893507
JosefineHeinemann,2026-07-14,0.07860454857835097,0.10114376315869854,0.18561181590215325,0.1217867092130676
leandrojimenez,2026-07-14,0.06544538079872761,0.08980977633005435,0.2101039877716215,0.12178638163346782
Andrej2004,2026-07-14,0.06439181895679588,0.08908883948976574,0.21184451580630909,0.12177505808429023
sterpfi,2026-07-14,0.07290679744708588,0.10184220393775774,0.19044192672539625,0.12173030937007996
Shushik,2026-07-14,0.062195707680983106,0.10394072990776258,0.19898148615787523,0.12170597458220696
Rumpel-VK,2026-07-14,0.05756594873473588,0.10134849314932086,0.20612989769361778,0.12168144652589151
Stalri,2026-07-14,0.07565337749487468,0.09704058590094378,0.19233641892468914,0.12167679410683585
Shadhur_Chess,2026-07-14,0.056380468066602546,0.1552166996609954,0.1533909910981405,0.12166271960857948
Houdinovic,2026-07-14,0.05684622941903123,0.1292186478847794,0.17886825323585798,0.1216443768465562
queen_iryna,2026-07-14,0.07211062548790334,0.0789731343616263,0.21383466832016532,0.121639476056565
cochess777,2026-07-14,0.06954665544375786,0.11190426525106853,0.1834511770920145,0.12163403259561363
NemoNescio,2026-07-14,0.06279916931502975,0.11025563771184911,0.19184135660752077,0.12163205454479988
sotochess,2026-07-14,0.0724533211376432,0.1031796696182709,0.1892426550914943,0.12162521528246946
Gurvich_Vitaly,2026-07-14,0.061623707777242055,0.13322944892532138,0.16998579608844572,0.12161298426366972
WelshTiger,2026-07-14,0.0828059218120869,0.09756457250663715,0.1844634779443494,0.12161132408769115
nrvignesh,2026-07-14,0.0612859633792129,0.11345518301893456,0.1900431068302698,0.12159475107613908
QuintilianoR,2026-07-14,0.059619382947885075,0.1015183011719854,0.20364512178611185,0.12159426863532745
Delfin000,2026-07-14,0.057654797222076205,0.1164968001021622,0.19057367728665597,0.12157509153696479
IMVoja,2026-07-14,0.057885169348461156,0.10894421516840999,0.19788415022135125,0.12157117824607415
HeinichessPY,2026-07-14,0.07081391449810734,0.10828303441969024,0.1856023837501861,0.12156644422266123
Glek_Igor,2026-07-14,0.06065558010873964,0.09738850703781635,0.20662802134729386,0.12155736949794994
Chempiblinka,2026-07-14,0.08136706147441912,0.0922719679221156,0.191006851875058,0.1215486270905309
starworld123,2026-07-14,0.06331949396207547,0.08491680508932312,0.2164068287254414,0.12154770925894665
Sunnika,2026-07-14,0.060483592679044976,0.10511581664471796,0.1990128056007735,0.12153740497484548
toniv1,2026-07-14,0.08626713893160991,0.08833682152621791,0.1900030880975608,0.12153568285179621
northridgehawk,2026-07-14,0.07235404407070001,0.10639907317845816,0.18583277149149183,0.12152862958021667
TOCANTINS_TO,2026-07-14,0.07088878310982451,0.10700531896847208,0.1866481449299392,0.12151408233607859
ChessGiantYouTube,2026-07-14,0.07317499425543131,0.09722177335366235,0.1941201564772728,0.12150564136212216
BJthechessgod,2026-07-14,0.07224527989502584,0.07152797991024573,0.22072681990622386,0.12150002657049848
MetallChessBullet,2026-07-14,0.05849698615656884,0.11853624179283118,0.18745677434535957,0.12149666743158653
cukin84,2026-07-14,0.07037273456076418,0.1118216798084593,0.1822163941258479,0.12147026949835711
SahajGrover,2026-07-14,0.05741601066438518,0.12148822328995963,0.18548163992613528,0.12146195796016003
kaponerde,2026-07-14,0.06221451525742885,0.10397818401046233,0.19815449522313122,0.12144906483034079
Good_Knight_Kiss,2026-07-14,0.0753234639586755,0.09716046768931584,0.19184112791073155,0.12144168651957428
dorsa_gh2014,2026-07-14,0.05786010107420531,0.11360187830581332,0.1928337965257325,0.12143192530191704
NikitaShnadrygin,2026-07-14,0.08415425378213687,0.08705073481995959,0.19307146902994599,0.12142548587734747
laurenzchess,2026-07-14,0.05751099025181281,0.11470371314918784,0.1920402316754334,0.12141831169214468
03revilo,2026-07-14,0.059950853279998446,0.10047699512083288,0.2038224656195642,0.12141677134013185
plumalka,2026-07-14,0.05496008901119936,0.13572083724978232,0.17356710346233936,0.12141600990777368
aot317,2026-07-14,0.07194166614785039,0.11039773918454852,0.18189306557489884,0.1214108236357659
switlave,2026-07-14,0.05713669314440764,0.10580955922980649,0.20126469753039516,0.12140364996820309
monkins,2026-07-14,0.08118136229025245,0.09857223199342553,0.18443767658854007,0.12139709029073935
navnp04,2026-07-14,0.06490995927596178,0.09410711534367207,0.20512574813202566,0.12138094091721985
OlaaLa,2026-07-14,0.06384975348620736,0.09961978645958286,0.20065569296202604,0.12137507763593876
Vaporwaffle94,2026-07-14,0.0736058725707154,0.09726930025319189,0.19324917484380047,0.12137478255590257
CADMartin,2026-07-14,0.06664486394406795,0.07987766913963149,0.21757476569614845,0.12136576625994928
Raud100,2026-07-14,0.057173069145492826,0.12113807738487384,0.1857792448038861,0.12136346377808427
ningyzhou,2026-07-14,0.06459613467340457,0.1058581534618188,0.1936195756316028,0.12135795458894205
Magic-Nelwyn,2026-07-14,0.06642492475564206,0.08761322529964977,0.21001801185798874,0.12135205397109351
chesslh19,2026-07-14,0.07276847023111097,0.07465850710846374,0.21659912474491083,0.12134203402816185
HackWithBlack,2026-07-14,0.06413710693263246,0.09905147248430382,0.20077022835812017,0.12131960259168546
KetiTsatsalashvili,2026-07-14,0.0773612151673148,0.09798448258359795,0.18859166025379234,0.12131245266823502
JessicaHyatt,2026-07-14,0.05600274477515309,0.13164622071505505,0.1762752005346859,0.12130805534163136
BozeKat,2026-07-14,0.06659703398467318,0.08960473854211028,0.20769611688051512,0.12129929646909954
kushbhagat2009,2026-07-14,0.08126076086451856,0.09921021209625296,0.18339269618691442,0.12128788971589533
Korosh2011342,2026-07-14,0.0636219868082443,0.109280700850884,0.1909288198794255,0.12127716917951793
WZAWZDB-AFCA1900,2026-07-14,0.05370788065390299,0.1705961070592279,0.1394882683792632,0.12126408536413136
midedu,2026-07-14,0.08898735339209778,0.08218781217005526,0.19250941597684282,0.12122819384633195
Giorgi-Sibashvili,2026-07-14,0.06973519955468845,0.10821425684142959,0.18571668417436693,0.12122204685682832
caabongg,2026-07-14,0.057581228403724885,0.143957585148737,0.16205534112913436,0.1211980515605321
GroovyKettle,2026-07-14,0.07378329936030185,0.0982582396180697,0.19155220242726084,0.12119791380187746
glucolisis04,2026-07-14,0.07274020099992616,0.10249396276767955,0.18834359706009451,0.12119258694256674
simplerXiao,2026-07-14,0.07355512824108139,0.09530008791866403,0.19471141022666,0.12118887546213514
RichardShtivelband,2026-07-14,0.08202287064394805,0.08337162149718405,0.19807232228072014,0.12115560480728409
Polstastisch,2026-07-14,0.06575838798123083,0.0821909328351696,0.21548576586121182,0.12114502889253742
Frogo47,2026-07-14,0.05718010683179503,0.14410111919016355,0.1621535754083881,0.12114493381011555
AlmaJ98,2026-07-14,0.06169375301046809,0.09557355254917442,0.2061265515486377,0.12113128570276006
rajesh1464,2026-07-14,0.05870951933767551,0.10852340954512922,0.19611541143240824,0.12111611343840432
Ebilski0106,2026-07-14,0.0574200757785794,0.16481036690634987,0.14108416024763573,0.12110486764418833
IvanhoeLeo,2026-07-14,0.05679662355473358,0.09929474133576548,0.20720940702063168,0.12110025730371025
RRMaster,2026-07-14,0.05620115761035304,0.14564970570934532,0.1614458061396519,0.12109888981978341
Ron_Weasley_Chess,2026-07-14,0.056670535512314935,0.11359188822945956,0.19302526762178487,0.12109589712118646
Caracal3000,2026-07-14,0.07315589309829391,0.0919286762585755,0.19818957439638843,0.12109138125108594
JueIes,2026-07-14,0.07211630058524886,0.10229204017088814,0.18886451075586763,0.12109095050400154
MidnightFox,2026-07-14,0.07943059772098184,0.08808219573093784,0.1956827982113284,0.12106519722108268
Andrii_Prydun,2026-07-14,0.08684494902920228,0.08416926478528626,0.19217083883900404,0.12106168421783087
ShazilTheGOAT2006,2026-07-14,0.06626918419229184,0.09150516535477796,0.20540960386878168,0.12106131780528384
Ze-Pequeno,2026-07-14,0.0667773435385881,0.07936697287440857,0.21701149141384757,0.1210519359422814
marianokar,2026-07-14,0.06686050224916579,0.08348768400382597,0.21279265785739582,0.12104694803679587
FrenchPlayer2203,2026-07-14,0.06351967596385419,0.09160360443119393,0.2079057053160849,0.12100966190371103
toog,2026-07-14,0.0663601606323073,0.08818231180046683,0.20845321229822703,0.1209985615770004
DenisQ,2026-07-14,0.06379798903519744,0.08923124051467121,0.20992741918030267,0.12098554957672376
matagordo,2026-07-14,0.06753995786728993,0.07817033631263161,0.21722334982310784,0.12097788133434313
LewAnatol,2026-07-14,0.07371438071465046,0.09375560202283609,0.195449715015408,0.1209732325842982
JonasEilenberg,2026-07-14,0.06548819292592865,0.10773092761862238,0.18969160475960906,0.12097024176805336
DumbKing75,2026-07-14,0.06425044145729139,0.07978161981631854,0.2188685895003057,0.12096688359130521
fireheart92,2026-07-14,0.05747524973367664,0.11602122034959704,0.18938738228577356,0.12096128412301575
BM223344,2026-07-14,0.06375961811243454,0.09193194485833177,0.20711675836784427,0.12093610711287019
SVV65,2026-07-14,0.059480861350939086,0.10353487817706895,0.19971293214557398,0.12090955722452734
KonstantinVshivkov,2026-07-14,0.06352598858066923,0.09268108167629843,0.20643960034177464,0.12088222353291411
RrainlessBobot,2026-07-14,0.05539675003137505,0.14079916175865903,0.16641178389750635,0.12086923189584682
expii,2026-07-14,0.0884412076018226,0.07987923074850618,0.1942570420884084,0.12085916014624572
IMSlavin,2026-07-14,0.06620146908487524,0.0808666161549922,0.21544774540219994,0.12083861021402247
shoels,2026-07-14,0.06086833020716332,0.11344779998044084,0.1881629057852896,0.12082634532429792
RJRA94,2026-07-14,0.08896552044956198,0.08260933845160857,0.19090299366449415,0.12082595085522156
sudtirolese06,2026-07-14,0.06604003954765843,0.09456572403626975,0.20183093243931222,0.12081223200774681
Amirreza_p,2026-07-14,0.0639046025238415,0.08938639354112472,0.20914527646503892,0.12081209084333504
Karateloru,2026-07-14,0.06353248897022985,0.08617366893796802,0.21263748226421264,0.1207812133908035
Mmukka,2026-07-14,0.05637999363051424,0.12538760580716268,0.18056018170328006,0.12077592704698566
kacperkarwowski,2026-07-14,0.057917185967869676,0.11300858718609476,0.19138701984314516,0.12077093099903653
Obito24,2026-07-14,0.0872384077623458,0.0868474495041837,0.18821744404604712,0.1207677671041922
Malena_10,2026-07-14,0.06306688904785263,0.10154690831831004,0.19767985040043004,0.12076454925553089
AlbusSevresPotter,2026-07-14,0.0645266688666612,0.10113170041011597,0.19658874155082962,0.1207490369425356
nrvisakh,2026-07-14,0.06552109981136235,0.09363955106086976,0.20307966647683529,0.12074677244968912
milovichalex,2026-07-14,0.06662248088494101,0.07954384797912174,0.2160725632816366,0.12074629738189979
munozmiguelangel1982,2026-07-14,0.058596963563399565,0.117682490038815,0.18589397801583504,0.12072447720601653
FedaMaster,2026-07-14,0.08200766862159602,0.08969962893299331,0.19043948970072516,0.12071559575177149
torbae,2026-07-14,0.053275853868717006,0.15902919184293524,0.14983286885856267,0.12071263819007165
GMNeiksans,2026-07-14,0.06326971755753003,0.08931959220189908,0.20954794031633298,0.12071241669192069
HonzaRubes95,2026-07-14,0.05885126789963473,0.11604463824958423,0.18723957136123595,0.12071182583681832
BaylavChess,2026-07-14,0.062033183275900176,0.11038006210725863,0.18969924736201715,0.12070416424839199
valemava,2026-07-14,0.06572078528484192,0.08025280955132175,0.21611548718427304,0.1206963606734789
sebastianmarinp,2026-07-14,0.07541121093162798,0.09786887217495986,0.18880796983165854,0.12069601764608212
NguyenHlb,2026-07-14,0.06291220402840032,0.12617369337345533,0.17299571389311835,0.12069387043165801
brunoo2003,2026-07-14,0.06664595940091168,0.07837767553993348,0.21701973172687064,0.12068112222257193
xberli,2026-07-14,0.06659395387907821,0.09407059743257895,0.20131519006218482,0.12065991379128066
AlexSuv,2026-07-14,0.05481986297655885,0.13215886070514876,0.17499886226954559,0.1206591953170844
Boudicca64,2026-07-14,0.06238252999852275,0.09822006666878674,0.20127806586275743,0.1206268875100223
Provotorov_Alexandr,2026-07-14,0.05527218436671503,0.10124165081521894,0.20534414902357298,0.12061932806850233
chessS1r,2026-07-14,0.059058022297621665,0.09744928619710537,0.20531272614725155,0.12060667821399286
Alohamora11,2026-07-14,0.07199798881828422,0.10176787159427927,0.18804093768717323,0.12060226603324557
AlanZhang,2026-07-14,0.05767293717270355,0.13809545167301118,0.16603656533750324,0.120601651394406
PatrykB8,2026-07-14,0.06551259019777513,0.11138568440469339,0.18489699288765632,0.12059842249670827
hamurrapi,2026-07-14,0.06390492759090304,0.0895557210485512,0.20832529106402412,0.1205953132344928
Petukhov_Dmitry,2026-07-14,0.08598716727754993,0.08609846743398399,0.1896813141411873,0.12058898295090707
Flopezin,2026-07-14,0.06615908160951907,0.08039113025444157,0.21520256442726687,0.1205842587637425
Francesco_Bernoulli,2026-07-14,0.06875960810497726,0.1038460267603947,0.18912282193606259,0.12057615226714484
aqibjbutt,2026-07-14,0.06392433597494111,0.08941841932399006,0.2083582372645344,0.12056699752115518
BishopPairMasterr,2026-07-14,0.058084194803676735,0.11022760018512437,0.19334550244981544,0.12055243247953884
Christian_Jordan,2026-07-14,0.053963339774268634,0.13517680815924027,0.1725143864889497,0.12055151147415288
mangobanana6842,2026-07-14,0.05498890645085058,0.15661998243905853,0.15004178380826574,0.12055022423272495
Mindhunter08,2026-07-14,0.06475999418342376,0.08492300650488914,0.21195060023316656,0.12054453364049315
Kors67,2026-07-14,0.06310058138311715,0.08775301442651263,0.21075709566841133,0.12053689715934705
Juraj_Oruzinsky,2026-07-14,0.05159840432554595,0.17263589379951877,0.13736760980960783,0.12053396931155752
Mr_November18,2026-07-14,0.06395494404944406,0.0906377195625976,0.2070035887974616,0.12053208413650109
teillery95,2026-07-14,0.05600274477515309,0.13111552118359804,0.17447030077051406,0.1205295222430884
djjohnnywoo,2026-07-14,0.05855496124075451,0.12989489524274342,0.17310988367083993,0.1205199133847793
DKmirl,2026-07-14,0.06857192177021051,0.08152797063698743,0.21144427844386945,0.12051472361702247
YegoryoCh,2026-07-14,0.07255015661132486,0.10218015956413203,0.18679478647855283,0.12050836755133658
secretworker2027,2026-07-14,0.08151941712231323,0.08302391653870181,0.19689046967294405,0.12047793444465303
Elbek_Jumanov,2026-07-14,0.06566069286351159,0.08665788009004179,0.20907456945295924,0.12046438080217088
ELPRIMO0O0,2026-07-14,0.0647598563831331,0.08612174048253277,0.21050924797707737,0.12046361494758108
CixPer1968,2026-07-14,0.07202464353565302,0.09952524667160989,0.18977920788630281,0.12044303269785524
sahist07,2026-07-14,0.05163567620764182,0.17273261953709793,0.1369510887680886,0.12043979483760943
GMMikhailKazakov,2026-07-14,0.07320887361833073,0.09928665703428617,0.18881733131391837,0.12043762065551177
MarkoPe,2026-07-14,0.06601102217386942,0.09808851827754574,0.19721189954277085,0.12043714666472867
SharkBlueKing9879,2026-07-14,0.058326462598522415,0.10631167037356273,0.19658378276432437,0.12040730524546983
Kotlyar_K,2026-07-14,0.06492330955068949,0.08224845786591199,0.21402216303832997,0.12039797681831048
Bobbybunny,2026-07-14,0.07020894092884182,0.10451278724048055,0.18644212953336767,0.12038795256756334
federicosellitti,2026-07-14,0.060487067129265985,0.1047374238946046,0.19590868683559606,0.12037772595315555
TatjanaVasilevich,2026-07-14,0.06319038721317438,0.08593268785178071,0.21199230610729444,0.12037179372408317
aljado,2026-07-14,0.06381122674267398,0.08878116089226828,0.20846380000154177,0.12035206254549469
Nellichka,2026-07-14,0.06425428893857506,0.08756932140676611,0.20920866126087234,0.12034409053540451
ThePeacefulPanda,2026-07-14,0.09100940412550697,0.07259105260028316,0.19739398210545314,0.12033147961041442
PoAslan,2026-07-14,0.0864145078992255,0.07835213582379322,0.19620872682395293,0.12032512351565722
TheBigBoss04,2026-07-14,0.07865121669843286,0.09335471160670501,0.18896605066290362,0.12032399298934716
SirMittensofMittensville,2026-07-14,0.06509262750315141,0.07870861580960106,0.21714136184548027,0.12031420171941092
AleksanderHnydiuk,2026-07-14,0.0776773421535457,0.0931627078078456,0.1900478416852519,0.1202959638822144
probablybad04,2026-07-14,0.06213150985996006,0.12437400242966734,0.1742840341691825,0.12026318215293663
nj123456,2026-07-14,0.06819424497155918,0.1025965102760487,0.1899871389945705,0.12025929808072615
Bykov_Egor,2026-07-14,0.07090922605181627,0.10538786603781056,0.18447547243126586,0.12025752150696423
SaqoChess_Twitch,2026-07-14,0.08639158288725686,0.07998233056251838,0.1943734064600955,0.12024910663662358
Diana_Omurbekova,2026-07-14,0.05855463127051213,0.13293449213127975,0.1691706264892625,0.12021991663035148
lucliasco,2026-07-14,0.06825267278754044,0.09093581788174006,0.20144710334868204,0.12021186467265417
dasatcu90,2026-07-14,0.06079755897135117,0.10163346685595588,0.19819029094183724,0.12020710558971477
steepedgames,2026-07-14,0.08985891271089864,0.07415620381889627,0.19650123538377565,0.12017211730452353
Allion2017,2026-07-14,0.05532506130302513,0.13307913035046265,0.17203678085206586,0.12014699083518454
fks_stal_mielec,2026-07-14,0.0638944705991418,0.09499316035868491,0.20151537060358035,0.12013433385380234
Andrei_Belozerov,2026-07-14,0.0648263558840387,0.08300810018800456,0.2125366864172243,0.1201237141630892
ekGameKhelum,2026-07-14,0.05799958262547458,0.10702986497072227,0.19522696713542298,0.12008547157720662
bascheyaro,2026-07-14,0.08690666761335139,0.08600867924633589,0.18730416451900125,0.12007317045956285
Diamantidis_13,2026-07-14,0.05579689208208962,0.1365224113721292,0.16785732553507496,0.1200588763297646
Hauptsache_Gambit,2026-07-14,0.05954098883961095,0.1291438733973546,0.1714835315604365,0.12005613126580068
ameetghasi100,2026-07-14,0.06924955370614158,0.11115188016761093,0.17976073573003734,0.12005405653459662
chucksterf10,2026-07-14,0.08928133746716214,0.07503860781557478,0.19582889696848405,0.12004961408374032
ridnani1,2026-07-14,0.06433428949187049,0.08780118113415883,0.20797880986651018,0.12003809349751317
d6stronk,2026-07-14,0.05773286327149375,0.1617328835685811,0.14063990061767856,0.12003521581925114
Proteuo,2026-07-14,0.06065589864816008,0.10706905461217507,0.19234315695011453,0.12002270340348324
agvega14,2026-07-14,0.06533450196388399,0.07694285342081733,0.2177676624601651,0.1200150059482888
Zheenbekov86,2026-07-14,0.07060995715900488,0.10405425571067652,0.18533676060718907,0.12000032449229014
eragon02,2026-07-14,0.06236092095374475,0.08393949222367846,0.2136824333501252,0.11999428217584947
bipe137,2026-07-14,0.0738353357075626,0.09538143930494432,0.19068425192980687,0.11996700898077127
hurricane7791,2026-07-14,0.0632425005739086,0.08384487264846308,0.2128020500504441,0.1199631410909386
tandercat,2026-07-14,0.06920941500812729,0.10884305935980612,0.18180779304250194,0.11995342247014512
supermoli2300,2026-07-14,0.07648833052975879,0.09111414369146947,0.1922454310956459,0.11994930177229139
KIEV-1,2026-07-14,0.06506899655931189,0.09020536420635364,0.2045593567188323,0.1199445724948326
IC3S2,2026-07-14,0.06040175378929594,0.09960713317926562,0.19979893018580022,0.11993593905145393
pedromartinez91,2026-07-14,0.09144328025208075,0.07341178192651408,0.19492042621235503,0.11992516279698329
Bruno314159,2026-07-14,0.05660252435884792,0.1626869029249555,0.140463618411106,0.11991768189830314
KarstenHansch,2026-07-14,0.06214698765073856,0.09378932305142408,0.203812428937132,0.11991624654643156
aksuliini1,2026-07-14,0.06706952914462463,0.11730530567365575,0.17536265286860156,0.11991249589562732
kleopl,2026-07-14,0.06152511218439051,0.0957771989212909,0.2024280470429715,0.1199101193828843
FrankDux44,2026-07-14,0.06492324582331707,0.07710187136384207,0.21770328379812146,0.11990946699509353
AkibaRubi,2026-07-14,0.06611589779077905,0.11759833797709221,0.1760043340173435,0.11990618992840492
blank0923,2026-07-14,0.06732013629888532,0.08428565582166175,0.20810668577633365,0.11990415929896026
Pokemon0227,2026-07-14,0.06373253020248601,0.09155683960807162,0.20438646734993976,0.1198919457201658
lProstoy,2026-07-14,0.05568275298638171,0.15165218402095795,0.15215857252936707,0.11983116984556891
AsselLesbekova,2026-07-14,0.08166830448355547,0.07994588522468442,0.197858311951816,0.11982416722001861
Steegersee,2026-07-14,0.05662572882573775,0.10246327071885347,0.20037234987977898,0.1198204498081234
SheraliPattnaik,2026-07-14,0.05759684724613082,0.13010688767768536,0.17164657382574056,0.11978343624985226
kalinchick,2026-07-14,0.06031542671769572,0.13174621861013716,0.16719044375392184,0.1197506963605849
Licancabur,2026-07-14,0.05850801999914194,0.09302901598244397,0.20767003417058144,0.11973569005072245
nishyuu,2026-07-14,0.05963400428557497,0.15468746538677858,0.14486559573844712,0.11972902180360023
NCchamp,2026-07-14,0.07190053968105024,0.09694500930043572,0.19031037613745513,0.1197186417063137
iliachess2007,2026-07-14,0.05443015793371229,0.1640184929117912,0.14065920952086483,0.11970262012212278
Glezcanow,2026-07-14,0.05904243676163694,0.1057195411586984,0.1943286151006042,0.11969686434031318
SerGo055,2026-07-14,0.05787998778035464,0.0966026711305263,0.20460575507250855,0.11969613799446317
Miss_JJ20,2026-07-14,0.05718245962833409,0.11393344894077342,0.18792569150260768,0.1196805333572384
Rafael_Ventura,2026-07-14,0.06407403543960248,0.09421318788861421,0.20073523702243057,0.11967415345021576
SujanaLohani,2026-07-14,0.06543915048688426,0.08409730791651014,0.20940401822787041,0.11964682554375494
Quaide7,2026-07-14,0.056737991021005255,0.11248449553832217,0.18969676231560562,0.11963974962497768
profedechess93,2026-07-14,0.0763354373559901,0.09114438515212966,0.19143563734138092,0.11963848661650023
Brown_Mamba24,2026-07-14,0.06447183171824258,0.08630643087664866,0.20811933166578936,0.11963253142022685
adapodadei,2026-07-14,0.06646829886204465,0.08555292949259757,0.2068131541507172,0.1196114608351198
AngeloGM,2026-07-14,0.07232563838019218,0.09947999313267783,0.18702615165260889,0.11961059438849297
DuleMudule,2026-07-14,0.06454840985361995,0.08508788412926054,0.20918329541349853,0.11960652979879301
Kostina_Nadezhda,2026-07-14,0.07808249843298212,0.09014991184999516,0.1905571818289373,0.11959653070397153
Kleyton_Lima,2026-07-14,0.06574084576523216,0.08255031951371442,0.21048970739484005,0.11959362422459556
fviana,2026-07-14,0.08002320279416004,0.08472857063989389,0.19394164746305534,0.11956447363236977
Train_Your_Dragon,2026-07-14,0.06325574552606679,0.08720082354938188,0.20823673992550937,0.1195644363336527
Cxrjs,2026-07-14,0.06744780288853909,0.10970127448580147,0.1815369809841134,0.11956201945281797
UF_10,2026-07-14,0.06592625778323839,0.09080365479214544,0.201913675844553,0.1195478628066456
MrChessSponge,2026-07-14,0.08370364010420991,0.08158513905540142,0.19332342181589068,0.11953740032516734
dmitrijiIM,2026-07-14,0.06855418638094488,0.07966399437716642,0.21039111417738607,0.1195364316451658
surrenderPLS,2026-07-14,0.06048634953636807,0.10482253465303071,0.19328306339637688,0.11953064919525853
Better_Chess_Faster,2026-07-14,0.062393137863481864,0.0928760510652862,0.20330166351039172,0.11952361747971992
Maxfan2008,2026-07-14,0.06535120397039447,0.07580997814882788,0.21739315084372396,0.11951811098764877
junhaopro,2026-07-14,0.0635276280251179,0.09368909915157894,0.20133536142953706,0.11951736286874463
Leo_C,2026-07-14,0.06520745398496615,0.07152793950997545,0.22176392031228473,0.11949977126907545
RTchess367,2026-07-14,0.07969204376061068,0.08566266434570495,0.19313816241003,0.11949762350544856
dark_chess_SMG,2026-07-14,0.05784486278466682,0.10118324284038879,0.1994334147641377,0.11948717346306444
valdenicio,2026-07-14,0.06372737689562423,0.08801668929145035,0.20670237660749874,0.1194821475981911
Shockerlover,2026-07-14,0.06977878467409337,0.06934993014646927,0.21930596601817978,0.11947822694624748
DonJuanEGenaro,2026-07-14,0.07242242288535922,0.09787703163316695,0.18812859846901392,0.11947601766251337
Denmark2015,2026-07-14,0.05799866141782502,0.0965567233520549,0.20383196198871079,0.11946244891953023
Ash15K,2026-07-14,0.05981563378568195,0.11363747271736616,0.18486845531338542,0.11944052060547783
MaxiW2006,2026-07-14,0.05912596472445424,0.12772487782207873,0.17146666901113555,0.11943917051922286
pineapplehhh,2026-07-14,0.06095088169786461,0.09120930641559678,0.20607098578189084,0.11941039129845073
merinasian,2026-07-14,0.07213151903900579,0.0984085924401351,0.1876026469814851,0.11938091948687533
Suleiman777,2026-07-14,0.05725336377838467,0.1581094344204436,0.14266199801874285,0.11934159873919037
AlleyOoper,2026-07-14,0.0810021940717638,0.0828397992067477,0.19414440888927578,0.11932880072259577
FMjchristie,2026-07-14,0.05649710033188192,0.14240338110841524,0.15903261001741878,0.1193110304859053
En-Quosantt,2026-07-14,0.0599502199464041,0.1007921971164788,0.19717846005826403,0.11930695904038231
cthulhuuu,2026-07-14,0.07651443320169038,0.09650916742821873,0.1848799257525354,0.11930117546081483
j_coca,2026-07-14,0.06187589687985334,0.12915598355656752,0.16684456037932235,0.11929214693858108
CDOEspiao,2026-07-14,0.07146886453883211,0.09629107480500144,0.19010183936163666,0.11928725956849007
Peroncio,2026-07-14,0.053502908077276666,0.11838411966453115,0.18596827921531744,0.11928510231904176
IndianSchoolOfSuffering,2026-07-14,0.08501306529942945,0.08144451465167128,0.1913376789477483,0.11926508629961634
MacDaddyMac,2026-07-14,0.05736234258844078,0.11014744583736627,0.19028421569182202,0.1192646680392097
ploddingpawn,2026-07-14,0.07201893531898458,0.09472359355436342,0.19100097717644027,0.11924783534992943
MathiasWomacka,2026-07-14,0.0766882941278116,0.0947834630305791,0.18626814729435426,0.11924663481758165
Kumareshayyachamy,2026-07-14,0.05343777168558407,0.11939225839339777,0.1848868087158019,0.11923894626492793
Petrakejzar96,2026-07-14,0.08529881207091596,0.08280012660760692,0.18960745036778787,0.11923546301543692
shambleschess06,2026-07-14,0.05809316524681875,0.11711034391118703,0.18243618501556125,0.119213231391189
Rap_woyska,2026-07-14,0.07950516313482227,0.08283855230253995,0.1952651797936033,0.1192029650769885
AjedrezenMadrid,2026-07-14,0.08739840290628886,0.0774888803774884,0.1926418043568654,0.1191763625468809
champ2005,2026-07-14,0.07981626575058981,0.08670944066293272,0.1909789836272326,0.11916823001358505
Vanina1989,2026-07-14,0.07689753153107422,0.09660402632119144,0.1839872782146341,0.11916294535563325
Sardaukar-2,2026-07-14,0.0573294647116814,0.1183839035615375,0.18176775112332572,0.11916037313218153
Egor_Koshulyan,2026-07-14,0.08874208364059485,0.07460997794174128,0.19409745202762693,0.11914983786998767
novocane,2026-07-14,0.086773212375536,0.07675132036491329,0.19388417805626548,0.11913623693223825
M_asp009,2026-07-14,0.05960403834780557,0.1081835475899932,0.1895430853844111,0.11911022377406995
jerry_77,2026-07-14,0.06572253030915161,0.08052466643574133,0.21108179927725515,0.11910966534071603
nurgyulsalimova,2026-07-14,0.06294698026125684,0.08687989358083568,0.2074936596084865,0.11910684448352633
AnishOnYoutube,2026-07-14,0.07466063429559454,0.0995798671727689,0.1830653477352044,0.11910194973452261
NicholasTakano,2026-07-14,0.057164414740716686,0.15363736266990338,0.14649146397473858,0.11909774712845289
vanyakuba,2026-07-14,0.07047593312784212,0.1030842287732359,0.1837095171800264,0.11908989302703481
Campelov,2026-07-14,0.05182340256458764,0.14451002294532087,0.16090698589997848,0.119080137136629
tomasdanada,2026-07-14,0.05358685691744329,0.13516158981707996,0.16848167712595635,0.11907670795349319
UnTucopalaTimba,2026-07-14,0.06386381720774569,0.0830238445325233,0.21031784736917264,0.11906850303648053
alikfish,2026-07-14,0.07843978643940938,0.10089226069807962,0.1778710587790194,0.11906770197216947
Semen_Khanin,2026-07-14,0.0658202607327473,0.07571013599599224,0.21558441046929439,0.1190382690660113
DraningWaterHi,2026-07-14,0.06441312543291379,0.07861519664368487,0.214081663266448,0.11903666178101556
Reinaldovera,2026-07-14,0.070287232557707,0.1049920213704024,0.18177400778981442,0.11901775390597462
cristiancamilosoto,2026-07-14,0.07732639408691032,0.09630411841395155,0.18336239234387153,0.11899763494824446
enriquetejedor,2026-07-14,0.054408174137649035,0.10622912528373277,0.19631348349379038,0.1189835943050574
joksijoksi,2026-07-14,0.07821773185414209,0.08719546296684265,0.19149017122579348,0.11896778868225939
javirec,2026-07-14,0.055643098864170855,0.10856156701974073,0.19264106337891387,0.11894857642094181
OppieZippy,2026-07-14,0.07454845543938464,0.09302224822476933,0.1892643073592271,0.11894500367446037
Herman-NY,2026-07-14,0.07518258428596028,0.09558921128218734,0.18606124981550198,0.11894434846121653
mfschulz,2026-07-14,0.0596160108198124,0.10458575261701057,0.19261293116015193,0.11893823153232497
chesspingvin1995,2026-07-14,0.054900061467003554,0.11624626481076415,0.1856577558275483,0.11893469403510533
Os55555,2026-07-14,0.061244920605717366,0.12475125167441266,0.17080569931761846,0.11893395719924948
Piccadilly123,2026-07-14,0.05933801012155915,0.1311246861995844,0.16632407646681027,0.11892892426265127
dedpihto_v_kozhanom_palto,2026-07-14,0.07678465473348588,0.08966870066782016,0.1903249483469332,0.1189261012494131
Moiphatlakanyi,2026-07-14,0.05542661607359058,0.1159058922689162,0.1854309927931469,0.1189211670452179
Escanor89,2026-07-14,0.05617688565032425,0.09461240743723107,0.20596599698078863,0.11891843002278131
VSERGUEI,2026-07-14,0.054382878220942135,0.10777782205054483,0.1945771252148595,0.11891260849544882
barbara25,2026-07-14,0.08231322978459917,0.0776733142750005,0.19672729442792125,0.11890461282917364
ellatambien,2026-07-14,0.08143650718086964,0.08875112671590285,0.18652499414920126,0.11890420934865792
maxip32,2026-07-14,0.0633463154420458,0.11967814180885755,0.17366496447116148,0.11889647390735496
amanmuhammethommadov,2026-07-14,0.08314883634196063,0.08485068844599518,0.18867544571101097,0.11889165683298893
Akhmedov_David,2026-07-14,0.06229356148078999,0.10653590417555144,0.18783681113251774,0.11888875892961974
InadaC,2026-07-14,0.071100085333628,0.10113040891302974,0.18439470418216808,0.11887506614294192
Bad4life,2026-07-14,0.056788222074056295,0.10975505679678203,0.19001943933143553,0.11885423940075796
Chessgodisback2008,2026-07-14,0.056483905919126075,0.09250466279908211,0.2075492395095454,0.11884593607591787
TnTanggg,2026-07-14,0.05841217141739452,0.1037026583963437,0.1944152672892953,0.11884336570101117
PupiloMito,2026-07-14,0.08979281652773752,0.0792858386532799,0.18742650622867674,0.11883505380323138
Charodej1,2026-07-14,0.08063534385995808,0.08041314744816856,0.1953981834326737,0.11881555824693346
CruzWilliam,2026-07-14,0.05501446913299237,0.11669049401964621,0.18471386532597944,0.11880627615953936
Dmitry_Konenkin,2026-07-14,0.05423542803149672,0.11826594874519555,0.18391387145688165,0.11880508274452466
chessvedant09,2026-07-14,0.07703650147126376,0.0890639749439743,0.19029699478594012,0.11879915706705939
davidkalashian,2026-07-14,0.06566094438287719,0.07609671139400073,0.21461730349143288,0.11879165308943694
dvglk,2026-07-14,0.055293432647726994,0.11282566874395607,0.18823656966286872,0.1187852236848506
DrCeltic,2026-07-14,0.07098666231088033,0.07834545078980282,0.20696761332485789,0.11876657547518034
FlemingA,2026-07-14,0.07040392526217744,0.10208051666976238,0.1838064693148254,0.11876363708225507
Breamish1,2026-07-14,0.057588874202949544,0.11022091902902709,0.1884782448741316,0.11876267936870273
psychokiller48,2026-07-14,0.061308422128157146,0.08998398448917863,0.2049947841471613,0.11876239692149904
underthebridge1999,2026-07-14,0.07037295297025327,0.10375122764127855,0.18206019668157972,0.11872812576437052
GMharikrishna,2026-07-14,0.059030435235303706,0.12976478954436663,0.16738188888375402,0.11872570455447479
GMGrandFa,2026-07-14,0.05465057975507425,0.12019064617411923,0.18129563461609063,0.11871228684842805
Naruto75_3,2026-07-14,0.057207934388266185,0.09012715143921968,0.20877351683230827,0.11870286755326472
Fomkin_Dmitry,2026-07-14,0.05596180221911146,0.09739379077859957,0.2027040338754559,0.11868654229105564
MrMatesM,2026-07-14,0.05474064980800093,0.11167608176929325,0.18959708573551967,0.11867127243760463
Mugiwara2b,2026-07-14,0.06083082016557552,0.087161063204252,0.20796382154530743,0.11865190163837831
Zhouyuxu2010,2026-07-14,0.06314246602483249,0.1155990457656655,0.17715780601270556,0.11863310593440118
samidescalona2002,2026-07-14,0.053604883933803714,0.13078661431675945,0.17146910779456598,0.11862020201504304
CFN_Good_Evening,2026-07-14,0.07006573416203121,0.07518146469054211,0.21056681107378514,0.11860466997545283
Bodnar_Mykola,2026-07-14,0.0659598455177925,0.1076007504248391,0.18225159558836887,0.11860406384366684
nelsi,2026-07-14,0.055697209177183474,0.11066627286157713,0.18944224291670164,0.11860190831848742
XeresLt,2026-07-14,0.07127090113279844,0.09721399017952322,0.18729412851886962,0.11859300661039708
ChuckPhil,2026-07-14,0.06456952806874368,0.08047753316521164,0.2106604646911828,0.11856917530837936
YurasovMat-2012,2026-07-14,0.06335432144815414,0.08475817381279442,0.2075762885029138,0.11856292792128746
hrawk007,2026-07-14,0.057077178641838644,0.11371336957637211,0.1848428461492147,0.11854446478914182
Karina_Ivanova,2026-07-14,0.07351382156643851,0.08695667433366588,0.1951286434918315,0.11853304646397862
roaring_lion23,2026-07-14,0.06450395618158154,0.08835498316010125,0.20271078449372326,0.1185232412784687
AlexNovitz,2026-07-14,0.07711098442420677,0.09207075327642018,0.18635951310679688,0.11851375026914128
UmarovSabir,2026-07-14,0.06532572646698295,0.08087227199899888,0.20932935301337513,0.11850911715978567
ChessSharkz,2026-07-14,0.06869827026427715,0.10836079582409376,0.17843406324241826,0.11849770977692971
RealPerangel,2026-07-14,0.060758018459408376,0.09609398050504944,0.19863794326284112,0.11849664740909964
jraosam,2026-07-14,0.08010637676285196,0.08618179622628935,0.1891833507781753,0.11849050792243887
2008king,2026-07-14,0.07036284463416925,0.10012707483246251,0.18496858267974178,0.11848616738212452
W-buffalo,2026-07-14,0.058989027575487164,0.10558525152113943,0.19086403375587171,0.11847943761749942
stefan_95,2026-07-14,0.05909667875279355,0.09692518367238308,0.19941101309535447,0.11847762517351036
Marcan2b,2026-07-14,0.05725699112789784,0.09118437721250826,0.2069255670373884,0.1184556451259315
misterlamine,2026-07-14,0.06268192238197737,0.08635332372517696,0.20632647731075404,0.11845390780596947
Doraemon7,2026-07-14,0.0797638198710661,0.08210674315069773,0.19344567757798045,0.11843874686658144
prochn,2026-07-14,0.0570334614030525,0.10367926672526483,0.19458833414563287,0.11843368742465006
Moon_stone123,2026-07-14,0.05989693237505689,0.09783839073404886,0.1975583588404941,0.11843122731653329
ETTrainer,2026-07-14,0.06834120072527942,0.07411347673348435,0.212788045240373,0.11841424089971227
PolandHussars,2026-07-14,0.07999102653180755,0.08791894686268546,0.1872929855221226,0.11840098630553852
Chessdemon2019,2026-07-14,0.0708736857886983,0.09542757013000461,0.18889609927139137,0.1183991183966981
Ordekalog,2026-07-14,0.06922416633886501,0.10908399454448832,0.1768684463875412,0.1183922024236315
JEHUBNER,2026-07-14,0.062325379302517254,0.0945927973199635,0.1982552396577333,0.11839113876007135
Sattarov_Bobur,2026-07-14,0.06225794376215772,0.07806496639399621,0.21484130844013197,0.11838807286542863
Rawnsdale,2026-07-14,0.0723799470509812,0.0961705582931127,0.1866088316467044,0.11838644566359942
BlueWizzard,2026-07-14,0.07874351232342797,0.0887144969974367,0.18768934657589365,0.11838245196558611
quvnoq_muxlis,2026-07-14,0.0626681946227654,0.08055169662692116,0.21192000047626303,0.11837996390864987
JulianProleiko,2026-07-14,0.056048410743309074,0.10491612593108732,0.19403987020070745,0.11833480229170128
RafalBRC,2026-07-14,0.05878751503875888,0.11589475347536819,0.18031247198051945,0.11833158016488217
EnvigadoCity,2026-07-14,0.05423542803149672,0.11466630323595656,0.18605892507700778,0.11832021878148702
DON_ROTOR,2026-07-14,0.053965219142868184,0.11003473537491791,0.1909322495676566,0.11831073469514757
Nyameba,2026-07-14,0.05688486335138291,0.10821886430911686,0.1897947407130257,0.11829948945784181
GulamaliRises,2026-07-14,0.06351933443533492,0.09071229280296618,0.20065994207644622,0.11829718977158243
olawsson,2026-07-14,0.07173614741997585,0.08520276564154332,0.1979417479886877,0.11829355368340229
catkeson,2026-07-14,0.06206935579443804,0.11116928054321103,0.18163559689432415,0.1182914110773244
Chessmatus,2026-07-14,0.07749753546505012,0.08885321535542397,0.1885039876089677,0.11828491280981392
wang5ter,2026-07-14,0.05842612064412729,0.11009474799015523,0.1863156628240215,0.11827884381943467
kai_nov,2026-07-14,0.08752871344256898,0.0749153258658319,0.1923395486732984,0.11826119599389977
blitzingMaria,2026-07-14,0.05452080221629487,0.12598909480140477,0.17423848092179345,0.11824945931316437
Kubas1010,2026-07-14,0.05386018462583566,0.1213864174198119,0.1794662553563757,0.11823761913400777
OdaSkramstad,2026-07-14,0.05694453826786702,0.10871813205421588,0.18900834958891863,0.11822367330366718
Zakaryan_David,2026-07-14,0.05616142534262275,0.09421178067359515,0.20419944821579783,0.11819088474400524
masenik,2026-07-14,0.0708225604763771,0.09874926709936242,0.18499493220979854,0.1181889199285127
andriipalchuk,2026-07-14,0.05981821325601546,0.09858624082367398,0.1961445076442189,0.11818298724130279
Neldus123,2026-07-14,0.05141368864099212,0.16714310377194327,0.1359778587889857,0.11817821706730702
j2806,2026-07-14,0.08400965203074147,0.07776860123086679,0.19271676117258082,0.11816500481139636
kuba2006,2026-07-14,0.0681977454243342,0.10319028449451041,0.18306911489414954,0.11815238160433139
semchik73,2026-07-14,0.08954980267430526,0.07313606117232668,0.19169170615454964,0.11812585666706053
Carolina-moon,2026-07-14,0.06772889627428391,0.10114703679067083,0.1854742302764107,0.11811672111378847
Koksal06,2026-07-14,0.05414610172445,0.10566494432697043,0.19449356511753677,0.11810153705631905
tactichunter08,2026-07-14,0.06080147970806979,0.09647188019487808,0.1969778891057921,0.11808374966957998
Mrlammy,2026-07-14,0.0626681946227654,0.0815361267961356,0.2100406171843732,0.1180816462010914
Alfrechess24,2026-07-14,0.05426851799042112,0.11311835379075656,0.18685039830200212,0.1180790900277266
abikor,2026-07-14,0.06560814912138241,0.07660979334928593,0.2120054189946681,0.1180744538217788
JUMPINGJAC2,2026-07-14,0.059036482786573106,0.11360812700820376,0.18154695370674642,0.11806385450050776
rk12387,2026-07-14,0.06468477542019294,0.0820317333418545,0.20746881299959552,0.11806177392054766
KirAk47,2026-07-14,0.06922588885358823,0.09817288267633845,0.1867619532549721,0.1180535749282996
EgorYakovlev,2026-07-14,0.07128263512875904,0.10183369106583051,0.18100950172242913,0.11804194263900623
Flaming_Flare,2026-07-14,0.055520283472871176,0.09808217691274689,0.20047575113787502,0.11802607050783102
CM_Charmander,2026-07-14,0.05506999765655871,0.1627211339170053,0.13628230043662704,0.11802447733673034
Jimonios,2026-07-14,0.0678088256944353,0.11179926754567654,0.17445237895442164,0.11802015739817784
krstulov_alex,2026-07-14,0.08166840839323708,0.0776433698694527,0.19474769996801566,0.11801982607690181
underdogchss,2026-07-14,0.056705318114533006,0.0938050045675651,0.2035342109370832,0.1180148445397271
alreadybroken23,2026-07-14,0.07744673863245795,0.08836013698861798,0.1882210395905465,0.11800930507054082
VerdeNotte,2026-07-14,0.0747225850112071,0.09441493025574535,0.18483231086346621,0.11798994204347289
OverallStranger,2026-07-14,0.056290323345266936,0.09507989588043919,0.20258302110993817,0.11798441344521476
wagnerbi,2026-07-14,0.05526270156823387,0.11095853992319787,0.18769723217159903,0.11797282455434359
ykam78,2026-07-14,0.06757909622767672,0.10140804153402391,0.1849227484333639,0.11796996206502151
vozlo,2026-07-14,0.06355055196235038,0.08437682782492043,0.20594956947898038,0.1179589830887504
flawian2008,2026-07-14,0.05511004137131658,0.10366583974701414,0.1950970471450162,0.11795764275444898
onyshchuk_v,2026-07-14,0.06984359335216536,0.10648503690875147,0.17750732122866558,0.11794531716319413
ChrisSuleman,2026-07-14,0.05568194831860396,0.14107655770560823,0.15703205284852811,0.11793018629091344
chessablanca,2026-07-14,0.06590872175009975,0.07552330758952491,0.21233706639783714,0.11792303191248728
MYMChessAcademy,2026-07-14,0.0720075359642043,0.0958369137365309,0.18586586678624456,0.11790343882899325
German_Bazeev,2026-07-14,0.0848723269288785,0.07237595718295092,0.1964403886678061,0.11789622425987852
DiogenesSinopeus,2026-07-14,0.06395694734998819,0.10863749335632172,0.18104390237084497,0.11787944769238497
tuditz_uu,2026-07-14,0.05907592666196544,0.09615517934720223,0.19837759803786714,0.11786956801567827
Fighterman91,2026-07-14,0.07105565820048407,0.09146628709577286,0.19104399582233506,0.11785531370619733
jaldjald,2026-07-14,0.06677267690055863,0.06966233975719222,0.21706103348019304,0.11783201671264797
Ezov,2026-07-14,0.07971641858431584,0.08418699916939128,0.18959034497732638,0.11783125424367784
Zenekritikus04,2026-07-14,0.06583379902944575,0.08626291955600247,0.20139287670022632,0.11782986509522485
topin8,2026-07-14,0.07101039906435216,0.09506822998298872,0.18726831897517543,0.11778231600750544
tolimachess,2026-07-14,0.07553900009647443,0.09234945078222792,0.18545613330563643,0.11778152806144626
TiltedRizzler_5,2026-07-14,0.0582018148464117,0.0918969342752842,0.20322729844688758,0.11777534918952783
Alblooshi_Hamad,2026-07-14,0.06407218698836063,0.0818037191272776,0.2074358084606843,0.11777057152544083
guineo59,2026-07-14,0.06355055196235038,0.09206635930942127,0.19765969213061146,0.11775886780079436
LiadCuba,2026-07-14,0.08545499547446682,0.07398303500392271,0.1937745897272803,0.11773754006855659
Sergey85Rodchenkov,2026-07-14,0.07129282390449983,0.09784696492272225,0.1840426802089617,0.11772748967872793
KamilGrycel,2026-07-14,0.06399088259229042,0.08026236533594856,0.20890351179009908,0.11771891990611268
Eltaj_Safarli,2026-07-14,0.0597928599546663,0.09307164234944808,0.20026345840101714,0.11770932023504384
mouseslips_are_the_best,2026-07-14,0.0613849051129708,0.09170102862612522,0.20002992253963064,0.11770528542624221
Speed-O-Sonic,2026-07-14,0.0658069811079084,0.07219482268666207,0.2151024113138556,0.11770140503614201
PlymouthArgyle,2026-07-14,0.0759982739478884,0.09430208521622756,0.18278975395779637,0.11769670437397077
BreatheChessAlways,2026-07-14,0.06432597325965274,0.07607629011055622,0.212661525070512,0.11768792948024032
antoszu,2026-07-14,0.05698570378687985,0.10450789587343884,0.19156993941796954,0.11768784635942942
Drags95,2026-07-14,0.05678248057649785,0.09204023469537517,0.20422599799881686,0.11768290442356329
db-banana,2026-07-14,0.06390492759090304,0.08515185687203179,0.20389094354489043,0.11764924266927508
Chaubunagungamaug1,2026-07-14,0.07771829285785245,0.08858140966431642,0.18664543541202622,0.11764837931139836
Navi_NazarPro,2026-07-14,0.055699114360211986,0.09420871006781703,0.20299764273637622,0.11763515572146842
AleksandraMilovic,2026-07-14,0.06427615590699483,0.08509342894915435,0.20353314162347907,0.1176342421598761
SEBAZZANO,2026-07-14,0.06707985059053947,0.07205954394672112,0.21374969397579782,0.11762969617101948
zano2023,2026-07-14,0.06938965026128366,0.09418561140703956,0.18930095712437872,0.11762540626423397
Dinamo3,2026-07-14,0.06257033484715478,0.09175469254371131,0.19854065019898762,0.11762189252995124
volkanyirik,2026-07-14,0.07056635109420888,0.08123388634767999,0.2010239259843241,0.1176080544754043
Gulbirra9,2026-07-14,0.05440832948510864,0.10748803027590005,0.19089923741348058,0.11759853239149642
abc_xyz4744,2026-07-14,0.07926673420501558,0.08003406600931015,0.1934648974039231,0.11758856587274961
SergioMoralesG,2026-07-14,0.06544840792181672,0.07666138436517021,0.21064911508581147,0.11758630245759948
DanLowinger,2026-07-14,0.06064274645927515,0.09089592054508346,0.20121668857621536,0.11758511852685799
DeGrootteZ,2026-07-14,0.05908348871714164,0.09071464142683511,0.20295247268790537,0.11758353427729402
WiIly_Wonka,2026-07-14,0.054543064789269756,0.11370648622480718,0.18440722880006014,0.11755225993804569
chessforthesun,2026-07-14,0.08232559359100222,0.07816162017289327,0.1921395064531818,0.1175422400723591
ChessSkool,2026-07-14,0.06036499614295314,0.08657911107102671,0.20567116866436436,0.1175384252927814
Artem_Sadovsky,2026-07-14,0.06509710165488229,0.07389657544486532,0.21361091841492819,0.1175348651715586
Margency,2026-07-14,0.06366188679765415,0.0845984271910254,0.2043021911952715,0.11752083506131701
SilverCityIndigo,2026-07-14,0.08090632287122701,0.08206415351772044,0.18957852068607256,0.11751633235834001
Omk124,2026-07-14,0.057373442161130446,0.10101142041972881,0.1941186446461387,0.11750116907566599
grandemestregringo,2026-07-14,0.06219153875134469,0.08034611087610143,0.2099598952463463,0.11749918162459748
C_Busta,2026-07-14,0.05423542803149672,0.11245305142550148,0.18579564984230118,0.11749470976643313
epiclord678,2026-07-14,0.0793156229761195,0.0798078213592213,0.19334702834555959,0.11749015756030012
Anna_ChessMate,2026-07-14,0.08667713711237476,0.07760494064058937,0.18815610955938641,0.11747939577078352
Austin_Chen,2026-07-14,0.05455797983055945,0.15603235700668364,0.1418467162060293,0.1174790176810908
F7m_08,2026-07-14,0.054073599499073415,0.1276606598159678,0.1706899690546098,0.11747474278988368
NMD0402,2026-07-14,0.05616750719993394,0.11045527012093123,0.1857673187257217,0.1174633653488623
StarkyNZ,2026-07-14,0.07992757502977696,0.08032068417448472,0.19206572516176784,0.1174379947886765
mindprogress732,2026-07-14,0.07992757502977696,0.08430290465142422,0.18799782430573703,0.11740943466231274
David_ATM,2026-07-14,0.06390568100853619,0.07676265556084731,0.2115264702059806,0.11739826892512135
RandomPatzer123,2026-07-14,0.05437245377833776,0.11473104982780942,0.18308042425622195,0.1173946426207897
ZuchBolt,2026-07-14,0.07448746250418907,0.09306619023350066,0.18461238670061242,0.11738867981276739
wnstop,2026-07-14,0.06720013286276044,0.12098542066618155,0.1639747499308778,0.11738676781993994
Aklan10n,2026-07-14,0.05501717274358208,0.12108143602805006,0.17605767054296645,0.11738542643819953
Bestromano,2026-07-14,0.05770229089339818,0.09421550461943401,0.20022789254882245,0.11738189602055155
ChristopherGarz,2026-07-14,0.05207711574832989,0.11952943574473957,0.18052205755971434,0.1173762030175946
JetLeoChess,2026-07-14,0.05810178527505336,0.10804775447234123,0.18597148355558832,0.11737367443432763
jumpingknight20,2026-07-14,0.05523313029337413,0.12041467909111134,0.17645275094519922,0.11736685344322823
IgorBjelobrk,2026-07-14,0.08093453354276227,0.08544030461495132,0.18571443737769586,0.11736309184513649
Arvids_Andrejevs,2026-07-14,0.056493567159763315,0.10421027841956632,0.19130247047831073,0.1173354386858801
johnathan113,2026-07-14,0.07175728195402958,0.09248183291760949,0.18776609887663798,0.11733507124942567
NotFischer,2026-07-14,0.06632574924160452,0.07422256208735827,0.21145560507010647,0.11733463879968975
RojonR,2026-07-14,0.06463067805664982,0.07983125336734984,0.20747369299521012,0.11731187480640326
Vasily_IM,2026-07-14,0.05211702417151601,0.1086219787637463,0.1910884096404785,0.1172758041919136
SimplyDevina,2026-07-14,0.07056290311556324,0.0948005746384152,0.18645320475596303,0.11727222750331383
coco_crc,2026-07-14,0.0829668576601664,0.08977162940777486,0.17906395381416892,0.11726748029403673
rumo_a_3200,2026-07-14,0.057548868161169844,0.1122102448232114,0.18203412509736047,0.1172644126939139
abykhovsky,2026-07-14,0.05744384975074482,0.0916001718648384,0.20267308048921945,0.11723903403493423
Kostya_Nikologorskiy,2026-07-14,0.05495222363755737,0.10043953055243192,0.1963026923781509,0.11723148218938007
fu24,2026-07-14,0.05405968747212906,0.10780670968224226,0.18980557673138346,0.11722399129525159
yesilikeorangejuice,2026-07-14,0.0540003242493474,0.11546906058852786,0.1821946056430404,0.11722133016030523
atigerman,2026-07-14,0.06619773969804936,0.0697064711940628,0.21575551636768187,0.117219909086598
Fantastic_Power,2026-07-14,0.07742400676706758,0.08541217567466546,0.18881276910960154,0.11721631718377819
YouJustFoundYourGodfather,2026-07-14,0.06637703604777076,0.07052485839502699,0.2146979361985055,0.1171999435471011
AntonioD96,2026-07-14,0.055585023375566894,0.11154091993497939,0.18446941386924973,0.11719845239326533
Cambek64,2026-07-14,0.07632114411894549,0.09106663449280979,0.1842015439646187,0.11719644085879133
Druid24,2026-07-14,0.08629711256701567,0.07266618014497013,0.19261890681830487,0.1171940665100969
R-Sham,2026-07-14,0.05360631956618675,0.16098144993076902,0.13698728512159708,0.11719168487285096
Nemegejas,2026-07-14,0.0712836249505419,0.09554282628958587,0.18474066531284336,0.11718903885099037
Schwindle,2026-07-14,0.06662664181902579,0.07195939766703514,0.21297693920158065,0.11718765956254719
secretroses,2026-07-14,0.05736998192123798,0.09456974990379663,0.1996196245918409,0.11718645213895851
IMGC,2026-07-14,0.06347323204247107,0.08113061811292167,0.206934971366969,0.11717960717412057
BasilSmash,2026-07-14,0.057783364348317295,0.09920692326746677,0.19454204799447922,0.1171774452034211
Torr79,2026-07-14,0.05633897710788286,0.09609926356006626,0.19907007170818516,0.11716943745871143
UNSTOPPABLE_LEGEND,2026-07-14,0.058654549229140165,0.08239857922829814,0.2104077688785122,0.11715363244531685
ludogoretz,2026-07-14,0.070048917068592,0.09520433914183095,0.1861823494221971,0.11714520187754002
darkangel1970,2026-07-14,0.07636667934485279,0.0957387457235123,0.1792724023197221,0.11712594246269574
ZlatFM2,2026-07-14,0.06305851158086805,0.08911489105351265,0.19920111191599207,0.11712483818345759
Aalessia,2026-07-14,0.05964464138912466,0.09239597251996955,0.19930936835248464,0.11711666075385962
LuminaryHunter,2026-07-14,0.05397146261285834,0.10753762769203729,0.18979976009471602,0.11710295013320389
Vsevolod_Ovchinnikov,2026-07-14,0.06386989398448469,0.09445009912863943,0.1929233706284493,0.11708112124719113
Ruslan_Kurayan,2026-07-14,0.05630850694635206,0.13310059156314577,0.16181758329324367,0.11707556060091384
tjychess,2026-07-14,0.06103645327408213,0.10069034502780001,0.1894641647522576,0.11706365435137993
cancrushyou,2026-07-14,0.05989049858498222,0.09828872263462447,0.19290473842744277,0.11702798654901649
SaiAgni_98,2026-07-14,0.06390492759090304,0.08482814665184689,0.202345398701542,0.11702615764809732
NONmaster99,2026-07-14,0.055575752303967545,0.10338363239640756,0.1921072498986013,0.11702221153299214
NMBraveheart0820,2026-07-14,0.055353709170316026,0.10620244559233631,0.18949457086774896,0.1170169085434671
laskakid,2026-07-14,0.0724159442377432,0.0928357392873154,0.18573845604347836,0.11699671318951232
MMKZH22,2026-07-14,0.06488993261341049,0.07369172015278275,0.21236292260967407,0.1169815251252891
Lestofante90,2026-07-14,0.056381587293543096,0.09380983005880951,0.2007411821840779,0.11697753317881017
musclemonster12,2026-07-14,0.056217719220585494,0.11335513699549796,0.1812800629566196,0.11695097305756769
Raudra_dhari,2026-07-14,0.05690080604385013,0.09638662865163337,0.1974813606997013,0.11692293179839493
djokovic74,2026-07-14,0.06422922271049432,0.09053727345013718,0.1959848483509781,0.1169171148372032
SnekkerAndersen,2026-07-14,0.06459594075430516,0.0758835158196524,0.2102711630123248,0.11691687319542744
JM2005GM,2026-07-14,0.06686885728115545,0.0657876698712933,0.21807517268641316,0.11691056661295396
MatthewChess268,2026-07-14,0.053431589616339446,0.11952153505123783,0.1777109084934405,0.1168880110536726
Grant06,2026-07-14,0.05274287452843653,0.13272421635024945,0.16507062334740033,0.11684590474202877
Roachelley,2026-07-14,0.062023242559498176,0.09684805622988811,0.19165575083345987,0.11684234987428205
FrigidusSinapis,2026-07-14,0.07468663516795591,0.09369532311177722,0.18212950039073444,0.11683715289015585
themind1hunter,2026-07-14,0.0792333657211314,0.08185219891462965,0.1892777764429911,0.11678778035958405
qeeqer,2026-07-14,0.06390492759090304,0.07425229991920299,0.21217249621010414,0.11677657457340339
rudolfjun2005,2026-07-14,0.055443273929390725,0.10485578877772332,0.18997410474704585,0.11675772248471998
zouchen6,2026-07-14,0.06210675955426812,0.0761607054389832,0.21195336235171353,0.11674027578165495
Yahisalem,2026-07-14,0.06077398119707483,0.09646893318334412,0.1929623784325529,0.11673509760432395
Kratos031,2026-07-14,0.0543906937459915,0.10461323369195713,0.19120036120600725,0.11673476288131863
scabies1,2026-07-14,0.058585707455110346,0.09395602060115185,0.19762815671169548,0.11672329492265256
Alkhoori90,2026-07-14,0.05930812565800594,0.09532887802187384,0.1954763406178275,0.11670444809923576
HowTo2Draw,2026-07-14,0.07063763465855848,0.09165681151180549,0.18780667647937624,0.11670037421658008
chezzgirl04,2026-07-14,0.07782436768589032,0.081088350759832,0.19117661946125658,0.11669644596899298
vasblesk,2026-07-14,0.06009391359712964,0.08939737345364994,0.20055260783295037,0.11668129829457664
ericovski,2026-07-14,0.05246288328874339,0.11197861932487423,0.18559194828450198,0.11667781696603986
ScofieldMichael01,2026-07-14,0.05439015227771909,0.10244366980265364,0.19313947335465698,0.1166577651450099
Predator0608,2026-07-14,0.0641442820443371,0.08394473779474025,0.20184591925249912,0.11664497969719216
SipahiPower,2026-07-14,0.06472619138634127,0.07756130119511719,0.2076469949202324,0.11664482916723029
N4700000,2026-07-14,0.06101749760744587,0.07948240520317482,0.2093998212060797,0.11663324133890013
schoolmeester,2026-07-14,0.07022161921871792,0.09536626236599124,0.18430405723558552,0.11663064627343156
BornaFranc007,2026-07-14,0.06261561152551248,0.0818581337157524,0.20540732923359645,0.11662702482495378
Langua_Chess,2026-07-14,0.08292075881826988,0.07196773167044593,0.1949626949347023,0.11661706180780602
HappyPawny,2026-07-14,0.06726556119832161,0.06462422168609123,0.21792094300325932,0.11660357529589072
Chess_Gainz,2026-07-14,0.05203791412049357,0.12043325024460795,0.17719376251331545,0.11655497562613899
Lalitsahu,2026-07-14,0.054111566560567335,0.12888867349212307,0.16663205259650998,0.11654409754973345
Pertinhez76,2026-07-14,0.05736792859299342,0.10763762017387866,0.18462352783068173,0.11654302553251794
Dashi10,2026-07-14,0.052840604766658424,0.11267669037315041,0.18410391986866628,0.11654040500282503
fatzl,2026-07-14,0.05619525701676138,0.10773844345294284,0.18565596631074335,0.11652988892681586
1g60-1,2026-07-14,0.07647337351443616,0.08869572291861352,0.1843896549587781,0.11651958379727594
KINGOF2SOAP,2026-07-14,0.06053839031692645,0.09016385108051218,0.19884637214125717,0.11651620451289861
Mihaiionescu1,2026-07-14,0.07472080142907818,0.09587503997209003,0.17887238521391358,0.11648940887169394
NM_NHTT,2026-07-14,0.06697859219064065,0.06578565400155507,0.2166404726445259,0.11646823961224055
SebastianSchnell,2026-07-14,0.05644081389725745,0.09957484855657837,0.19334724156598918,0.11645430133994167
geordie_derraugh,2026-07-14,0.07793441597261029,0.08228898223879531,0.1890960885534242,0.11643982892160994
ace_mar,2026-07-14,0.054064615143280884,0.10717097207734927,0.18807396672609028,0.11643651798224014
ParagonFighter,2026-07-14,0.05511100038840556,0.09359940910668822,0.20058951854012566,0.11643330934507316
HighLawView,2026-07-14,0.08241866421139721,0.08100759121894414,0.18587093508629923,0.11643239683888018
Narek_Ghimoyan,2026-07-14,0.07039727059360068,0.1133871930236388,0.16545358572611985,0.11641268311445312
ibutterurbread,2026-07-14,0.056374838906229845,0.11151195285686487,0.18129729906053277,0.11639469694120914
ahmet_RD_1337,2026-07-14,0.05444997561343282,0.10517237247065633,0.18954776161662107,0.1163900365669034
remi04,2026-07-14,0.07788032939323328,0.08289051714797181,0.18839196186339818,0.11638760280153443
Sargis_06,2026-07-14,0.053574050676657756,0.11584196563598394,0.17970570650549603,0.11637390760604589
jguerramzllo,2026-07-14,0.05243662746047976,0.11584152875816614,0.18079917265310516,0.116359109623917
lolo9292,2026-07-14,0.0667557918550633,0.07206323692932229,0.21025626761184313,0.11635843213207624
carlocapau,2026-07-14,0.05279062111037064,0.10641497682129085,0.1898496714417667,0.11635175645780942
samolo,2026-07-14,0.062422399689537,0.09448005154035027,0.19210186757811712,0.11633477293600147
Penafiel-Josselyne02,2026-07-14,0.058896612016345634,0.10651038747436035,0.18358300767767513,0.11633000238946038
manmanlai1,2026-07-14,0.06218487232475284,0.07676820393323329,0.21000545523416506,0.11631951049738372
50Tugrik,2026-07-14,0.05443075541464218,0.11070889855275977,0.18381383187539688,0.11631782861426627
Hovik_Hayrapetyan,2026-07-14,0.07744778251200812,0.07898929525877513,0.1925159236825132,0.11631766715109881
Fischerev7,2026-07-14,0.060761753688829016,0.11539994994984602,0.17277438147465513,0.11631202837111006
ibove,2026-07-14,0.0776933500473034,0.08129952624660039,0.1899109301189518,0.1163012688042852
mikolka1985,2026-07-14,0.06645052103273973,0.10299951586812435,0.1794390957029217,0.11629637753459526
alicepavao,2026-07-14,0.05540291775040393,0.15775803399073707,0.13566141387080466,0.11627412187064856
horakio,2026-07-14,0.056027644085312765,0.13556473205404254,0.1572162419742415,0.11626953937119894
Olya_Oblachko,2026-07-14,0.05390420574497913,0.10676853205167318,0.18812845632211853,0.11626706470625696
chess_peak,2026-07-14,0.05312967229103904,0.11609388885946184,0.1795625578588994,0.11626203966980009
FearlessFighter007,2026-07-14,0.054737643198748805,0.15917154461174962,0.13485661140173494,0.1162552664040778
redgrob,2026-07-14,0.055082938230761554,0.10964351848845053,0.18400584237274423,0.11624409969731876
Nannn9,2026-07-14,0.0636643695619049,0.10528072196980326,0.17977970127675313,0.11624159760282043
kacprekt,2026-07-14,0.07452377524931846,0.08888258222210055,0.18528727245864574,0.11623120997668825
Chaos_Magic,2026-07-14,0.06907358321695087,0.0952991492226579,0.184297576948023,0.11622343646254392
DCacheiro,2026-07-14,0.050452450291397846,0.11384984357088987,0.18435478099441208,0.11621902495223328
mikhailooooo,2026-07-14,0.06187126045371768,0.10903306563044887,0.17772572552938684,0.1162100172045178
GukeshDommaraju,2026-07-14,0.05384076265839886,0.11635038687330083,0.17841750682817822,0.11620288545329265
Treasurechess777,2026-07-14,0.057493545139241056,0.09102651600669176,0.20008713860411265,0.11620239991668181
Frankie_Badacsonyi,2026-07-14,0.07610404329271468,0.08763753523195586,0.1848647212123494,0.11620209991233998
Mumtozbegim,2026-07-14,0.05729659383610869,0.10442456049994937,0.1868679073439409,0.11619635389333298
traveee7,2026-07-14,0.0588233387702768,0.09185049520995511,0.19788005077503276,0.1161846282517549
Anar_Aliakbarov,2026-07-14,0.05338574446693963,0.11079672692376186,0.18436843640324074,0.11618363593131409
Raja3401,2026-07-14,0.05735978347670553,0.09170474127208966,0.19947719575776954,0.11618057350218824
killer_dreams,2026-07-14,0.06438506916004806,0.07152290241665842,0.21263045446154064,0.11617947534608238
luggevoila,2026-07-14,0.07927029363875378,0.07786900292526107,0.1913546358994312,0.11616464415448202
SteP007,2026-07-14,0.05612426080507826,0.10901641272952624,0.1833082206214018,0.11614963138533545
JERO-8914,2026-07-14,0.080178251054829,0.07630480128723492,0.19192928590059766,0.1161374460808872
ViktoriyaTarasova,2026-07-14,0.0748219314483796,0.08712996360352375,0.18645409952483508,0.11613533152557948
Dr_Pepper18,2026-07-14,0.06717964587048136,0.100966159675258,0.1802537864180967,0.11613319732127869
Sebastian_Almagro,2026-07-14,0.05776507511910791,0.12589050883741143,0.16474228852975717,0.11613262416209218
Mikayel99,2026-07-14,0.07103011289998429,0.0907003175244529,0.1866459760624339,0.11612546882895702
Mistango,2026-07-14,0.05707702270107571,0.08614841443138019,0.20513581542249415,0.11612041751831668
yujiarun18,2026-07-14,0.07529629924705461,0.09579316851881521,0.177267604610555,0.11611902412547492
Eeleyah,2026-07-14,0.07907054830389697,0.07766138787787119,0.19161732367752754,0.11611641995309857
Sebastian,2026-07-14,0.08181653801948399,0.0813034365997599,0.1852101419624222,0.11611003886055536
montyotto,2026-07-14,0.0704511434809933,0.0986426117024435,0.1791933238519361,0.11609569301179096
CraiggoryC,2026-07-14,0.08121507389076309,0.07888072759951958,0.18810092987077862,0.11606557712035377
Completely_Alien,2026-07-14,0.06952654786465219,0.09259551928197304,0.18604697819216015,0.1160563484462618
ThetNaung291,2026-07-14,0.05688486335138291,0.10632440056118624,0.1848801121505815,0.11602979202105022
Statham_01,2026-07-14,0.0759097059212699,0.08830054497679304,0.1838789437510985,0.11602973154972047
JustinWang1234,2026-07-14,0.05640755982235899,0.12162659942878876,0.17005487932223345,0.1160296795244604
bitter-cikolata,2026-07-14,0.06922604219113004,0.09882180095209893,0.1800198382162753,0.1160225604531681
ChessPlayer522009,2026-07-14,0.05889288057093807,0.10044414183639605,0.18870112134860634,0.11601271458531348
tk22h,2026-07-14,0.05458787564600747,0.10404367392265945,0.18939614425146828,0.11600923127337841
Doctor_Luber,2026-07-14,0.06626034386444771,0.10249556280761322,0.17926237879630044,0.11600609515612044
Morscas,2026-07-14,0.05443075541464218,0.10592418114344539,0.18765281261886493,0.11600258305898418
lioni26,2026-07-14,0.05851864892737498,0.09447777735889837,0.19500441135754923,0.11600027921460754
HeroWilczek,2026-07-14,0.0702250915468562,0.09050153100507,0.18723842681793998,0.11598834978995538
BulajaNS,2026-07-14,0.055058302720401686,0.10695764051193128,0.18589904461313092,0.11597166261515464
Nikolaj_Katishonok,2026-07-14,0.05540253723354199,0.1060794189626437,0.18641854417669673,0.11596683345762748
MuhittinBuker,2026-07-14,0.056633529552636876,0.09864387617795235,0.1926031984411022,0.1159602013905638
DinaBelenkaya,2026-07-14,0.06929481873563063,0.09359428251743619,0.18498576661669855,0.1159582892899218
AlexTriapishko,2026-07-14,0.06958525255799139,0.10653874113771161,0.17163858436548907,0.11592085935373068
coalescenet,2026-07-14,0.05480479533855797,0.11628994240945592,0.17663130537266958,0.11590868104022782
Practical-Play,2026-07-14,0.06428671803614613,0.07411551207687626,0.20931830608029767,0.11590684539777335
AndreyNeves,2026-07-14,0.05480479533855797,0.10325527063607018,0.1896564872719069,0.11590551774884501
SebbyMeister,2026-07-14,0.0543951927527535,0.10788818402196935,0.185423990469672,0.11590245574813163
Attacks_Hurricane,2026-07-14,0.057484405254536505,0.09446329759009023,0.19565820752948457,0.11586863679137042
Practice_Tailung,2026-07-14,0.05885315972617772,0.10939941339117251,0.17931687816786265,0.11585648376173763
Cha_ChaRealSmooth,2026-07-14,0.05991081705854498,0.11757427449038184,0.17008078643033017,0.11585529265975232
ajedrez-facil,2026-07-14,0.06376614227955243,0.07900210290964796,0.2047505280469823,0.11583959107872756
ybruned,2026-07-14,0.05489194802098391,0.10138593933804571,0.19118813351702227,0.11582200695868396
AnnaChessChic,2026-07-14,0.056068211966778775,0.11642592414108903,0.17491829738662942,0.11580414449816574
YEIKO2017,2026-07-14,0.07855160984614379,0.07489870462232437,0.19392084215085717,0.11579038553977511
ImportedItalianMaple,2026-07-14,0.06510866938968976,0.08030013221138901,0.20195879370338113,0.11578919843481998
YessssssDoooooThat,2026-07-14,0.06244723884356495,0.0774977451864242,0.20739273767590624,0.1157792405686318
Grillojuancruz,2026-07-14,0.053831003191844126,0.15532810318837523,0.13814274736203755,0.11576728458075229
Waterfall055,2026-07-14,0.05207242084359167,0.11016973972911874,0.1850586515865952,0.11576693738643522
AlfilesCruzados,2026-07-14,0.06310050653988172,0.10569591826196052,0.1784878678561155,0.11576143088598594
archess2,2026-07-14,0.05295107447987908,0.09983918076347068,0.19448019028059924,0.11575681517464968
Rurep26,2026-07-14,0.06001986969297286,0.0890302788055906,0.19817733359663553,0.11574249403173299
coach_jacob,2026-07-14,0.06641967486070775,0.10221967295421311,0.17855705414496204,0.11573213398662763
pauliukevicius,2026-07-14,0.05544062312292132,0.09096959071979499,0.20074354952836748,0.1157179211236946
FMCarmona,2026-07-14,0.06425127502474429,0.1027730302622872,0.18012850360068705,0.11571760296257284
Forge13,2026-07-14,0.05513695901082514,0.08666231464283976,0.20529668895851902,0.1156986542040613
Rud_2008,2026-07-14,0.05482702973939654,0.11387094890955973,0.17836894688244356,0.11568897517713328
Artem_Koval,2026-07-14,0.06181185393589938,0.0846861053714211,0.20056205137401617,0.11568667022711221
VOneChess,2026-07-14,0.05332714121173507,0.11056356885897475,0.18314227224568974,0.11567766077213319
Aleksey_Sorokin,2026-07-14,0.05683803753944715,0.09688520586877747,0.193260240673533,0.11566116136058587
rinoasadey,2026-07-14,0.07999426802869257,0.08821875624062403,0.1787637275898643,0.11565891728639364
Rgoltsman,2026-07-14,0.08565071817000351,0.06725219332931935,0.19407254717138944,0.11565848622357078
fractal1234,2026-07-14,0.061744473116698145,0.10918104542405564,0.17602030492945653,0.11564860782340343
Irena10,2026-07-14,0.05524273124961218,0.09269323541455968,0.1989872547645366,0.11564107380956949
goodwilll,2026-07-14,0.05735416201186368,0.08785816359011135,0.20169007783644635,0.1156341344794738
Harald_Schmidt,2026-07-14,0.06018407225134325,0.08311172925211997,0.20360333333228142,0.11563304494524822
jsdbv18,2026-07-14,0.061485924489788436,0.09236921465529876,0.19302575848800174,0.11562696587769632
UnknownMagician,2026-07-14,0.06112089295570315,0.11548250927935934,0.17023534985451722,0.11561291736319323
HElissalt,2026-07-14,0.07770273965624903,0.08609922661365152,0.18300756359102963,0.11560317662031006
ThanhNghia,2026-07-14,0.05871335454158002,0.10222733104186833,0.1858443112888329,0.11559499895742709
Chess_Caio2007,2026-07-14,0.06807024841135512,0.06546752523116679,0.21324205417972583,0.11559327594074924
Maryna1P,2026-07-14,0.05359577732422427,0.10796589126712618,0.18519761365192786,0.11558642741442611
StrackedAktonamee,2026-07-14,0.057569179696717446,0.09617675216037926,0.1929819198642569,0.11557595057378452
Nadeev_Sergey,2026-07-14,0.056666689360491,0.10004906183051138,0.19000751029908905,0.11557442049669714
SmirnovTimofey2000,2026-07-14,0.06306348573482497,0.07490384560154496,0.20874949133958956,0.11557227422531983
SanchezKelvin,2026-07-14,0.0747246696138531,0.08394172811152636,0.18798375184021857,0.11555004985519934
OW321,2026-07-14,0.06761647369636163,0.09538409600743582,0.1836378423932223,0.11554613736567325
prohorov2010,2026-07-14,0.054214673752234266,0.10581221710458098,0.18658098841191928,0.11553595975624485
Babbelbox,2026-07-14,0.0702241011855216,0.0876445698655767,0.18871725480030832,0.11552864195046887
Man-Chuk,2026-07-14,0.05838443581121258,0.07944255180157898,0.2087512766070194,0.11552608807327032
sganerdene,2026-07-14,0.05536244205149368,0.09671345967956427,0.19448413087786684,0.11552001086964159
ProtectiveCarrot,2026-07-14,0.06356679245267431,0.08433415202140747,0.19865581298528207,0.11551891915312129
NightOfzero_on_fire,2026-07-14,0.053685028825165154,0.11568520941564932,0.17715162611367263,0.11550728811816237
KuanDan,2026-07-14,0.0627592523008027,0.0861897624252249,0.19739515107511593,0.11544805526704786
Rozhkov_V,2026-07-14,0.06958986912366559,0.09176822467499576,0.18493918303048873,0.11543242560971669
Chuchofrio1,2026-07-14,0.057238205672809475,0.08570168113170536,0.20334014684262303,0.1154266778823793
Idiioteque,2026-07-14,0.0626218304057051,0.10268402292196255,0.18096747374996894,0.11542444235921219
muchojogo,2026-07-14,0.06692837383273156,0.07551918481519312,0.20376613040544864,0.11540456301779112
Zeck_CH,2026-07-14,0.059818899393557626,0.11733141107141289,0.16904837606436302,0.1153995621764445
davigator,2026-07-14,0.06903961934212205,0.0942176266822569,0.18293919693342606,0.11539881431926835
Ar4uha,2026-07-14,0.05364539069125465,0.10614507597350865,0.18640448670113485,0.11539831778863273
parintele_chess,2026-07-14,0.08158648240553121,0.07510633670885308,0.18947267405771862,0.1153884977240343
Mr_crow_ua,2026-07-14,0.054406785102444045,0.10490284208783536,0.18684596981817453,0.11538519900281798
King_Deded4d5,2026-07-14,0.0536053999250637,0.10012124912459149,0.19242514876948025,0.11538393260637847
denizozen,2026-07-14,0.053447365699438566,0.10833841058467265,0.1843635231432193,0.11538309980911017
secrethawk1,2026-07-14,0.06415698176594949,0.07985165730021247,0.2021058333735979,0.11537149081325328
newChess1213,2026-07-14,0.05610961547222627,0.09622718196626669,0.19371388650943697,0.11535022798264331
AmericanFighter_2010,2026-07-14,0.06417637928455493,0.09578188186796258,0.18606873088503662,0.1153423306791847
AbasovN,2026-07-14,0.055430044010336486,0.09281344418339163,0.19774990392134162,0.11533113070502325
Vigg-Sama,2026-07-14,0.056933636199907274,0.09280713780117004,0.19623974257805024,0.11532683885970918
rober85val,2026-07-14,0.06121080189532012,0.10874214077222334,0.17596657188643824,0.11530650485132725
GGmiszczu,2026-07-14,0.059189529737100476,0.09284873068097621,0.19386333731220604,0.11530053257676091
Manu_ChessExcelsior,2026-07-14,0.05703350555605369,0.08318327041601266,0.20567592505905816,0.11529756701037482
hblanco,2026-07-14,0.07709473629755992,0.08033810070339929,0.1884149232159301,0.11528258673896312
crushernt,2026-07-14,0.07534311963058112,0.08901977276399979,0.18147896426588297,0.11528061888682128
RodokininEV,2026-07-14,0.05902706766823937,0.07624500901207115,0.21052905757509438,0.11526704475180165
Donskov_AN,2026-07-14,0.07888584240551996,0.07413596573622772,0.1927050294677585,0.11524227920316872
PaZwa,2026-07-14,0.05072898109118612,0.11222726260078489,0.1827498037886125,0.11523534916019451
lu1860,2026-07-14,0.053365364248367596,0.09369228790137855,0.19862312790351097,0.11522692668441903
Kolle05,2026-07-14,0.06560250014597273,0.09734746932201561,0.18271824629586964,0.11522273858795266
gtnamfrq,2026-07-14,0.05424995686240955,0.09812726427346125,0.19325415252484412,0.11521045788690498
ayanakhmetov,2026-07-14,0.05085647866889766,0.10245680540150227,0.19230634903745458,0.11520654436928483
LenkaPtacnikova,2026-07-14,0.05430534149257033,0.10651663334542188,0.18478808749056672,0.11520335410951965
Baronessa08,2026-07-14,0.07241336751433129,0.08581860025628138,0.18735956527996908,0.11519717768352726
jtayar88,2026-07-14,0.05813232833465527,0.11995172645157998,0.1674950835241441,0.11519304610345978
dawtonlms,2026-07-14,0.056162318378118976,0.09985742494500156,0.18955355508199698,0.11519109946837251
joarprodhan,2026-07-14,0.05510416932895244,0.1099908128414487,0.18047735277627422,0.11519077831555846
bintang_top,2026-07-14,0.06711342020893336,0.074349761785328,0.20409918457724907,0.1151874555238368
Malko-08,2026-07-14,0.06479258606565633,0.10002366125533799,0.18074485699107945,0.11518703477069125
Juliana_Figueira,2026-07-14,0.06943290821801329,0.08652387353639093,0.18951703351555427,0.11515793842331949
akirafm,2026-07-14,0.05443075541464218,0.10325048475725326,0.18775225822691122,0.11514449946626888
FranklinAPalomo,2026-07-14,0.0546893759280174,0.10302220545922591,0.18770009497265547,0.11513722545329959
Unforgettable-Momeries,2026-07-14,0.049574644608086874,0.16320142074924,0.13260626765222705,0.11512744433651796
Zlatan56,2026-07-14,0.06520040451048299,0.0864961329663464,0.19367077243891317,0.11512243663858085
FloMasterAAK,2026-07-14,0.05254719438917108,0.09547788770104061,0.19726172790690716,0.11509560333237295
4_ERG_Sakenova,2026-07-14,0.05160500942449039,0.14677530624388918,0.14687521258742714,0.11508517608526891
ChessBrainiacOnTwitch,2026-07-14,0.059087040637427424,0.08642783966752605,0.1997337596258556,0.11508287997693635
TST2014,2026-07-14,0.06202793885363457,0.07921839514768238,0.20396841128645185,0.1150715817625896
wohen2,2026-07-14,0.054044871555558954,0.10611664438076777,0.18503574338218634,0.11506575310617102
orkinyo12345,2026-07-14,0.05407522145956058,0.11177497049706486,0.17933064785381309,0.11506027993681284
0ne_M0ve,2026-07-14,0.0557656665922122,0.09151249005984749,0.19787728572551966,0.11505181412585978
Michalczak,2026-07-14,0.0723949214731765,0.08971691107705002,0.1829349553481108,0.11501559596611244
ThePatrick27,2026-07-14,0.06180926663942068,0.08824769842034377,0.19497609578328434,0.11501102028101627
rboss82,2026-07-14,0.05607790223711141,0.10499778238773742,0.18390320388652723,0.11499296283712535
Guzman70,2026-07-14,0.06793895510660031,0.06475681805530613,0.21227966512424384,0.1149918127620501
ChempionBg,2026-07-14,0.06399825243646172,0.10237245909866573,0.1786013186891728,0.11499067674143341
Erebuni_is_back,2026-07-14,0.06271770918950598,0.10763792080195159,0.17458052686093942,0.11497871895079899
Moncler08,2026-07-14,0.06910057939567212,0.09035893331759733,0.18544034166366521,0.11496661812564489
mehran_azamikia,2026-07-14,0.05838656986838791,0.10108573882099904,0.18541666370914103,0.11496299079950933
florianschwabeneder,2026-07-14,0.051593229830422936,0.11119987475665145,0.18208179968494112,0.11495830142400516
CMmauricio,2026-07-14,0.05509614750271032,0.09837406469163666,0.19138387002846372,0.11495136074093688
Tigranpatagonian,2026-07-14,0.05025922264464345,0.10630178774812137,0.1882880428721607,0.11494968442164184
Tartody,2026-07-14,0.05407295057585468,0.095435532395418,0.19533695518587063,0.11494847938571444
RonArtest77,2026-07-14,0.0768045408970744,0.09215126279688686,0.17584513588174422,0.11493364652523515
SamuraisOfChess,2026-07-14,0.04881219379348174,0.16413618953674428,0.1318511842060255,0.1149331891787505
terrortoast,2026-07-14,0.05375178688314492,0.1054419163294079,0.1855709871445577,0.11492156345237019
domithebest,2026-07-14,0.07860688034358977,0.07246815350314963,0.1936851684772737,0.1149200674413377
marsofsilva,2026-07-14,0.05611100328261812,0.10238807273505975,0.18626058464360468,0.11491988688709419
TEREZANA,2026-07-14,0.06594105257952403,0.06266607312531897,0.21614004162234216,0.11491572244239505
taleslascando,2026-07-14,0.05372388876100009,0.10120200484550401,0.18981043877512171,0.11491211079387527
Santirayo2009,2026-07-14,0.052977525694402595,0.11009721958152095,0.1816071124141032,0.11489395256334227
seopie,2026-07-14,0.0775454698156632,0.0761146098339089,0.19098042128978907,0.11488016697978705
rupeshjswl7,2026-07-14,0.057341837288537895,0.10252912227277966,0.1847524945749099,0.1148744847120758
Hudijegszid,2026-07-14,0.05933129786233117,0.09493175544858018,0.19014316325306688,0.11480207218799272
GM-MamaPenny,2026-07-14,0.05447863932408235,0.09988785068765325,0.190024232663379,0.11479690755837153
ivanuraev,2026-07-14,0.05404799741424876,0.10181493982919865,0.18851632075772456,0.11479308600039066
ChampArden,2026-07-14,0.05810178527505336,0.10200442789392777,0.18420620913979768,0.1147708074362596
BocharovD,2026-07-14,0.0588849070820248,0.09562633883738154,0.1897403537923791,0.11475053323726181
ezkybel,2026-07-14,0.05442516112788531,0.10551236561232322,0.18430319208674895,0.1147469062756525
THE_TITAN_15,2026-07-14,0.06287989425846491,0.10147618851252824,0.1798720080360886,0.1147426969356939
NovikovaGalina,2026-07-14,0.0791433271579973,0.07785789663929644,0.18715136212364544,0.11471752864031308
schackspelaren,2026-07-14,0.054728204497886075,0.10346929638215631,0.18592803706731711,0.11470851264911984
ArvinRasti,2026-07-14,0.06968681830696466,0.08640519582856424,0.18802958471370743,0.11470719961641211
Hadza_3,2026-07-14,0.06286313700066869,0.10327082498479026,0.17794670866296372,0.11469355688280754
delqate,2026-07-14,0.06898866942451432,0.09371889196668086,0.181357469736655,0.1146883437092834
Deuterio010,2026-07-14,0.057056226646558496,0.09807528902133722,0.18889371098675345,0.11467507555154972
Poiuytrewq8,2026-07-14,0.06099497344999822,0.10889545280101735,0.17411887052550643,0.11466976559217401
gonzaga23,2026-07-14,0.055540801163344714,0.09184612667611611,0.19660150692485587,0.11466281158810558
foldesmarci2009,2026-07-14,0.054593660386402024,0.11525048656964094,0.17408196925430994,0.1146420387367843
Sajkochess,2026-07-14,0.07190053968105024,0.08253479936732776,0.18946056903909128,0.11463196936248976
Crasyhealer,2026-07-14,0.06828506475753045,0.08708511307593257,0.18843439072758186,0.11460152285368164
renehp,2026-07-14,0.06650193007374858,0.06732251036381703,0.20996663730547083,0.11459702591434547
StellarChess,2026-07-14,0.056392327084714686,0.09172827250868061,0.19557493956318237,0.11456517971885923
Zhani-Z,2026-07-14,0.07114720156223785,0.0881911711884288,0.1843505466009055,0.11456297311719071
Ren_Ruck,2026-07-14,0.05223716349665476,0.15605556683536556,0.13534095051240602,0.11454456028147546
Zeitnot30,2026-07-14,0.05189675724468918,0.09899961673162694,0.19272971042966855,0.11454202813532821
KebabJangles,2026-07-14,0.054454969275687284,0.08842438969036001,0.2007207451115612,0.11453336802586951
LoreleiCornelisse,2026-07-14,0.0579267023880958,0.11791646214469122,0.16772675316417374,0.11452330589898692
MoreChessJulia,2026-07-14,0.05987540284873636,0.08798254159871291,0.19564639512386114,0.11450144652377015
LoonsDeKoeben,2026-07-14,0.06835323675660848,0.09096471800138597,0.18418507445961332,0.11450100973920259
lamomiablanca,2026-07-14,0.055318031577804995,0.10691286992654525,0.18127093530216387,0.11450061226883805
Bkmzzzzz,2026-07-14,0.06758548762343415,0.09223905377627828,0.18356195798476538,0.1144621664614926
ChessShop,2026-07-14,0.0625520230371118,0.08243518941859918,0.19834171268775183,0.11444297504782093
annazero,2026-07-14,0.05761259813334128,0.09445795265514781,0.19125140816949937,0.11444065298599615
FernandoArauzAlonso,2026-07-14,0.06111346152663643,0.10679539946692311,0.17535803674487624,0.11442229924614526
martabartel,2026-07-14,0.05480479533855797,0.0991335847751893,0.18930724996273451,0.11441521002549393
KnobbedHornbill,2026-07-14,0.06252379641999034,0.0752309528472248,0.2054681082547638,0.11440761917399299
Markov_Mikhail,2026-07-14,0.0539692669241698,0.09759528319442555,0.19163332857434268,0.11439929289764601
Grammnik,2026-07-14,0.05629543613486803,0.08981989421814125,0.19707443131085436,0.11439658722128787
FM_VS99,2026-07-14,0.05127803515496869,0.09964184738040202,0.19226679753840478,0.11439556002459184
scorpio199999,2026-07-14,0.056442285847162266,0.12483983674729876,0.16190073569742766,0.11439428609729622
rinky12,2026-07-14,0.05549805143801763,0.1056195126790606,0.18203513441752453,0.11438423284486758
Jaka_Brilej,2026-07-14,0.057308076620076566,0.08003373948577579,0.20579855292840266,0.11438012301141835
SteinSuperGM,2026-07-14,0.0766284476570569,0.09363099258527276,0.17286599089359472,0.11437514371197478
Gakov06,2026-07-14,0.05356488708581595,0.11239600295032447,0.17715907113578325,0.11437332039064123
petearrpan,2026-07-14,0.06718588863287892,0.09477759790294728,0.18114153564252766,0.11436834072611796
EAtakishiyev11,2026-07-14,0.06677577260157994,0.09077779066512028,0.18555087088039676,0.114368144715699
dmarcolino,2026-07-14,0.06516530000035875,0.07075463799443421,0.20715806120763935,0.11435933306747743
MartinOksendal,2026-07-14,0.05146693044232125,0.11431758248957563,0.1772837999611929,0.1143561042976966
giulianodragon,2026-07-14,0.05976686694623977,0.08828165499556176,0.19496671976272228,0.11433841390150794
GenivanTruthfulPrince,2026-07-14,0.05454375313900582,0.10173347034955522,0.186728928924935,0.11433538413783202
BrandonJacobson,2026-07-14,0.08080980492536931,0.06529541837549004,0.1968947896356353,0.1143333376454982
Nathan_Filgueiras,2026-07-14,0.07486263337372759,0.08567152080181481,0.1824274236108348,0.1143205259287924
Rashad_Zeynalli,2026-07-14,0.06912146858693363,0.08684474402473968,0.18697032715126916,0.11431217992098082
GMBenjaminFinegold,2026-07-14,0.06367736854143141,0.10433268493755107,0.17491971902329304,0.11430992416742518
Haragas,2026-07-14,0.05722326463859208,0.09032026360045625,0.19536341090234546,0.11430231304713127
zutragg,2026-07-14,0.05485343773724971,0.10307700841550806,0.1849676214040069,0.11429935585225488
Tomytoteph,2026-07-14,0.06490318805131276,0.10270929702234555,0.17528450779392607,0.11429899762252811
agvania123,2026-07-14,0.061115062452043546,0.07200891429286438,0.20976908115431833,0.11429768596640875
Xiximinski,2026-07-14,0.05744973949858183,0.11459797780106179,0.170827779033523,0.11429183211105554
newauto,2026-07-14,0.06314280538809879,0.07460051989177052,0.20507941314661646,0.11427424614216193
bpm_90,2026-07-14,0.054827229061417466,0.10231061706483778,0.18567239175201286,0.11427007929275605
ozen_metehan,2026-07-14,0.05690393561914891,0.08338240963781329,0.20250923414029082,0.11426519313241768
hristos03,2026-07-14,0.05551605712133501,0.09020015201274155,0.1970695429665371,0.11426191736687123
pawndissection,2026-07-14,0.053944064251839306,0.10455247523764769,0.18423645955919377,0.11424433301622693
threemind,2026-07-14,0.07400385654708963,0.0898254152891436,0.17889017258866022,0.11423981480829781
javierfreilemartin,2026-07-14,0.07402147520711486,0.07910221383661002,0.1895954296285395,0.11423970622408812
A_Morgunov,2026-07-14,0.053145551168769026,0.1519938074986326,0.13750792959306715,0.11421576275348959
NightOwlCalculator,2026-07-14,0.057979510795200154,0.09538633186973287,0.18926999279630385,0.11421194515374562
Malaric2011,2026-07-14,0.05512183036734703,0.13984636093635652,0.1475796706141052,0.11418262063926958
nindjaxx8,2026-07-14,0.07042121023655176,0.08745071183976279,0.18465999339762085,0.11417730515797847
xhembulla,2026-07-14,0.07001659833725968,0.09019266365189017,0.1822867165750748,0.11416532618807489
Pliukha_Mikhail,2026-07-14,0.05399305548297851,0.10108586874481044,0.18735946400991238,0.11414612941256712
ChessWizard1905,2026-07-14,0.05498173175064153,0.09874694104807147,0.18864548395187625,0.11412471891686309
Grossboss19,2026-07-14,0.0712863179575717,0.08923640189586168,0.18183914444630156,0.11412062143324497
Fan_Of_Chucky,2026-07-14,0.07759950399359793,0.07660672758463749,0.18809547968074244,0.1141005704196593
MTChess0207,2026-07-14,0.06133295233660061,0.10660346564047098,0.17433103519557946,0.11408915105755035
BAS8892,2026-07-14,0.06718429052022688,0.07341316988283235,0.20166063980837204,0.11408603340381042
NusratAlo,2026-07-14,0.054840096926887336,0.09924405587269716,0.18817183461958634,0.11408532913972362
ril1997,2026-07-14,0.07155619429145982,0.09919465076418574,0.1714912570046529,0.11408070068676616
MasterSonnevanck23,2026-07-14,0.05543449267754838,0.09800903185996267,0.18876782074764267,0.11407044842838458
Fettucinii,2026-07-14,0.0567494519036948,0.09910122014457698,0.1863485128370932,0.11406639496178832
IakovUlivar,2026-07-14,0.05321257723820744,0.09976881823082999,0.1892132396290737,0.11406487836603703
NikolaGry,2026-07-14,0.0711468036733363,0.08383299627641817,0.18718456304671874,0.11405478766549108
heytbeteacher,2026-07-14,0.05437099515364743,0.10646224616440735,0.18132951476413775,0.1140542520273975
Demeter39,2026-07-14,0.060201605720484316,0.11014336805609472,0.17181207319669523,0.11405234899109142
SergeyGostev1984,2026-07-14,0.06608688455219466,0.09927976181927166,0.17673677351714093,0.11403447329620242
antonusss,2026-07-14,0.06285294413802874,0.10205863295929347,0.1770227332550411,0.11397810345078778
Synctel,2026-07-14,0.05702939390445923,0.08912514664811452,0.19573221182965306,0.11396225079407561
vangulio,2026-07-14,0.0528233901189523,0.10941626781021269,0.17964135837739936,0.11396033876885477
mfwagnerpeixoto,2026-07-14,0.06201679330489288,0.08176735210145122,0.19809291599187123,0.11395902046607177
Vanych,2026-07-14,0.0511786100365099,0.09509290385843491,0.19558804183963382,0.11395318524485953
randy296,2026-07-14,0.07662310295993353,0.07395718171584809,0.19119125174474236,0.11392384547350798
morfius,2026-07-14,0.052374646594951654,0.09949067914427182,0.1898618428318224,0.11390905619034862
Virgo15,2026-07-14,0.07052752682008905,0.08123238149327544,0.1899417448560009,0.11390055105645513
Bullhouse14,2026-07-14,0.051769896361408815,0.09910842284364636,0.1907675912016461,0.1138819701355671
goldenpuppy,2026-07-14,0.06382347802299361,0.10192717406830493,0.17584311096658808,0.11386458768596219
thenewfiredragon,2026-07-14,0.052762052675489286,0.09617494410742053,0.1926518007870454,0.1138629325233184
MalcolmPein,2026-07-14,0.05733271006754022,0.08076118870227478,0.20348340852830604,0.11385910243270701
andyhousesmx,2026-07-14,0.05297150024603287,0.09944013043046163,0.18914997777148945,0.11385386948266131
sindarovjr,2026-07-14,0.052760204589815916,0.12248325216595157,0.16631205667636548,0.113851837810711
ivanquiroga,2026-07-14,0.05706430525976409,0.09474198138880661,0.18974028809174842,0.11384885824677304
awesomevishesh,2026-07-14,0.050519180822867396,0.13462896341308594,0.15638531749155538,0.1138444872425029
I-Mesquita,2026-07-14,0.052580927989967476,0.09006230937559932,0.19886899414298537,0.11383741050285072
omer1997,2026-07-14,0.0549273173662587,0.08885661829318614,0.1976808715607822,0.11382160240674234
MBA_CHESS_2021,2026-07-14,0.0654648718832298,0.06539375019713947,0.21059239862824186,0.11381700690287037
IraZyne,2026-07-14,0.06223146674858307,0.08494495938999151,0.19418887563756482,0.1137884339253798
Danishcrown,2026-07-14,0.05548400489447377,0.09777305719436744,0.1880718390093687,0.11377630036606996
Evan_Attaker,2026-07-14,0.0727414707873025,0.08472432593693602,0.18385629399788525,0.11377403024070792
Nikitaka16,2026-07-14,0.05402542927364358,0.1018532928144521,0.1854268541762645,0.1137685254214534
Alen_Yeremyann,2026-07-14,0.06908424851648587,0.08563083878507942,0.18658211858641363,0.11376573529599299
Igrok3069,2026-07-14,0.06392871945165836,0.10066096021073077,0.17660784419268502,0.11373250795169139
omidnoroozi21,2026-07-14,0.060477747272100785,0.11115720497891936,0.16951421980957396,0.11371639068686472
allvim,2026-07-14,0.08002320279416004,0.0694266209474472,0.1916897279263873,0.11371318388933153
chipmunknau,2026-07-14,0.0542106812664738,0.0886720054269817,0.19822824783048543,0.11370364484131364
adiosabu,2026-07-14,0.052643260783317186,0.09854909287263636,0.18987529234212075,0.11368921533269143
Thunderbolt135,2026-07-14,0.07068701834476897,0.08024954708041566,0.19012983750396217,0.11368880097638227
Ratkovic_Miloje,2026-07-14,0.05334190165860444,0.09902281844366916,0.18856645384910498,0.11364372465045952
rochaaaaaaaaaa,2026-07-14,0.05728227287823847,0.09104796859769339,0.1925987623950926,0.11364300129034148
Guriempire,2026-07-14,0.05111759193654653,0.09757752344099246,0.19222894383050224,0.11364135306934708
ShahxaibKhan,2026-07-14,0.061115062452043546,0.07033364540895665,0.20945156740733434,0.11363342508944485
JulbeNn,2026-07-14,0.05533525678294594,0.08794790087630261,0.19761643804416487,0.11363319856780447
Khusenkhojaev,2026-07-14,0.0520634411352666,0.09536652631110025,0.19345033909390463,0.11362676884675715
Phankhiem2007,2026-07-14,0.048126431619664976,0.16222140242592575,0.1304624790164807,0.11360343768735714
KarolKacprzak,2026-07-14,0.054961164782979126,0.0828360149971326,0.20298253893994583,0.1135932395733525
Aram7Adam,2026-07-14,0.051646334147786147,0.09458578539952074,0.19453188054014237,0.11358800002914975
prime-morty,2026-07-14,0.07376383870344341,0.08189223853810809,0.18505713231855891,0.11357106985337014
MAAKASU,2026-07-14,0.05828726706155547,0.09807265015811757,0.18431902403198222,0.11355964708388509
Egor_Pakhomov,2026-07-14,0.05274654982454857,0.100172455090988,0.18775512435787206,0.11355804309113621
DrDyar,2026-07-14,0.05360365273169821,0.14108827673386007,0.1459767259905548,0.11355621848537102
Hippotaner,2026-07-14,0.0583680094588453,0.08402159602489821,0.19817642679938616,0.11352201076104322
GoValya,2026-07-14,0.0698314570878962,0.08259558894895554,0.18811809685749137,0.11351504763144771
milenapn,2026-07-14,0.05665839757275877,0.09145509749012004,0.19241995676548704,0.11351115060945527
Dr_crypt,2026-07-14,0.060811596585621186,0.09165120634220943,0.18803979798383627,0.11350086697055561
ChampStan,2026-07-14,0.06687670981923427,0.09489272716990076,0.17871306800706005,0.11349416833206503
Merci_Anna,2026-07-14,0.05684632698568635,0.11984024823145555,0.163783072477389,0.11348988256484364
aleoda,2026-07-14,0.055271871950024046,0.12449025140915881,0.160696260660545,0.11348612800657594
OurDudeness,2026-07-14,0.06085718227023665,0.10607113262477857,0.17352430162561183,0.1134842055068757
Galileo22,2026-07-14,0.07179256434647567,0.0801376414815133,0.1884726824851677,0.11346762943771889
NailBashirli,2026-07-14,0.048746276896195116,0.1392830458742986,0.1523441146009992,0.11345781245716431
osh1ro,2026-07-14,0.05358607889481819,0.09317748503275297,0.19360311641530376,0.11345556011429164
Janukshan,2026-07-14,0.052223536671427456,0.15138543865289494,0.1367489705386019,0.11345264862097477
enkhtuul,2026-07-14,0.05493589063394778,0.09406964451975251,0.19129810739683656,0.11343454751684562
LLRChess,2026-07-14,0.0825493917868494,0.07278496784039556,0.1849418125698226,0.11342539073235584
ajeale2,2026-07-14,0.06123985656799861,0.08108269596578145,0.19792239570658846,0.11341498274678952
Yeritsyaan,2026-07-14,0.0719140713846347,0.08134211076554951,0.18696169478381822,0.1134059589780008
cukricek,2026-07-14,0.06685618094288802,0.0930115491843231,0.18034612051196297,0.1134046168797247
2L8IWUN,2026-07-14,0.05774430754020458,0.07855143181886233,0.20386867612929507,0.11338813849612066
maHmoUd-S-haddAd-M,2026-07-14,0.06483606553668242,0.07715528190539403,0.19816847380218153,0.11338660708141933
MFguimaraes,2026-07-14,0.052993268768042605,0.10010163547174858,0.18704771179328838,0.11338087201102653
ShaakSiv,2026-07-14,0.056077901671570396,0.1027323151317075,0.18126939763051056,0.11335987147792947
balachess2006,2026-07-14,0.05177592280161282,0.09932277258097934,0.18897055342203742,0.11335641626820986
hmatyi07,2026-07-14,0.06161852605225451,0.08097381195783097,0.19747654793758426,0.11335629531588991
Tolya2,2026-07-14,0.050291173473448574,0.09718054147329504,0.19256419003486205,0.1133453016605352
klifus,2026-07-14,0.051408167475408266,0.09930202145433302,0.1893103791006055,0.11334018934344892
TacticsWizards,2026-07-14,0.06709783952823087,0.09659451526058044,0.17630998648297594,0.11333411375726242
alpope,2026-07-14,0.051667767466180875,0.09363851512281196,0.1946554687084709,0.11332058376582126
JAAC2002,2026-07-14,0.05228630688553542,0.09354642094154135,0.19397384977904056,0.11326885920203911
StockholmMissile,2026-07-14,0.05338874050714339,0.0903713917071162,0.19601371419239277,0.11325794880221746
chess_mad35,2026-07-14,0.05016643038243371,0.09983745664799634,0.18974860339460664,0.1132508301416789
klauser63,2026-07-14,0.06265838845812617,0.10159351908409645,0.17548390810216882,0.11324527188146383
OkkotsuYuta03,2026-07-14,0.05430084949061998,0.09725862668398226,0.18810816129934943,0.11322254582465056
Marks1420,2026-07-14,0.07424046057798113,0.08910072499692683,0.17628802024652593,0.11320973527381128
Nechitaylo_Nikita,2026-07-14,0.07274250688175136,0.07337069035640205,0.19343492489254008,0.11318270737689784
CuteSheepCloud,2026-07-14,0.07458500024990851,0.07915694350932286,0.18579966690774607,0.11318053688899248
joshdaruca,2026-07-14,0.050728994025497735,0.14009533554531445,0.1487170638363457,0.11318046446905262
schachlana,2026-07-14,0.06526334827471009,0.07447532710166846,0.19977903138551448,0.113172568920631
catalin009,2026-07-14,0.05589045543085076,0.09651675298695687,0.1871007369554911,0.11316931512443291
carlsen1001,2026-07-14,0.053452410353716936,0.08640891311150944,0.1996222003183531,0.1131611745945265
PrimdeNuuk,2026-07-14,0.06099102361941307,0.0982487157916847,0.18022098642197848,0.11315357527769208
DDTerziev04,2026-07-14,0.054620595163682555,0.09317829304433935,0.19164850839267678,0.11314913220023289
liwadas82,2026-07-14,0.05583216791566426,0.08047099096538972,0.2031277872116673,0.11314364869757376
adwilhans,2026-07-14,0.05654696173719365,0.09561201436422488,0.1872444267980532,0.11313446763315725
Atanejhad,2026-07-14,0.07118131937144226,0.08209508647496012,0.18610509292114968,0.11312716625585069
paranoyak,2026-07-14,0.05191883298555595,0.09266991867405608,0.19478620498093285,0.11312498554684829
Abdurakhmanovvvv,2026-07-14,0.05367223521007927,0.09074988140747955,0.19491213817985076,0.11311141826580319
Emeraldddd,2026-07-14,0.06468175465496669,0.06581473361111842,0.2088347012188136,0.11311039649496624
TitanDjebel,2026-07-14,0.05374203090775903,0.14804012845214798,0.13753457608147643,0.11310557848046114
garfield_pg,2026-07-14,0.07524425983497793,0.0855474372421293,0.17851861962319557,0.11310343890010092
HipsterChess22,2026-07-14,0.051770237220887895,0.09494047049294595,0.19256537680554345,0.11309202817312576
Artooooo,2026-07-14,0.054032697806998146,0.09177118254246953,0.19343469240829225,0.11307952425258665
Kargan90,2026-07-14,0.054397105269020266,0.09472380970944307,0.19010686808415417,0.11307592768753916
Burovic00,2026-07-14,0.05106850152193367,0.11375687084039572,0.17434775498955551,0.11305770911729496
Fraler15,2026-07-14,0.06018407225134325,0.07692688116689968,0.20206206482423789,0.1130576727474936
WeAintSurePal,2026-07-14,0.0621764527358318,0.06784423824254926,0.20914104901284855,0.11305391333040987
GMCarbone,2026-07-14,0.061330903970905314,0.08160390041326233,0.19615188961987737,0.11302889800134834
leejunhyeok,2026-07-14,0.051081628065489236,0.09989398164183984,0.18808553403028874,0.1130203812458726
Gergo85,2026-07-14,0.06555751955729101,0.0976315766641532,0.17584296541780797,0.11301068721308406
Baku_Boulevard,2026-07-14,0.0708788969801355,0.07890660082739133,0.18923276445554651,0.11300608742102443
ChinguunSu,2026-07-14,0.05653287796204697,0.08220517572142558,0.2002391115463241,0.11299238840993221
Lovetov,2026-07-14,0.05562995458525928,0.08207957912177824,0.20123817842505,0.11298257071069584
dobrosmys,2026-07-14,0.059760206753571576,0.11219938260889932,0.1669103305103468,0.1129566399576059
josemoramoron,2026-07-14,0.06236158735007189,0.10022282531603238,0.17613679501912935,0.1129070692284112
GM-2024-GM,2026-07-14,0.07414648191501311,0.08288218639238036,0.1816163575385686,0.11288167528198738
Austen48,2026-07-14,0.06810863735148283,0.09034308614991447,0.18018528260547068,0.11287900203562266
nickmatta,2026-07-14,0.059721471328515484,0.07980560324864881,0.19910700685637575,0.11287802714451334
kpio91,2026-07-14,0.06182887152346901,0.10071726673278059,0.17605297583372892,0.11286637136332617
BelyakovBogdan,2026-07-14,0.05302468887209183,0.08746147606349511,0.19810748164565925,0.1128645488604154
Dragnaros,2026-07-14,0.05437314892359962,0.09722464491016831,0.18695297446599618,0.11285025609992137
heavenlyview,2026-07-14,0.05208584562985077,0.0944306213334039,0.1920074710180311,0.11284131266042859
MF_Malo,2026-07-14,0.053823900675935656,0.09142835355699314,0.19325824543362288,0.1128368332221839
RatkovicPetar,2026-07-14,0.0628106844304993,0.09585355423640364,0.17975253805087643,0.11280559223925979
RhythmChessmaster,2026-07-14,0.050973871838474044,0.09618809788130521,0.19124876191850299,0.11280357721276074
Renatoforf,2026-07-14,0.06867963332683137,0.08531724152290375,0.18428804026762244,0.11276163837245252
Vincent_Vega95,2026-07-14,0.07257483449203041,0.08617136389539015,0.17951916112715657,0.11275511983819238
Misticpikachu,2026-07-14,0.07154611893327495,0.07648461115125844,0.1902211403420143,0.1127506234755159
kekic76,2026-07-14,0.06874045557018547,0.08717845678479029,0.18232945470682538,0.11274945568726706
mouseroom44,2026-07-14,0.05430534149257033,0.09619471934393266,0.187728719302204,0.11274292671290233
GulenayAydin,2026-07-14,0.06399306497385916,0.06861861098669819,0.20559003335943885,0.11273390310666538
Dragon_Dmitry,2026-07-14,0.07481745889642155,0.08823586321936729,0.17514175096780288,0.1127316910278639
TheRigos,2026-07-14,0.07747255771146327,0.07453950435409834,0.18617917361797043,0.11273041189451068
FM_Crow_FGM,2026-07-14,0.05018759673409728,0.1297873577205849,0.1582044935813581,0.11272648267868009
cassoulet,2026-07-14,0.06712094528429279,0.08680312384943172,0.18420691119406346,0.11271032677592933
Iyanastur7,2026-07-14,0.05898065388310754,0.10379442828113837,0.17533001649843416,0.1127016995542267
KerryStead,2026-07-14,0.06719811217712757,0.09237450169433424,0.17852353201256807,0.11269871529467664
Goi_Manne,2026-07-14,0.06414462997014772,0.07186136658934184,0.2020887380294228,0.1126982448629708
alekroth65,2026-07-14,0.056793709331528476,0.08457745722888393,0.19671887599935453,0.11269668085325564
pamapseba,2026-07-14,0.053366946993551996,0.14884760407431916,0.13587445198162484,0.11269633434983199
CheckBits,2026-07-14,0.062244902302665835,0.0794268182493415,0.19636955651211174,0.1126804256880397
Dr_Rad87,2026-07-14,0.053817347258692576,0.10722238217340874,0.17697791745629105,0.11267254896279745
charlescandycampbell,2026-07-14,0.07558465044037231,0.09638144118504025,0.16603475430857972,0.11266694864466409
kyawmyataung2005,2026-07-14,0.05330493496351689,0.0920299519924584,0.19266574302164366,0.11266687665920631
purusottamchaulagain,2026-07-14,0.05443259045223298,0.10554602370372164,0.17801997893185334,0.112666197695936
Moultino06,2026-07-14,0.05500769034584395,0.08596153912626905,0.19700262729393078,0.11265728558868127
Shavkatov02,2026-07-14,0.05757613253202453,0.13829063467740496,0.14209412779956232,0.11265363166966395
OYAcosta,2026-07-14,0.0732927378643636,0.07485038408305916,0.18981065347414675,0.1126512584738565
KSho99,2026-07-14,0.07929117494544095,0.07409286469220941,0.18453917355908575,0.1126410710655787
Chinni2250,2026-07-14,0.05379986552789282,0.11350142571434087,0.1706119138407104,0.11263773502764803
PositionalGenius,2026-07-14,0.07298011830101227,0.09442795413484203,0.1704977885255547,0.11263528698713633
Lavandum24,2026-07-14,0.05304422390858689,0.0974705542382391,0.18734967401021108,0.11262148405234569
superfast64,2026-07-14,0.059721471328515484,0.08290662074989068,0.19523536016894297,0.11262115074911638
chandreyeehajra,2026-07-14,0.07881424195608583,0.09724485882385554,0.16178878627559626,0.11261596235184586
StellarChessPro,2026-07-14,0.07242591192660827,0.07534889437818322,0.1899811161286067,0.11258530747779939
Dexter_Dyke,2026-07-14,0.06356679245267431,0.07395294653218937,0.2002141540658334,0.11257796435023237
Agustin_Meza,2026-07-14,0.055647390623958806,0.08720718904150362,0.19487744925955752,0.11257734297500666
chessajedrezz2020,2026-07-14,0.07808808508603042,0.07170043909360524,0.1879048227030448,0.1125644489608935
habadra,2026-07-14,0.05124301431430856,0.09927888756948533,0.1871702970833745,0.11256406632238947
RZ0,2026-07-14,0.054068272436149055,0.11152655459157443,0.17204577137295918,0.1125468661335609
moodynorway76,2026-07-14,0.053366946993551996,0.1487255182983641,0.13554036620578155,0.11254427716589921
gilbert_gm,2026-07-14,0.07074090756078207,0.07719077434219757,0.1896803761102545,0.11253735267107805
reniite,2026-07-14,0.06954100153578872,0.08307339835298794,0.18497593849631272,0.1125301127950298
EnisMetin34,2026-07-14,0.06442270864236799,0.10237494572986221,0.17075876811978324,0.11251880749733782
NoboaKevin1999,2026-07-14,0.06287033043460509,0.0758382195716492,0.19883074227369804,0.11251309742665078
toshali,2026-07-14,0.05498397308599101,0.08536053419915406,0.19717647379970832,0.11250699369495114
Kev4444444444,2026-07-14,0.055945252638764674,0.0850599245393981,0.19651313419653846,0.11250610379156707
Schachmalanders,2026-07-14,0.06692876870303249,0.092958471586979,0.17760283321666634,0.1124966911688926
SoCalJuniorChess,2026-07-14,0.05736998192123798,0.0733929273899141,0.20671944774286033,0.11249411901800414
chessuriel,2026-07-14,0.05348756337983744,0.10509150535977202,0.17886227348302142,0.11248044740754364
chessamical,2026-07-14,0.05605524904585886,0.09556516699282852,0.1857897235312179,0.11247004652330177
hoshiboshi,2026-07-14,0.0523151563261152,0.09342658626969506,0.19165079392597653,0.1124641788405956
KINGoFattacK555,2026-07-14,0.05322165675191597,0.11395069447610257,0.17018772137291904,0.11245335753364587
nicolai1950,2026-07-14,0.06202586488504657,0.0782752148489413,0.19705800164039403,0.11245302712479395
talman67,2026-07-14,0.060225903076978914,0.07993868937542131,0.1970686159734462,0.11241106947528214
CombativeWombat,2026-07-14,0.06201679330489288,0.0775186882804392,0.19769041560039685,0.11240863239524297
Arhan_Anand,2026-07-14,0.058995187943539536,0.11146180764650292,0.1667528684913759,0.11240328802713946
Raskolnikov6,2026-07-14,0.051033203929341825,0.09822544670342033,0.1879373692063396,0.11239867327970059
Bizhigitov_Zhangir,2026-07-14,0.048843527074453885,0.10097195825682026,0.1873404991513143,0.11238532816086282
Grebnev_A,2026-07-14,0.05080369767146816,0.09567757538007565,0.19066362070691362,0.11238163125281915
davidarenas1224,2026-07-14,0.06990880554962582,0.0953631918472211,0.17181761668931309,0.11236320469538667
Your_Worst_Nightmare_24-7,2026-07-14,0.054408898402805765,0.09256770481264881,0.19010869311415265,0.11236176544320242
Zgorl,2026-07-14,0.04990456286630637,0.09581566967989077,0.19133840199745708,0.11235287818121809
contrerasfiorella,2026-07-14,0.05518834287937935,0.12436903221844599,0.1575010334748943,0.11235280285757321
chika-lily,2026-07-14,0.05234614742502664,0.10207333507277065,0.1825881962644954,0.11233589292076424
RupeshReddyY,2026-07-14,0.0688221509872433,0.09568395112137386,0.1724598892681661,0.11232199712559443
Shivagami,2026-07-14,0.07013502192256135,0.07843231119481807,0.18838808255649567,0.1123184718912917
vasilisfragkos,2026-07-14,0.05513661394412465,0.10952370241354756,0.1722484810931416,0.11230293248360461
KhandakerAminul,2026-07-14,0.058701570532845845,0.10536880529082168,0.17283279870191806,0.1123010581751952
firegus16,2026-07-14,0.05085830624308872,0.15451693051343213,0.1315267131353176,0.11230064996394616
fiddle99,2026-07-14,0.054854861084871684,0.09648540852854028,0.18544538648831085,0.11226188536724095
Cosi43,2026-07-14,0.050901772523961414,0.11769826240667539,0.16811386506562637,0.11223796666542106
singenoirrr,2026-07-14,0.052138617210554065,0.09706475910737722,0.187508895855878,0.11223742405793642
Chess_master1982,2026-07-14,0.05848909773657296,0.11318357583063521,0.16502664577003556,0.11223310644574791
AkatsukiLogHorizon,2026-07-14,0.055595432250775234,0.08492716860598228,0.1961598967473238,0.11222749920136044
axvesik,2026-07-14,0.07623860420813615,0.08075086561805114,0.1796872512000799,0.1122255736754224
New_otherland,2026-07-14,0.04798261848879947,0.15812294361395826,0.13052602155091017,0.11221052788455597
GadimbayliA,2026-07-14,0.06255670877454698,0.07272662918917926,0.20122377201761055,0.1121690366604456
MohMoh75,2026-07-14,0.06385330948103975,0.07232289476851157,0.20027886323272767,0.11215168916075967
menelao1986,2026-07-14,0.04938801535157048,0.09884553968675491,0.18813976805163743,0.1121244410299876
WizardOf64,2026-07-14,0.05492021465728074,0.09334552566781468,0.18809997308287546,0.11212190446932363
ideika,2026-07-14,0.05463967656044764,0.10052707714916383,0.18113799437161737,0.11210158269374294
LastHeroJr,2026-07-14,0.07079175929546408,0.07763022785612529,0.18787913901643155,0.11210037538934031
TheSodabread,2026-07-14,0.05607791808540223,0.11553425450875057,0.16468548711297068,0.11209921990237448
HypeMan111,2026-07-14,0.05543449267754838,0.09661595901767579,0.18412650354301782,0.11205898507941399
PaparovGR,2026-07-14,0.05140218962248792,0.09316255021378697,0.19157189342455186,0.11204554442027559
DerKnipser,2026-07-14,0.05183714704465084,0.0940254859011302,0.19026269190911502,0.11204177495163203
granguerrerov,2026-07-14,0.05746958621649447,0.10654686674647798,0.17207055120720674,0.11202900139005974
gamboajp,2026-07-14,0.058035169281487956,0.08102518681397292,0.19694914835443786,0.11200316814996625
Stormtrooper90,2026-07-14,0.056576066995816535,0.09717640367338481,0.1822510035120155,0.11200115806040561
sewlins,2026-07-14,0.05506722732674887,0.08769164646597086,0.19323936239335907,0.11199941206202628
OldweakGM,2026-07-14,0.05296515530292789,0.10154293077961996,0.18143503458428772,0.11198104022227852
OnlyFlagNoSkill,2026-07-14,0.054933488366708944,0.08998786738741084,0.19099883867887038,0.11197339814433005
krsolomac,2026-07-14,0.05003648443628152,0.15311681319718096,0.13268575039015318,0.11194634934120522
Bongcloudtransvestit,2026-07-14,0.07218884661890694,0.0779323697618077,0.1856273744981203,0.11191619695961164
FelixBlohberger,2026-07-14,0.06786686478418984,0.09077866355379109,0.17709776182212636,0.1119144300533691
fandebobbyfischer,2026-07-14,0.04976299268548012,0.09789137725737719,0.18808132120328977,0.1119118970487157
SirGerhard,2026-07-14,0.06401868923186593,0.1010703973441825,0.17060503643119002,0.11189804100241281
rickywsb,2026-07-14,0.0780378460743732,0.07047659142508232,0.18717088315259242,0.11189510688401598
Finejupiter,2026-07-14,0.05145325108931009,0.09241717381245096,0.19173718785112043,0.11186920425096049
KChor05TTV,2026-07-14,0.08176332643086706,0.06271642419342811,0.19106279105006008,0.11184751389145176
IriBu,2026-07-14,0.052714921344372785,0.09028173006056026,0.1925293504016109,0.1118420006021813
Omranalhosani21,2026-07-14,0.0591016824212723,0.07119224262664452,0.20519999607654874,0.11183130704148851
AdrianaPalao,2026-07-14,0.05366557085633928,0.09973778670021909,0.18204679332859716,0.11181671696171851
ChessFunMaker,2026-07-14,0.05359577732422427,0.10139865955796157,0.18041940511508417,0.11180461399908999
AlphaGoosee,2026-07-14,0.05154837055625479,0.09422474056817533,0.1896365699073064,0.11180322701057883
pinguino120,2026-07-14,0.06829508293321415,0.09576839733904534,0.17119184526982234,0.11175177518069394
vincevincevince09,2026-07-14,0.05305073578647218,0.10488952314933561,0.17730623285812008,0.11174883059797595
ava1411,2026-07-14,0.054927379290314216,0.0887561518195726,0.19142234121689533,0.1117019574422607
Zainullina_Nataliya,2026-07-14,0.08383150983092935,0.0631468887993579,0.18811344272148245,0.11169728045058991
RizaBregu,2026-07-14,0.05223804502784781,0.09086925908673293,0.19197779874606793,0.11169503428688289
akinov-akinseye,2026-07-14,0.06839621743957858,0.10461566593060839,0.1620290063149518,0.11168029656171292
FajnaFokaofficial,2026-07-14,0.05195905708715479,0.09885010008589569,0.18420222560748234,0.11167046092684428
jasonbolivar,2026-07-14,0.05799776719224994,0.07578312007954778,0.20122655265605868,0.1116691466426188
CarlosAlbornoz,2026-07-14,0.06850029447289174,0.08159383795903108,0.18489585421655272,0.1116633288828252
Arun-kataria,2026-07-14,0.051120305031509265,0.090435558496299,0.19331279558186046,0.11162288636988958
Talcrifice,2026-07-14,0.06264568055049571,0.09956148763160734,0.1725236531048463,0.11157694042898313
HackingKid98,2026-07-14,0.051112420174776435,0.08779305699302621,0.1957942722077446,0.11156658312518242
Bhagya_2312,2026-07-14,0.05689827784348723,0.10594612683945406,0.17183939884935903,0.1115612678441001
jjlai1111,2026-07-14,0.05293063925653061,0.08659179773212144,0.19512581027835213,0.11154941575566805
Glaive_64,2026-07-14,0.06616401071774881,0.06477982875941403,0.20370009185415777,0.11154797711044022
Anu-triz,2026-07-14,0.05805771909790296,0.11040427883479488,0.16602975559240157,0.11149725117503313
evangelia2012,2026-07-14,0.05098778255279921,0.1501386099899158,0.13335221571748668,0.11149286942006724
Rybka1989,2026-07-14,0.05804450770587211,0.09049780760055538,0.1858875457426125,0.11147662034967999
Onischuk_V,2026-07-14,0.06933301277227219,0.07722890181291356,0.1878410646449616,0.11146765974338245
Fdpo95,2026-07-14,0.0514000355634976,0.09341434758763276,0.18955823248868256,0.1114575385466043
Twinstulle,2026-07-14,0.05179876007229701,0.08981896181529107,0.19273320866832327,0.11145031018530378
Exploring_Chess,2026-07-14,0.0512066038822266,0.08722030968773477,0.1957951431816741,0.11140735225054516
zacachess,2026-07-14,0.05605791111658234,0.08682197644928845,0.19133286403465433,0.11140425053350837
julsz08,2026-07-14,0.0531117335486313,0.10080718024944098,0.18019950511997607,0.1113728063060161
Larax,2026-07-14,0.05228205258136285,0.08935379251896335,0.19247075951585352,0.11136886820539323
Cocolino31,2026-07-14,0.052909897031541565,0.1075921901045597,0.17350087017070223,0.11133431910226783
Rutvij09,2026-07-14,0.05363909146483371,0.08875925944962433,0.1915893388258646,0.1113292299134409
GensUnaSumus,2026-07-14,0.05488203274053041,0.08321961097926156,0.19581110593045203,0.11130424988341465
kagg1125,2026-07-14,0.056351298802508616,0.07776875384060092,0.19979029027776157,0.11130344764029036
YoungMegaMind,2026-07-14,0.05060906093931143,0.09772956452576446,0.18554504320027682,0.11129455622178423
angryhorse9,2026-07-14,0.05050433383515379,0.10790727764459343,0.17546681319823024,0.11129280822599248
Nicolas_Chess10,2026-07-14,0.05476424896990203,0.10893289456021296,0.17017944184220643,0.11129219512410715
Pille85,2026-07-14,0.05164768384513153,0.09375991260492887,0.1884381063923729,0.11128190094747777
Yunker_Alisa,2026-07-14,0.05545527082370779,0.09272766771305785,0.18562896920024582,0.11127063591233716
tortorchess,2026-07-14,0.055958866705406715,0.0814323444765936,0.19636547318582753,0.11125222812260928
CristhianPortalR,2026-07-14,0.05645587333426863,0.08554425873430276,0.1917230819804942,0.11124107134968853
Krakozia,2026-07-14,0.06314798388372592,0.07154590106466115,0.19902210949888796,0.11123866481575835
capatl,2026-07-14,0.05228205258136285,0.08636155807134285,0.1949935221299251,0.11121237759421027
peixe64,2026-07-14,0.05198956153751797,0.0852985346571898,0.1962717217767639,0.11118660599049057
RomanianChessFighter2011,2026-07-14,0.06752864061030496,0.08637741662045356,0.17952287759345356,0.11114297827473736
Dxtrmined,2026-07-14,0.05326484543592904,0.08845720923910974,0.19165411546652197,0.11112539004718691
likeablewolf,2026-07-14,0.055126128254402655,0.11876709226864463,0.15940594072931663,0.11109972041745464
arnash_bauyrzhan,2026-07-14,0.0739934518843443,0.07502952049840406,0.1841736724055623,0.11106554826277022
flaviorcb,2026-07-14,0.06196701754292418,0.10256281217417819,0.16858141507809093,0.11103708159839776
Willychess95,2026-07-14,0.06781788586713586,0.08257339169869655,0.18270502365343458,0.11103210040642235
Zhalmakhanov_Ramazan,2026-07-14,0.07529199005330406,0.0929091073979781,0.16486357797473195,0.11102155847533803
Carlos-Axarlian,2026-07-14,0.05933096162906591,0.10118580348640902,0.17253063557885512,0.11101580023144335
olkarchess,2026-07-14,0.06053577020970067,0.1068456492240252,0.1656103916125069,0.11099727034874425
dumbernugget,2026-07-14,0.05504268145673598,0.08589754160355606,0.19202613724870563,0.11098878676966588
thedjoker98,2026-07-14,0.06820769513472401,0.0833737984072777,0.18136407025763687,0.11098185459987953
FM-DavidsonR,2026-07-14,0.05429223877869764,0.0940382411246718,0.18458006992747325,0.11097018327694756
Bertalan1126,2026-07-14,0.049127081635572646,0.09582997660964858,0.18794485258053675,0.11096730360858599
skyethestar,2026-07-14,0.05102351654795426,0.09035883625255454,0.19147507153763427,0.11095247477938103
StankovicIvan,2026-07-14,0.05565202018728679,0.07923853050743351,0.1979284941592746,0.11093968161799832
losageless,2026-07-14,0.05845293714734914,0.10044747138997441,0.1738519601523283,0.11091745622988396
Haykoooo0o,2026-07-14,0.0781797078515321,0.06705952429927721,0.18750106330548383,0.11091343181876438
VishButNotAnand,2026-07-14,0.054627886140167795,0.08828245255004154,0.18982871816869384,0.11091301895296772
Mr_Heisenberg13,2026-07-14,0.08089103354922456,0.06625343545636105,0.18558840384839098,0.11091095761799219
nikitadovbnya2008,2026-07-14,0.058483758562364034,0.07066510818299504,0.20354675407543069,0.11089854027359658
GM_Schlaechter,2026-07-14,0.053536125983262906,0.1073956086897447,0.17172341716898273,0.11088505061399678
jero888,2026-07-14,0.05223804502784781,0.0944816991644047,0.18591271787237967,0.11087748735487739
Metadast,2026-07-14,0.07272066121601682,0.07233104002532244,0.18756918098911904,0.11087362741015276
MadeInLeningrad,2026-07-14,0.05199539344612001,0.1478370941069743,0.13276421308277897,0.11086556687862442
bikbon,2026-07-14,0.05165196952112412,0.08681178790288911,0.19411753406779841,0.11086043049727055
thox_xo,2026-07-14,0.05742131901353871,0.10713141848730727,0.16801124011139806,0.11085465920408134
ChessArchitect64,2026-07-14,0.06925021084905895,0.07694869122958069,0.18635199897598273,0.1108503003515408
Ahmadalrahely9999,2026-07-14,0.05488951773631776,0.09282568164161022,0.18482060598740208,0.11084526845511002
ChessMavenYeti,2026-07-14,0.05844460676707101,0.09575926061250042,0.17832968606904298,0.1108445178162048
jactorres,2026-07-14,0.06230446413844336,0.09939499928679042,0.17081200587729106,0.11083715643417495
HimalLama,2026-07-14,0.06393138524253994,0.09085473442866135,0.17769878302241957,0.11082830089787361
DobrivojPopovic,2026-07-14,0.05250630027606816,0.09424479915553138,0.18571155169989684,0.1108208837104988
shEwAsonlyeLevEN11,2026-07-14,0.05069786143572865,0.08893192238477898,0.19283115566758322,0.11082031316269696
semion03032009,2026-07-14,0.05615083601374281,0.11293230201721316,0.16335276783274022,0.11081196862123206
KazakhFighter04,2026-07-14,0.06266654944165335,0.07353861796562564,0.19622006421700725,0.11080841054142876
Grande_Strategia,2026-07-14,0.052509342086224084,0.0914730376675029,0.18844070939622992,0.11080769638331896
chessydotcom,2026-07-14,0.0723924646213582,0.08500743413576657,0.17492889875876383,0.11077626583862954
karaivosa,2026-07-14,0.058884837641011135,0.10654702383355945,0.16688041482852434,0.1107707587676983
mbchess97,2026-07-14,0.05422613031566154,0.09101901287190936,0.18698952731928348,0.11074489016895146
Elegance_Riks,2026-07-14,0.06601042514866867,0.08750127572373383,0.1786975992343539,0.11073643336891881
GMHess,2026-07-14,0.07264209686820812,0.07931389321165758,0.18023647597679662,0.11073082201888744
Imagine_Drag0n,2026-07-14,0.07499500164762431,0.07358302484313044,0.18354952339469446,0.11070918329514974
Elshan1985,2026-07-14,0.050445907175795314,0.10184248568606538,0.17979034024894086,0.11069291103693385
Aleking03,2026-07-14,0.05708331634411445,0.10895220046114458,0.16602029654063433,0.11068527111529779
TheSlowhandSpecial,2026-07-14,0.05270915679273754,0.10336775788558641,0.17595478995883249,0.11067723487905216
canary2016,2026-07-14,0.055299425212289505,0.0789570265761345,0.19772474091903935,0.11066039756915445
krasavetc,2026-07-14,0.05459814751359127,0.07572254777518553,0.20164825110265894,0.1106563154638119
benkoni_KID,2026-07-14,0.057143484664748355,0.10858922973448965,0.16622257156313539,0.1106517619874578
prxcess_brownie,2026-07-14,0.05515296125750213,0.09154045423982374,0.18520130050773953,0.11063157200168845
bob1263,2026-07-14,0.06966700970741466,0.09010478433486714,0.17211264749343844,0.11062814717857343
Sem1901,2026-07-14,0.0652928926670283,0.08569556136724035,0.1807698427983829,0.11058609894421718
CompletePatzer54,2026-07-14,0.051828570562374277,0.1443973453231661,0.13549753073159929,0.11057448220571321
CrimeFightingSpider07,2026-07-14,0.0743185174408592,0.07706032927482669,0.1803425084823439,0.11057378506600994
AnujShrivatri21,2026-07-14,0.05506706723745407,0.10927016641831956,0.16731768981539158,0.11055164115705507
HelvertHernandez,2026-07-14,0.05110823129499249,0.08929894734157429,0.1912360799483407,0.11054775286163582
lucasderetti,2026-07-14,0.05326281142645851,0.14771769805277954,0.13064039804783975,0.11054030250902593
GolfBeforeChess,2026-07-14,0.05343195718059144,0.08596259909169046,0.19218265972926207,0.11052573866718134
Valeron87,2026-07-14,0.06981739642627734,0.07289627984092163,0.1888366775283616,0.1105167845985202
topalovkramnik,2026-07-14,0.05048967484988856,0.1056613115953082,0.17539751033376189,0.11051616559298622
Tander95,2026-07-14,0.05376736890779683,0.09903425613618357,0.17872985968605054,0.1105104949100103
mohssenbinaddi,2026-07-14,0.05833073655470846,0.07325368135830257,0.1998736166336853,0.11048601151556543
FleursBouquet,2026-07-14,0.05391353356758327,0.1084035941222681,0.16911096429632483,0.11047603066205873
Barath1308,2026-07-14,0.05044235007330632,0.09559609448229403,0.18534087853932532,0.11045977436497523
TheOneTrapMan,2026-07-14,0.05273256626887625,0.08492845343103257,0.19365333006898108,0.11043811658962997
volcanoexplorer,2026-07-14,0.05136215667291213,0.08499748422037633,0.19494068521566807,0.11043344203631884
Chesstrainer1,2026-07-14,0.06890110868892531,0.09089564861811823,0.17150047272903396,0.11043241001202582
Rakesh,2026-07-14,0.055605674923212785,0.07811205570150548,0.19756790468986407,0.11042854510486078
Lily_Schirmbeck,2026-07-14,0.05245872610420374,0.0918746278286916,0.18693789282446216,0.11042374891911917
tamarozi99,2026-07-14,0.06639966629106887,0.09596576517621909,0.1689051897697316,0.11042354041233986
eltenedor,2026-07-14,0.05476720952652461,0.08077009091345363,0.1956882377037791,0.11040851271458578
gospodarsaha07,2026-07-14,0.06412439460438753,0.08926211425016467,0.17783593052208843,0.11040747979221355
flubs,2026-07-14,0.05653526451883973,0.0823785940287489,0.19229754767460583,0.11040380207406482
xozr,2026-07-14,0.05317756484478044,0.08592568205754282,0.19209862171225844,0.11040062287152723
SlavenPastar,2026-07-14,0.05903055873994689,0.07918538934277138,0.1929686475519823,0.11039486521156684
Marianov_Podstavnikov,2026-07-14,0.06644872989221282,0.08415442775984029,0.18057944642422297,0.1103942013587587
SupremeTactician,2026-07-14,0.068514932775576,0.08178314311680517,0.18083076705840292,0.1103762809835947
Taktikmonster,2026-07-14,0.053140094497672305,0.08308964435478321,0.1948979564126598,0.1103758984217051
SchachmattTV_Tobi,2026-07-14,0.049293720684871256,0.0959937567572687,0.18583591964216,0.11037446569476665
RestartingChess,2026-07-14,0.05417236305672606,0.088880173978227,0.18794503739194063,0.11033252480896456
JohnWhite1952,2026-07-14,0.06670424979184027,0.08593823169297399,0.17832641215184455,0.11032296454555295
shrek4life02,2026-07-14,0.06264884050071634,0.07562812264031374,0.19263008012302454,0.11030234775468488
tantaan,2026-07-14,0.05469683759742336,0.093519346863115,0.18262111805295053,0.11027910083782962
RealJerusalem,2026-07-14,0.067527675664069,0.09540776031637296,0.16786755968677344,0.11026766522240512
ForyFo,2026-07-14,0.06091914625837402,0.09797030236467658,0.17191077557988912,0.11026674140097992
Sekar24,2026-07-14,0.05393416338583469,0.09565394088485246,0.18118541004766078,0.11025783810611596
OglazaOskar2005,2026-07-14,0.0583680094588453,0.07224232611569745,0.20008608670206982,0.11023214075887085
OIAM03,2026-07-14,0.056486436038304735,0.10289769752182558,0.17113600267319679,0.11017337874444237
liczner,2026-07-14,0.061172862461332786,0.07775703232356915,0.19158850965244775,0.11017280147911657
KacperPolOK,2026-07-14,0.051623523098877154,0.08340916968803574,0.19545771667122513,0.11016346981937934
MarcSan95,2026-07-14,0.06018018414713246,0.09950866204423399,0.17075024218046506,0.1101463627906105
Jesusesmifuerza,2026-07-14,0.05743685427435458,0.07204368331845082,0.20094643857929417,0.11014232539069986
MrChampion_Coach,2026-07-14,0.07081275933087063,0.06797010437247487,0.1915924005773526,0.11012508809356603
DonPreuss,2026-07-14,0.052376933033693,0.10716036712540923,0.17083412496462078,0.11012380837457432
a_kandil,2026-07-14,0.0518328480155478,0.08606425347159508,0.1924563418538977,0.11011781444701352
angryspacevoid,2026-07-14,0.07747224376620652,0.06994272028439535,0.1828429942104152,0.1100859860870057
Chess_maverick18,2026-07-14,0.054262719266084676,0.1375638812948141,0.13837013863522749,0.11006557973204208
tjallkompall,2026-07-14,0.07147278648377477,0.09096788990540024,0.1676841853887718,0.11004162059264894
elcala,2026-07-14,0.06646605898444528,0.0846637521936478,0.17890296718302592,0.110010926120373
Grebeniuk-S,2026-07-14,0.0508187822594626,0.10670485736246034,0.17247798462086827,0.11000054141426374
Bekkedahl,2026-07-14,0.05601498109202307,0.11238404432148885,0.1616009688268286,0.10999999808011351
Cipy77,2026-07-14,0.05619147027692512,0.07618134337086348,0.19754984844913942,0.109974220698976
Chessexplained,2026-07-14,0.0736452111453091,0.07859011278323622,0.17753502759721593,0.1099234505085871
Arysya,2026-07-14,0.05737530630939966,0.08093899491281673,0.19120002934115668,0.10983811018779104
marianacadilhac,2026-07-14,0.051143032690848786,0.10825884439345666,0.17009792324043851,0.10983326677491466
Ibon17,2026-07-14,0.05404378985750063,0.08639346255303962,0.1890555614174257,0.1098309379426553
danshev16,2026-07-14,0.05148712400493252,0.08705631486186385,0.19094760178576856,0.10983034688418832
dsanchez1973,2026-07-14,0.05631651688767321,0.09984661754602682,0.1732422562455476,0.10980179689308255
cyrdap,2026-07-14,0.054839288256093195,0.09762554184043022,0.1769230179286422,0.10979594934172188
Kushch_Nikolai,2026-07-14,0.051301786870205215,0.08598526074652785,0.19208492537388705,0.10979065766354003
swayamsm,2026-07-14,0.05198956153751797,0.08302544920851701,0.19432410520733648,0.10977970531779048
Dont_be_a_C0unt,2026-07-14,0.05736488251441618,0.10167344589704194,0.17027615328763687,0.10977149389969833
MaestroG,2026-07-14,0.05715235363260537,0.10098513671121868,0.17114786212804994,0.10976178415729132
Daniel_Recker07,2026-07-14,0.05685907749816637,0.11072981983037815,0.16163461419377856,0.10974117050744103
Fumitoks,2026-07-14,0.06942428311514064,0.08175526469000427,0.17798820706234905,0.10972258495583131
papapizza,2026-07-14,0.05055498900267134,0.10522075596230673,0.17331331552100707,0.10969635349532837
Capablanca_Oujda_2021,2026-07-14,0.07528720706725009,0.07644383437033173,0.177354528185618,0.10969518987439993
evgenyermolaev,2026-07-14,0.05712056637608378,0.1091292670698436,0.16283386333953384,0.10969456559515374
TAV_2009,2026-07-14,0.05210250760820513,0.09169069157974592,0.1852665669257792,0.10968658870457675
Semen16,2026-07-14,0.05266572107380636,0.0951736897238646,0.18120731078652288,0.10968224052806462
jarshh95,2026-07-14,0.055954721671282744,0.1120271788002352,0.16106068172405974,0.10968086073185923
Kassimov_B,2026-07-14,0.05224185250220878,0.08552854201987861,0.19126161194290675,0.10967733548833138
kemelgallo,2026-07-14,0.05329324610609363,0.09605526634771784,0.17968054077521964,0.1096763510763437
Naoki,2026-07-14,0.059455820799238106,0.0992591048262501,0.17030051528544074,0.10967181363697631
Dyadya81,2026-07-14,0.07395961330361608,0.08554452652674482,0.16945568082403933,0.10965327355146674
Lasallechess,2026-07-14,0.0522304534246225,0.13641485707544912,0.14024868348522374,0.10963133132843178
Szazados1,2026-07-14,0.057180141978125494,0.10361975404887944,0.16798033108589905,0.10959340903763466
tizpa96,2026-07-14,0.057295638280038474,0.10433644130954073,0.16713044477382336,0.1095875081211342
LionelMessiFCB,2026-07-14,0.05304228662441195,0.08191412637669983,0.19371561823912045,0.10955734374674408
SchieberSpieler,2026-07-14,0.05830189371870813,0.1051831560787229,0.16516987684669068,0.10955164221470724
Kunalm64,2026-07-14,0.053209343533878635,0.08429172257778966,0.1911521116482781,0.10955105925331547
Mata_ratas,2026-07-14,0.058584587220154506,0.10138296276314454,0.1686821471289482,0.10954989903741574
CrgKrishna,2026-07-14,0.04893193562824612,0.10088394779457155,0.1788235289475571,0.10954647079012492
fen_fire,2026-07-14,0.07073325183173922,0.07328501725166545,0.1845846936382618,0.10953432090722215
Berant,2026-07-14,0.0723924646213582,0.08318474656359094,0.17293864935358966,0.1095052868461796
Corporate_Mundo,2026-07-14,0.05376023723261669,0.09496424420048998,0.17978341348785298,0.10950263164031988
DitmanSolo,2026-07-14,0.05160400803498084,0.08159647682851273,0.1951794635348455,0.10945998279944635
VladimirBugayev,2026-07-14,0.0674498707657934,0.08408431453691678,0.17680658829874993,0.10944692453382003
karpovian123,2026-07-14,0.061505292844382504,0.09199532062262872,0.17483064532757203,0.10944375293152775
hasagoodchesser,2026-07-14,0.061714115494742705,0.09531104786246034,0.17121459979284118,0.10941325438334808
nassimzrikem,2026-07-14,0.05187063548110746,0.084583913365429,0.1917444177852481,0.10939965554392818
kngopal,2026-07-14,0.05227649984811086,0.09780036933154643,0.1781220182179739,0.10939962913254374
Albertopierce,2026-07-14,0.05541305414256931,0.0992204228366346,0.17356212690375927,0.1093985346276544
dziththaulydcc,2026-07-14,0.05461109082388393,0.09787437046567547,0.1757092116205617,0.10939822430337369
Kirill_Kopenkin,2026-07-14,0.0554711624475109,0.08820737630101248,0.1844879482063888,0.10938882898497072
chfsbr,2026-07-14,0.05161066590860968,0.09045579527900426,0.18609601215268842,0.10938749111343411
VolodinAlexandr,2026-07-14,0.04740736577867146,0.11146151917988523,0.16907556898134501,0.10931481797996723
Tulipnoir,2026-07-14,0.05679910309546933,0.10585495318625819,0.1652586031493293,0.10930421981035228
exoticprincess,2026-07-14,0.07840663007976353,0.07500353314061271,0.17446839016027138,0.10929285112688254
conscientiousconscious,2026-07-14,0.05165246198000489,0.08978716333538368,0.1864372223295629,0.10929228254831715
Sandstad,2026-07-14,0.05305305651476342,0.08230763982368114,0.19251178037203545,0.10929082557016001
Th3_Hound,2026-07-14,0.05109629076773353,0.08649649107511434,0.190165668554351,0.10925281679906629
AlivodicDario,2026-07-14,0.05545412553999741,0.07883499336428154,0.19345937485408343,0.10924949791945411
RonitLevitan,2026-07-14,0.05263352652007718,0.08559928227433053,0.18948545466993696,0.10923942115478157
schack_vit,2026-07-14,0.0662640465060944,0.0623041489709906,0.19912364472616556,0.10923061340108352
CatLoverPL,2026-07-14,0.052745446444398804,0.10440817413496292,0.17049914365194102,0.10921758807710091
NtcPou,2026-07-14,0.060674269381836954,0.0741930951347509,0.19277390035222688,0.10921375495627157
stefansachy,2026-07-14,0.05150280416863748,0.14010537792189595,0.1360227453480587,0.10921030914619738
Er_is_geen_hoop_meer,2026-07-14,0.05255595773536796,0.08518883743810979,0.18980022214478617,0.1091816724394213
FMJoseHerrera,2026-07-14,0.05473028204796174,0.07768837290877623,0.19511608558341786,0.10917824684671862
Kretinovich,2026-07-14,0.06433021611582805,0.0926792554118484,0.1704687897700808,0.10915942043258575
Tashik,2026-07-14,0.05843940559090058,0.0774764400413459,0.19155611724713315,0.1091573209597932
IrI_Cheetah,2026-07-14,0.05206610125524914,0.10731945848442137,0.16807418780787622,0.10915324918251557
CalculatedRhysks_Youtube,2026-07-14,0.06064322786598892,0.11698034178258197,0.14982218232119876,0.10914858398992322
PDS7603,2026-07-14,0.055926638375102075,0.0768952443786099,0.19457964211612164,0.10913384162327788
kereswasbest,2026-07-14,0.05465904421741889,0.08580425103282702,0.18692955104860112,0.10913094876628233
KuKu33Riya,2026-07-14,0.05262574226889812,0.09110639397724132,0.183657343677088,0.1091298266410758
VMikhalevski,2026-07-14,0.049933845786512755,0.11131792163965053,0.16611815240643832,0.10912330661086721
theoneandonlydaaevik,2026-07-14,0.05804364026660903,0.09839534664282006,0.17079710102245813,0.10907869597729573
dianosky,2026-07-14,0.05294999602109395,0.1029036640927345,0.17137462941569934,0.10907609650984258
Attacker88,2026-07-14,0.055470406626005025,0.11310696453452627,0.1586479045596837,0.10907509190673832
Maksimus1998,2026-07-14,0.07305589989137638,0.06612607460888625,0.18803845180695322,0.10907347543573863
SouS007,2026-07-14,0.051610264823220287,0.10263049021620653,0.17296118605661512,0.10906731369868065
MoldyTofu,2026-07-14,0.06521409112881979,0.0881209864521607,0.17379871387777013,0.10904459715291687
JezozwierzeJedzaWieze,2026-07-14,0.05978229400713504,0.09745037290638443,0.16988481469751882,0.10903916053701275
Kumi29,2026-07-14,0.06795240323846753,0.08698855389974666,0.17216316225666353,0.10903470646495923
NasirAkylbekov,2026-07-14,0.05191883298555595,0.07982740682114922,0.19530931837041052,0.1090185193923719
FrenchHarvey,2026-07-14,0.07850881363568166,0.06683147546848649,0.18170555087424084,0.10901527999280299
luminous9888,2026-07-14,0.05366603943474713,0.09571692301097298,0.17757149346204368,0.10898481863592126
Unmerciful_life,2026-07-14,0.052824830827026034,0.09631910644769551,0.1778024226998153,0.10898211999151226
r31415,2026-07-14,0.07646654985535066,0.05791533403009898,0.19253095980566134,0.10897094789703698
Roland_Garros_2024,2026-07-14,0.0554301499266806,0.08620534426547953,0.18525422845340198,0.10896324088185404
AquaPython,2026-07-14,0.05129380800734113,0.08342196877666906,0.19216438633221664,0.10896005437207561
arturdailima,2026-07-14,0.06223146674858307,0.06904529785155687,0.1955833925796991,0.108953385726613
GuyTaf,2026-07-14,0.05151673943318618,0.10535391053620499,0.1699760701773746,0.10894890671558859
lagedema,2026-07-14,0.052540203223923866,0.08357124396136476,0.19066376847508346,0.10892507188679068
randomo,2026-07-14,0.061426359378321006,0.07083161563810127,0.19451073628877397,0.10892290376839875
Zeitnot-30,2026-07-14,0.05019457939891923,0.11431553105066612,0.16223829107876803,0.10891613384278447
Respectful_Dave,2026-07-14,0.04804074718833733,0.09986234843895284,0.1788099511522175,0.10890434892650254
dinujayakodithuwakku,2026-07-14,0.05285685402551375,0.0927086319184965,0.18108248070629174,0.10888265555010067
Chessdreamer2001,2026-07-14,0.055605674923212785,0.07684125857190058,0.19413736933951042,0.10886143427820794
GatoRojo150,2026-07-14,0.06604457930762876,0.08526917810714657,0.17524853422354109,0.10885409721277213
SarochaChuemsakul,2026-07-14,0.05576212374102213,0.07271683048336076,0.1980593622446926,0.10884610548969183
Yevhen_Taranenko,2026-07-14,0.05776319745818732,0.1097334506087385,0.15902881380332137,0.10884182062341574
chess_cryptoworld,2026-07-14,0.06828355926811079,0.08163831065275406,0.17657488628717943,0.1088322520693481
theblitzchamp,2026-07-14,0.049647319294987724,0.10981625030293242,0.16700261851405,0.10882206270399004
UnoScaccoNelBuio,2026-07-14,0.05161066590860968,0.08517304824571817,0.1896166214175533,0.10880011185729373
JLL2006,2026-07-14,0.04929706643064458,0.1457287935233036,0.13136875558181416,0.10879820517858745
EdenHazard8,2026-07-14,0.05409731026460041,0.07979067311349151,0.19247213146615838,0.10878670494808344
Buzhizhebuguai,2026-07-14,0.0530141916860282,0.08214808660458388,0.19118927487748713,0.10878385105603307
TheDuck,2026-07-14,0.05257609753805026,0.08038951234540935,0.19338194531384276,0.1087825183991008
TieuAnhNgan,2026-07-14,0.04798011606598357,0.10192700515976207,0.17643470580694134,0.10878060901089566
Tutanero97,2026-07-14,0.06176229749569706,0.08990514137873293,0.1746089819445535,0.10875880693966115
BUFFYPIZZA,2026-07-14,0.05064499583864693,0.09130897408227472,0.18430671462292864,0.10875356151461675
Argentino1,2026-07-14,0.05102376586729261,0.1403373111161847,0.13486914285906823,0.10874340661418185
AsianMaster2501,2026-07-14,0.060085695030175836,0.09157688426024942,0.17453137465402463,0.10873131798148329
Sharan_Rao,2026-07-14,0.05533891877965321,0.08291194804402756,0.18788225307784082,0.10871103996717386
David_Arutinian,2026-07-14,0.0507591973744411,0.08715124913222119,0.18821551805278725,0.10870865485314984
Nicolas_DeLaColina,2026-07-14,0.06205810570198199,0.07229533073239207,0.1917451402183012,0.10869952555089175
LucaProtopopescu,2026-07-14,0.052077914321403185,0.13591479252006017,0.1380329504502303,0.10867521909723121
zuzannaklara,2026-07-14,0.051873427774643883,0.09825250509463185,0.17587470716102277,0.1086668800100995
olintoarthur,2026-07-14,0.05945177889003124,0.09829490129959419,0.16825157448866104,0.10866608489276215
YoungMarcus03,2026-07-14,0.057221500097194795,0.1014686019494083,0.1672982285839695,0.10866277687685753
ENajer77,2026-07-14,0.06897208427219349,0.07805944793971613,0.17894902964861503,0.10866018728684156
LunaTheTuna2013,2026-07-14,0.058680371399421324,0.09270437701461914,0.1745734487584401,0.10865273239082686
Tagliata,2026-07-14,0.05647218313209791,0.07077762110870635,0.19866591094087982,0.10863857172722802
kibromNNN,2026-07-14,0.058718428906180314,0.10300653895037891,0.1641520207067263,0.1086256628544285
ExceptionallyDubious,2026-07-14,0.05374599287029405,0.13430042348064283,0.13778865481892189,0.10861169038995293
Tugrik1969,2026-07-14,0.06522942092223408,0.0853158091350213,0.17528805347441861,0.108611094510558
benignaaa,2026-07-14,0.053498290721498795,0.09206583031927822,0.18022077216299082,0.10859496440125593
FXDon77,2026-07-14,0.05332875870885427,0.09354194247388889,0.17888961741800696,0.1085867728669167
sumadrecucho,2026-07-14,0.05135227502325863,0.13726348648026146,0.13705454738749817,0.1085567696303394
akretchetov,2026-07-14,0.059642145440050955,0.10026864579176059,0.16568141268716274,0.10853073463965808
Hugo-Berthier,2026-07-14,0.05245777362199829,0.08395179105567613,0.18910798501432205,0.10850584989733215
jonady1,2026-07-14,0.05558868725553471,0.11114033508321636,0.15873078177461036,0.10848660137112047
Partytime1126,2026-07-14,0.06342807469903275,0.08660947564545277,0.17541309311715342,0.10848354782054631
Luca020707,2026-07-14,0.05119918434468109,0.13692208180311455,0.13726818394644932,0.10846315003141499
AtabayevSaparmyrat,2026-07-14,0.05297587851573898,0.07952010183916354,0.19280152472485168,0.1084325016932514
CRObliterator,2026-07-14,0.05275423405955142,0.08450243299013845,0.18802848620146584,0.1084283844170519
chessmateto,2026-07-14,0.05829808343546811,0.10336035719728741,0.16355446489221317,0.10840430184165624
biveklama,2026-07-14,0.05023909616978432,0.08126264052634218,0.19367604194646615,0.10839259288086422
Tricky_voldemort,2026-07-14,0.04935718260899623,0.1448888240127923,0.13092942864240587,0.10839181175473146
OTSz,2026-07-14,0.05035382598008564,0.10936008899615439,0.16538139049790984,0.10836510182471663
Dreamer_01,2026-07-14,0.052387210169186536,0.07863362077091136,0.19405914022727144,0.1083599903891231
Apocalyps999,2026-07-14,0.0771233163113802,0.06652275878523341,0.1814201430548695,0.10835540605049436
Belka1989,2026-07-14,0.05010411927933768,0.08495821700042215,0.18993536545967035,0.10833256724647673
LornerAcosta,2026-07-14,0.05403748942005645,0.07628820473165976,0.19465162288044535,0.10832577234405387
zmarian,2026-07-14,0.057286567420137616,0.10035165131562183,0.167300918285433,0.10831304567373083
topotun,2026-07-14,0.05150245668047782,0.10232505123602204,0.17111147994044684,0.10831299595231557
RIPOL,2026-07-14,0.055261755455507974,0.07588651221989304,0.19373137961013406,0.10829321576184503
shyam,2026-07-14,0.052066996361125925,0.0804343811135085,0.19235085150687325,0.10828407632716923
Lion_68,2026-07-14,0.06803510899707899,0.08660665798908315,0.1702021803585332,0.10828131578156512
martinbitel,2026-07-14,0.058519666817272255,0.0696811580654144,0.196620778903331,0.10827386792867255
Abd-2025,2026-07-14,0.05068981094336708,0.09711760249837886,0.17699147114546832,0.10826629486240476
pedro_gines,2026-07-14,0.05158218381696936,0.0786898256619195,0.1945162515138691,0.10826275366425264
alex1531,2026-07-14,0.05214958958991105,0.08212702004808027,0.19050542975741774,0.10826067979846969
Saxar85,2026-07-14,0.0486864551939444,0.0937151378108208,0.18237533197976802,0.10825897499484442
aunqa,2026-07-14,0.05234558948580505,0.12876354302153586,0.14364450215394006,0.10825121155376032
thesmallergreek,2026-07-14,0.05038495612872476,0.1427515938293552,0.13160733259019786,0.10824796084942594
WildTricks,2026-07-14,0.07441736568533873,0.07206352136850688,0.17822317244347696,0.10823468649910752
KarateBaby,2026-07-14,0.07071158111274321,0.06507081087581226,0.18886658627609823,0.10821632608821789
SuchAnEasyWinBro,2026-07-14,0.05429366564990734,0.11508982394286921,0.15523800628877957,0.10820716529385203
binobike64,2026-07-14,0.05467281476719782,0.1066905791512793,0.16324577491502568,0.10820305627783426
harperchesstt,2026-07-14,0.051419128000326476,0.09803444070683759,0.17514458352240875,0.10819938407652425
IlSultanoo,2026-07-14,0.05253832718327991,0.10024755063092786,0.17175725191975882,0.10818104324465554
Back1nBusiness,2026-07-14,0.05971774164212639,0.09453659439699773,0.1701781646248321,0.10814416688798541
AC-008,2026-07-14,0.05605351326031182,0.10667421724147819,0.1616731031391755,0.10813361121365517
ftorodent,2026-07-14,0.0667087517350218,0.07906531628447461,0.17851245190777873,0.10809550664242505
Pelusiansky,2026-07-14,0.053647687100990424,0.07708411899212123,0.1935211250812143,0.10808431039144199
Tramontanaaa,2026-07-14,0.07412517055599815,0.069896364933608,0.18014014037125872,0.10805389195362163
ArrestingPieces,2026-07-14,0.05211308387021232,0.08703077737637682,0.1849974024379841,0.10804708789485774
Tactrics,2026-07-14,0.07584295392670906,0.06960314328601606,0.17862974226191086,0.10802527982487865
Orujov2008,2026-07-14,0.06874988101685986,0.07800868295698098,0.17707116172634552,0.10794324190006212
Kazan28,2026-07-14,0.05120123510411886,0.08027508426006562,0.19235092471855772,0.10794241469424741
Ankit23201,2026-07-14,0.053694236976339196,0.09032870543741797,0.17979418555242813,0.10793904265539511
babbilator,2026-07-14,0.052050153150939055,0.0805275853717072,0.19121769431764335,0.1079318109467632
Z3itnot30,2026-07-14,0.050074724092885894,0.143077805619483,0.13059948451820458,0.10791733807685783
Ralfwin,2026-07-14,0.07331426185393683,0.07243039737986609,0.1779870688033677,0.10791057601239022
motivated_bishop,2026-07-14,0.0523998009919493,0.07854830430613395,0.19275614724002096,0.1079014175127014
MergenKakabaev,2026-07-14,0.052568412389565757,0.07672996590998908,0.19433706142562232,0.10787847990839239
Machteld145,2026-07-14,0.07131884781190712,0.06318539817287613,0.1891133039344599,0.10787251663974773
laurent2003,2026-07-14,0.05182460721818164,0.08250831925872325,0.18928378882131472,0.10787223843273987
spicycaterpillar,2026-07-14,0.05908611933704487,0.10301474288722329,0.16148305748521302,0.10786130656982706
Goughfather,2026-07-14,0.05138476180044146,0.09033000479828847,0.18186222516781933,0.10785899725551641
Hsper248,2026-07-14,0.055057525569552075,0.06820897612965766,0.2002112542335661,0.10782591864425861
Saidov_B,2026-07-14,0.05616764107591707,0.12061586753423509,0.14668174850100762,0.1078217523703866
RahmanAdel,2026-07-14,0.0747034688860995,0.07413150811694368,0.17461423837028328,0.10781640512444214
BaDi50,2026-07-14,0.060128810255527805,0.06948421487077125,0.19383449465764443,0.10781583992798116
Skybloues,2026-07-14,0.053037273007024044,0.09742210239172962,0.17290016457411725,0.1077865133242903
aridannie,2026-07-14,0.0518328480155478,0.07860930624848349,0.19287961124121736,0.10777392183508287
ProphetReborn,2026-07-14,0.0592392199547824,0.06689279163322553,0.19717488201034822,0.1077689645327854
Robert_Chessmood,2026-07-14,0.053612643696050115,0.10203565809387741,0.16762805111534174,0.10775878430175641
georgevlassis5,2026-07-14,0.059679481730522406,0.09656210703695324,0.16693604780725324,0.10772587885824296
Vorobei1978,2026-07-14,0.05085177251447096,0.09340902999769067,0.17883799335653325,0.1076995986228983
SultaiChyngyz,2026-07-14,0.06965836290076957,0.06772961442270667,0.18565139782136808,0.10767979171494811
Valiyev_Shahin,2026-07-14,0.05198956153751797,0.07551110455999087,0.19553639333689504,0.10767901981146795
patzersame,2026-07-14,0.056492609319554785,0.06888022014040122,0.19763847589948264,0.10767043511981289
jjbolanos,2026-07-14,0.05539319682757759,0.08162224350602557,0.1859061060190518,0.10764051545088499
olga-belka,2026-07-14,0.055151561658211376,0.06837190921158298,0.19938669936542822,0.10763672341174085
SacSacMate,2026-07-14,0.056569518335462254,0.10269212786154332,0.1635679121671283,0.10760985278804462
suneebaker,2026-07-14,0.06359860875886512,0.09330929055342453,0.16591793910283745,0.10760861280504237
akro_chess,2026-07-14,0.04897274225772099,0.1423627735597015,0.13146060093577566,0.10759870558439939
honzaceka,2026-07-14,0.049212599176701725,0.1434564165190306,0.13008137030569,0.10758346200047413
RAlfaya,2026-07-14,0.0552033910309238,0.10927329762584004,0.1582507573020057,0.10757581531958986
Batko_2010,2026-07-14,0.056382705568740706,0.0955737776428834,0.1707232599607432,0.1075599143907891
Eivissa,2026-07-14,0.0561062546139189,0.10056746061834851,0.1658357906717745,0.10750316863468064
Komal_Kishore_Pothuri,2026-07-14,0.050757544711073466,0.09939897084371067,0.1723460087964382,0.10750084145040745
Vahe_Danielyan,2026-07-14,0.05554261238628673,0.06528190879417471,0.20155270476602574,0.10745907531549574
drinbet,2026-07-14,0.07116401951785058,0.08389553851383491,0.16731060869794423,0.1074567222432099
Ritual2003,2026-07-14,0.05188115184973211,0.11297644313082772,0.15747037076054318,0.10744265524703434
DFeco,2026-07-14,0.05204335392608014,0.0765656908053373,0.19368226745558026,0.10743043739566589
Juwen,2026-07-14,0.0508370158121029,0.0774441210075023,0.1939292092320754,0.10740344868389352
JeFumeDesClopes,2026-07-14,0.05177592280161282,0.07840218686389584,0.19201524565905237,0.10739778510818702
Flora,2026-07-14,0.05331351292632447,0.09653597033328153,0.17234003598638586,0.10739650641533062
NewYearGirl,2026-07-14,0.06879837645960249,0.08434893230019185,0.16897173034634075,0.10737301303537834
sau6on,2026-07-14,0.06826620330190575,0.07346713559330666,0.18030129827500851,0.1073448790567403
konzip22,2026-07-14,0.05305319080041001,0.07258085382609293,0.19632625388918812,0.10732009950523036
Coach_Istvanovszki,2026-07-14,0.049332700559938124,0.09269865994438194,0.1798466376179933,0.1072926660407711
KhazhatulyAlikhan,2026-07-14,0.05273602508288023,0.07498713395859628,0.194130023612447,0.10728439421797449
ragnaroek66,2026-07-14,0.04995103626843771,0.07932824637520897,0.19257178913583836,0.10728369059316167
splendidkid,2026-07-14,0.059637142633880376,0.09785294127957896,0.1643287677100291,0.10727295054116281
HusainNakara,2026-07-14,0.052680910516504545,0.09663962768270945,0.17247513895910344,0.10726522571943914
Aureliano-Buendia,2026-07-14,0.06126526684785017,0.0894203093043457,0.17107218978131986,0.10725258864450525
DrKerfuffle,2026-07-14,0.05158218381696936,0.07423162322764204,0.19588504824395675,0.10723295176285604
buenamor1972,2026-07-14,0.05243448979875292,0.09322045189609246,0.17601997627936458,0.10722497265807
Pomegranate988,2026-07-14,0.04918481389248077,0.09923932622352256,0.17306360471940502,0.10716258161180277
KRSilva,2026-07-14,0.05767526904042426,0.0705175221453183,0.1932573521104108,0.10715004776538446
luksona14,2026-07-14,0.052671459898530226,0.07537636487287797,0.19336148291461266,0.10713643589534028
Heydarli77,2026-07-14,0.06655825534653358,0.08094233443622988,0.17387660828155987,0.10712573268810777
Sassy_Strawberry,2026-07-14,0.05832405451640538,0.09543034368487809,0.16757591725269705,0.10711010515132684
Dinosaurio_1975,2026-07-14,0.06720498753193406,0.07943505520593745,0.17467054056025422,0.10710352776604191
traack,2026-07-14,0.05179944098288509,0.07841954541390274,0.19108233613300535,0.10710044084326438
jstopa4,2026-07-14,0.05147260516780933,0.07735823350290574,0.19243410194369434,0.10708831353813647
Ajedrecista3000,2026-07-14,0.06763674188819785,0.07500815162239885,0.17858140174324358,0.10707543175128009
Zallio,2026-07-14,0.0505446986531046,0.09054083555522269,0.18012331439904433,0.10706961620245721
VeraVujovic,2026-07-14,0.055934475642289185,0.07201297200509205,0.19324420323258817,0.10706388362665646
AndrewB92,2026-07-14,0.06903077768509142,0.0724473816516191,0.17960482839101108,0.10702766257590719
SVijayalakshmi,2026-07-14,0.06510570435196522,0.09661105697309327,0.1593302336491301,0.1070156649913962
watermelonattackk,2026-07-14,0.051774906856653,0.08784516475482324,0.18141276454198724,0.10701094538448781
bobo_panda,2026-07-14,0.05090101328131832,0.09424993046264311,0.1758600870634452,0.1070036769358022
RodTwinkz,2026-07-14,0.05176904642288497,0.09918319601718512,0.17002845692297913,0.10699356645434972
Marianta2013,2026-07-14,0.05680454030613791,0.09790446822819814,0.16626835482567448,0.10699245445333684
Winner_7777,2026-07-14,0.05197785289477742,0.07704872302611053,0.19194299774701917,0.10698985788930238
AdvanceGuard4,2026-07-14,0.05329612546629847,0.07340204328345332,0.19427096693120077,0.10698971189365085
Garmendiarov,2026-07-14,0.06285142865461954,0.08352834504679846,0.1744113546726894,0.10693037612470246
Aliso4ka_pirozhok,2026-07-14,0.0505322436374702,0.09008018536812591,0.18016933744085736,0.10692725548215117
Yolosz,2026-07-14,0.052629692085025236,0.08325602517622271,0.1848870377200782,0.10692425166044206
YaWaleriy,2026-07-14,0.0676389503324508,0.08655253295615616,0.16657246852716184,0.10692131727192293
marszach123,2026-07-14,0.07139063444523984,0.06994484657181482,0.17937929472332578,0.10690492524679347
treadstone_71,2026-07-14,0.0572562721192805,0.06501103199818384,0.19841138111093615,0.10689289507613349
Suarez928,2026-07-14,0.048708748702386354,0.09114346174244227,0.1808191110048817,0.10689044048323677
JesusChristMyLivingHope,2026-07-14,0.05640893035259141,0.10080662536245237,0.16339833257402028,0.10687129609635469
Eesha-Karavade,2026-07-14,0.06931897260369156,0.06535375891255733,0.1859301445648968,0.1068676253603819
Indefatigable11,2026-07-14,0.05472160785751455,0.07934354568735641,0.18651622274207494,0.10686045876231531
MattyDPerrine,2026-07-14,0.06173636306014259,0.08301416179433953,0.1757656089665245,0.10683871127366888
yoolund,2026-07-14,0.0553582004011485,0.10670508685391915,0.1583928412844861,0.10681870951318458
Eternauta2400,2026-07-14,0.06851052164100487,0.0712652275462632,0.18067853521875368,0.10681809480200725
Necromon,2026-07-14,0.05092112549458415,0.07792810630834604,0.19149590884788986,0.10678171355027334
JuniorJumper,2026-07-14,0.057469754401168846,0.06719670092276263,0.1956335865340825,0.10676668061933799
RRRntr123,2026-07-14,0.05031986453005674,0.08707059958727684,0.18290016130288012,0.1067635418067379
Daniel_Salinas,2026-07-14,0.06395018263377583,0.06314851157637359,0.1931855678514547,0.10676142068720136
KamlaPasand,2026-07-14,0.05497483037502423,0.07067817014324312,0.19461842946684282,0.10675714332837005
Jasonliu02,2026-07-14,0.051090150578398344,0.09481908176974055,0.17432534297162378,0.10674485843992089
Roenko_Artur,2026-07-14,0.06630409278651847,0.08941067462465557,0.164485736551748,0.10673350132097402
Killertoy,2026-07-14,0.06876068515356862,0.08896895580579516,0.1623578750141504,0.10669583865783805
sina101,2026-07-14,0.05424118816811081,0.08775153887827761,0.17799354587869487,0.10666209097502777
fm24601,2026-07-14,0.053037273007024044,0.09559988703227314,0.17120603298967546,0.1066143976763242
udithj22,2026-07-14,0.05135339757464335,0.0898032455498456,0.1786704746569566,0.10660903926048186
The_filthy,2026-07-14,0.0765179162755643,0.07547552072946778,0.16782696977882833,0.10660680226128681
Aanna12,2026-07-14,0.056075857465647194,0.06798893896219467,0.19573714266422573,0.10660064636402254
EggLoser,2026-07-14,0.05434478437343044,0.07492162668602435,0.19048341444157602,0.10658327516701027
PaimpolExpress,2026-07-14,0.06908852845100483,0.08552468021358234,0.1650576651682136,0.10655695794426694
aceontheturn,2026-07-14,0.05123804138209115,0.07586966163807898,0.19252542957172586,0.10654437753063199
Kavyev_Ruslan,2026-07-14,0.06679361828296572,0.08107634332373341,0.17176204758725686,0.10654400306465199
Pastore1978,2026-07-14,0.05290339160718651,0.07296059822732624,0.19373771566436868,0.10653390183296048
danak2007,2026-07-14,0.05919961819952236,0.0910181696721443,0.16931341204919337,0.10651039997362
axlbvRR,2026-07-14,0.050893204043722974,0.0808344331344901,0.18775668761196634,0.10649477493005981
dynkshell,2026-07-14,0.048926675341956744,0.11305654008214505,0.1574955916436706,0.10649293568925748
Kazancev_Valerij_M,2026-07-14,0.06000089542454185,0.08881599875143031,0.17062594490291424,0.10648094635962879
Redbandit87,2026-07-14,0.05417070849698286,0.08212252444314469,0.1831487616138606,0.10648066485132938
babero_gordo,2026-07-14,0.052666131659190644,0.07758674309564009,0.18916711789330556,0.1064733308827121
LikelyChess13,2026-07-14,0.04582352824139467,0.14575310146750203,0.12783361647870983,0.10647008206253551
ChesscularGodofchess,2026-07-14,0.052076415718585886,0.07699655950095793,0.1903226026723955,0.10646519263064642
nicolasulaneobelassi,2026-07-14,0.052901872226226714,0.09532264143337446,0.17116312333618258,0.10646254566526125
smallbaba,2026-07-14,0.05420444176314762,0.11083652483533818,0.15429519951492432,0.10644538870447003
Danny_Billiards,2026-07-14,0.056878774942934286,0.06570804444218296,0.19672210477295246,0.1064363080526899
wallowss,2026-07-14,0.055279050425523606,0.07347563478913152,0.1905514657363974,0.10643538365035084
Matthew_Clarke,2026-07-14,0.06952798160669849,0.06754663482770941,0.1822261404148711,0.10643358561642631
neistoviupryam,2026-07-14,0.049185297300505464,0.09705557456161504,0.17302974198638488,0.10642353794950181
Arifarsky,2026-07-14,0.06756934613292456,0.06991578048561045,0.18175824090052256,0.10641445583968585
mariofs,2026-07-14,0.056747355202236595,0.06639167469977096,0.19606329669912753,0.1064007755337117
3Ke31-0,2026-07-14,0.049380401241478744,0.10567195872099105,0.16413099783764606,0.10639445260003862
Greguer,2026-07-14,0.06456622970823234,0.08234301124956787,0.17223434306489943,0.10638119467423322
sammartin99,2026-07-14,0.06686845338838039,0.07777666019117536,0.174459237429725,0.10636811700309358
ElenGajger,2026-07-14,0.05155653423480815,0.07475588929031887,0.1927406665744137,0.10635103003318025
RobertJFischer71,2026-07-14,0.05190346584370459,0.07214900856649799,0.1948671223586442,0.10630653225628227
Akrakan,2026-07-14,0.06132933319343496,0.060582355317512,0.1969957856646512,0.10630249139186605
rrgchessmaster05,2026-07-14,0.056106797366414544,0.06372992768042712,0.19904529002852556,0.10629400502512241
TheCount,2026-07-14,0.05152233800122233,0.0769265733808577,0.19036027096938615,0.10626972745048872
PenguinPacks,2026-07-14,0.051549786413229035,0.07339702118353016,0.19385577708086843,0.10626752822587587
HittingRookBottom,2026-07-14,0.05092814057088879,0.1340303539169175,0.13374808630160517,0.10623552692980383
MarcLonoff,2026-07-14,0.05115808820172843,0.09106194421877423,0.17632348977301476,0.10618117406450582
pokochajszachy,2026-07-14,0.07318133909376075,0.07567793624767333,0.16957041392065353,0.10614322975402919
vraghav2010,2026-07-14,0.04916388267928279,0.13816796396790665,0.1310406809088549,0.10612417585201478
Alex_Terzi,2026-07-14,0.06711353980769057,0.07107092564636508,0.18016100790043585,0.1061151577848305
TigranMukhutdinov,2026-07-14,0.06745673534776786,0.09403683910823123,0.15679772434529313,0.10609709960043075
New_Player_0010,2026-07-14,0.058412184604417605,0.09398583306165997,0.1658866875511359,0.10609490173907116
Jackalhead_Anubis,2026-07-14,0.0576156808369735,0.0644863738797435,0.19615178895774318,0.10608461455815339
Sajid0987654321,2026-07-14,0.052280269775062956,0.1326027423235338,0.13336152745603147,0.10608151318487608
ColErranMorad,2026-07-14,0.051861162520173976,0.08672989719281726,0.17959653484847507,0.10606253152048876
GM2050PN,2026-07-14,0.04682336207344044,0.14070286072262933,0.13062343686829483,0.1060498865547882
Steven_Rojas,2026-07-14,0.0606856645353768,0.09089580924366324,0.16655706705953463,0.10604618027952488
boat2009,2026-07-14,0.0490094926493659,0.13936463013148423,0.12975066369610455,0.10604159549231823
RodriQA,2026-07-14,0.05090101328131832,0.08132165799870075,0.18589183927264458,0.10603817018422122
Snegokhod,2026-07-14,0.0502476109943435,0.09790336542046629,0.16991708537554612,0.10602268726345197
ALRS-SPS,2026-07-14,0.0672938070855192,0.06669423773373692,0.18407871917428464,0.1060222546645136
Mazetovic,2026-07-14,0.05755647855265797,0.06571622004801272,0.19478020830342457,0.10601763563469842
josiwales,2026-07-14,0.056710607354310744,0.059791525707610746,0.20146011258149643,0.10598741521447264
Kensei26,2026-07-14,0.05570554750798266,0.09953432197939922,0.1626566389616631,0.10596550281634833
WinterVault,2026-07-14,0.051626267827698816,0.09476971851035884,0.17147046990684417,0.10595548541496728
Caleb_Klenoff,2026-07-14,0.05322371920899838,0.07712869248303758,0.18746222809716065,0.10593821326306553
Unskibidirizzler11,2026-07-14,0.054712418668223635,0.07349742777818682,0.1895735074348075,0.10592778462707264
Ellaijio_B,2026-07-14,0.06795029015366141,0.06978832292459987,0.18003349328381854,0.10592403545402662
melissa_guez,2026-07-14,0.05280459459907044,0.07281491121951643,0.19211331156684877,0.10591093912847856
Muifel,2026-07-14,0.05169630239864902,0.07516883400880224,0.19081276713286272,0.105892634513438
JoseRemolar,2026-07-14,0.07383382189477415,0.07405476037791905,0.16967924770969173,0.10585594332746164
manipun1,2026-07-14,0.05506722732674887,0.072785548486831,0.18970272968736052,0.10585183516698012
marekpolska,2026-07-14,0.05115808820172843,0.0849592533215593,0.1814327088110564,0.10585001677811472
KacperKacprzak,2026-07-14,0.04963504837090139,0.10015924788588036,0.16775018247655357,0.10584815957777845
Sic_Transit_GM,2026-07-14,0.06464801242137629,0.08275979577502969,0.17009036501615654,0.1058327244041875
abeljusto,2026-07-14,0.04779370693726071,0.09579953107467544,0.17386829656630756,0.10582051152608124
Naruna_Chan,2026-07-14,0.06521537110072671,0.09197065613089671,0.16025838024832215,0.1058148024933152
oneshot007,2026-07-14,0.06869326656624271,0.0666875616057504,0.18193195129307413,0.10577092648835573
Gmedmundo,2026-07-14,0.04900339615087647,0.09096105859920568,0.17732101775279369,0.10576182416762529
winniethepooh04,2026-07-14,0.06948964480326124,0.08344273242729817,0.1643489671805354,0.1057604481370316
DirtyKabab,2026-07-14,0.05170058111478017,0.08101013690160203,0.18455831199878264,0.10575634333838828
CeylonismCW,2026-07-14,0.04918804121838372,0.14142022221151576,0.12654164041569418,0.10571663461519788
Chesscoach_uk,2026-07-14,0.07443688235949389,0.09020390829114829,0.15249649510876156,0.10571242858646791
Kamduki,2026-07-14,0.051857203305441364,0.1027673950094018,0.16246837111021242,0.10569765647501854
Nab_c,2026-07-14,0.05096197943172714,0.1323617638075197,0.1337559187799581,0.10569322067306831
Beast_Pepper,2026-07-14,0.04995815341223852,0.1369677318603701,0.1301395534132253,0.10568847956194465
RBKaissa,2026-07-14,0.05115808820172843,0.07851057644376305,0.187393337134855,0.10568733392678216
anon6121824,2026-07-14,0.07698718804927678,0.0638749919902956,0.17619070936869943,0.10568429646942394
seorobert1971,2026-07-14,0.07487895898890273,0.06869017712391355,0.17348074389441412,0.10568329333574349
KingCrusher275,2026-07-14,0.05248450129635918,0.07435755829397296,0.190168986578451,0.10567034872292773
binhminh2000,2026-07-14,0.048158985015008496,0.1393712865262101,0.12947177977496666,0.10566735043872842
morozcoma,2026-07-14,0.05331750982318123,0.08086872984356733,0.18278098578305232,0.1056557418166003
GMJankovic,2026-07-14,0.046665631449234635,0.1417697143583802,0.12847082778470362,0.10563539119743948
serefra99,2026-07-14,0.05369656514231261,0.06875041754956755,0.19438782823235115,0.10561160364141044
Kate1606,2026-07-14,0.05159386802884922,0.07269835966960429,0.1925198326721601,0.10560402012353787
jimmy-schlumpf,2026-07-14,0.06022621738740183,0.07874509762676785,0.17776496511197362,0.10557876004204776
messiboca,2026-07-14,0.04916878843564314,0.0905787207965837,0.176966044031725,0.10557118442131729
snchin,2026-07-14,0.05168137116437022,0.08766758504149093,0.17728302538077498,0.10554399386221204
Antek_Radzimski,2026-07-14,0.04797659400636536,0.08639162608375096,0.1822223268781114,0.10553018232274258
smotherhubbard,2026-07-14,0.048267404288671184,0.08915239368662871,0.17913090356716146,0.10551690051415379
RaneshRatnesan,2026-07-14,0.051438625955615824,0.08644352505171955,0.17866084358736958,0.1055143315315683
Suduvasachmatai,2026-07-14,0.05283092788841463,0.07126989871459209,0.19240575825743325,0.10550219495348
gorgeous1083,2026-07-14,0.06365069994739174,0.08524588932441922,0.16755633361489453,0.10548430762890182
quietsunset,2026-07-14,0.04820960064477416,0.08763509717235919,0.18055475511782818,0.10546648431165384
ODreamchess,2026-07-14,0.053150531759630415,0.07376692535263883,0.18942980839662338,0.10544908850296421
LoydBlankenship,2026-07-14,0.0715344309166331,0.06002996557231597,0.18478223298561525,0.10544887649152145
Chocolate_pieces,2026-07-14,0.05228834757980258,0.08444509695528686,0.17953845759293827,0.10542396737600923
FunnyDuck66,2026-07-14,0.06908449672075447,0.07106259418897315,0.17606865127376153,0.10540524739449637
RealKevinQin,2026-07-14,0.05061837317159893,0.08819743658136625,0.17735797821495491,0.10539126265597336
Alex-11211,2026-07-14,0.051385424736428036,0.08922500348591081,0.17550875159711787,0.1053730599398189
W1lly_Wonka,2026-07-14,0.049180052006530264,0.10682433064396517,0.1600524929401474,0.10535229186354761
AdrianMartelli,2026-07-14,0.051168976875375444,0.08998344502835318,0.17488663685157158,0.1053463529184334
BursaBBSatranc,2026-07-14,0.0558373350053719,0.10350841512101976,0.1566738653147772,0.10533987181372295
visa,2026-07-14,0.0602801680882972,0.08376702302792911,0.1719500194012185,0.10533240350581495
beatles_22,2026-07-14,0.061234061140355886,0.09017839273034074,0.16457012434783624,0.10532752607284429
Badlyplayed,2026-07-14,0.07573474071375304,0.07032599530300794,0.16988832934747367,0.10531635512141153
Pitomina,2026-07-14,0.05148712400493252,0.07323187076339453,0.191125376367303,0.10528145704521003
baag,2026-07-14,0.05564361722390894,0.06918679993546234,0.19095429157633376,0.10526156957856835
PassedPawnMustPushed,2026-07-14,0.07528120906525979,0.07063151267569277,0.16986218475252873,0.10525830216449376
TV27,2026-07-14,0.059746902529964535,0.08476957543987483,0.17102390497730974,0.1051801276490497
Beaterawn,2026-07-14,0.05164768384513153,0.08296836180832325,0.18089801779436093,0.10517135448260524
FS_195,2026-07-14,0.049212599176701725,0.1369743195032134,0.12926915560666524,0.10515202476219347
KennethAlex,2026-07-14,0.05005900342507436,0.10333059011852307,0.16200121213337604,0.10513026855899116
EdenDzung06,2026-07-14,0.050825776137000976,0.088884765571513,0.1756751375560431,0.10512855975485236
HZMC92,2026-07-14,0.05126196380074052,0.0858386368561428,0.17828453799019373,0.1051283795490257
Lupul_Cenusiu,2026-07-14,0.06565878684321735,0.0804529826209182,0.16924145661354423,0.10511774202589326
NeverW84M8,2026-07-14,0.06620129109926316,0.08084172199632221,0.16829872318384442,0.10511391209314326
AttackSparrow,2026-07-14,0.050006868486179024,0.08335310085339356,0.1819225058794893,0.10509415840635396
ernestina08chess,2026-07-14,0.06143933579119076,0.09154104341284236,0.16225450800886831,0.10507829573763382
BeReceptive,2026-07-14,0.049582983227486284,0.09737161460034885,0.16825189506919166,0.1050688309656756
Statham_l3,2026-07-14,0.05315675041390168,0.07502662884459173,0.18697747458997513,0.10505361794948952
Starozhil,2026-07-14,0.05628784952337304,0.094757261014224,0.16391942684857733,0.10498817912872478
EpicPlayz282,2026-07-14,0.055902474295038765,0.07102840914016352,0.1879582292557257,0.10496303756364267
amateurchess20,2026-07-14,0.05382053752868023,0.08219450343509993,0.17883622060721685,0.10495042052366567
harshu27,2026-07-14,0.049516371962805755,0.08628618183257515,0.1790414836774778,0.10494801249095291
bogcsab,2026-07-14,0.06876963704570178,0.0847904669923306,0.1612742246037972,0.1049447762139432
Ermito2020,2026-07-14,0.06887034445626963,0.06569719320106325,0.18020676462301588,0.10492476742678292
a_dorrance,2026-07-14,0.04711140526674626,0.1007287729857567,0.16690586423230705,0.10491534749493665
kaktus71,2026-07-14,0.05170058111478017,0.07857840621661187,0.18446077054434093,0.10491325262524431
elizabethcastaneda,2026-07-14,0.050816623615342935,0.08922626501013205,0.17458188847392775,0.1048749256998009
ThaBarWa,2026-07-14,0.06101388205577746,0.09071801723537293,0.16281056121074436,0.1048474868339649
juniortay,2026-07-14,0.0646476649123307,0.08781751667968334,0.16204136314412365,0.1048355149120459
thechesscorner64,2026-07-14,0.07078800326616537,0.07048171374882174,0.17321534975473532,0.10482835558990748
Pendos666,2026-07-14,0.05324128383152433,0.0650819761964139,0.19612750750172286,0.10481692250988701
EloquentSpeaker2010,2026-07-14,0.057384902201449414,0.09112363692207522,0.1659384047784329,0.10481564796731918
fyall777,2026-07-14,0.04939758211469128,0.08967659904509655,0.1752464712281997,0.10477355079599583
patrisiii123,2026-07-14,0.060142232844524454,0.0843671365553423,0.16980340944215075,0.10477092628067249
StiffMaster1,2026-07-14,0.04985843951388101,0.09784325566466087,0.16659816702697922,0.10476662073517369
VomDingJetztHer,2026-07-14,0.055640353215253326,0.09699655749303816,0.16157351395951977,0.10473680822260374
Young_Catalan_Player09,2026-07-14,0.05247727616750398,0.07063917511889685,0.19105365181383646,0.1047233677000791
SchroOdiNger-Cat,2026-07-14,0.05023303396194748,0.13379214934188524,0.13013728287650994,0.10472082206011422
elohunter1999,2026-07-14,0.05280202554622389,0.06669833572248184,0.1945807662308646,0.10469370916652343
malkalmardgh,2026-07-14,0.0493429868945678,0.09166679938981336,0.17300741504332964,0.10467240044257027
jokers20184061,2026-07-14,0.04980657983783031,0.09255002874200648,0.17166030453868195,0.10467230437283959
dcann0n88,2026-07-14,0.056720925311735795,0.06464319028823959,0.19263870732779872,0.10466760764259136
Ryan_Sowa,2026-07-14,0.0507578081414373,0.09547658575651057,0.1676951702073484,0.10464318803509876
Kaliopa,2026-07-14,0.054853499598395694,0.10004405043447749,0.15901407922574085,0.10463720975287134
Tiqr777,2026-07-14,0.050658182562672724,0.07818782771878313,0.18505831403864337,0.10463477477336641
Biranidun,2026-07-14,0.05190251717371143,0.07225469532611441,0.18968160015187013,0.10461293755056533
lcmil,2026-07-14,0.05545412553999741,0.06521527516537827,0.19307281368690904,0.10458073813076157
politeplayer,2026-07-14,0.0753355357698715,0.07038279795230776,0.16801803785756245,0.10457879052658055
grozdanovic_a,2026-07-14,0.05076346312233197,0.09031731446979102,0.17262706933699845,0.10456928230970715
unkiyto,2026-07-14,0.07134904341721345,0.06858954418201386,0.17366691685882826,0.1045351681526852
Jan939519,2026-07-14,0.04966402240472331,0.0977066162379312,0.1660823409623442,0.10448432653499957
dpopadic,2026-07-14,0.05173408608404539,0.08374065817938649,0.1779608388237291,0.10447852769572032
pedroholly22,2026-07-14,0.0525320424179346,0.07024573770325121,0.19063841060115025,0.10447206357411203
Rinqed222,2026-07-14,0.04921257481143965,0.13311661848645695,0.13108109123069353,0.10447009484286336
Jdjwjsikdkfjxj,2026-07-14,0.04992381292693354,0.13103917648236613,0.13238269619344645,0.10444856186758204
Lagravesamuell,2026-07-14,0.05344484215904255,0.0776742573993785,0.18222627525457605,0.10444845827099902
0815original,2026-07-14,0.05574909351607772,0.09756823497099545,0.15979283327509017,0.10437005392072111
Joachim100x,2026-07-14,0.06343781485976924,0.07364923968839797,0.1759321030976115,0.10433971921525957
Kaustubh_Kodihalli,2026-07-14,0.061871781951819325,0.08614516744190684,0.16499455763287219,0.10433716900886612
ZOQTE,2026-07-14,0.050825776137000976,0.08367232676321079,0.17848265932751115,0.10432692074257431
victormago,2026-07-14,0.0500639819555744,0.07173305218393033,0.1911698791056209,0.10432230441504187
Elaisaz,2026-07-14,0.051438625955615824,0.07438203449413805,0.18711671611814246,0.10431245885596545
Dragon-Sword,2026-07-14,0.055605696964876515,0.09472721783292742,0.16256385114482705,0.104298921980877
infinitegiantkiller,2026-07-14,0.07554430042261873,0.0692560495349263,0.16809354073214697,0.10429796356323066
Aariow,2026-07-14,0.05551599423195527,0.06859720152375726,0.18875332463783956,0.10428884013118404
ruifeng,2026-07-14,0.0532100403658227,0.06298758996947847,0.19665260740655183,0.10428341258061767
Blue_Capybara,2026-07-14,0.047893977036124684,0.09845848631382931,0.16646515866738895,0.10427254067244766
alertakobra,2026-07-14,0.05581902375411865,0.0644661338485429,0.19251015446114447,0.10426510402126866
IMDT02,2026-07-14,0.05766674729868785,0.05795950964578901,0.19716877776255018,0.10426501156900903
Sajith_Peiris,2026-07-14,0.06668688459130828,0.06451795085602251,0.18145734103494887,0.10422072549409322
Hui_Li_Macau,2026-07-14,0.06950676897550609,0.06865197430666782,0.17448238639102207,0.10421370989106533
Chigorinetz,2026-07-14,0.05923523136971205,0.08714020653946948,0.1662557695435684,0.10421040248425
Nakhapetian_Pogos,2026-07-14,0.04494779432049474,0.14184703434816706,0.1257990648369092,0.10419796450185699
AyMitecK,2026-07-14,0.05662969346607031,0.06214823633615826,0.19379337760449875,0.10419043580224245
noamapplesauce,2026-07-14,0.048897072360614954,0.13556845804615433,0.1280066944270467,0.10415740827793867
Hamidrezatahmasebii,2026-07-14,0.048406954844338344,0.13564536580734224,0.1283152465339876,0.10412252239522272
Yonousomodulo,2026-07-14,0.06525042828311764,0.06601040965535217,0.18109990493220546,0.10412024762355843
AC_20,2026-07-14,0.056896762596249616,0.09120127842736005,0.16426080765345494,0.1041196162256882
Nancy11111,2026-07-14,0.04933811056494626,0.12717444076367548,0.13583242509122007,0.10411499213994728
KnightOutpostOP,2026-07-14,0.05545412553999741,0.07174494774164777,0.1850862551005415,0.1040951094607289
JEIGOTH,2026-07-14,0.04820223160947158,0.13143588570756998,0.13261237098405756,0.10408349610036638
19912131712118,2026-07-14,0.05501131741528885,0.06544195032552325,0.19167831550752198,0.10404386108277802
Everyfishknows,2026-07-14,0.05547315140259863,0.09307824739530263,0.1635212752538535,0.10402422468391825
EcosseKillie,2026-07-14,0.05224185250220878,0.06805154522187312,0.19173983205163814,0.10401107659190667
belligham2023,2026-07-14,0.049464502341700585,0.08680441363550558,0.1757582926702424,0.10400906954914953
woodhy,2026-07-14,0.05480982600548994,0.0634957565800309,0.1936744604279347,0.10399334767115186
zivicd,2026-07-14,0.05276379900046683,0.06591150336654003,0.19324859388080892,0.10397463208260527
SilverCat1992,2026-07-14,0.06194305137137328,0.08837457291778703,0.16159391386776242,0.10397051271897424
BeardedNM,2026-07-14,0.05232466508081023,0.07326816243670059,0.18622084203132952,0.10393788984961345
BerndWolfram,2026-07-14,0.05196488403503749,0.12219802977262335,0.1376483167160769,0.10393707684124592
DavidStevanic,2026-07-14,0.06022611994756541,0.09200339099577345,0.15955402207276903,0.10392784433870263
seramoral,2026-07-14,0.06849200554011349,0.0766392117771949,0.16658894956968442,0.10390672229566426
dapsay,2026-07-14,0.05734892108019066,0.08584515123038294,0.16847977796467772,0.10389128342508376
DreadlordPawn3,2026-07-14,0.049133903853057215,0.13236440804234229,0.13010922930646135,0.10386918040062028
gympod,2026-07-14,0.055983361798716144,0.06329898689764897,0.19225248874192488,0.10384494581276334
Keks2017,2026-07-14,0.05657038317785775,0.06791923458354514,0.1869520469089328,0.10381388822344523
DuDaKi,2026-07-14,0.054282865267128055,0.05969112642592399,0.1974168355209699,0.10379694240467398
AktilekAskarovich,2026-07-14,0.06838027071189136,0.06785459749482763,0.17510337362960438,0.10377941394544112
Boss_08_Kross,2026-07-14,0.05583656007484552,0.10413695579127222,0.15135644019566918,0.10377665202059565
kingandqueen2017,2026-07-14,0.055688157752010636,0.06588356417239541,0.18966198307245657,0.10374456833228755
Kopylov_Alex,2026-07-14,0.06621657524312569,0.07357786521253253,0.17143762950429778,0.10374402331998533
AsatryanGor,2026-07-14,0.0444381147898863,0.141096381798513,0.12567894139726693,0.10373781266188875
onnoelgersma,2026-07-14,0.06846233494059399,0.06461339842459557,0.17809428906766228,0.10372334081095062
thealphalion86,2026-07-14,0.04654457093578301,0.08654902669367184,0.17795185756396,0.10368181839780495
Klavdia_Nik,2026-07-14,0.05920628878650339,0.08001765062200018,0.1717159519653289,0.10364663045794416
louadasme,2026-07-14,0.04820223160947158,0.1300968326011224,0.13261237098405756,0.10363714506488386
iJueles,2026-07-14,0.05260625371716912,0.06628568835613885,0.19188005575144415,0.10359066594158405
HOANGCANHHUAN,2026-07-14,0.050696279504115364,0.12861824552160703,0.13144835753314005,0.1035876275196208
ZeZacarias,2026-07-14,0.04591869173739941,0.14077624672269873,0.12400235853033709,0.10356576566347842
joselito22,2026-07-14,0.05210759266675387,0.11240192529981674,0.14617691810734348,0.10356214535797137
VitaliyChayka,2026-07-14,0.06585627328915017,0.07148077350085437,0.17329760637145725,0.10354488438715392
Eliteplayer3,2026-07-14,0.06356928842979583,0.07785780728793214,0.16901192360729897,0.10347967310834232
Incognizance,2026-07-14,0.05023802916791386,0.07473330276283195,0.18541743916461104,0.10346292369845228
grandmastergauri,2026-07-14,0.04893193562824612,0.08109295693920861,0.180349037596865,0.1034579767214399
someopening-sicilian,2026-07-14,0.04893858450264371,0.1333734899676872,0.1280617932481761,0.103457955906169
Beybarys_Chess,2026-07-14,0.04909450043838443,0.13292667734162034,0.12824310816767998,0.10342142864922825
DonJuan_34,2026-07-14,0.05210250760820513,0.07597192092177646,0.18214490094908775,0.10340644315968978
elisak43,2026-07-14,0.05069488083253873,0.0846305709853895,0.17486758122680013,0.10339767768157611
banjadvorovi,2026-07-14,0.05115808820172843,0.07543369338901917,0.18356373659934583,0.10338517273003116
olderson,2026-07-14,0.06204471057056373,0.08967597435778912,0.1583414908653605,0.10335405859790446
timedothwasteme,2026-07-14,0.06043427426721373,0.07581889896073375,0.1736986643195303,0.1033172791824926
pankajfm,2026-07-14,0.05551599423195527,0.06710027491016539,0.18730801581119305,0.1033080949844379
ulia_escha,2026-07-14,0.05135569153797235,0.0759874861376476,0.1825213134206072,0.10328816369874239
viniciusrego,2026-07-14,0.05124301431430856,0.07199566711590558,0.1865794099086848,0.10327269711296631
Fortitudine,2026-07-14,0.06609951265116701,0.07989941042033705,0.16376889659055024,0.10325593988735143
BENO_CHESS,2026-07-14,0.07174665195894248,0.07409007419194008,0.16384199808126554,0.10322624141071603
MlYAGl,2026-07-14,0.06883891243717505,0.07286516861168199,0.16796585738766587,0.1032233128121743
Nikhiil_M,2026-07-14,0.05447125431086469,0.09807480102355597,0.15705333345289593,0.10319979626243887
Amec24,2026-07-14,0.05421440969296415,0.10279116362253833,0.15256945512214862,0.10319167614588369
Grukjr,2026-07-14,0.0592586271403016,0.09775071094380786,0.152556653055665,0.10318866371325815
Jans174,2026-07-14,0.04661110847162144,0.1349361544069509,0.12798970551310887,0.10317898946389374
Takate20,2026-07-14,0.04825511310735193,0.12824987601671775,0.1329486166971691,0.10315120194041293
MarlonJodar,2026-07-14,0.050973871838474044,0.0786745016261127,0.17972596637704824,0.10312477994721166
Plimsol,2026-07-14,0.058169427689393885,0.08399289609207884,0.1671798575032242,0.1031140604282323
neymardasilvasantos_11,2026-07-14,0.04925386530092641,0.1298349338814942,0.1302443196198086,0.10311103960074307
Veganator13,2026-07-14,0.052917849668788736,0.07053424699931309,0.18585822180221434,0.10310343949010538
Vinnkratos,2026-07-14,0.0470910100811321,0.1321274403190497,0.1300368593061287,0.10308510323543683
Malhar9,2026-07-14,0.05182460721818164,0.08010468226794908,0.1772824501107652,0.10307057986563199
Rainbow2014,2026-07-14,0.0510149676973611,0.07767615558340013,0.18052023202144837,0.1030704517674032
felipelobo,2026-07-14,0.06155934222062837,0.08697861886686582,0.16066315725656402,0.10306703944801941
Coachpoker,2026-07-14,0.06948590986781791,0.0758405097105496,0.1638680517042197,0.1030648237608624
FREZZY23,2026-07-14,0.06659619769574295,0.0674308829231722,0.1750626889305742,0.10302992318316312
Doomking,2026-07-14,0.045863270994374115,0.13532523746315092,0.12788763079358206,0.10302537975036903
BurningggIce,2026-07-14,0.051649750888930895,0.06609786312544251,0.1913016839782978,0.10301643266422374
AlexandraBotez,2026-07-14,0.05949557957314065,0.08335529359277635,0.16601241584429738,0.10295442967007146
Englishman_18,2026-07-14,0.06354658763876231,0.07520085550501589,0.17011504394900942,0.10295416236426254
charly871,2026-07-14,0.061562178036489605,0.08420042876003819,0.16309564714924296,0.10295275131525693
Vegan4future,2026-07-14,0.05291763137149941,0.06404993051267156,0.19186840537051889,0.10294532241822996
AurumO,2026-07-14,0.061147269268389495,0.08560845290465291,0.1620398122297157,0.10293184480091937
BestStelker,2026-07-14,0.0596966217728401,0.07657126447482518,0.17233581678577836,0.10286790101114789
kleber2007,2026-07-14,0.049516371962805755,0.08031288196160657,0.17859149819055795,0.10280691737165676
Dino_Ballecer,2026-07-14,0.06168511782146907,0.08213007241026424,0.1644335634644959,0.10274958456540972
slow_jamz,2026-07-14,0.051348695766317835,0.07484077345193206,0.1820132429103928,0.10273423737621423
adic2020,2026-07-14,0.05115808820172843,0.08007686526993125,0.17695675453016452,0.10273056933394141
draksbg,2026-07-14,0.06714352700041001,0.0744531710804076,0.1665625196454115,0.10271973924207638
Panchenko_Dmitry,2026-07-14,0.05198210297213629,0.07232980492293314,0.18381323380504178,0.10270838056670373
kharposh,2026-07-14,0.05551396355301381,0.09117383468000786,0.1611435325859992,0.10261044360634029
Fandorin779,2026-07-14,0.06755204839053794,0.07249837156043121,0.16767596365927517,0.10257546120341476
jrbarreto,2026-07-14,0.0504912301023178,0.12314995941587971,0.13396500800660516,0.10253539917493422
prakharbajaj21,2026-07-14,0.058733938431424,0.08582678863601549,0.16302950344154835,0.10253007683632927
Marielchessy,2026-07-14,0.05755781154783888,0.07588992308752862,0.1740954874385782,0.1025144073579819
Gachatur09,2026-07-14,0.0507012371179068,0.12160905813792311,0.1350352186353244,0.10244850463038475
TrulyHumbledUnderGod,2026-07-14,0.04968739330422188,0.124275634171303,0.13321815480472604,0.1023937274267503
Kira170,2026-07-14,0.05914464114665576,0.09481979837704729,0.15320382048181158,0.10238942000183822
Chess2smart,2026-07-14,0.05686231017710658,0.08801411417513383,0.16228635418792212,0.10238759284672083
KAIOVCFR,2026-07-14,0.04740502877629363,0.09527105349954741,0.16444517856666505,0.10237375361416871
VirtualCoach,2026-07-14,0.060142232844524454,0.07686272363588086,0.1700755140446424,0.10236015684168258
broskolis,2026-07-14,0.06947543448153463,0.07004128481879629,0.16754580484748285,0.10235417471593793
Iuckyducky,2026-07-14,0.06371577116966214,0.0807670379107558,0.16243823730106402,0.10230701546049399
viviania,2026-07-14,0.04841912814276333,0.09494723795862212,0.16353886057174705,0.10230174222437749
jkidjr22,2026-07-14,0.07247556937354858,0.060333006591237394,0.17409250552497282,0.10230036049658627
Ol_Bilych,2026-07-14,0.06741464539810796,0.07127382718141681,0.16804643461396757,0.10224496906449744
Radislav_Atanasov,2026-07-14,0.05100197953104462,0.07652979608008857,0.17917500513813195,0.10223559358308838
vincentmasuka,2026-07-14,0.06032550026414971,0.0737282905437377,0.1725989614494252,0.10221758408577086
Daaksboy,2026-07-14,0.05756663578152635,0.08234800656995052,0.1666867375018052,0.10220045995109402
Echsoterik,2026-07-14,0.05295686012477807,0.10012728073693597,0.15346632783477118,0.10218348956549507
younix2022,2026-07-14,0.04777039115924701,0.08043296825415236,0.17831270841654848,0.10217202260998261
MrAnnihilation,2026-07-14,0.04757995249388949,0.08264446411907031,0.17625890017946744,0.10216110559747575
Bulatova_Kamaliya,2026-07-14,0.06995749587760049,0.06899004641776497,0.1674658718177161,0.10213780470436051
sirinbaba33,2026-07-14,0.048325994667516727,0.07643935471746757,0.18164245861881373,0.10213593600126601
kkpanu9,2026-07-14,0.05170907182346821,0.07354486267250145,0.18113918933837833,0.10213104127811601
AndrewMaco,2026-07-14,0.05115442663776851,0.07323122451055854,0.181903686714456,0.10209644595426103
MatiLandi84,2026-07-14,0.06959569399615999,0.08810810249855447,0.14843073497855433,0.10204484382442292
kubal123,2026-07-14,0.06550709868318694,0.07575284987617635,0.16481254992697902,0.10202416616211411
KingHomelander,2026-07-14,0.04752222144909282,0.0830305635248861,0.1754607993874799,0.10200452812048628
ri4mi,2026-07-14,0.06236636902777573,0.0734346391122223,0.17019433671473672,0.10199844828491157
Camilla_Lee,2026-07-14,0.05490925808979396,0.06687025969954294,0.18421482518954688,0.10199811432629459
ARTHURMOTIVATOR,2026-07-14,0.053057809546310196,0.10280969488324841,0.15008494103916128,0.10198414848957331
faraone99,2026-07-14,0.05069488083253873,0.068335439549465,0.18674506346163788,0.10192512794788054
Filipets,2026-07-14,0.05128500211662803,0.08081987082922751,0.1735673334531569,0.10189073546633748
ProChessWICTH,2026-07-14,0.050930544778966455,0.07240273991004499,0.1821377511468561,0.10182367861195585
TrenerChos,2026-07-14,0.05474850074583626,0.06957493068212256,0.1811067510027135,0.1018100608102241
Defencer2006,2026-07-14,0.049212599176701725,0.12627725732877138,0.12985131519759913,0.10178039056769074
play1ngtheangel,2026-07-14,0.05480128401117367,0.06845083034687359,0.18194831896281938,0.10173347777362222
Fernando_Offermann,2026-07-14,0.05125125499014761,0.07861119111769498,0.17522713376645652,0.10169652662476636
WonderChampion,2026-07-14,0.07427645509273688,0.06331588435745347,0.16747305174949603,0.10168846373322878
kuanysh1981,2026-07-14,0.06199878229950305,0.06759416954533122,0.17530580469787296,0.10163291884756909
Armen_ChessMate,2026-07-14,0.04763370579923947,0.1014201734218929,0.15549506817328576,0.10151631579813937
elvistecso,2026-07-14,0.05445385539453085,0.09631589737846043,0.15377709344383475,0.10151561540560868
KhalilMousavi98,2026-07-14,0.04737668754040676,0.08490178374596391,0.1722041841950883,0.10149421849381964
atwalcb,2026-07-14,0.0633918674174235,0.07100480601607449,0.1700252241215992,0.10147396585169906
facillll94,2026-07-14,0.050948089974569954,0.08088348515630607,0.1725859554120232,0.10147251018096641
TheGandhiOfChess,2026-07-14,0.04973422633410275,0.07127257845047569,0.1833306752341004,0.10144582667289294
ElTioPacifico,2026-07-14,0.05480927379961695,0.09221604688779134,0.1572970773354637,0.10144079934095733
ELECTRODYNAMIC_DRACULA,2026-07-14,0.05793785890858775,0.09305612928190603,0.15329639065800432,0.1014301262828327
VanRommel28,2026-07-14,0.052017515904077244,0.07263941595755186,0.17960474954378328,0.1014205604684708
deibittowers,2026-07-14,0.0694257017030782,0.06884246448688772,0.1659405195425943,0.10140289524418673
kirillshevchenko,2026-07-14,0.051756920670305614,0.07879153619265297,0.17361725567802008,0.10138857084699289
sassassasss,2026-07-14,0.043667554933410506,0.13760224947091462,0.12286704499351585,0.10137894979928032
Artisticonline,2026-07-14,0.05337864413360563,0.0974260209872138,0.15330840807947296,0.10137102440009745
Saraisitave,2026-07-14,0.0701038905446823,0.06773841817393167,0.16624016550379864,0.10136082474080421
Roosters19,2026-07-14,0.05631996228059537,0.06600285315340286,0.18168782611636772,0.10133688051678864
aidannoo,2026-07-14,0.04851566107311113,0.12716675498316415,0.12829766434671172,0.10132669346766232
FlashingDragon,2026-07-14,0.049067260699119215,0.08113123045823087,0.17376082881626018,0.10131977332453675
chiwii,2026-07-14,0.047284987313658836,0.1298052945651579,0.12671881205898602,0.10126969797926759
FredyMatsuura,2026-07-14,0.054146514236430486,0.0707850473883714,0.17887111342768375,0.10126755835082853
Dale,2026-07-14,0.06060866990728057,0.08058890309515777,0.16248168254093634,0.10122641851445824
emiliocordova,2026-07-14,0.05745802796688061,0.0849709328845182,0.16121193936317194,0.10121363340485691
CURRUTACO59,2026-07-14,0.06346927879163371,0.07454714899681408,0.1655959838549454,0.1012041372144644
tmr88,2026-07-14,0.04560956629256823,0.1334144439518815,0.12453187252371892,0.10118529425605623
albano87,2026-07-14,0.07070328700375944,0.06755272603546035,0.1652364665307602,0.10116415985666001
Danito1954,2026-07-14,0.04940754088574911,0.07550023701960228,0.17854670031081987,0.10115149273872376
RETURNOFTHELAGGER,2026-07-14,0.0615447746670396,0.070031334941492,0.17176829524307735,0.10111480161720299
Hambardzumyan_Yuri,2026-07-14,0.05489213140959684,0.08920736618736866,0.15918077635542421,0.10109342465079657
adriangschnitzer,2026-07-14,0.05170058111478017,0.06681977248096137,0.18475221345902285,0.10109085568492145
DrMamaliga,2026-07-14,0.07076548216817395,0.06672954585962858,0.16574011489092463,0.10107838097290905
PonyQueen07,2026-07-14,0.06973962609544838,0.07256685960138426,0.16087710989076812,0.10106119852920026
KantorGergely,2026-07-14,0.04609352953391935,0.09257287532928545,0.16449382102665017,0.10105340862995166
VALPARAISO37,2026-07-14,0.06544732309087832,0.07016281231895409,0.16754890706753744,0.10105301415912328
CaptainCasanova,2026-07-14,0.06672609290733954,0.06381475008195306,0.17249898671910205,0.10101327656946486
ITheOnlyME,2026-07-14,0.05140808532008591,0.08153180146125832,0.170034969715665,0.10099161883233641
Avenger0811,2026-07-14,0.05164497933125874,0.12325636462343054,0.12792187707260985,0.10094107367576638
maciejbrzeski128,2026-07-14,0.06227884919754534,0.07933015621628656,0.16111674597374254,0.10090858379585814
cansun,2026-07-14,0.06662605790162214,0.07259014401442146,0.16345552100734068,0.10089057430779476
Bulldog167,2026-07-14,0.06554191006719373,0.06515567217307093,0.17196111659078744,0.10088623294368404
MiFerz44,2026-07-14,0.06819239381811062,0.06722548301447938,0.167134742230252,0.10085087302094732
adrivillu,2026-07-14,0.049630751956664935,0.07453221020424107,0.17834022226493132,0.10083439480861245
bugledxn,2026-07-14,0.04760163606630492,0.12874192829898076,0.12613122966962387,0.10082493134496985
Ganziitoo,2026-07-14,0.0483184550515984,0.07742547943078044,0.1766502864116703,0.10079807363134972
Matrix3x3a,2026-07-14,0.04656524792480203,0.07665955577248433,0.17913371384319585,0.10078617251349407
e4evr,2026-07-14,0.06797118710074453,0.07049927326161186,0.16385716182216326,0.10077587406150655
Thee-Chessboy,2026-07-14,0.050213857732517395,0.08419027017272525,0.16787801071167188,0.10076071287230486
biesiadnik,2026-07-14,0.06066942603484971,0.07118605812360353,0.17040840695566092,0.10075463037137139
Svandik49,2026-07-14,0.04912274806972381,0.11940964605682604,0.13357254647392502,0.10070164686682496
filipluczak05,2026-07-14,0.050770749249244004,0.06659374854104917,0.18473059809211764,0.10069836529413694
mangochessgo,2026-07-14,0.04977614064536364,0.08477388733068097,0.1675092857198965,0.10068643789864705
DAVIDHDZSTS,2026-07-14,0.06949080060459469,0.0646233555165798,0.16793342205315048,0.10068252605810833
mamey78,2026-07-14,0.04822161746068876,0.08165324815288909,0.17210786531651948,0.10066091031003244
goldihouse,2026-07-14,0.05222655632849065,0.07037695084099568,0.17923900079841676,0.10061416932263438
ajedrezhoy,2026-07-14,0.06493178401289727,0.07292354159429938,0.1639847210416848,0.10061334888296047
Chessgod9oninsta,2026-07-14,0.05711534464162852,0.082500586281138,0.16221805074454831,0.10061132722243828
XANTARESPEEK_1,2026-07-14,0.04364812241769201,0.1376792020503747,0.12049792499970381,0.10060841648925684
turayev_shahruh17,2026-07-14,0.0678984407838707,0.06266729637669075,0.17123904393298406,0.10060159369784849
Ticondriul,2026-07-14,0.05013863979269288,0.07599367312737819,0.17560509921044,0.10057913737683703
omulcafea,2026-07-14,0.052173099125549134,0.10077987909754582,0.1487813767341678,0.10057811831908758
Aggressus,2026-07-14,0.062067668154971736,0.07597002445182068,0.16358816602347243,0.10054195287675494
x-3738459472,2026-07-14,0.06952383635968498,0.06238310829247902,0.16966048164377437,0.10052247543197945
Miguelitro69,2026-07-14,0.058669919255559415,0.07575423624879309,0.16709783722570454,0.10050733091001901
CarlMagnuson,2026-07-14,0.04975620881977216,0.11661185943368772,0.13507148530882482,0.10047985118742823
GodDMuhammad,2026-07-14,0.05298225334279774,0.062334896004748314,0.1860046751945693,0.10044060818070512
WoolworthsManly,2026-07-14,0.05755947426808925,0.07445204914402652,0.16925588309693052,0.10042246883634875
willsidney,2026-07-14,0.04771876805760186,0.12183526974139151,0.1316693929016362,0.10040781023354318
AlessiaSanteramo,2026-07-14,0.06994733713436731,0.06692391212955728,0.1643453027911043,0.10040551735167628
lucachess49,2026-07-14,0.05018390496578582,0.07670542834876483,0.1742386878863493,0.10037600706696666
Orange_Ghost,2026-07-14,0.0696870234239901,0.05889621608887842,0.17222572253069465,0.10026965401452105
Viscaino-Jhonny2003,2026-07-14,0.04498598955277047,0.13113335079909585,0.1246456122268903,0.10025498419291888
Xadrez_Logic,2026-07-14,0.04686794339717819,0.12633183110384363,0.12736889850397037,0.10018955766833072
BarloNadera,2026-07-14,0.05312641191787841,0.08513970007425993,0.16228674179046795,0.1001842845942021
Aash20,2026-07-14,0.061701651505616115,0.07777860388369429,0.16103839850118862,0.10017288463016634
BIANCHIALBINO,2026-07-14,0.053778992340070435,0.09622456093920449,0.15048879268132598,0.10016411532020031
Artem_Sadovskii,2026-07-14,0.05361451276177673,0.09417106479175487,0.15255082807710776,0.10011213521021312
GM_RobertoMogranzini,2026-07-14,0.06759709214509815,0.06494525150918747,0.16770139785639615,0.10008124717022726
QashashviliAlexandre,2026-07-14,0.06703944673048012,0.06611040908196955,0.1670932692293211,0.10008104168059025
Tactictic,2026-07-14,0.07061211446005505,0.06236008348383717,0.16725795660111448,0.1000767181816689
DebileMenthol,2026-07-14,0.06245324166692397,0.07506072994198612,0.16268309057088065,0.10006568739326359
Vyacheslav_N,2026-07-14,0.05297502073074708,0.0949754491573922,0.15221637252614623,0.10005561413809516
Kgutierrez95,2026-07-14,0.055626752712566827,0.08575413214541316,0.1587548474444958,0.10004524410082527
Cristi_Coca,2026-07-14,0.06763979331072402,0.06701424320189264,0.1654754931985088,0.10004317657037515
NoSpaghettiForYou,2026-07-14,0.05435943926648886,0.09045189602030135,0.1553053093703073,0.10003888155236584
nicolasbatista3,2026-07-14,0.049713275424467546,0.07152828336545997,0.17884380689780646,0.10002845522924465
benny_aizenberg,2026-07-14,0.061921582127915195,0.07459185942381358,0.16350478781935357,0.10000607645702746
Dom1nant1337,2026-07-14,0.050764031283747534,0.06813525351015881,0.1809658131018744,0.09995503263192691
Mikozovna,2026-07-14,0.05289960449014314,0.09225198708469544,0.15464467004836333,0.09993208720773399
AaronBazanRomero,2026-07-14,0.046413257237559416,0.12754320912567538,0.12579024989397036,0.09991557208573505
ChessTerminator67,2026-07-14,0.046593387925101114,0.12556403937940952,0.12748003511518116,0.09987915413989727
x-5963514717,2026-07-14,0.07223491477294479,0.057570327756101526,0.1697735898969265,0.09985961080865761
BebeBonito2022,2026-07-14,0.05983456601082106,0.0690169398838513,0.1707057368997184,0.09985241426479692
Misterfox120,2026-07-14,0.06216390591748996,0.07399609970100522,0.1633877426764018,0.09984924943163231
MIJulienSong,2026-07-14,0.046605721339007984,0.12739951981542538,0.1255294266793533,0.0998448892779289
FriedGambit_08,2026-07-14,0.04631680833447855,0.12702253921878592,0.12613590682895695,0.09982508479407382
ElenaPershina,2026-07-14,0.05368266668822109,0.09840799863823159,0.14737384428113226,0.09982150320252832
Szczor,2026-07-14,0.06120319710940029,0.08082435151537866,0.15743372692726496,0.09982042518401464
Pomberito2,2026-07-14,0.06569472358827781,0.07059280485624576,0.16311164553001956,0.09979972465818104
ajkom197,2026-07-14,0.06204867289179474,0.06272288809775785,0.1746034291864844,0.09979166339201233
SyrBatman,2026-07-14,0.05747471981609585,0.08563624531829711,0.15621440194620947,0.09977512236020081
khoipham,2026-07-14,0.06801067603086525,0.05997453829226157,0.17128543066866278,0.09975688166392986
panter1307,2026-07-14,0.050770545529313045,0.08169088874231901,0.16676978657547306,0.09974374028236838
Varvara_Poliakova,2026-07-14,0.06478766642840515,0.06664616494093771,0.16764620164303193,0.09969334433745826
Gobra55,2026-07-14,0.04795709544752151,0.07807951181024014,0.17304180653694864,0.09969280459823678
Chesstar,2026-07-14,0.05702265608352737,0.08009457939518333,0.1619483250928333,0.09968852019051466
Azoulas1,2026-07-14,0.06952383635968498,0.0619675737086349,0.167377728636774,0.0996230462350313
shineatchess,2026-07-14,0.053906817549725206,0.08932973131367253,0.1555745382995799,0.09960369572099255
londonkid,2026-07-14,0.06597170441410666,0.06666673885399083,0.16616716904965892,0.09960187077258546
BorchisChess,2026-07-14,0.04556079961207545,0.08532279348804088,0.16789565740509435,0.0995930835017369
fmshawnrl123,2026-07-14,0.057342885833403315,0.08004295547780751,0.16139312086774096,0.09959298739298394
SirParistonHill,2026-07-14,0.07181220298565869,0.05846542590469815,0.1684719877557099,0.0995832055486889
Battlecruiser_Operational,2026-07-14,0.06047802133377406,0.06499323497395278,0.17320720332533146,0.09955948654435276
Elbebiber,2026-07-14,0.0517777309845121,0.07008132676994872,0.17668610410504834,0.09951505395316973
ChessVegaAcademy,2026-07-14,0.052792544003693154,0.09315835079602343,0.15244869132638392,0.09946652870870017
Suz-Arte,2026-07-14,0.05338448253607372,0.08869339102772077,0.15629745616648744,0.0994584432434273
ZivkovicN,2026-07-14,0.07012851892183027,0.06194073856352786,0.16630224834647866,0.09945716861061227
MrEscacs,2026-07-14,0.04735960145329302,0.08486238628393722,0.166013840856148,0.09941194286445942
AsterPhoenix,2026-07-14,0.05773252191893192,0.07566299619173593,0.16458384388610642,0.09932645399892476
stamatolog13,2026-07-14,0.053703224025284824,0.0870285325844098,0.1571078813129456,0.09927987930754674
GM_Crest,2026-07-14,0.06635425128779428,0.06873449205925937,0.16264338020123134,0.09924404118276166
Lucas_Calcada,2026-07-14,0.04847641272654038,0.11968355765128205,0.12952623605131067,0.09922873547637771
volodja49,2026-07-14,0.0497357118163541,0.08378928376062411,0.16409998932909378,0.09920832830202402
AmanteDeMoi,2026-07-14,0.05603698295604278,0.0807495921655946,0.16083646754406497,0.09920768088856746
rquery98,2026-07-14,0.05003739326855496,0.07210409003778698,0.17547123093150455,0.09920423807928218
BlitzWizard04,2026-07-14,0.06206189836352682,0.07665513750369261,0.15880374098468544,0.09917359228396828
TorpedoKnight,2026-07-14,0.04930683448185919,0.11746303998542765,0.1307409433484761,0.09917027260525431
sutovsky666,2026-07-14,0.04558926638133486,0.1266996821192656,0.1250645051881847,0.09911781789626173
MateusViageiro,2026-07-14,0.05907453139736458,0.07329600784626318,0.16493488795491779,0.09910180906618186
pifion,2026-07-14,0.057023162687431496,0.08723239451806133,0.15293836071065564,0.09906463930538283
schubakov,2026-07-14,0.04655551584822701,0.12033982087924618,0.1301668609312616,0.09902073255291159
Vusatiuk_Vladimir,2026-07-14,0.0719458450740674,0.055630293126140165,0.16940317240180364,0.09899310353400374
harlem4brew,2026-07-14,0.07010816056498052,0.06143572742976774,0.16541148861653937,0.09898512553709587
Naruto-K,2026-07-14,0.04996329454943367,0.07409926395369751,0.17279112254103118,0.0989512270147208
fly_21,2026-07-14,0.06179397414538194,0.07249289835620493,0.1624699596294625,0.09891894404368312
QueenOfTactics90,2026-07-14,0.056784514483997336,0.06250802184259653,0.17734579843322848,0.09887944491994079
Vladimir_2020,2026-07-14,0.05309698963255853,0.09262185802577097,0.15083666967715043,0.09885183911182664
Amadeus2006,2026-07-14,0.04531621603378832,0.12738783998323447,0.12382658980965733,0.09884354860889337
hermionegrangermagic,2026-07-14,0.07213873952829414,0.05634501179236901,0.16803387528465566,0.0988392088684396
TomsKantans,2026-07-14,0.0571124673779981,0.09211217666930038,0.1472570169610808,0.09882722033612641
gemarin,2026-07-14,0.07298347972451699,0.0568954268619344,0.16650216251783576,0.09879368970142906
J-Isaac,2026-07-14,0.04681259686594068,0.11976568411375532,0.12977196343178282,0.09878341480382628
Gerlee15,2026-07-14,0.04631680833447855,0.12355001507685667,0.12647021659593322,0.09877901333575616
AlexZambrano,2026-07-14,0.04739361708327718,0.07507725689663769,0.17384773691863262,0.09877287029951583
EREBUNI91,2026-07-14,0.060599834927745934,0.07593225813614364,0.15969188852724384,0.09874132719704447
Blagorod,2026-07-14,0.047774056616724875,0.08513593875248848,0.16324792795369827,0.09871930777430388
AZChessGurus,2026-07-14,0.047886565322993485,0.11613800947261106,0.1321170475259858,0.09871387410719679
alexkous2000,2026-07-14,0.06703172491688876,0.06020742834059802,0.16872698465577582,0.09865537930442086
Nils_03,2026-07-14,0.06991271041547555,0.06760667018951357,0.1583631893814033,0.09862752332879747
IANOV0007,2026-07-14,0.06691379616417338,0.06545009166997874,0.16338441829837191,0.09858276871084133
borocotoajua,2026-07-14,0.049538426386452436,0.07337258110937009,0.1724450890804645,0.09845203219209568
pma83,2026-07-14,0.044435460206238085,0.12739448056648567,0.12342113704134483,0.09841702593802286
Grindaveci,2026-07-14,0.05420079263774342,0.061445620214994084,0.1795722401489635,0.09840621766723368
igordubrovich,2026-07-14,0.053972769693260654,0.08807644506638965,0.15310785756382936,0.09838569077449322
iliaguevnisim,2026-07-14,0.06791117993774214,0.05769016276136602,0.16950404442434552,0.09836846237448456
FitBison2,2026-07-14,0.04721769126121165,0.11904173678819556,0.12868942222679394,0.09831628342540039
Verony64,2026-07-14,0.05218967403412974,0.06848964711507062,0.1741230016587175,0.09826744093597262
daro94,2026-07-14,0.06355590162792636,0.06517854371740779,0.16588725306838822,0.09820723280457412
Grem_Lin,2026-07-14,0.04549028789889442,0.124021254103132,0.12502101690114775,0.0981775196343914
jorquerino,2026-07-14,0.062478275188511664,0.07247398565282592,0.15954299931600255,0.09816508671911339
Smirnov_Pavel,2026-07-14,0.06078618229046325,0.06233621240390199,0.17131148060188284,0.09814462509874937
Jeffinho023,2026-07-14,0.06495264865563766,0.06745166358454277,0.1619954745452565,0.0981332622618123
GreenPeach24,2026-07-14,0.059781988807940716,0.07675564457083997,0.15773846429076901,0.09809203255651656
PetrolulSah,2026-07-14,0.04925049317620371,0.07092514533871153,0.17406443920439912,0.09808002590643812
Storne89,2026-07-14,0.049173400863241394,0.1113376413766877,0.133702574096765,0.09807120544556469
MadheshKumar,2026-07-14,0.04708202765804192,0.12154126200612066,0.12557610585406725,0.09806646517274327
goldenspine,2026-07-14,0.06232709506815636,0.07210430496209656,0.1597500595528299,0.09806048652769428
Baron_von_Koenig,2026-07-14,0.044757064530496854,0.12489803505682912,0.12449631746474835,0.09805047235069143
Engima32,2026-07-14,0.049843753673721736,0.0741910134481243,0.1699156682748123,0.09798347846555278
goofypenguin96,2026-07-14,0.06493347510477303,0.06489408148273727,0.16405071142481006,0.09795942267077345
alfianasybullina,2026-07-14,0.04941367057822906,0.06457982033734173,0.1798062178511559,0.09793323625557555
BetonCarlsen,2026-07-14,0.06608149102090106,0.06323160060697466,0.16445155197997338,0.09792154786928305
bettercallcafu,2026-07-14,0.060655752824814356,0.07754475109050024,0.15545485275086618,0.09788511888872693
laziestwin,2026-07-14,0.05806020877274554,0.0656441414994382,0.16989464830892584,0.09786633286036987
combidharma,2026-07-14,0.05322739671328606,0.08207701235156695,0.1582554314286415,0.09785328016449817
Skillcam,2026-07-14,0.05747280411204437,0.0897311850282471,0.14626173206258117,0.09782190706762421
matenitian,2026-07-14,0.045373233170737,0.12363569684880879,0.12442919468963622,0.097812708236394
Bodhanas,2026-07-14,0.050708732969552056,0.06655800679323245,0.1761155891439651,0.09779410963558322
nau64,2026-07-14,0.049401862168746896,0.061971003403593,0.18200002588165123,0.09779096381799705
PeterJJackson,2026-07-14,0.047620354695461956,0.0796155159003709,0.16597832187916134,0.0977380641583314
claudiuprunescu,2026-07-14,0.04447550108278288,0.12553453709344123,0.1231004893493827,0.09770350917520228
kingapolak,2026-07-14,0.05158970902797265,0.06593362513006343,0.17549584822544298,0.09767306079449302
TimurGareyev,2026-07-14,0.06466903853686151,0.06096285385767798,0.16734460786914682,0.09765883342122876
SergeyShtyka,2026-07-14,0.06948123220480938,0.05940988779396573,0.16408019681300712,0.09765710560392742
matecontomate123,2026-07-14,0.0521126838927042,0.06175200989346504,0.17892957161005588,0.09759808846540836
Azalea95,2026-07-14,0.05897938364013279,0.08272399964839372,0.1510755360868918,0.09759297312513944
SuanFernandes,2026-07-14,0.05109538970037825,0.06675188662570167,0.1747124426953769,0.09751990634048562
boby_chess_2010,2026-07-14,0.0628517616882815,0.08176407077196308,0.14789574478670778,0.09750385908231744
fm9714,2026-07-14,0.061449307576358636,0.06928380543284055,0.16163400157219246,0.09745570486046388
ApacheSVD,2026-07-14,0.07041609085047101,0.056283829563276405,0.16563545799940582,0.09744512613771776
Jagerrmeisterr,2026-07-14,0.058245746140854725,0.0812243613760928,0.15273211943917817,0.09740074231870856
destroyer305,2026-07-14,0.05354049203363111,0.08755100884284198,0.15107307346173116,0.09738819144606808
Mvtuge,2026-07-14,0.05322106337109832,0.08959576017360012,0.14933641920563423,0.09738441425011089
GMMatamoros,2026-07-14,0.046389319934636325,0.11897388087114907,0.12668279742402164,0.09734866607660235
paradise10,2026-07-14,0.06577576841186206,0.059319679519501775,0.16685596332268354,0.09731713708468247
Dream2World_Number1,2026-07-14,0.05942864127528814,0.0612361009483068,0.17119316133061177,0.09728596785140224
Chenitha201583,2026-07-14,0.048126684638783446,0.11545145638454705,0.12800642179680694,0.09719485427337915
jb2mix,2026-07-14,0.047800820963458245,0.11606595767939781,0.12767062569129248,0.09717913477804951
KosalaSandeepa2007,2026-07-14,0.04855711488477617,0.1129136388377038,0.12998029052852217,0.09715034808366739
HugoBoss7266,2026-07-14,0.049496528394941904,0.11232049908768799,0.12952063726306406,0.09711255491523131
Sulthankan,2026-07-14,0.050719581824126045,0.06421409041102677,0.17636944593958012,0.09710103939157765
poummba,2026-07-14,0.05907453139736458,0.06634086019111034,0.16584045183859064,0.09708528114235519
Valy02chess,2026-07-14,0.05540056824028027,0.07679363396514555,0.15899562154818012,0.0970632745845353
Illustradochess,2026-07-14,0.0496419024399857,0.11110973666356302,0.1303893580903941,0.0970469990646476
naaats888,2026-07-14,0.04922162834189475,0.11283028609566279,0.12903987462570052,0.09703059635441935
QuantumKnight15,2026-07-14,0.045800056748272866,0.12198947331357728,0.12329126008698431,0.09702693004961149
AhmadzadaA,2026-07-14,0.06533535274873381,0.06223825693867896,0.16315389803355607,0.09690916924032295
Aborigen_came,2026-07-14,0.045856839391157075,0.08130408789769653,0.16353641739068475,0.09689911489317944
Yoshkinkot,2026-07-14,0.04368394765173715,0.12810838783151232,0.11888805023559014,0.09689346190627986
Carow-Kann,2026-07-14,0.053209456995744656,0.08246044155820705,0.15477679862585764,0.0968155657266031
SPEEDSKATER,2026-07-14,0.05300520497915323,0.1011498445613072,0.13628631142588896,0.09681378698878314
KhBegmuratov,2026-07-14,0.062490455517954714,0.07352368701511384,0.1543907287687326,0.09680162376726704
BilicVladimir,2026-07-14,0.061879694523188436,0.06810303580102244,0.16026780731328183,0.09675017921249757
JiangoFett,2026-07-14,0.05342662445680394,0.08046101393725427,0.15630044812135999,0.09672936217180605
isainz,2026-07-14,0.05375235631358428,0.08046464098936623,0.15579252472722785,0.09666984067672613
SuanTiltado,2026-07-14,0.04871436417044445,0.06708377409914504,0.1741304801874703,0.09664287281901991
InvisibleWarrior2252,2026-07-14,0.05010988960627494,0.07285413137030888,0.16687291808224167,0.09661231301960849
Gerasimenyuk_Miha,2026-07-14,0.05390033409412078,0.06864616180797337,0.16724112798864357,0.09659587463024592
Manon-reja,2026-07-14,0.053240664522587036,0.0627780951235693,0.17367824909162555,0.09656566957926062
chessnyCM,2026-07-14,0.04524064414482792,0.12089489607397559,0.1234196994854906,0.09651841323476469
juandiv,2026-07-14,0.051436558056967216,0.06637818297468252,0.17167042368115434,0.09649505490426802
Igorbarbashin,2026-07-14,0.07074814395638966,0.054551909745741256,0.16418148738443025,0.09649384702885373
Black_Swan1502,2026-07-14,0.047602163038109026,0.11728347337317112,0.12451573355091032,0.09646712332073015
EspinoSolano,2026-07-14,0.05394134823145048,0.0819000574675923,0.15350975935552513,0.09645038835152264
skzt,2026-07-14,0.05549415990960369,0.07614641474132286,0.1576809104887511,0.09644049504655922
ajschess1,2026-07-14,0.043920789651479504,0.1301373597254188,0.11518241753061774,0.09641352230250534
Tehni4arce,2026-07-14,0.06582845709528064,0.057300158888144326,0.16605583798302145,0.09639481798881548
jimis98,2026-07-14,0.05072559560929863,0.06597688541135616,0.17236873336349257,0.09635707146138245
neilbhav,2026-07-14,0.053475571389590616,0.07948755302890664,0.15600335012723143,0.09632215818190955
JonSnowNW1,2026-07-14,0.05545909453584576,0.07217322099298215,0.16120724593920913,0.096279853822679
ChessVNTroll,2026-07-14,0.04572371662392493,0.11857535353622974,0.12444097501255735,0.09624668172423734
ZioMario,2026-07-14,0.06835217023401989,0.05708504705017131,0.16320986964901865,0.09621569564440328
Lovinski,2026-07-14,0.06134754391763274,0.06807723642254268,0.15913075355058934,0.09618517796358823
Tacticus_Severus,2026-07-14,0.06107270082249661,0.06370827836329146,0.16371878899059883,0.09616658939212896
nestorvive,2026-07-14,0.04638661529416858,0.11606549335512757,0.1257905833955838,0.09608089734829332
0gZPanda,2026-07-14,0.05230966439981136,0.0926596785244946,0.14325753707439262,0.09607562666623286
rey_jacinto,2026-07-14,0.04476005066957158,0.12225598012283559,0.12121061779617653,0.0960755495295279
Abdimalik_Abdisalimov,2026-07-14,0.053140542843071126,0.0812845651075005,0.15362417857753297,0.09601642884270152
WDCH,2026-07-14,0.04411352416054291,0.1225023296696234,0.12142424641126642,0.09601336674714424
Yuruultei,2026-07-14,0.05147075139500038,0.06737407371537674,0.1691064996273745,0.09598377491258388
Der_Honigdachs,2026-07-14,0.05349274025175491,0.07926865649991802,0.15511754563359287,0.09595964746175527
Swiss_Fighter,2026-07-14,0.06496151505400456,0.06373373520781027,0.1590255921556388,0.09590694747248456
LogoCzar,2026-07-14,0.062214932543078034,0.06177516131462443,0.16367737418494616,0.09588915601421621
kakarot_001,2026-07-14,0.061521754136447664,0.06751719704975764,0.15857078822386333,0.09586991313668954
They_Not_Like_Me-KL,2026-07-14,0.046803639148510254,0.11370823351499268,0.1269289878511446,0.09581362017154917
ajedrez1101,2026-07-14,0.046564598305468684,0.11428038603047735,0.12650505145605537,0.09578334526400047
michaelk123,2026-07-14,0.05575395320775103,0.0675666048962302,0.16394754203479803,0.09575603337959308
jm_gutierrez,2026-07-14,0.05605669016460615,0.0782752863278214,0.15283640100094115,0.09572279249778955
Nandish_08,2026-07-14,0.04614443051007085,0.11510048899020676,0.12580220822041802,0.09568237590689854
shaya01,2026-07-14,0.05948687536728805,0.061611457554304444,0.16591691060859035,0.09567174784339427
umutbekiragaoglu,2026-07-14,0.046167312265252176,0.11529985018046499,0.12551269619159422,0.09565995287910378
IMAghasiyevKamal,2026-07-14,0.06154349913424119,0.06826490364313079,0.15708640416292544,0.09563160231343248
Lucas_Tomiello,2026-07-14,0.05784183008245635,0.06187907251107701,0.1671575782388603,0.09562616027746455
ChSalas,2026-07-14,0.04490841401676193,0.12113716569889943,0.12070500105132453,0.09558352692232863
FMYiLiu,2026-07-14,0.05449450485167281,0.07449790609065067,0.15767907372740608,0.09555716155657652
MrLudus,2026-07-14,0.04481588052332004,0.11815056813051057,0.1236897703800355,0.09555207301128871
Cryptinz,2026-07-14,0.05996159578399027,0.0723403384586596,0.15430997882310668,0.09553730435525216
2k28Lakers,2026-07-14,0.05169940163896959,0.061710749661558754,0.17306552553972032,0.09549189228008288
IljaZaragatski,2026-07-14,0.05420369767088785,0.07472123028438296,0.15754577301215736,0.09549023365580939
Undisputed92,2026-07-14,0.06677361783370829,0.05835160364241313,0.1613199014136542,0.09548170762992521
Avorton,2026-07-14,0.046167312265252176,0.11474648237538043,0.12518161347658413,0.09536513603907225
vladjianu,2026-07-14,0.05296941148126112,0.07834948551989614,0.15475885270289594,0.09535924990135107
wjeun,2026-07-14,0.04608954608671988,0.11428563762491181,0.12566575501263225,0.09534697957475465
ketrabluwos,2026-07-14,0.05863159798988836,0.06787199751598923,0.1595287168451151,0.09534410411699756
Oreonly,2026-07-14,0.06317037067033542,0.06002054276439995,0.16283651251733225,0.09534247531735589
ClauAmura,2026-07-14,0.05422406521270289,0.0740934729868246,0.15756185647011145,0.09529313155654633
Chef_Zohid,2026-07-14,0.04654661465754229,0.11404362677562363,0.12527233340396832,0.09528752494571141
Soltan49,2026-07-14,0.06417006170819035,0.061279101917881135,0.16040519336804157,0.09528478566470437
GWR2024,2026-07-14,0.046763490015719514,0.08565936774850337,0.15341443500461693,0.09527909758961328
kushagramohan,2026-07-14,0.06115199942974506,0.06406921545705314,0.16057451207177398,0.09526524231952406
EithanRuiz12,2026-07-14,0.04549028789889442,0.11590151242096874,0.1243601482248991,0.09525064951492075
AnnamariM2001,2026-07-14,0.05258252283840354,0.08148594672420155,0.15133636752068014,0.09513494569442842
Diyaarada,2026-07-14,0.04459325942896985,0.12104552041011757,0.11974295129135921,0.09512724371014887
Pawnpusherschessaccademy,2026-07-14,0.06369831048906363,0.06290373500939093,0.15876847198341731,0.09512350582729062
CoDobrego,2026-07-14,0.04847641272654038,0.10806790789532292,0.12881027611191678,0.09511819891126001
vaniavindy,2026-07-14,0.06254347226745573,0.06156306036620426,0.1611660871754164,0.09509087326969212
chess_dragons_IvanSt,2026-07-14,0.060757321308564365,0.06413208206779898,0.1603741627230567,0.09508785536647335
AlhosaniOmran1,2026-07-14,0.06745561970380831,0.057981531060240475,0.15982339606449444,0.09508684894284775
Pawnpusher1245,2026-07-14,0.06274079229035824,0.06041734325308013,0.1619770954895671,0.09504507701100183
VovenRogel,2026-07-14,0.049904858939582124,0.07174442750969902,0.163476999512576,0.09504209532061904
WildBizon,2026-07-14,0.04453924310260302,0.09483970357193038,0.1457066325834589,0.09502852641933075
GreatOwl02,2026-07-14,0.05462393255799383,0.07273542046588877,0.15764974069881366,0.09500303124089875
SkyScraper111,2026-07-14,0.04516213090647873,0.11668352837747614,0.12296126730478528,0.09493564219624671
TasicV,2026-07-14,0.04721537666772153,0.11046686427910105,0.12712218670952383,0.09493480921878213
Topencik,2026-07-14,0.04910980156120314,0.10720042150031482,0.12835240396823025,0.0948875423432494
Talent-OF-Slovenia,2026-07-14,0.04711753116841603,0.07489144231706564,0.16261475722162222,0.09487457690236796
korason34,2026-07-14,0.05077452934700863,0.0658064207216547,0.1680117133944658,0.09486422115437637
desni93,2026-07-14,0.04396611504895749,0.12066365317852601,0.11986856355923575,0.09483277726223975
Match_FIghter,2026-07-14,0.046389319934636325,0.11117535907870618,0.12654531504744415,0.09470333135359554
DrDreBeats,2026-07-14,0.053720149390736924,0.07569226646977344,0.15464612985625725,0.0946861819055892
Sweafty,2026-07-14,0.06314631121599583,0.059701452800452484,0.16115810099442424,0.09466862167029085
chesstrainer2042,2026-07-14,0.04679335497766742,0.11432890075776674,0.12266496242363496,0.09459573938635636
XalmatovYakubjon,2026-07-14,0.04710183335895911,0.10979785089880036,0.1268578626107829,0.09458584895618079
anderson2361,2026-07-14,0.05222030359881754,0.08335730318212003,0.1481449244752258,0.09457417708538779
K2JW,2026-07-14,0.06341204168710046,0.05984422873481349,0.16044966785273956,0.09456864609155118
FabinanaG,2026-07-14,0.0483013613012958,0.10822879355236376,0.12707969682762252,0.09453661722709401
garfio2017,2026-07-14,0.06300979839699684,0.06160271490177537,0.15896742961013263,0.09452664763630163
michechess89,2026-07-14,0.0625422387223884,0.06218110346204541,0.1587705935667181,0.0944979785837173
VTDULMH,2026-07-14,0.04422663556370124,0.11949123117920293,0.11973364449799286,0.094483837080299
ELGOAT010,2026-07-14,0.047979133911182144,0.07285276390291291,0.16254690043778688,0.09445959941729398
TheCastleHunter,2026-07-14,0.060474635684253146,0.06294367190518727,0.15954123685130311,0.09431984814691452
VoicelessFeather,2026-07-14,0.05318401695134171,0.0801567003835918,0.14926171078900302,0.09420080937464552
konstantin_yayloyan,2026-07-14,0.04436128886494207,0.11672731339033278,0.12149606802318001,0.09419489009281828
gambitovapj,2026-07-14,0.06718521540617141,0.058512137087283485,0.15683582057424406,0.09417772435589966
oggy1984,2026-07-14,0.05377086622923823,0.07274437162693698,0.1558486444593995,0.09412129410519159
caropawn10,2026-07-14,0.06292220407414206,0.05601879958196515,0.163408065664092,0.0941163564400664
Paralinch,2026-07-14,0.06329552850614707,0.07701269784848036,0.14203315718445686,0.09411379451302809
keopki,2026-07-14,0.05881032831412713,0.07310797465679224,0.15024571893647493,0.09405467396913143
germansanch,2026-07-14,0.04488559916982168,0.1169428398294705,0.12033310005302875,0.09405384635077363
Divljasvinja14,2026-07-14,0.0628611385911103,0.07145927388036413,0.147699016689964,0.09400647638714614
EngineerSpock,2026-07-14,0.048328070379273835,0.10728828240376134,0.1261110669283774,0.09390913990380419
GilbertoHernandezAmura,2026-07-14,0.045311183593906165,0.07894127841475944,0.15740200178819813,0.09388482126562125
alex_c31,2026-07-14,0.046605721339007984,0.11173477124245386,0.1231603719390555,0.09383362150683912
qqwow,2026-07-14,0.06028261585900768,0.06336791504229232,0.1577671920165672,0.09380590763928907
dfedunov,2026-07-14,0.0483013613012958,0.10833003197713324,0.12472734435580829,0.09378624587807911
DNextEpisode,2026-07-14,0.06002278462783132,0.06081721725480425,0.16046604501475425,0.09376868229912994
TheJeremyEllison,2026-07-14,0.04821637434732974,0.1088137821198998,0.12408593897134292,0.09370536514619082
Tsschessulover,2026-07-14,0.05538263118184017,0.06902289622655884,0.1566114704232995,0.09367233261056618
MaryanKyrychenko,2026-07-14,0.05492071642357344,0.07071547809776035,0.15537145950261638,0.09366921800798339
DopplerCharlotteDeWitte,2026-07-14,0.05080820194425102,0.05907629901948305,0.17107269110096643,0.09365239735490016
hammahamma,2026-07-14,0.05503166128584076,0.06900370077698974,0.1567641223547109,0.09359982813918048
RookandRoll1606,2026-07-14,0.04608126736302289,0.1090816628806786,0.12561725240749871,0.09359339421706674
anon102030,2026-07-14,0.062002988672633055,0.05573242703015198,0.1628745324430408,0.09353664938194195
PudgeImba228,2026-07-14,0.046564598305468684,0.10753594992314766,0.12647406034941325,0.09352486952600987
MokshanovAlexey,2026-07-14,0.04679335497766742,0.11124707869417222,0.12215109932390114,0.09339717766524692
chescomhuynya,2026-07-14,0.055775379841297296,0.06280774665588944,0.16152986917269105,0.09337099855662594
LidongW,2026-07-14,0.048350137374729825,0.10580460752993037,0.1257525155310307,0.09330242014523031
BallottiLuca,2026-07-14,0.05366989126582421,0.07433323172104521,0.151878836742326,0.09329398657639847
ExplosiveHamster228,2026-07-14,0.049888798061824724,0.10183522276498103,0.12810804655486485,0.0932773557938902
valorant64,2026-07-14,0.0484006512148729,0.10694819374677993,0.12437246258047545,0.09324043584737608
JustusJBargsten,2026-07-14,0.04843295244155007,0.10314613534377312,0.12810594627345004,0.09322834468625774
TheShreggIsBack,2026-07-14,0.04847641272654038,0.10324350697201698,0.1278708502023594,0.09319692330030559
TacticalSam94,2026-07-14,0.046030653290438886,0.10977299396976818,0.12375506904607594,0.09318623876876102
tianzel,2026-07-14,0.04847641272654038,0.1034777326517203,0.12756937231824367,0.09317450589883479
EliteChess0967,2026-07-14,0.05765777891239093,0.07524937208011019,0.14659687901941096,0.09316801000397068
lapleutrerie,2026-07-14,0.046434170289618805,0.11023310900486677,0.12282609565916859,0.09316445831788472
Jungle_Jaguar,2026-07-14,0.05571904750103062,0.06526180909544803,0.15837509963520435,0.09311865207722765
Igor_Kowalski,2026-07-14,0.05187095653366764,0.05981197868404751,0.16767296113861815,0.09311863211877776
Kutyapofa,2026-07-14,0.048136209850143885,0.1071494073148519,0.12398080660887185,0.09308880792462254
Ishowmoves57,2026-07-14,0.05509448337006286,0.06712396884272827,0.15701441071070169,0.09307762097449761
whatisbynavshde,2026-07-14,0.0483013613012958,0.10686726033113078,0.12401108151223253,0.0930599010482197
SilentKnight1410,2026-07-14,0.04419997979620652,0.11623250404911702,0.11871070605649234,0.09304772996727195
Soledadense88,2026-07-14,0.046190651091805035,0.10685031019000621,0.12607995240043476,0.09304030456074867
M_One1126,2026-07-14,0.05409609291920057,0.0752180043058996,0.1497665581424394,0.09302688512251318
Arlettiii,2026-07-14,0.04572671494387144,0.11153340749118747,0.12171633652787714,0.09299215298764535
KrolPawel92OnTwitch,2026-07-14,0.059845493212803365,0.058675543437349514,0.1604321614653692,0.0929843993718407
shivi_002,2026-07-14,0.04374426157872266,0.11964764276567312,0.11555294524808475,0.09298161653082683
EstudiandoAjedrezRD,2026-07-14,0.05393396356967875,0.07142463626646989,0.1535089868150033,0.09295586221705066
BabyAnton,2026-07-14,0.05384389456899641,0.06985553561680727,0.15513160203019413,0.0929436774053326
FandiMazen,2026-07-14,0.04790297761551357,0.10133933887031162,0.12957184688927456,0.0929380544583666
garicradomir,2026-07-14,0.055432176401867185,0.06366096185195137,0.15970871448928842,0.092933950914369
argentum049,2026-07-14,0.04901648583018863,0.0921646347959699,0.13744729798760516,0.09287613953792123
Michelsan,2026-07-14,0.04691649902440679,0.10794507735970613,0.12371698717010428,0.09285952118473906
AshotParvanyan,2026-07-14,0.046455019323952636,0.1082220484375297,0.1238829480101137,0.092853338590532
Kirillov_Andrey,2026-07-14,0.04847641272654038,0.10302853400165697,0.1270450365680129,0.0928499944320701
dannywanny8,2026-07-14,0.044126183366192735,0.11454959422225945,0.11979290552571334,0.0928228943713885
tigurones,2026-07-14,0.04876472613198252,0.06530692442360038,0.1643340587659834,0.09280190310718876
wyano,2026-07-14,0.05321146528764632,0.08094271595524886,0.14414579273735836,0.09276665799341784
mirciulica14,2026-07-14,0.04187955773909172,0.11919141114909695,0.11717563880890029,0.09274886923236299
dr_tatiana,2026-07-14,0.04469799149517074,0.11166378692417013,0.1218692674400127,0.09274368195311784
Witold_lechowski,2026-07-14,0.044019725711984835,0.11496586067449077,0.11920898370886263,0.09273152336511274
josmito80,2026-07-14,0.054641644421107374,0.0681470147899185,0.15536744302012354,0.09271870074371646
SasviduWeera,2026-07-14,0.04630934493552714,0.10523510501821587,0.12655982547726657,0.09270142514366986
chedimir,2026-07-14,0.04855711488477617,0.10401828373991563,0.12548947155644627,0.09268829006037936
andreavb,2026-07-14,0.047602163038109026,0.10537297678039012,0.12502389886911877,0.09266634622920596
TovmasianVardges,2026-07-14,0.0484127858328731,0.10223406435644754,0.12729562681686496,0.0926474923353952
ZayneElZein2011,2026-07-14,0.04679335497766742,0.10952635854100952,0.1215305904297598,0.09261676798281225
ElephantChessGenius,2026-07-14,0.057820843929401844,0.07046325959178412,0.14950153593690502,0.09259521315269699
SabinaFoisor,2026-07-14,0.05424142680401593,0.07274668536903589,0.1506791983628047,0.09255577017861884
Babarsik1977,2026-07-14,0.04855711488477617,0.1034225139284286,0.12558959405448003,0.09252307428922828
SeLaPegoACualquiera,2026-07-14,0.043569765463439054,0.11830343676971047,0.11564127616089685,0.09250482613134879
kick-start-the-rhythm,2026-07-14,0.04835999080509272,0.10162759703880545,0.12747233503858463,0.09248664096082759
nanGM,2026-07-14,0.048887584341361666,0.09954615429552766,0.12890993916121443,0.09244789259936792
LH84,2026-07-14,0.04366561662994178,0.11661958495339625,0.11697059969971713,0.09241860042768506
Sveta10,2026-07-14,0.046141739456561005,0.10760153285508561,0.12312116575553991,0.0922881460223955
dinushkipremanath,2026-07-14,0.048328070379273835,0.10368006410954692,0.12477111648836418,0.0922597503257283
Colchonero64,2026-07-14,0.0520684331565693,0.07660408497019762,0.14787216087891017,0.09218155966855902
HakanTooGood,2026-07-14,0.046389319934636325,0.10352458193715565,0.1265496905459024,0.09215453080589812
zeitnot2006,2026-07-14,0.0535999924656021,0.07288301451393762,0.14986201159812765,0.09211500619255579
Fariasov,2026-07-14,0.04419997979620652,0.11147518967379938,0.12060674878570685,0.09209397275190424
GriffinMac,2026-07-14,0.059904125588390186,0.06249871560284312,0.15384617662783812,0.09208300593969047
alexwinter25,2026-07-14,0.04847641272654038,0.10443630613496119,0.12330702802887984,0.09207324896346047
Grind2Glory,2026-07-14,0.04847641272654038,0.100379110470419,0.12730246942648357,0.09205266420781433
TRadjabov,2026-07-14,0.054835893409993765,0.07164255331578888,0.1496647171149073,0.09204772128022998
yjjga,2026-07-14,0.04630934493552714,0.1041369890349225,0.12550302578491046,0.09198311991845336
PursuitOfHappyness2,2026-07-14,0.05493923611880263,0.10555039399273604,0.11545142352892261,0.09198035121348709
Illingworth,2026-07-14,0.045970555563391725,0.10722567309634276,0.12260055267915362,0.09193226044629603
Virre_firre,2026-07-14,0.04847923302127558,0.09927969978657222,0.12803353255932648,0.09193082178905809
SamHeymann,2026-07-14,0.04510200960864915,0.10896742244898706,0.121672298473074,0.09191391017690341
Y0ung_Capablanca,2026-07-14,0.048178656105866066,0.05951926377794344,0.16783698555797325,0.09184496848059424
cande_francisco,2026-07-14,0.05202403064861306,0.07759462763048718,0.1457810019443864,0.0917998867411622
Kristof_08,2026-07-14,0.04835999080509272,0.09938065656462017,0.1276296453990215,0.09179009758957812
LawrenceTrent,2026-07-14,0.052564961751400394,0.07320600091432203,0.14957152334275747,0.09178082866949329
Europe03,2026-07-14,0.04835244615472283,0.10074586788459566,0.1262394458448709,0.0917792532947298
GodzillaChessYoutube,2026-07-14,0.04505215805360727,0.06950516714886612,0.1606970817520346,0.091751468984836
MartinBezuch_YouTube,2026-07-14,0.04638661529416858,0.10300328660511111,0.1257182896325242,0.0917027305106013
Your-Mentor,2026-07-14,0.046167312265252176,0.10378724748338199,0.1251369309417239,0.0916971635634527
DefenceWinsChampionships,2026-07-14,0.0483013613012958,0.10402274989030617,0.12271361150586016,0.09167924089915404
okriak,2026-07-14,0.053991174895909995,0.07082820720798687,0.15019701525188922,0.09167213245192869
RNG2200,2026-07-14,0.04806480938077715,0.10414314545076965,0.12265771263817275,0.0916218891565732
Jeronimozapata02,2026-07-14,0.04503153721271683,0.10746356943095738,0.12226286053938894,0.09158598906102106
Nigerianprodigy,2026-07-14,0.054899513354775976,0.06569256086174463,0.15392077356694936,0.09150428259448999
Darko-Dimitrijevic,2026-07-14,0.05233612695228994,0.07504002906562532,0.14708658609776454,0.0914875807052266
A-Shu,2026-07-14,0.04835999080509272,0.09849224116758586,0.12757274461457718,0.0914749921957519
NedJulpie,2026-07-14,0.048559939635046574,0.09977241982698311,0.1259583618277321,0.0914302404299206
Missigirl,2026-07-14,0.048299676646459275,0.10061740030364019,0.1253132355220271,0.09141010415737554
AsadliVugar,2026-07-14,0.05374228589247874,0.06850334000149107,0.1519219768766516,0.09138920092354047
Caradhrast,2026-07-14,0.05773449174490408,0.06933810457873923,0.14681718284262982,0.09129659305542437
Supe4Chess,2026-07-14,0.046167312265252176,0.1028121813247655,0.12490155902925958,0.09129368420642575
greengrass100,2026-07-14,0.04821637434732974,0.10498017976018595,0.12066824364799762,0.09128826591850443
SereneSalmon,2026-07-14,0.055891387156583115,0.061587624691243376,0.1563067618121929,0.09126192455333981
gm3t,2026-07-14,0.042334124869785335,0.11459144650904428,0.11679128996582318,0.09123895378155093
El_Matador12,2026-07-14,0.046030653290438886,0.1052576237539609,0.12242097115090507,0.09123641606510162
Enrica007,2026-07-14,0.04847641272654038,0.10035834591499289,0.12480662076741575,0.09121379313631635
Lanshou,2026-07-14,0.053218628056234715,0.070678333445154,0.1497416487766578,0.09121287009268218
ChampJiguur,2026-07-14,0.047602163038109026,0.10336989096949628,0.12260725884915871,0.09119310428558801
Henryk_S,2026-07-14,0.05640382917969158,0.06769130956618591,0.14931588890791278,0.0911370092179301
SGchess01,2026-07-14,0.049147775175487914,0.10307042205006618,0.12110991692915751,0.09110937138490387
keremilgaz,2026-07-14,0.04296704555518036,0.11247071887365521,0.11771906164539774,0.09105227535807776
ApoIogiA,2026-07-14,0.05535743258783116,0.059457545820834706,0.15823421074347757,0.0910163963840478
raloloit,2026-07-14,0.044707836749652494,0.1069632907931777,0.12133858508223476,0.09100323754168832
lgabi,2026-07-14,0.04790297761551357,0.09792150510069642,0.12716531706735903,0.09099659992785634
Arnaldofdelavaramulet,2026-07-14,0.05747139655946008,0.06428428993622841,0.15102131783373568,0.09092566810980807
MOZZY1995,2026-07-14,0.04855711488477617,0.10103905648165877,0.1231466670244567,0.09091427946363055
Uzbekneo,2026-07-14,0.04373998811800099,0.1083040571969303,0.12065192005639133,0.09089865512377421
PeterJackson04,2026-07-14,0.0472134690995786,0.0697649551533396,0.15563676656317285,0.09087173027203034
allejam,2026-07-14,0.044019725711984835,0.10840745333631344,0.12016351219314608,0.09086356374714812
karwowskikacper,2026-07-14,0.05657038317785775,0.06220859090874355,0.15381022682930076,0.09086306697196735
unikman,2026-07-14,0.042973200759157004,0.10977766682125693,0.11981772762805408,0.09085619840282268
wudileige,2026-07-14,0.04291815282756308,0.11392051118805914,0.11546821348539797,0.09076895916700672
MarcelWildi,2026-07-14,0.04419997979620652,0.10745924305993661,0.12058294404049383,0.09074738896554564
DiegoMoreno2007,2026-07-14,0.04412876230780809,0.1074045460818558,0.12068076539884479,0.09073802459616957
QuercusRobur22,2026-07-14,0.04273306595300733,0.11004460384602653,0.11940669971577642,0.09072812317160343
peonrojo150,2026-07-14,0.057152238553076024,0.06474531664046064,0.15025393101756424,0.09071716207036697
JoJoZP,2026-07-14,0.04996410158153949,0.08338540740515972,0.13876129409416618,0.09070360102695513
Cryptochess,2026-07-14,0.056440745713849653,0.06370956322376868,0.15190336307867217,0.0906845573387635
almatyonelove,2026-07-14,0.0484127858328731,0.09804045284736773,0.12557538929688797,0.09067620932570959
KashishMJain,2026-07-14,0.04790297761551357,0.09674668440924389,0.12736035144183305,0.09067000448886349
popov_m,2026-07-14,0.048896327156480894,0.08570333995754971,0.13734181094570683,0.09064715935324581
Chessjester21,2026-07-14,0.04605071256478378,0.10469060918954834,0.12103313474986407,0.09059148550139873
ZeyDuru2012,2026-07-14,0.0487430003070243,0.0970744985574758,0.125955519267502,0.09059100604400071
Failshot12,2026-07-14,0.04529989458102553,0.10808125532549565,0.11834587898633274,0.09057567629761798
DelhiGM,2026-07-14,0.04406823076624652,0.10715225291174288,0.12049185115221939,0.09057077827673626
F-Ghaith2021,2026-07-14,0.058613176664291326,0.05967125479820667,0.1534089079170673,0.0905644464598551
KoningKobe,2026-07-14,0.046312045289433966,0.10097610477278503,0.12429718690890537,0.09052844565704145
Ryan_Zhong,2026-07-14,0.042206007597585846,0.10885198590056802,0.12048194035099885,0.0905133112830509
MishkaFighter,2026-07-14,0.0461346038180236,0.10124364385178167,0.12408225184271532,0.0904868331708402
Vi_Los,2026-07-14,0.046030653290438886,0.10264001727778083,0.12273480865399136,0.09046849307407034
gmjlh,2026-07-14,0.04496746498557616,0.10577691568431392,0.12048676563425804,0.0904103821013827
KeithArkell,2026-07-14,0.045520870150957744,0.10622077654194555,0.11948673775291768,0.09040946148194033
Machteldvf,2026-07-14,0.04899193680174772,0.09481243249421478,0.12737048995709432,0.09039161975101895
Piggu,2026-07-14,0.04847923302127558,0.09653149399828653,0.12615598467891262,0.09038890389949157
Kaufman_David,2026-07-14,0.042230251325151374,0.11336370875732275,0.11547256027786261,0.09035550678677891
kxt100,2026-07-14,0.054436774548056295,0.06442715938892828,0.1520755822120234,0.09031317204966934
Sarbalia,2026-07-14,0.04390836301614129,0.10724654157767959,0.11968047866249856,0.0902784610854398
Iudina-Veronika,2026-07-14,0.041775835756015824,0.11106558376953105,0.1179543938644535,0.09026527113000012
AMIR_GH_86,2026-07-14,0.04350844642468924,0.10880133657820334,0.1184580527074649,0.09025594523678582
PIwan,2026-07-14,0.04911265680368786,0.09477328364510516,0.12671115669714703,0.09019903238198002
AlmasChampion1,2026-07-14,0.055101780973245,0.0675225786702222,0.1479484458308606,0.09019093515810926
kamB2R,2026-07-14,0.04630934493552714,0.09789173142251885,0.12619553953670556,0.09013220529825051
Ankit_ChessNeurons,2026-07-14,0.042525408203660034,0.11084157905041093,0.11679562878248614,0.09005420534551904
fgm1ke,2026-07-14,0.04790297761551357,0.09520494223919604,0.12701821224313142,0.09004204403261368
RuleOfTwo,2026-07-14,0.05035143140052904,0.07830803674197105,0.14140089811253195,0.09002012208501069
Mudinoss,2026-07-14,0.047675458110072365,0.09762364781431863,0.12460882852733089,0.0899693114839073
Manukyan_Artyom,2026-07-14,0.0461978748025262,0.09834613082640711,0.12535488245321078,0.08996629602738138
CzechmVIII,2026-07-14,0.059456401447087415,0.0488526044886807,0.1614061361040577,0.0899050473466086
Thenightmare_2903,2026-07-14,0.04426874047365562,0.10731157828204801,0.11809643392937072,0.08989225089502478
DMotos,2026-07-14,0.050196846302148684,0.08017962322254396,0.139241595864794,0.08987268846316221
ColorsTrilogy,2026-07-14,0.04910980156120314,0.09458012305649606,0.12588568497935537,0.08985853653235153
hamelekh,2026-07-14,0.04459523097120453,0.105814767823554,0.11914504354200846,0.08985168077892232
JustinTime4GM,2026-07-14,0.049887705042931635,0.08344857786548414,0.1361988171215768,0.08984503334333087
jodarmarlon1985,2026-07-14,0.04639583930117728,0.07048634535340612,0.1526357718171113,0.08983931882389823
Otrovnipacov2405,2026-07-14,0.04386002585169394,0.10640331905063853,0.11914163526322356,0.08980166005518535
Alexandr_Predke,2026-07-14,0.0534501498566349,0.0712865329958376,0.14462274846676257,0.08978647710641169
kuruhuru,2026-07-14,0.0573807779553559,0.057657459326001255,0.1542839537240242,0.08977406366846045
DaRk_KiNg_30,2026-07-14,0.04617000473801453,0.1000125984537707,0.12307496529083185,0.08975252282753902
BegmuratovKh2010,2026-07-14,0.059738473127617514,0.060024022878057574,0.14942400178221676,0.08972883259596394
goldenbuzzer,2026-07-14,0.048059018102440836,0.09727632235880303,0.12378944101895545,0.08970826049339976
Lukas2010,2026-07-14,0.041586391970131864,0.11461398860653618,0.1128325912390396,0.08967765727190254
tyczka123,2026-07-14,0.056647069877703606,0.058107930484522737,0.15426513082679183,0.08967337706300606
MerryRam,2026-07-14,0.04521813034961763,0.10348958331046677,0.12029655499097552,0.08966808955035331
MiroMiljkovic,2026-07-14,0.04502815851458672,0.10717043072534761,0.1167605696573804,0.08965305296577158
Myst2500,2026-07-14,0.04601268475032125,0.0958551303082101,0.1269486219532433,0.08960547900392489
Ray_Yang,2026-07-14,0.04572671494387144,0.10335665718204197,0.11970320827649136,0.08959552680080159
dharichess,2026-07-14,0.047947420353488104,0.1015008280862266,0.11918514195646467,0.08954446346539313
Ruprecht_der_Knecht,2026-07-14,0.05615046427773105,0.06815161742821362,0.1442672991956173,0.08952312696718732
BrokenFritz,2026-07-14,0.04273020222940821,0.07791029519618407,0.1476607614320056,0.08943375295253263
kasun_bole,2026-07-14,0.055167980494864335,0.06567584679602889,0.14743951132589161,0.08942777953892828
workhard91,2026-07-14,0.05490955211552192,0.06620883983229027,0.14715754032301648,0.08942531075694289
bahne07,2026-07-14,0.044126183366192735,0.10429566471497308,0.11980540505824253,0.08940908437980277
GradualismUnleashed,2026-07-14,0.05191162770882619,0.07265029442076934,0.143656140462402,0.08940602086399918
ilovejokes555,2026-07-14,0.04389022265657597,0.10534785060895,0.11892791441401204,0.08938866255984601
Dahamdi_Sanudula,2026-07-14,0.047599146443798236,0.10093169054888007,0.11960495425708767,0.08937859708325531
MIM06,2026-07-14,0.04785602339082104,0.09600956286343887,0.12403212821328082,0.08929923815584691
Prof_Karga61,2026-07-14,0.04608126736302289,0.1005839491404404,0.12120786199183341,0.08929102616509889
jlucasvf,2026-07-14,0.04724523377447882,0.06229847673714995,0.15831988986882514,0.08928786679348465
paladin_ll,2026-07-14,0.046564598305468684,0.09677792210502442,0.12445998174977892,0.08926750072009067
michaelskie11,2026-07-14,0.051182781527016157,0.07894530622661929,0.13761833840942925,0.08924880872102155
GatorCity,2026-07-14,0.049125476113896414,0.08991089995654593,0.12866917565311448,0.08923518390785228
AbdulovOrkhan,2026-07-14,0.04645254368510626,0.0954685270771262,0.12568706582998299,0.08920271219740517
Ladislav1969,2026-07-14,0.057733553852511325,0.06009476041480472,0.1497606928189508,0.08919633569542229
Adnan_nadimifar,2026-07-14,0.04248200441254905,0.10920675873261133,0.11575703705112764,0.08914860006542935
Yamp2016,2026-07-14,0.044126183366192735,0.10489951995697491,0.11838529826260476,0.0891370005285908
petroniy_arbitr,2026-07-14,0.04419997979620652,0.10357957831435646,0.11951676790374252,0.08909877533810184
GVK308,2026-07-14,0.042869400007316115,0.10655613768726727,0.11785620878411507,0.08909391549289948
Smyslovsfan,2026-07-14,0.04817475214112866,0.10004988873791637,0.11902460267758698,0.08908308118554399
nhn_08,2026-07-14,0.04605616750531443,0.09947493535648246,0.12167046378079233,0.08906718888086307
Efremov_Vlad,2026-07-14,0.054436774548056295,0.0617326182844182,0.1510062095721678,0.08905853413488075
kobemagic,2026-07-14,0.061696283677052564,0.05061445945299882,0.15485051992267962,0.08905375435091034
ReversGagnant,2026-07-14,0.04577748145714944,0.1015761033573766,0.1197716705045007,0.08904175177300892
Mortred777,2026-07-14,0.042525408203660034,0.10753457774928525,0.11700210790431051,0.08902069795241858
G-KAMILO,2026-07-14,0.04546765578592376,0.1002523421795183,0.12133500427578603,0.08901833408040936
witcher8,2026-07-14,0.04390836301614129,0.10427830593298819,0.11879933973812493,0.0889953362290848
Wiskey2,2026-07-14,0.044019725711984835,0.10317965377597996,0.11932514630562716,0.088841508597864
pavelmartynov,2026-07-14,0.052729210942533564,0.0674567804361668,0.14633625947884474,0.08884075028584837
pekowitsch,2026-07-14,0.04386002585169394,0.10389091587709758,0.11870906493543515,0.08882000222140889
Fang3416,2026-07-14,0.04924364550666638,0.09024130092921877,0.12696964044470532,0.0888181956268635
TurboSteen,2026-07-14,0.055691423487695825,0.06238357643092632,0.14820475118506762,0.08875991703456325
Myshakov_Fedor,2026-07-14,0.05812567864200229,0.06069847983799493,0.14744129392862632,0.08875515080287451
Fisher_TheGalactic,2026-07-14,0.05196601114684966,0.07271523232365984,0.14150085721944164,0.08872736689665038
UKR_Master,2026-07-14,0.056544448260300396,0.06296885986624547,0.14662211542015113,0.088711807848899
Tryharder0,2026-07-14,0.0437509465045211,0.10378930285035223,0.11857062137083116,0.08870362357523483
Morphozis,2026-07-14,0.04610274565066594,0.09682251887850783,0.1231505993647829,0.08869195463131889
MrsMegaminx,2026-07-14,0.04381061217153939,0.10678140497983593,0.11545586446752314,0.08868262720629949
Atom596,2026-07-14,0.04419997979620652,0.10105919976826942,0.12078283687217961,0.08868067214555185
JGroffCT,2026-07-14,0.04388439226220102,0.10317053798151064,0.11877941221125715,0.08861144748498961
Devil_of_chess777,2026-07-14,0.0461978748025262,0.09299699238782318,0.12656593722283296,0.08858693480439411
CPOR3,2026-07-14,0.0458030598339261,0.10227733059123119,0.11764799092924011,0.08857612711813247
WhoTellYouStop,2026-07-14,0.04854464311659787,0.09504772006057606,0.1221208563110638,0.08857107316274591
pitopisback,2026-07-14,0.048887584341361666,0.09048261178510544,0.1263412009140735,0.08857046568018019
Chimpinha,2026-07-14,0.05437642995777164,0.06633608275867958,0.14496572900812082,0.08855941390819068
BairaKovanova,2026-07-14,0.06113611118936945,0.05185283651152342,0.1526111732462119,0.08853337364903492
Kaer_Morhen,2026-07-14,0.05824855106503108,0.06003783111669506,0.14711559488220588,0.08846732568797734
BredReimagined,2026-07-14,0.04864380516767656,0.0863739931596463,0.1303278729558318,0.08844855709438489
may_goose,2026-07-14,0.05879940852755393,0.057400842847297656,0.14902256246881276,0.08840760461455478
lilyzhou2002,2026-07-14,0.0430840879088543,0.10781338776573102,0.1142728946340568,0.08839012343621404
duongvuanh,2026-07-14,0.044019725711984835,0.10106442261865203,0.12004831831071701,0.08837748888045129
J36225,2026-07-14,0.04270247232785694,0.1062958582025682,0.11609635611743759,0.08836489554928757
Treacherous_horse64,2026-07-14,0.059107296477543765,0.05696182275053108,0.1489415703507265,0.08833689652626713
chargemax23,2026-07-14,0.04480839135219592,0.10279841047739528,0.11732113639793028,0.08830931274250715
epjdcdu86,2026-07-14,0.04417161529125525,0.10174393522426464,0.1190033650905281,0.088306305202016
mkllnd1517,2026-07-14,0.04641600570027544,0.09859568382642768,0.11988686722151581,0.08829951891607297
miroslavsavic,2026-07-14,0.06003940570761435,0.057425540981148986,0.14739816430809613,0.08828770366561982
Didi67,2026-07-14,0.043990537685615644,0.1027564643669019,0.11810594985110902,0.08828431730120885
LOVEVAE,2026-07-14,0.04873627389840861,0.09609023347496082,0.11998543231940831,0.08827064656425924
Miamichess,2026-07-14,0.04577748145714944,0.09955781595544537,0.11945257164320404,0.08826262301859962
cristiansampaoli,2026-07-14,0.04535049894314324,0.09997339531313006,0.11941995596311522,0.08824795007312951
SoLuckyThough,2026-07-14,0.043372566097779106,0.10604532242983665,0.11520812831705304,0.08820867228155627
raisingspartans,2026-07-14,0.04735736324299154,0.0938583216707793,0.12335296528552281,0.08818955006643121
catzapto,2026-07-14,0.05490955211552192,0.06121900394959673,0.14834117719436304,0.08815657775316056
astaneeen,2026-07-14,0.0466941227365304,0.09704737949032817,0.12059478138535189,0.08811209453740348
RichardBitoon,2026-07-14,0.04862597086198208,0.09078706207524623,0.12476064472807893,0.08805789255510242
knightmareprodigy,2026-07-14,0.04269997301692402,0.10556685538536267,0.11586799369962186,0.08804494070063618
DrVitman,2026-07-14,0.04898493049513729,0.08225539862206704,0.1328847077714839,0.0880416789628961
TheRealGmochey,2026-07-14,0.05309755147328554,0.06586874642327827,0.14506645236041918,0.08801091675232765
MCGimgerChess,2026-07-14,0.044126183366192735,0.10100196929279331,0.11886348404142626,0.08799721223347078
xspiderwoman,2026-07-14,0.04776321760342895,0.09407791780025183,0.12212293348373628,0.08798802296247236
ega2006,2026-07-14,0.04645254368510626,0.09313784364572883,0.1242150724486056,0.08793515325981356
moroccanchess23,2026-07-14,0.043147640196281464,0.10544473483688677,0.11515522732351315,0.08791586745222713
RafaJumps,2026-07-14,0.04396611504895749,0.1026045078181063,0.1171660571473478,0.08791222667147053
cottage_cheese,2026-07-14,0.05507692707619499,0.06167397342978165,0.14690593640983568,0.08788561230527077
bladlusen,2026-07-14,0.04381061217153939,0.10614473227407226,0.11369089376488048,0.08788207940349739
Eric_Jr_Labog_PCAP,2026-07-14,0.04360184976170754,0.10104362095220497,0.11897310457652882,0.0878728584301471
Morocewich64,2026-07-14,0.04386002585169394,0.10250860786070874,0.11721600410414844,0.08786154593885037
Clown-Master_64,2026-07-14,0.04222932669288933,0.10592642518086938,0.11541443345367107,0.08785672844247659
Tetyana08,2026-07-14,0.0425901170911936,0.10415487595397512,0.1168235494100655,0.0878561808184114
mandakkadukka,2026-07-14,0.044369963174021414,0.1002932884393379,0.11865782521890518,0.08777369227742149
OtherGabe,2026-07-14,0.04412876230780809,0.09919947543773698,0.11996804824442397,0.087765428663323
kflorian98,2026-07-14,0.04447512303683519,0.1015302292491855,0.1172701373931797,0.08775849655973346
dynamike123,2026-07-14,0.04395258505858088,0.1046886745176038,0.11446378340629348,0.08770168099415938
chess_master_8820,2026-07-14,0.047559020153946856,0.09346621127072462,0.12204011855088698,0.08768844999185281
Nurelina12,2026-07-14,0.04572671494387144,0.09901243523360938,0.11816018687077329,0.08763311234941802
juzekarbuzek,2026-07-14,0.042869400007316115,0.10311260527243338,0.11683988798615864,0.08760729775530272
Lord_Neezy,2026-07-14,0.044168197062433655,0.09942367991804633,0.11921066212003907,0.08760084636683968
Gevo1990,2026-07-14,0.044202562851385255,0.09886320418447095,0.11969179436837617,0.0875858538014108
JoeAssaad,2026-07-14,0.04385915642429898,0.09864273341513498,0.1199058597543716,0.08746924986460185
Vlad_Lukiianchuk,2026-07-14,0.04721079136523066,0.06256321802520128,0.15262299838019375,0.08746566925687523
Tassimo777,2026-07-14,0.04360184976170754,0.09827142129567804,0.12049249765907803,0.08745525623882121
BjarkeSahl,2026-07-14,0.046564598305468684,0.0920673465930808,0.12370973535562899,0.08744722675139283
karmada123,2026-07-14,0.04386002585169394,0.101326442138117,0.11709051299127476,0.08742566032702857
recargado,2026-07-14,0.04736476035394251,0.09245222554295902,0.12242233879395341,0.08741310823028497
Magionator,2026-07-14,0.04911265680368786,0.08823824652022787,0.12485956647872973,0.08740348993421515
Bjorn_Holm,2026-07-14,0.04361824675450761,0.1011018708848478,0.11741754292369933,0.08737922018768492
playingWhileSick,2026-07-14,0.04412876230780809,0.09736189102200346,0.12057500137213008,0.08735521823398056
FabianoCarlsen,2026-07-14,0.04185136693942282,0.10764648216651092,0.11255511709224054,0.08735098873272475
mertcan-sevig,2026-07-14,0.044369963174021414,0.09957314308305706,0.1181063693183834,0.08734982519182062
ChessEnthusiastOne,2026-07-14,0.056145263264609106,0.060727288146215114,0.14514547367308195,0.08733934169463538
Mastroskaki,2026-07-14,0.04373998811800099,0.0998716250681715,0.11839413325685692,0.08733524881434314
zolidernas,2026-07-14,0.044208843550431955,0.09835064864429136,0.11943745596855931,0.08733231605442754
Fawolizzo,2026-07-14,0.04775699515629586,0.09505963482790689,0.11912482543443524,0.08731381847287933
Artur0208,2026-07-14,0.04582208538594453,0.09738914171941769,0.11871604694975187,0.08730909135170468
Abu-AlHussein,2026-07-14,0.043990537685615644,0.10094856634323489,0.11688585883353605,0.08727498762079551
theopera,2026-07-14,0.04297571534468402,0.10189507295727279,0.1169352194104779,0.08726866923747824
CM-JorgeTobar,2026-07-14,0.044372555701886196,0.09674478893028592,0.12067689864570955,0.0872647477592939
BRYANtheBUTCHER,2026-07-14,0.05579150100181318,0.06074522069218676,0.14510413050562967,0.08721361739987654
PEACE_POWER,2026-07-14,0.05950507758424561,0.050101761913505266,0.15200310285661292,0.08720331411812127
ICantStandDisGame,2026-07-14,0.041083175298658715,0.10791600810296936,0.11252290347458381,0.08717402895873728
tk161,2026-07-14,0.04199825807330145,0.10709513226174867,0.11232140134421276,0.08713826389308761
GolDeNeymar,2026-07-14,0.044126183366192735,0.09887031269559303,0.11841368976873497,0.08713672861017357
adrianmiranda2008,2026-07-14,0.04381061217153939,0.10338583154177813,0.11418151122705897,0.08712598498012551
Moheb_amir,2026-07-14,0.04388439226220102,0.10016002398887863,0.11716617574387524,0.08707019733165162
JuanLloretRamis,2026-07-14,0.04544134811105404,0.09954230877175903,0.11615518569220232,0.08704628085833847
rickkrewson,2026-07-14,0.04257205192965245,0.10502502057683254,0.1135176248988242,0.0870382324684364
littleozy,2026-07-14,0.04655876612389062,0.09338539856086603,0.12104963954367115,0.08699793474280926
JG1me,2026-07-14,0.04386002585169394,0.10005033496980838,0.1170246117531806,0.08697832419156097
alfredoaguilera3000,2026-07-14,0.044019725711984835,0.09779151789807651,0.11909553537854829,0.08696892632953655
PrianshDas000,2026-07-14,0.04406164271941049,0.09911333868599773,0.11772212359754378,0.08696570166765066
Tacticusbd,2026-07-14,0.045981775501510856,0.09595457870150105,0.11895338619005709,0.08696324679768967
nycjack1,2026-07-14,0.044940958290450236,0.09752519577533451,0.11841222171496653,0.08695945859358377
Moonoo19,2026-07-14,0.04626018556734074,0.0936948761628745,0.12080416820714944,0.08691974331245489
Aqib-20,2026-07-14,0.04597891173139646,0.09512763548749988,0.11964100761865858,0.0869158516125183
slimshady,2026-07-14,0.05455663671191585,0.058840926807424275,0.14728861603266746,0.08689539318400252
Fravatel,2026-07-14,0.04614161162617019,0.09222119059905728,0.12227676448371139,0.08687985556964628
MAHanif,2026-07-14,0.04441927967180714,0.09926902960081536,0.1169080382574335,0.08686544917668533
Z_Chess6,2026-07-14,0.044019725711984835,0.09688533768191408,0.11936552348868315,0.08675686229419403
jankarsten,2026-07-14,0.04384286569662828,0.09724765759253935,0.1191711690821963,0.08675389745712131
Rodgy,2026-07-14,0.043990537685615644,0.09936175217411258,0.11690846218751517,0.0867535840157478
STARMATEcc,2026-07-14,0.05040365945821515,0.07099188002240651,0.13884577889279762,0.0867471061244731
YuryGarifulin,2026-07-14,0.044126183366192735,0.09777817313827834,0.11828469797701074,0.0867296848271606
awayceiling,2026-07-14,0.046673194230695284,0.09535437051232269,0.11809987380594249,0.08670914618298682
thisjuan,2026-07-14,0.04395258505858088,0.1007641603502655,0.11533587791488518,0.0866842077745772
DanilovVladimir,2026-07-14,0.04409335231544473,0.09846066132889073,0.11749255437641709,0.08668218934025085
HindsightIs2700,2026-07-14,0.04667106443684138,0.09196758379437911,0.1213942491664591,0.0866776324658932
Yanidze,2026-07-14,0.046445282092283505,0.09120180762477238,0.12238327246799438,0.08667678739501676
theblindman1980,2026-07-14,0.04601146066155651,0.09719119397569506,0.1166083705064219,0.08660367504789117
lailailaiking,2026-07-14,0.04406823076624652,0.09606111202343011,0.11943357121388225,0.08652097133451962
Silversik,2026-07-14,0.04350844642468924,0.0990816180689882,0.1168762510066867,0.08648877183345471
kajoyskie,2026-07-14,0.04412166093050612,0.09908846913880014,0.11616077119655051,0.08645696708861893
isikalp01,2026-07-14,0.044019725711984835,0.0965241765361437,0.11870579045447587,0.08641656423420147
Akiba182,2026-07-14,0.04609274940976427,0.09655343884455346,0.11654779494672318,0.08639799440034697
betolini,2026-07-14,0.04609447029338157,0.08947593443917772,0.123605391474322,0.08639193206896041
XxPetroffsxX,2026-07-14,0.04727236330954809,0.09097968030699946,0.12086333537300728,0.08637179299651827
IsaacWiebe,2026-07-14,0.04667106443684138,0.09175091482353519,0.12046984257814687,0.08629727394617448
sacdaruck,2026-07-14,0.04619716379453396,0.09072031596451498,0.12181839381529008,0.08624529119144635
vihaandumir596,2026-07-14,0.044369963174021414,0.09504791333632699,0.11931494712020135,0.08624427454351657
ccoppola,2026-07-14,0.04396611504895749,0.09888792143338214,0.11580856913564563,0.08622086853932842
krzysztofszczurek,2026-07-14,0.04412876230780809,0.09491924069869763,0.11952126056154691,0.08618975452268422
HLuis7,2026-07-14,0.04425600942295698,0.09390646739600685,0.12038556636646826,0.08618268106181069
Heineccius,2026-07-14,0.04437299871206918,0.09659487255385844,0.117392832910068,0.08612023472533188
LosXodos,2026-07-14,0.05828606102032401,0.052999631304622125,0.14693420045493905,0.08607329759329507
Geremyx,2026-07-14,0.04173737968323607,0.10366151895308072,0.11280569242876862,0.08606819702169514
AlexanderMikli,2026-07-14,0.04364248497575851,0.09850197473549181,0.1160570125881256,0.08606715743312532
Toro1234,2026-07-14,0.04417161529125525,0.09465674109177616,0.11928246782978301,0.08603694140427148
maciejos95,2026-07-14,0.04353262640828132,0.09732591302446993,0.11719086112328543,0.08601646685201224
regolita,2026-07-14,0.0473916209587849,0.09045524889461896,0.1200686485563888,0.08597183946993088
argimiro,2026-07-14,0.04609274940976427,0.09630485275592723,0.11542660284358794,0.08594140166975982
Prizant_academy,2026-07-14,0.04942397183452729,0.08571667536788996,0.12266132376314037,0.08593399032185255
Pullakuski,2026-07-14,0.04611829637979871,0.09415187658300901,0.11749352386919133,0.08592123227733302
NeathanP,2026-07-14,0.043569765463439054,0.09932576638072055,0.11478153637967804,0.08589235607461254
Semyon_Khanin,2026-07-14,0.044813396854273935,0.09168945165340958,0.12109351102554144,0.08586545317774165
chesswizard393939,2026-07-14,0.044019725711984835,0.09548777163354814,0.11808265396331126,0.08586338376961473
Botvinnak,2026-07-14,0.052167402760659044,0.06707960409428675,0.13792976953126604,0.08572559212873727
ASHCHESS,2026-07-14,0.04388439226220102,0.09728406620111693,0.11592770691324353,0.08569872179218714
adanap_04,2026-07-14,0.04626018556734074,0.09140251368746846,0.11936213172845028,0.08567494366108648
VqquyenCFT,2026-07-14,0.044126183366192735,0.09599342463004872,0.116902812742422,0.08567414024622115
NefeLV,2026-07-14,0.04409546311361697,0.09744215450421585,0.11544205300657541,0.08565989020813608
beautifulbird07,2026-07-14,0.04413207659834241,0.09588314614044734,0.11678128712736248,0.08559883662205074
Kshetrapala_of_Chess,2026-07-14,0.04363259908035168,0.08939026742015009,0.12364945342598702,0.08555743997549625
MarekFizer,2026-07-14,0.0415352063912351,0.1041077226828857,0.110894760418689,0.08551256316426993
Vrashank_Chouhan,2026-07-14,0.04614882803872325,0.08873070569906284,0.12160675995670513,0.08549543123149707
SRDR8290,2026-07-14,0.046212079304347384,0.08882941739827828,0.12137210055631162,0.08547119908631244
MAGMAchess,2026-07-14,0.04449149357764353,0.0945767645470795,0.11721671493170024,0.0854283243521411
NeoTerNemo,2026-07-14,0.04530397740736842,0.09760937414688137,0.11333913961350355,0.08541749705591778
Academia3,2026-07-14,0.044126183366192735,0.09453741123162254,0.11745340409335553,0.08537233289705692
HankMD,2026-07-14,0.044369963174021414,0.09282755839987544,0.11886026720591204,0.0853525962599363
Schachbrettchen66,2026-07-14,0.04601146066155651,0.09535655052074174,0.11467000627907879,0.08534600582045902
Tesla17,2026-07-14,0.044372555701886196,0.09223280542461115,0.11940601479726348,0.08533712530792027
Paulewski,2026-07-14,0.04476265890800256,0.0911850731935738,0.11966536031199475,0.08520436413785704
Cherone,2026-07-14,0.04297710833407871,0.09710088526448034,0.11550594296598597,0.08519464552151501
ShadyH9,2026-07-14,0.044126183366192735,0.09477344448098106,0.11667809914839293,0.08519257566518891
KuzuevDanil,2026-07-14,0.04380138051417761,0.09824512713320796,0.11346410021205923,0.08517020261981494
pedroSuareZ,2026-07-14,0.04207727593373641,0.1017995000909194,0.11160289056102705,0.0851598888618943
Freecs56,2026-07-14,0.0463373778855856,0.09229690425832453,0.11665205265796869,0.0850954449339596
rocket10jan,2026-07-14,0.04353262640828132,0.09576453723318445,0.11578890340915686,0.08502868901687421
chesspanda123,2026-07-14,0.051104036099091976,0.06882371150870223,0.13507342225767321,0.0850003899551558
HenryHoInHei,2026-07-14,0.043569765463439054,0.09829797206566368,0.11307010779861525,0.08497928177590598
Kimmini05,2026-07-14,0.044369963174021414,0.09228549839621732,0.11828170388401173,0.08497905515141681
CarlosIbarra09,2026-07-14,0.04377710657370709,0.0944681129779601,0.11658416510113515,0.08494312821760079
IfanRJ,2026-07-14,0.044126183366192735,0.09327783406684123,0.11736251683996939,0.08492217809100111
DejaVu-69,2026-07-14,0.04401376139473141,0.09694375126190413,0.1137986909981497,0.08491873455159508
swimmerchess,2026-07-14,0.049817289370783883,0.06878586868532537,0.1360823494242752,0.08489516916012814
DreamDestroyer228,2026-07-14,0.044228086808055136,0.09743698311217434,0.11297878695676035,0.08488128562566327
MikhailBLR,2026-07-14,0.044369963174021414,0.09268745806460503,0.11751117878272993,0.0848562000071188
Emily_Dawn,2026-07-14,0.053553317929671086,0.05923658908993331,0.14170208356037087,0.08483066352665843
AndreGVH,2026-07-14,0.05608051086938315,0.05841110662369122,0.1399961096357612,0.08482924237627854
GalperinPlaton,2026-07-14,0.054056814476880904,0.05732171331910823,0.14304074013138812,0.08480642264245908
Alamzhi21,2026-07-14,0.043981417991647676,0.09442049234705482,0.11599111921900745,0.08479767651923664
Rokis13,2026-07-14,0.044488871439079536,0.09213429482689374,0.11762392519949377,0.08474903048848902
teju0607,2026-07-14,0.04609274940976427,0.09277216096818466,0.11534706154544684,0.08473732397446526
Stormeman100100,2026-07-14,0.04549469115233039,0.08894843720811334,0.11975220582324245,0.08473177806122872
MkrtchyanMariam,2026-07-14,0.04361824675450761,0.09735274265750003,0.11321369620578774,0.08472822853926514
IECS12,2026-07-14,0.04626018556734074,0.08837853511563856,0.11951944208888715,0.08471938759062214
BLITZMASTER,2026-07-14,0.04360184976170754,0.09267330828319154,0.11786838350364424,0.08471451384951445
xsenon054,2026-07-14,0.0437445233594388,0.09449811535886354,0.1157240301792613,0.08465555629918788
Partytime1180,2026-07-14,0.041147204744213045,0.10127376809578771,0.11148187133428956,0.0846342813914301
Liduino,2026-07-14,0.043569765463439054,0.09700580021767302,0.11331146911759317,0.08462901159956841
Nara_Kh,2026-07-14,0.046753299143794835,0.08630171327643842,0.12082885398360027,0.08462795546794451
Portugalskaya-Raketa,2026-07-14,0.04384286569662828,0.09174672256918442,0.11824927601259205,0.08461295475946824
idvidal,2026-07-14,0.04392887516164986,0.09192806265950233,0.11791936376594564,0.08459210052903261
flo65,2026-07-14,0.04626018556734074,0.08867772706306278,0.11880152534445126,0.08457981265828492
queenazo,2026-07-14,0.04332237147705086,0.09699022899054549,0.11325327840422317,0.08452195962393984
DubiousM0ves532,2026-07-14,0.04394547804563432,0.09360735028653254,0.1159811643336319,0.08451133088859959
codapbg94,2026-07-14,0.043879182717141314,0.09413484235610584,0.11545206054084341,0.08448869520469686
TigranHH,2026-07-14,0.052326881909740684,0.06405303512121491,0.13708514739088845,0.08448835480728134
KuybokarovTemur,2026-07-14,0.04795043980426567,0.08509956680780714,0.12039924361591238,0.0844830834093284
HiTechPanama,2026-07-14,0.04505407133209313,0.09325140695827644,0.11513991778722658,0.08448179869253204
david_gomez,2026-07-14,0.04642825285581865,0.08854751566455073,0.11834368929527044,0.08443981927187993
vyprd,2026-07-14,0.0442614845322091,0.09318655009193112,0.11575440936029166,0.08440081466147731
binbin239,2026-07-14,0.052272812624503256,0.06051696518221992,0.14037129927720582,0.084387025694643
TakeFreeStuff,2026-07-14,0.041684430764012396,0.10016376564466023,0.11121868302594551,0.08435562647820605
Michelangelo111,2026-07-14,0.0442629446175563,0.0909696003555033,0.11773064540305969,0.08432106345870644
nelsoncopa,2026-07-14,0.050781465642466404,0.06326110495822301,0.1388283342898671,0.08429030163018551
figuroto,2026-07-14,0.043879182717141314,0.09575776230452947,0.11323009263084495,0.08428901255083858
dlbdlbdl,2026-07-14,0.0442629446175563,0.09074670370931583,0.11778924792039883,0.08426629874909031
paulachess,2026-07-14,0.04331494937970622,0.09426646435261021,0.11512060070967367,0.08423400481399672
Mimsychess,2026-07-14,0.04897576581988876,0.07104676203538847,0.13260314547128677,0.08420855777552133
nicholas_ilic,2026-07-14,0.04476823211115394,0.09326402638536697,0.11456409420887546,0.08419878423513212
plasm712,2026-07-14,0.04367145261610007,0.09214213411793698,0.11676702725455856,0.08419353799619854
DanikPrazak,2026-07-14,0.04626018556734074,0.08723124541548508,0.11906733621179592,0.08418625573154058
AdekB2005,2026-07-14,0.044019725711984835,0.09197839677007932,0.11655161823451898,0.08418324690552771
Debooshzilla,2026-07-14,0.045334009576568406,0.0864243581154037,0.12075906480893138,0.08417247750030116
AjaySanthosh,2026-07-14,0.043372566097779106,0.09738917398931683,0.11175118941416937,0.08417097650042177
TrickyFortem,2026-07-14,0.05260886719679076,0.06384117163816057,0.13604419618816563,0.08416474500770565
likantrophuss,2026-07-14,0.052272812624503256,0.06065339142451255,0.1395580683043895,0.08416142411780177
Rhys-Arnold,2026-07-14,0.04466029783908581,0.09272094268068093,0.11506802270783592,0.08414975440920087
AlejandroPacheco29,2026-07-14,0.05577192035437025,0.05719392459582556,0.13947575761893444,0.08414720085637677
Moeinzai_khoshhal,2026-07-14,0.04289697953682873,0.09578132973279763,0.1136930247064649,0.08412377799203041
larso,2026-07-14,0.04288119179826068,0.0950945509780489,0.11429740327277414,0.08409104868302791
HappyUshindi,2026-07-14,0.04274288637095671,0.09815712482437954,0.11127525023002921,0.08405842047512181
Piluso1984,2026-07-14,0.04609274940976427,0.0917246519495266,0.11434561745473588,0.08405433960467558
Egorov_Pavel,2026-07-14,0.0442629446175563,0.0889029137088308,0.11896612564180238,0.08404399465606316
rainlofichess,2026-07-14,0.046753299143794835,0.08423986024509185,0.12107063711285036,0.08402126550057902
secrethawk,2026-07-14,0.04377710657370709,0.09154203079386933,0.1167297146122654,0.08401628399328061
Willixm,2026-07-14,0.046753299143794835,0.08316466344271012,0.12210476860265464,0.08400757706305319
Kmpk,2026-07-14,0.04402730934987173,0.09338356654191383,0.11455239871064987,0.08398775820081182
Fivetrick,2026-07-14,0.04555708868302502,0.08498546545032636,0.12141999922800896,0.0839875177871201
QGlen,2026-07-14,0.04587782349035188,0.08426965831191081,0.12173579062048293,0.08396109080758189
awb2001,2026-07-14,0.04019080024941757,0.10313913825769266,0.10850419907503321,0.08394471252738116
Roaccutane,2026-07-14,0.04173737968323607,0.09956496817479137,0.11042611482449154,0.08390948756083966
Dave_ChessMate,2026-07-14,0.052479511026599715,0.0595887290566449,0.13964586732359932,0.08390470246894799
GodDanielM,2026-07-14,0.044126183366192735,0.09169180748461293,0.11589561477068626,0.08390453520716397
Som2310,2026-07-14,0.04651728193654263,0.09076128086501031,0.11414633604424924,0.08380829961526738
GainfulDot,2026-07-14,0.04251784478804503,0.09532605495985932,0.11353698641825752,0.08379362872205394
Bayramov_Serdar,2026-07-14,0.04714072091274881,0.08647864917866437,0.11771377014345066,0.08377771341162128
pnaibaf,2026-07-14,0.04607033054081649,0.08869035573306203,0.11650806514181039,0.08375625047189632
Fighter008,2026-07-14,0.04299359677966191,0.09012193788955149,0.11801965330743364,0.083711729325549
DinaraHuseynova,2026-07-14,0.04276959369577179,0.09982044637695699,0.1084501656069259,0.0836800685598849
Chaubunagungamaug2,2026-07-14,0.04454019697814644,0.09398126208901718,0.11248134377613095,0.08366760094776486
Mengmeng2020,2026-07-14,0.04464785455764616,0.09337477927188068,0.11282159623211507,0.08361474335388064
Leo_EFIM77,2026-07-14,0.044369963174021414,0.08926669746884175,0.11712842740236608,0.08358836268174308
HenriL,2026-07-14,0.04600726393062771,0.08887327905457387,0.1158689425763903,0.08358316185386395
oykuince,2026-07-14,0.04331494937970622,0.09428256854185346,0.113140334319139,0.0835792840802329
Smaug914,2026-07-14,0.04609274940976427,0.08961870823339324,0.11500282886423442,0.08357142883579731
Shemka2006,2026-07-14,0.04580583063506968,0.08630961856998237,0.11859314513785885,0.08356953144763697
Kampak,2026-07-14,0.043879182717141314,0.09571019556297153,0.11111304333383393,0.08356747387131558
Jadro9,2026-07-14,0.046295758071501866,0.08344454573516927,0.12083859771486143,0.08352630050717752
Hakan_Erdogan,2026-07-14,0.04471905350982761,0.09048457245747514,0.11528269379131519,0.08349543991953932
ticokiller,2026-07-14,0.046536589418891154,0.08777676887226815,0.1161426303391414,0.08348532954343357
mrntzchess,2026-07-14,0.04494548033965814,0.09058999222992085,0.11490908837132581,0.08348152031363493
undisputed29,2026-07-14,0.04290630230815816,0.09399533378254185,0.11348558828378014,0.0834624081248267
AIROPITO7,2026-07-14,0.050459988633026136,0.06482740141400169,0.13503567331072028,0.08344102111924938
rubix-time,2026-07-14,0.04600726393062771,0.08787196544935415,0.11643059480806549,0.08343660806268245
Eusebius,2026-07-14,0.056323258028340956,0.05305957386304869,0.1408793268527416,0.08342071958137709
infinitypoint,2026-07-14,0.0462891952457985,0.08708283749736871,0.11687994401191286,0.0834173255850267
Sprinc1,2026-07-14,0.043453096596570345,0.09098578695229653,0.11580863559669857,0.08341583971518847
Halk1ng,2026-07-14,0.05192229212970416,0.05484525870478249,0.143454520896258,0.08340735724358155
rolyku,2026-07-14,0.04482709513886499,0.08757140301340327,0.11779394101862554,0.08339747972363126
JonasHilwerda,2026-07-14,0.0442629446175563,0.08840992240137581,0.11751711036312681,0.08339665912735299
Spartakus1975,2026-07-14,0.05450257046751273,0.060844029717252134,0.1346210022128062,0.08332253413252369
Knetterbernd69,2026-07-14,0.040637897534351326,0.09835284865104349,0.11092289445968621,0.08330454688169368
chakruchess,2026-07-14,0.052326881909740684,0.06019856916704145,0.13737909133866535,0.0833015141384825
KamilaHryshchenko,2026-07-14,0.04275948385586317,0.09594229111889596,0.11117339776544827,0.0832917242467358
jlandaw,2026-07-14,0.046403239701620705,0.08506702218793284,0.11826268221070733,0.08324431470008696
malginati,2026-07-14,0.04611829637979871,0.08854927822672252,0.11496802345882436,0.08321186602178186
TGRoyalChess,2026-07-14,0.04250250588166015,0.09387875135406569,0.11324709324482365,0.08320945016018316
dkfdkqhrlglaemfwl,2026-07-14,0.040637897534351326,0.09813984237951855,0.11082911620746985,0.08320228537377991
sim06,2026-07-14,0.04611829637979871,0.0888483569126869,0.1145686342813704,0.08317842919128533
NinoMaisuradze,2026-07-14,0.04626018556734074,0.08681823546500175,0.11641475572875258,0.08316439225369836
Xtrmntr78,2026-07-14,0.04287324797010868,0.09267188299254411,0.11393221699769192,0.08315911598678156
riddhi_07,2026-07-14,0.045810524307428394,0.0866380393698385,0.11701144369307326,0.08315333579011337
Vadim_Galchenko,2026-07-14,0.04454019697814644,0.08999570342765392,0.11482823857942238,0.08312137966174092
GreenViper2025,2026-07-14,0.04415471553252897,0.08995587239213669,0.11523778182184603,0.08311612324883723
boo786,2026-07-14,0.045397432207670216,0.0852335953461759,0.11871411900236527,0.08311504885207045
Bardur_Orn,2026-07-14,0.040890305094602813,0.09964840021042848,0.10874960589968731,0.08309610373490621
frenchpin,2026-07-14,0.04609274940976427,0.08902667011772704,0.11411966350139274,0.08307969434296135
gmatingo,2026-07-14,0.04299060743686284,0.09281569240699222,0.11334531595060401,0.08305053859815302
GamayevOleg,2026-07-14,0.04885820622069994,0.06935701770419749,0.13083971018149637,0.08301831136879793
Chessy222222,2026-07-14,0.04503036429629466,0.08856862972345458,0.1153696442086872,0.08298954607614548
LuckyTiger,2026-07-14,0.04374623887037211,0.09206964999795587,0.11300171932709954,0.08293920273180917
purush64,2026-07-14,0.04322489137576813,0.09481675525255066,0.1106620142426443,0.08290122029032103
Baag4Life,2026-07-14,0.04387185908725941,0.09046846985218124,0.11435366770354846,0.08289799888099637
Brown_Bear_MGL,2026-07-14,0.04052815485703877,0.10045890542874063,0.10758781970091238,0.08285829332889726
Torrentec,2026-07-14,0.042679358034541044,0.09470981138630956,0.1110526151559637,0.08281392819227144
Judit041024,2026-07-14,0.04626018556734074,0.08734281657030445,0.11463590901539691,0.0827463037176807
MdImranCM,2026-07-14,0.050604238469280166,0.06460551858405852,0.1329807364819597,0.08273016451176614
heyerik,2026-07-14,0.04653394819915624,0.08274607581047666,0.11889879159432205,0.08272627186798498
LuckIsMySkill,2026-07-14,0.04591333383528491,0.08227987232944883,0.11997361089404189,0.08272227235292522
Tpros,2026-07-14,0.04366309123966693,0.09238967553611405,0.11209443648341129,0.08271573441973075
PSvidler,2026-07-14,0.04675164618473111,0.08058577286416525,0.120767923073193,0.08270178070736313
NicolleM13,2026-07-14,0.04418759016108038,0.08836331422011535,0.11553446746867584,0.08269512394995719
RAMBO1STBLOOD,2026-07-14,0.04609274940976427,0.08653915434161433,0.11544895134930053,0.08269361836689304
Maestro-Fermin,2026-07-14,0.04604480885860825,0.08660989788238198,0.11539578899530993,0.08268349857876672
orackbbama,2026-07-14,0.043453096596570345,0.08884055196743093,0.11575322250984116,0.08268229035794748
RemovedUsername982340498,2026-07-14,0.04626018556734074,0.08350998066708508,0.11819613740744467,0.08265543454729017
LionChessClub,2026-07-14,0.04588996378076361,0.08457223888208487,0.11747555307094013,0.08264591857792954
michaelq2d5,2026-07-14,0.04516917526721281,0.08762509341212142,0.11510577799528107,0.08263334889153844
Zemerovv,2026-07-14,0.04576847022129265,0.0908411012881341,0.11128878764084062,0.08263278638342246
Frolyanov_D,2026-07-14,0.04803395642674619,0.07331590482942117,0.12651516150180897,0.08262167425265877
RATNAKARAN,2026-07-14,0.044721604589438,0.08665136425558581,0.11642084361617591,0.08259793748706658
TienTranManh,2026-07-14,0.04600726393062771,0.08635793650104209,0.11531702718022643,0.08256074253729874
avenakhenjoyer,2026-07-14,0.04476823211115394,0.08911578057753064,0.11378817041680295,0.08255739436849584
Johnnyyy_Bravo,2026-07-14,0.043476608132215884,0.09067314353938642,0.11352239041317898,0.08255738069492709
124chess,2026-07-14,0.04310976999934655,0.09178811204329175,0.11267451538212125,0.08252413247491985
Senn71,2026-07-14,0.04609274940976427,0.08590219908721185,0.11557139650141898,0.08252211499946503
deathkni_g_ht,2026-07-14,0.04948130606068375,0.06569067970000436,0.13234451462871194,0.08250550012980001
NoGalloNoParty,2026-07-14,0.05056424108708506,0.0635282764077056,0.13331290614668492,0.08246847454715853
AngelEscarenoR,2026-07-14,0.04265655242582945,0.09568712509938918,0.10900739406183789,0.0824503571956855
ObidObad,2026-07-14,0.04476823211115394,0.08806342025697193,0.11444176820216752,0.08242447352343113
avinashramesh4,2026-07-14,0.04893270914420643,0.07107041797374539,0.127267472969677,0.08242353336254293
S-Fazulyanov,2026-07-14,0.0480999011779763,0.09080403747878997,0.10831572576298243,0.08240655480658289
2Tilted,2026-07-14,0.04941932206165214,0.06630881210105062,0.13141974994309258,0.08238262803526512
totoro9,2026-07-14,0.04415471553252897,0.08841987980992057,0.11456886952753041,0.08238115495665999
ClydeHillKid,2026-07-14,0.05414980388625572,0.059543541180903076,0.13339224691935367,0.08236186399550416
vlad10898,2026-07-14,0.04093273612552587,0.09709679477565945,0.1089671622124873,0.08233223103789088
KinKaiser,2026-07-14,0.0463373778855856,0.08354091321003675,0.11705181646500766,0.08231003585354334
alenee,2026-07-14,0.04579384608747059,0.08804967750758357,0.11307906815504204,0.0823075305833654
DenizSeyhanoglu1,2026-07-14,0.044617070118225084,0.08993632158016865,0.11236460199556858,0.08230599789798744
noret,2026-07-14,0.0463373778855856,0.08647073692694358,0.11410155592000303,0.08230322357751074
MariamiJaniashvili,2026-07-14,0.0465151811907017,0.08468951080092064,0.1157038140510728,0.08230283534756505
andjela_djidjika,2026-07-14,0.04549986005400206,0.08802190383891746,0.11336121472561261,0.08229432620617738
JaviChuela2789,2026-07-14,0.05082035004757434,0.06307622987992464,0.13298511544689678,0.08229389845813193
mmaks007,2026-07-14,0.04363043328065524,0.09110035176626399,0.11213555113156451,0.08228877872616125
Massarioli,2026-07-14,0.04626018556734074,0.08477129909209132,0.1158182012657625,0.08228322864173152
MrRooke6,2026-07-14,0.045981775501510856,0.0852081484990526,0.11562633784912803,0.08227208728323049
UgarteCesar,2026-07-14,0.050581197382711066,0.06457658049290622,0.13163344751895623,0.08226374179819117
Estrategia_vs_Tactica,2026-07-14,0.04626018556734074,0.08340171628899047,0.1170971696878133,0.08225302384804817
claudyna16,2026-07-14,0.04466029783908581,0.08612339554833591,0.11590523918367543,0.08222964419036571
Suspenser17,2026-07-14,0.04877867713750092,0.061087311127675493,0.13679556287754072,0.08222051704757237
assezde36,2026-07-14,0.05039898397491485,0.06273280871183894,0.13350322451470237,0.08221167240048538
lokomotiv777,2026-07-14,0.04290791595721831,0.09507677549091424,0.108619897690233,0.08220152971278852
Sandpacer,2026-07-14,0.0441415394502257,0.08842273732001019,0.1140400159640123,0.08220143091141606
Tenamu,2026-07-14,0.05421178261179777,0.06019271188575873,0.13216864336113715,0.08219104595289789
1random,2026-07-14,0.0559417683847279,0.050557663554550616,0.14004296031813251,0.08218079741913702
Iyael,2026-07-14,0.05380402690670157,0.059861687495877954,0.1327924306894233,0.08215271503066761
sar2007,2026-07-14,0.04622584354579566,0.0844188718963954,0.11575179949393259,0.08213217164537455
as9killer2,2026-07-14,0.05056424108708506,0.06399195505839897,0.13182618649111283,0.08212746087886562
Jadeit90,2026-07-14,0.054422205650908106,0.057451160740125094,0.13446115413039725,0.08211150684047681
CD3m,2026-07-14,0.04622584354579566,0.08471370506341018,0.11539448647369373,0.08211134502763319
xJOHNTITORx,2026-07-14,0.05244325334784473,0.0610561251591559,0.13271759592264534,0.08207232480988198
dragos420,2026-07-14,0.05337166231508618,0.057609123233796675,0.13518964143765688,0.08205680899551325
Real_OceanStorm,2026-07-14,0.04900233613740906,0.06499561756183814,0.13216609343188673,0.08205468237704465
Halla_123,2026-07-14,0.04315219728961166,0.0900217418754621,0.11295731941447756,0.08204375285985044
owl_towel,2026-07-14,0.0431251541630185,0.08920353198139094,0.11376447390547355,0.08203105334996101
Ncatt,2026-07-14,0.05056424108708506,0.06347563336404677,0.13202306940871555,0.0820209812866158
Krlence,2026-07-14,0.04466029783908581,0.08847241027075413,0.11285082343796679,0.08199451051593558
Cocoguette23,2026-07-14,0.04447512303683519,0.0888381219857759,0.11266686175118823,0.08199336892459978
julinha97,2026-07-14,0.04614161162617019,0.081577432109645,0.11819613740744467,0.08197172704775328
Talibovv06,2026-07-14,0.04281091904336479,0.08977954379765415,0.11328556667407036,0.08195867650502976
KbzasDavid16,2026-07-14,0.04454019697814644,0.08728652971737455,0.1140112257506026,0.08194598414870786
Grifo2003,2026-07-14,0.04626018556734074,0.08300899993663918,0.11655766725577144,0.08194228425325045
4empechement,2026-07-14,0.0523719416742075,0.06349003188139285,0.12992004738778481,0.08192734031446172
2Slow2Old,2026-07-14,0.04361127355056042,0.09016023243956928,0.11200285350824911,0.08192478649945961
ASKA538,2026-07-14,0.0465151811907017,0.08094565654946341,0.11827931971384528,0.08191338581800346
sean1223,2026-07-14,0.043453096596570345,0.08866585828881,0.11359205870646391,0.08190367119728141
IMUffeVinther-Schou,2026-07-14,0.04247252871733845,0.09274369724100347,0.11043577142893904,0.08188399912909365
demon64fields,2026-07-14,0.05026366162852027,0.06345228256096994,0.13192937773249042,0.08188177397399354
HrairSimonian,2026-07-14,0.04211642429543287,0.09404542608854027,0.10945522510509981,0.08187235849635766
jamesaltucher,2026-07-14,0.04370343852723639,0.0920078527458252,0.10990471888234765,0.08187200338513641
BatboldNyamsuren0919,2026-07-14,0.05073608696558501,0.061750086461300126,0.1331197462070248,0.08186863987796998
Ivano12,2026-07-14,0.04402730934987173,0.08937391727726471,0.11213913840724347,0.08184678834479331
Lavalitahumana,2026-07-14,0.044051764412910255,0.08849070715076432,0.1129464756815886,0.08182964908175439
BeReal24,2026-07-14,0.04614882803872325,0.08054950221283218,0.11878074623845328,0.0818263588300029
GMZaven,2026-07-14,0.04432034976649315,0.08621973442328448,0.11492486302128496,0.0818216490703542
Kasabian,2026-07-14,0.044168197062433655,0.08541399364179313,0.1158387987756533,0.08180699649329336
ChessVigoa,2026-07-14,0.0440190466796629,0.08636455987376948,0.11500048810781031,0.08179469822041424
ntmh281,2026-07-14,0.0425467722159735,0.09178531692938048,0.11102324939914919,0.08178511284816774
BeneCyrill,2026-07-14,0.041463624074032486,0.09283678269731886,0.11102424845261487,0.08177488507465541
Josechessgg,2026-07-14,0.04415471553252897,0.08798091925288837,0.11318183453867851,0.08177248977469863
Bishops83,2026-07-14,0.052330483906748694,0.06318667178227894,0.12975290790827798,0.08175668786576853
ChessDokmus,2026-07-14,0.04194699791788109,0.09453290827060522,0.10871267297684017,0.0817308597217755
nicoderboss24,2026-07-14,0.053866122027401944,0.06120599332803146,0.13011722389947822,0.08172977975163721
aakankshachess,2026-07-14,0.050884325133901,0.05933356640585116,0.13496918170593303,0.0817290244152284
Lavrov_Maxim,2026-07-14,0.042599752506454605,0.09256505876057557,0.1099894778311827,0.08171809636607096
gena217,2026-07-14,0.04585266367218427,0.08447435410363249,0.11477616998204773,0.08170106258595483
Mr_Carabali,2026-07-14,0.04275948385586317,0.09113183128368366,0.11117339776544827,0.08168823763499837
Timothy-Xie,2026-07-14,0.0420560680401229,0.0894577784336836,0.11352316915391839,0.08167900520924164
google0109,2026-07-14,0.042100038906277705,0.09069563588666557,0.11221612143349116,0.08167059874214481
TengisChess,2026-07-14,0.0542410348932772,0.054738176682853454,0.13588402225408436,0.08162107794340501
VTB-81,2026-07-14,0.04576847022129265,0.08719668336230678,0.11188240309354901,0.08161585222571614
optikbaskan,2026-07-14,0.04052815485703877,0.09842369042306656,0.10589070756972674,0.08161418428327737
TheRobot72,2026-07-14,0.040092306456314224,0.09864197148939582,0.10608862390759699,0.08160763395110235
titomagno_64,2026-07-14,0.04593478512942455,0.08350186060156121,0.11535958822195608,0.08159874465098062
Alexander_Zubov,2026-07-14,0.04293809615517332,0.08448606966854251,0.1173148960943437,0.08157968730601985
BOMBABOMBACLAT,2026-07-14,0.044369963174021414,0.08468063297585679,0.11568586935912709,0.0815788218363351
Babageldi,2026-07-14,0.051747146381616586,0.06539096662757622,0.1275506883679443,0.08156293379237904
arthasxx29,2026-07-14,0.054422205650908106,0.055781856119264374,0.13445668165883876,0.08155358114300375
ZoltanChef,2026-07-14,0.0463373778855856,0.08178464244276032,0.11651832365120132,0.08154678132651574
Sergey_Kasparov,2026-07-14,0.04614882803872325,0.07938530528109289,0.11891950604731749,0.08148454645571121
2good4u734,2026-07-14,0.050606649161586206,0.059348268958484315,0.13446115413039725,0.08147202408348926
maroro07,2026-07-14,0.04402730934987173,0.0884360624145805,0.11194587841350179,0.081469750059318
grnic1,2026-07-14,0.04265617632306369,0.09129310210742649,0.11043772237549467,0.08146233360199495
lemures27,2026-07-14,0.04247252871733845,0.0913396688045405,0.11054653616331021,0.08145291122839639
giftedcreation,2026-07-14,0.05073608696558501,0.05969182896679402,0.1339172575123746,0.08144839114825121
Darkdefense16,2026-07-14,0.04089849422562595,0.09441485574465,0.10902153261488695,0.08144496086172097
Sid_98,2026-07-14,0.04385556385781375,0.08290412586271713,0.11745040972315783,0.08140336648122957
vanea_03,2026-07-14,0.0434800779861521,0.08501017013135932,0.115711160954259,0.08140046969059013
Izoria123,2026-07-14,0.055716254307671305,0.05089265373792064,0.13758574558163372,0.08139821787574189
Skat2704,2026-07-14,0.05063333804348582,0.06012022477540453,0.13339224691935367,0.08138193657941467
Ilovetravel22,2026-07-14,0.046403239701620705,0.08118199835891456,0.11655766725577144,0.0813809684387689
nss13,2026-07-14,0.050683573534178156,0.05959588344198483,0.13383533664955471,0.08137159787523923
laboratorio25,2026-07-14,0.04421536037375181,0.086170033903529,0.11371342459366868,0.08136627295698316
IgnacioCavadini,2026-07-14,0.04402730934987173,0.08794336364363473,0.11211865889713833,0.08136311063021494
reigningmvp,2026-07-14,0.04614882803872325,0.08030002980996064,0.11763086094457022,0.08135990626441802
Rogarcia1,2026-07-14,0.046403239701620705,0.07798383753552235,0.11967245144695529,0.08135317622803279
Qnmeng,2026-07-14,0.050082495047888954,0.060951294289679235,0.13301370895383335,0.08134916609713384
lavr92,2026-07-14,0.0504978073481168,0.05985603315691039,0.13367903479130508,0.0813442917654441
Darkbluelord,2026-07-14,0.04593478512942455,0.08333268449988691,0.11472592093799622,0.08133113018910255
KirbyDownA,2026-07-14,0.0463373778855856,0.07957059817319521,0.1180675499408156,0.08132517533319882
Wizard_of_Odds,2026-07-14,0.050215667726796656,0.06363046436519405,0.13011722389947822,0.08132111866382298
nuadvaga,2026-07-14,0.04567460359608025,0.08364601521921676,0.11457799979032941,0.0812995395352088
tolia123,2026-07-14,0.04619143276847531,0.08113787006102216,0.11651832365120132,0.08128254216023294
EduardArbereshi,2026-07-14,0.0463373778855856,0.08185957275059681,0.11565007161308469,0.0812823407497557
neil_doknjas,2026-07-14,0.040637897534351326,0.09644429401113191,0.10676286302408541,0.08128168485652289
Chebupelka52,2026-07-14,0.04611829637979871,0.08017091685361492,0.11750299667810367,0.08126406997050577
Ilia_Jude,2026-07-14,0.054422205650908106,0.05541639621218201,0.1339172575123746,0.0812519531251549
YandaRus,2026-07-14,0.04217059631364927,0.09211756230861326,0.1094504302100348,0.08124619627743244
cstevens1,2026-07-14,0.054355277597099,0.05615948103357618,0.1331792040580631,0.08123132089624609
Vodkajunior4,2026-07-14,0.041734888163391874,0.09392056672243497,0.10798881301637385,0.08121475596740023
Klassimo18,2026-07-14,0.042259887006729016,0.08908580597519644,0.11228246764127661,0.08120938687440069
MunduYungi,2026-07-14,0.04163776361620108,0.09483880571570102,0.10706797799571734,0.08118151577587314
megachessplayer2,2026-07-14,0.04217059631364927,0.09169799519754755,0.1096175371950891,0.0811620429020953
TrajkoNedev,2026-07-14,0.04406164271941049,0.08366465820304858,0.11564603516649831,0.08112411202965246
Haykos,2026-07-14,0.0490562976750059,0.06393796831052201,0.1303141025413787,0.08110278950896888
columbiachessclub,2026-07-14,0.04402730934987173,0.08672960398502126,0.11250248000939297,0.08108646444809532
ajedrezencantabria,2026-07-14,0.052497489165685064,0.060154672222408924,0.13057597581427322,0.0810760457341224
DoggieBones3000,2026-07-14,0.04626018556734074,0.08037380157864216,0.11655766725577144,0.08106388480058478
comsac,2026-07-14,0.044168197062433655,0.08435770307883908,0.11463866138419801,0.08105485384182358
eltrain1971,2026-07-14,0.05022700303641029,0.061732674653925845,0.1311901531082271,0.08104994359952107
einstein_fan09,2026-07-14,0.044168197062433655,0.0838858365667089,0.11508651425244017,0.08104684929386091
miragha_yev,2026-07-14,0.04600320965275865,0.08034120315788437,0.11677948980067587,0.08104130087043963
hayderserfa,2026-07-14,0.04361127355056042,0.08743450200345308,0.11200285350824911,0.08101620968742086
levski-sofia,2026-07-14,0.04227440093940271,0.08762118593009612,0.11306899809125158,0.0809881949869168
SiBearwood,2026-07-14,0.04381880314093787,0.08507818686099296,0.11404576602873595,0.08098091867688893
Chaldon,2026-07-14,0.04593478512942455,0.0842461585215073,0.11272136934042308,0.08096743766378499
Kwisatz_HaderachSN,2026-07-14,0.0440190466796629,0.08560050452037793,0.11325904441246246,0.08095953187083442
senecacrane,2026-07-14,0.04377261827613034,0.08568887494015516,0.11336790413972603,0.08094313245200384
Sir_Killalot,2026-07-14,0.05039728949909883,0.06203711756979905,0.13038044083536074,0.08093828263475288
aguss_ok5,2026-07-14,0.046019431576515564,0.0834357393501127,0.11335899258501085,0.0809380545038797
AdrianoNunesFX,2026-07-14,0.04073652505916511,0.09396506890423606,0.10804850737652895,0.08091670044664338
powerofapoint,2026-07-14,0.04199803606703237,0.08888585500578351,0.11183843691605447,0.08090744266295678
Papa12341234,2026-07-14,0.04590490906061203,0.07987071096752361,0.11690752680291101,0.08089438227701555
abhijeetgupta,2026-07-14,0.05206693440694027,0.05532023077594536,0.13527582694456933,0.08088766404248499
CoastalJourney,2026-07-14,0.04845342784619487,0.06600837177279018,0.12815502688511438,0.08087227550136648
poluprovodnik01,2026-07-14,0.050215667726796656,0.0622670577286356,0.13011722389947822,0.08086664978497016
Sandkorn108,2026-07-14,0.04275948385586317,0.08874499765184621,0.11109514123000962,0.080866540912573
nadiafawaz,2026-07-14,0.04380516124108616,0.08816476645363752,0.11059381690632747,0.08085458153368372
Chushoudelu,2026-07-14,0.04418306172279313,0.08433642868985955,0.11391469703424968,0.08081139581563412
shav3184,2026-07-14,0.05032271247933825,0.06168025262519365,0.13041145297910556,0.08080480602787915
wanderingexplorer,2026-07-14,0.05452742492415943,0.05154337928450638,0.1362872422593423,0.08078601548933603
rhl_b,2026-07-14,0.04443169344808313,0.08277535075568405,0.11512611645152994,0.08077772021843238
Yuwono,2026-07-14,0.05096164892994804,0.05592583770243471,0.13542189897191664,0.08076979520143313
kamikazeheinz,2026-07-14,0.05406019539106172,0.056494885934850726,0.13162402102115758,0.08072636744902334
Go-GoBear,2026-07-14,0.04062652731711083,0.09605839451995847,0.10549046319932998,0.08072512834546643
Galyamov_Vildan,2026-07-14,0.042710681828453376,0.08736403849313346,0.11208288387860216,0.080719201400063
Pearl1988,2026-07-14,0.04609274940976427,0.08023119464683477,0.11579421431269223,0.08070605278976377
Goran_Vajic,2026-07-14,0.04607033054081649,0.07938025464314542,0.11666300352830677,0.08070452957075623
cryptoguru02,2026-07-14,0.04936259596685176,0.06125080177832305,0.13142039991999,0.08067793255505494
Shepa2017,2026-07-14,0.053767032341042915,0.05806637358561931,0.13018255196363732,0.08067198596343318
Pikku_Myy73,2026-07-14,0.04432453290663073,0.08326485043831472,0.11441500077108906,0.08066812803867818
losersgame,2026-07-14,0.04431758850973189,0.08352434929504608,0.11410542365949826,0.08064912048809209
Firegrizzly,2026-07-14,0.04625987678304108,0.0774388928164643,0.11822505011231418,0.08064127323727319
etesungam,2026-07-14,0.0442614845322091,0.08494114174412963,0.11271257139033918,0.08063839922222597
fahad,2026-07-14,0.03976076826331961,0.09729699961420422,0.10484966006105344,0.08063580931285909
VladDobrov,2026-07-14,0.05298676401603334,0.06066159046256774,0.12823025178586187,0.08062620208815431
FCM002,2026-07-14,0.042100038906277705,0.0882273221918185,0.11147483430679507,0.08060073180163042
OrtizAnahi2001,2026-07-14,0.04408099119047357,0.08372010612337517,0.11398770230051733,0.08059626653812203
ymoy,2026-07-14,0.05249089992622864,0.05853356535209818,0.13060499117756738,0.08054315215196474
TheMandalorian37,2026-07-14,0.05408726097428917,0.05609307534030658,0.1314244117532442,0.08053491602261333
DukeNebur,2026-07-14,0.041998254700252265,0.08882763825317729,0.11077272231015468,0.08053287175452807
staz_staz,2026-07-14,0.04626018556734074,0.08116186071472352,0.11415214494802338,0.08052473041002922
Grecescu,2026-07-14,0.04415471553252897,0.08410831016081528,0.1133060238654012,0.08052301651958181
nevmenko,2026-07-14,0.05472744917257513,0.050978952187053096,0.13580223634744942,0.08050287923569255
MdSharifHossain,2026-07-14,0.04593478512942455,0.08270575184790527,0.11282947304212274,0.08049000333981753
pariasortega,2026-07-14,0.04593478512942455,0.08276741091907881,0.1126948024023156,0.080465666150273
SebaSpector,2026-07-14,0.042710681828453376,0.08629895774105703,0.1123816513387447,0.08046376363608503
esapunov,2026-07-14,0.051009961025582154,0.06094015289156172,0.1294184413395614,0.08045618508556843
sara_olendo,2026-07-14,0.04611829637979871,0.07880510233009953,0.11644218099111386,0.0804551932336707
chess50years,2026-07-14,0.05313473711060884,0.05937647236118316,0.1288366462826839,0.08044928525149196
TheFutureStar2005,2026-07-14,0.05424736767777759,0.052375517422691364,0.13472259831799724,0.08044849447282205
IljaJoke,2026-07-14,0.05424736767777759,0.05233881732420492,0.1347532544251618,0.08044647980904811
GMMelik,2026-07-14,0.04625987678304108,0.07510874008890712,0.11996849745997235,0.08044570477730685
Maili15,2026-07-14,0.05039728949909883,0.05964654856808693,0.13121464587522205,0.08041949464746927
Patolindo,2026-07-14,0.04626018556734074,0.08026535053312688,0.11472592093799622,0.08041715234615461
SupremeShadowDragon,2026-07-14,0.04352105213701375,0.08484694285823123,0.11272004234519908,0.08036267911348136
Hatsummei,2026-07-14,0.04758801190206741,0.07225689156588606,0.12118868832149562,0.08034453059648304
BeyondMadness,2026-07-14,0.044051764412910255,0.0841794772379862,0.11272643232709885,0.08031922465933176
KonstantinB_1983,2026-07-14,0.052276411104886324,0.060670488170827,0.127983414489181,0.08031010458829811
BlackWidow515,2026-07-14,0.0442614845322091,0.08383606415090904,0.11280404200833448,0.08030053023048421
Basyak97,2026-07-14,0.04626018556734074,0.07772032782437649,0.11686636508403496,0.08028229282525073
Niclox,2026-07-14,0.051562497404257814,0.06083572323037822,0.12843919015777408,0.08027913693080337
IvanSoriano1,2026-07-14,0.04566147953009953,0.07578626239215579,0.11937972179226673,0.08027582123817402
Ninocanina,2026-07-14,0.04567460359608025,0.08196653173287106,0.11318047328020456,0.0802738695363853
bringanita,2026-07-14,0.049032496436137635,0.062078597415633166,0.1296884063268614,0.08026650005954407
Vicmary2005,2026-07-14,0.04593478512942455,0.08209141114676162,0.11270589921722342,0.08024403183113653
TheBigBadChessDad,2026-07-14,0.044051764412910255,0.08384214496888973,0.11273165866855166,0.08020852268345054
Kaslask,2026-07-14,0.04418759016108038,0.08275814854839475,0.11354520612086764,0.08016364827678092
casparov00000,2026-07-14,0.043453096596570345,0.08519856869666893,0.11183493349591916,0.08016219959638615
redchurch,2026-07-14,0.04318523084390253,0.08382573903409309,0.11344879061721029,0.08015325349840197
MuradNuri,2026-07-14,0.04385556385781375,0.0797434863394335,0.11683493212931415,0.08014466077552046
1lec,2026-07-14,0.042904785154194346,0.08706450556881343,0.11044362742760919,0.08013763938353899
chessland2004,2026-07-14,0.0442614845322091,0.08327604467376716,0.11280404200833448,0.08011385707143692
Battever,2026-07-14,0.050276498114210824,0.05898184578017951,0.13107223423594128,0.08011019271011054
Predo63,2026-07-14,0.04494548033965814,0.07932562397274222,0.11598262649575024,0.0800845769360502
verdest,2026-07-14,0.050276498114210824,0.05805158993552954,0.13191612131592215,0.08008140312188751
palombie,2026-07-14,0.04432453290663073,0.08153727858960588,0.11435958768423164,0.08007379972682276
alphienothere,2026-07-14,0.04418759016108038,0.08248450876157647,0.11354520612086764,0.08007243501450817
LosRatonesEnjoyer,2026-07-14,0.04073652505916511,0.09248298278487527,0.10693365324573118,0.08005105369659052
harkerchess,2026-07-14,0.043921079275860524,0.08324666509403814,0.11294276200859582,0.08003683545949816
Murtazin_Ruslan,2026-07-14,0.043921079275860524,0.08336946740273843,0.11274216788203194,0.08001090485354363
Benek77,2026-07-14,0.03972677106385248,0.09673910215210187,0.10351460172149116,0.07999349164581517
Alliswell998,2026-07-14,0.05417269810072857,0.05364598535670727,0.13213204859669336,0.0799835773513764
FrancescoLS,2026-07-14,0.04265617632306369,0.0854223693735582,0.11184211092290777,0.07997355220650988
sacrifoice,2026-07-14,0.0465151811907017,0.07599807976103928,0.11740559593104578,0.07997295229426225
MashaFromRussia,2026-07-14,0.046866043600685324,0.07332601637130086,0.1196307610662454,0.0799409403460772
Tocras,2026-07-14,0.04275806809823277,0.08506503548119737,0.11197268740540123,0.07993193032827713
ILvip11x02,2026-07-14,0.05127434669824018,0.05434744193818857,0.1341121708939034,0.07991131984344406
rududuyk,2026-07-14,0.0538023401537516,0.05379935982688518,0.13212103726590016,0.07990757908217898
Hans_L4145,2026-07-14,0.04247491781729285,0.0834251432345865,0.11369966050739944,0.07986657385309293
AndrewDGreen,2026-07-14,0.04402730934987173,0.08270461380483439,0.11285983103085476,0.07986391806185363
hectorfiori,2026-07-14,0.04394547804563432,0.08276230751267266,0.11282291838405817,0.07984356798078839
Xeniya2005,2026-07-14,0.04466029783908581,0.07911440105783397,0.11572018312951299,0.07983162734214426
Rickstereo,2026-07-14,0.04197034819833385,0.09071256705832281,0.10680483490033969,0.07982925005233212
BobbySteen89,2026-07-14,0.04443169344808313,0.081702408372965,0.11335013358408787,0.07982807846837865
Matsanovic,2026-07-14,0.04421536037375181,0.08175420518565392,0.11348384931796833,0.07981780495912467
1b31-O,2026-07-14,0.05483548975283522,0.051821187470543636,0.13276859045720488,0.07980842256019458
Gannibal53,2026-07-14,0.04228157109117906,0.08601998483061328,0.11111975182521468,0.07980710258233568
INZLF,2026-07-14,0.05432108662083594,0.049776729426366274,0.135284844480152,0.07979422017578473
SmoothAsAHedgehog,2026-07-14,0.04385556385781375,0.08008388258765567,0.1153918828514119,0.07977710976562712
rogapa,2026-07-14,0.04253774176661738,0.08570221241946711,0.11093686331536355,0.07972560583381601
volunteers1998,2026-07-14,0.05503075234490529,0.054122586667154214,0.13000907889417948,0.07972080596874632
fin,2026-07-14,0.04383319309490404,0.08041996403858,0.1149090389358835,0.0797207320231225
vovasev,2026-07-14,0.04626018556734074,0.0745321316000291,0.11835932942982039,0.07971721553239675
brainbuzz08,2026-07-14,0.04323403767056943,0.0830896372060229,0.11281117783765648,0.07971161757141627
c_H_e_S_s_K_i_L_e_R,2026-07-14,0.050473271596231925,0.06025470008188148,0.12839212995917396,0.07970670054576245
Formidable_1207,2026-07-14,0.04194699791788109,0.08988474760996235,0.10722025891816168,0.0796840014820017
DavitSantryan02,2026-07-14,0.04378083680846284,0.08357372766562671,0.11166291612079365,0.07967249353162774
bushrashuaibi,2026-07-14,0.04394026158230025,0.08382733521803026,0.1112456141398194,0.0796710703133833
Big_Finky,2026-07-14,0.04626018556734074,0.07526755511218886,0.1174167981241714,0.07964817960123366
Crazy_passion_fruit,2026-07-14,0.05127434669824018,0.05501530311147152,0.13262831659737606,0.07963932213569593
Chess_RSM,2026-07-14,0.04434847766762634,0.07965617578682546,0.11487591790216932,0.0796268571188737
ashina22,2026-07-14,0.04626018556734074,0.07565560020002962,0.11687283777650151,0.07959620784795729
SaraciNderim,2026-07-14,0.04607345832474538,0.07553307570396807,0.11717362933893449,0.07959338778921599
stefy02,2026-07-14,0.042333120800047995,0.08500679462437795,0.11141374382046315,0.07958455308162969
Orassahh,2026-07-14,0.04212655499554585,0.0869915945812401,0.10961195137402939,0.07957670031693846
koteRV1610,2026-07-14,0.04415471553252897,0.08101328816698951,0.11355357024909975,0.07957385798287274
strongestgolden,2026-07-14,0.04268982215919666,0.08297308970606858,0.11305844004374524,0.07957378396967016
BobbyFisher_1943,2026-07-14,0.043382710440839474,0.08422452555445924,0.11104798111146304,0.07955173903558725
KNCP_719,2026-07-14,0.046753299143794835,0.07362659126618995,0.11825166180778704,0.07954385073925728
HimmyBuckets21,2026-07-14,0.042100038906277705,0.08821254951609062,0.10819698770301267,0.07950319204179367
Ryyuzh,2026-07-14,0.046866043600685324,0.0755372477669602,0.1160711431375333,0.07949147816839294
MartinHollan,2026-07-14,0.04649120946821708,0.07429410668648155,0.11767526767768671,0.07948686127746178
mashulakiss,2026-07-14,0.04156805902404376,0.09060528238871794,0.10626526703426865,0.07947953614901011
Argente,2026-07-14,0.05431073509957468,0.05290731789367436,0.13121464587522205,0.07947756628949036
ravengelic,2026-07-14,0.04367458063880494,0.08078319381241644,0.11396798394121248,0.07947525279747795
friesnielsen2302,2026-07-14,0.05442184549432657,0.05134734192453049,0.13258588773919444,0.0794516917193505
arna,2026-07-14,0.04156805902404376,0.09127433484640846,0.10538507396960842,0.07940915594668688
chalomoro,2026-07-14,0.043266085770763116,0.08505249034813202,0.10990294921605241,0.07940717511164919
neri_gaite,2026-07-14,0.04567460359608025,0.07805758064378117,0.11443777710141441,0.07938998711375861
Antonis2056,2026-07-14,0.05388645414304219,0.052269593079775724,0.13199441870728498,0.07938348864336763
majarimx,2026-07-14,0.04095416170196463,0.09297425524729194,0.10420562705146827,0.07937801466690828
econpower,2026-07-14,0.05039695455906141,0.05652225424238903,0.13119207356968876,0.07937042745704641
NahIdTilt,2026-07-14,0.0465151811907017,0.07376989251754454,0.1178149710769813,0.07936668159507584
Sophist4Life,2026-07-14,0.04665348104796391,0.07395174184323121,0.11746376882843262,0.07935633057320925
Zubrrr,2026-07-14,0.04370030374649517,0.08138552797828504,0.11285874438891746,0.0793148587045659
GMZinnai,2026-07-14,0.041734888163391874,0.09106635452982423,0.10511280383780659,0.07930468217700758
anvikr,2026-07-14,0.04418759016108038,0.07985387415478758,0.11385390394913114,0.07929845608833304
BanwabeesAreCool,2026-07-14,0.04665348104796391,0.07560242613949847,0.11560669950340613,0.07928753556362284
sissahungrychess,2026-07-14,0.04418759016108038,0.08009332991234279,0.11354520612086764,0.07927537539809694
Alexandercs432,2026-07-14,0.042037196481128955,0.08915209983191133,0.10657585872879549,0.07925505168061192
Patzel09,2026-07-14,0.043217282035162,0.08098531414052038,0.11355720737522029,0.07925326785030089
SomeFMkid007,2026-07-14,0.05405662333330671,0.05150178317145199,0.13216791574099807,0.07924210741525226
katchesskat,2026-07-14,0.046866043600685324,0.07582512512155379,0.11499937428320672,0.07923018100181528
CoachKevinVelazquez,2026-07-14,0.04443169344808313,0.07968551654993518,0.11352973599766798,0.07921564866522877
transagenda,2026-07-14,0.04217059631364927,0.08794462230832396,0.1075265176136584,0.07921391207854388
HK1974,2026-07-14,0.0420560680401229,0.08672269324869936,0.10884704273350572,0.079208601340776
Bullet_Jachym08,2026-07-14,0.04360316932248083,0.08298935538463781,0.11101395992532843,0.07920216154414901
Sariedrez,2026-07-14,0.04190317990124558,0.08805805267574848,0.10759442667580453,0.07918521975093286
Cubitas,2026-07-14,0.04604480885860825,0.07521426474090802,0.1162388864845061,0.07916598669467412
Sandro970,2026-07-14,0.04681733822934047,0.0724513758829614,0.11822757359884842,0.0791654292370501
littleplotkin,2026-07-14,0.044459667483212,0.07500813699798087,0.11801289031144326,0.07916023159754537
Infernal_XaM,2026-07-14,0.05140458118346146,0.055863356915930584,0.130045199169306,0.07910437908956602
tinnakrit,2026-07-14,0.04052815485703877,0.09176048275168262,0.10500974967169276,0.07909946242680471
gafkens,2026-07-14,0.044721604589438,0.07692909217974012,0.11563908273583674,0.07909659316833828
Capitan-A,2026-07-14,0.045981775501510856,0.07616571418988917,0.11513489858447151,0.07909412942529051
Silvederione,2026-07-14,0.04609274940976427,0.07516624398045528,0.11601806394731318,0.07909235244584424
gagic233,2026-07-14,0.03956196362613635,0.09320746222927288,0.10446967810449923,0.07907970131996948
AriseSoldier,2026-07-14,0.041172695225220074,0.09201111599350656,0.10405416126071541,0.07907932415981402
Iana_Shirova,2026-07-14,0.04626018556734074,0.07391600083016976,0.11703014813693839,0.07906877817814963
Theytookourjobs,2026-07-14,0.05139740571428973,0.05485123498577947,0.1309230040309703,0.0790572149103465
Mexpaisano,2026-07-14,0.042100038906277705,0.08679053346983356,0.10827394216199643,0.07905483817936923
Radzio1987,2026-07-14,0.04650037034191623,0.07352137074443721,0.11701188126706938,0.07901120745114094
TalyaKid07,2026-07-14,0.04194699791788109,0.08783516823329034,0.10724138169512519,0.07900784928209888
Ajedrez_de_Locos,2026-07-14,0.04133460926278198,0.08486058710383902,0.11072537926324193,0.0789735252099543
Neimar24,2026-07-14,0.03956196362613635,0.0935832327469212,0.103762394239232,0.07896919687076319
PacingRope,2026-07-14,0.05252769648633776,0.06721262332222365,0.11700245470111095,0.07891425816989078
Lather42,2026-07-14,0.04073652505916511,0.08987811705156681,0.10607635378144367,0.0788969986307252
SwordBilledHummingbird,2026-07-14,0.041998254700252265,0.08438744542815797,0.11030409702946475,0.078896599052625
Nanditha_Chess,2026-07-14,0.04443169344808313,0.07937466525311994,0.11277885135633048,0.07886173668584452
mslemongirl,2026-07-14,0.04394026158230025,0.082241225172636,0.11036858291393394,0.07885002322295674
TosicSrecko,2026-07-14,0.05105442970663691,0.05756918233478209,0.1279096317557833,0.07884441459906742
KobyKalavannan,2026-07-14,0.05395971060918276,0.05128124497392289,0.13124810209378354,0.0788296858922964
JoshWeinstein,2026-07-14,0.04681733822934047,0.06917138518477124,0.12048194364954243,0.07882355568788471
Refrigerator1955,2026-07-14,0.04321633823138553,0.08354412614380594,0.10966203673718743,0.07880750037079297
Khnykin_Nikolay,2026-07-14,0.04163776361620108,0.09060037759392987,0.10412640963187458,0.07878818361400185
Gajuchess,2026-07-14,0.042259887006729016,0.08433045213295069,0.10975752290588846,0.07878262068185606
Grellmann,2026-07-14,0.041416868261630504,0.09136855006001514,0.10347358059372327,0.0787529996384563
KierkegaardianSoul,2026-07-14,0.04058403023842513,0.09102810966896584,0.10461757522996896,0.07874323837911996
druskacik,2026-07-14,0.045007160126912,0.07535490896832539,0.11581634545035174,0.07872613818186304
Phuzer,2026-07-14,0.046212079304347384,0.07010860758295756,0.1198297375346043,0.07871680814063642
AnthonyLevin,2026-07-14,0.05417269810072857,0.0502809376175393,0.13161281882803197,0.07868881818209995
pavet,2026-07-14,0.04447512303683519,0.07812447543063415,0.11344065940788507,0.07868008595845148
JeRoma71,2026-07-14,0.04839691499794724,0.0658455257664514,0.12170987417576928,0.07865077164672264
Riccardo_Alaimo,2026-07-14,0.04171166317801237,0.08775436016326944,0.10646581411146055,0.07864394581758079
Chaitanya1932,2026-07-14,0.04443169344808313,0.07784025821198122,0.11364710339444711,0.0786396850181705
pepechess12,2026-07-14,0.04283854408027343,0.08351677122589349,0.10949429067845806,0.07861653532820832
schachsensei_YT,2026-07-14,0.047154815421754925,0.07168772211062208,0.11697574587896986,0.07860609447044896
TartineDeNutella,2026-07-14,0.04352105213701375,0.07937258713793507,0.11290629502134415,0.07859997809876433
EpicWarrior2015,2026-07-14,0.042100038906277705,0.08639532562888913,0.10715908803119864,0.07855148418878849
Armin_khajavii,2026-07-14,0.04172173925502172,0.08680203633988741,0.10712693826652857,0.07855023795381257
lili_ani,2026-07-14,0.04052815485703877,0.09095676546525412,0.10404355714448352,0.07850949248892547
supreme-supplements,2026-07-14,0.042333120800047995,0.0835632094971455,0.10959792005560672,0.0784980834509334
fpawn,2026-07-14,0.04609274940976427,0.07450634467926617,0.11486778459552521,0.07848895956151855
Matheusmdr2005,2026-07-14,0.04431758850973189,0.07707472056321954,0.11405596046382391,0.07848275651225844
kleong12,2026-07-14,0.04665348104796391,0.07372621397431436,0.11506752910556615,0.0784824080426148
VictorFcQNK,2026-07-14,0.04156805902404376,0.08951578194313067,0.10434077903119388,0.07847487333278944
Mehraaab,2026-07-14,0.04223079792144504,0.08232677675222916,0.11081953614673645,0.07845903694013688
PawelCzarnota,2026-07-14,0.04387185908725941,0.07739218836766357,0.11402746451461088,0.07843050398984462
ClubLeonChess,2026-07-14,0.0465151811907017,0.0713540308506485,0.11740559593104578,0.07842493599079865
GMsKoRPioN,2026-07-14,0.040637897534351326,0.08893269513139435,0.10566517142965298,0.07841192136513288
Rodchenkov_Vitalij,2026-07-14,0.054015425317988086,0.05114036377711752,0.1300606293476913,0.07840547281426563
hikeman2017,2026-07-14,0.04163776361620108,0.0893380017093619,0.10418732210668859,0.07838769581075052
Sconko,2026-07-14,0.042100038906277705,0.08552234457879905,0.10751925645768357,0.07838054664758677
BulteniBo,2026-07-14,0.041552828320205897,0.08480693129685561,0.10877894715829088,0.07837956892511745
Groetzi,2026-07-14,0.04206864901442809,0.08557937130797924,0.10742130761609939,0.07835644264616891
willyam13,2026-07-14,0.04614882803872325,0.07249531824538376,0.11639200155243418,0.0783453826121804
HiHaruka,2026-07-14,0.04614882803872325,0.07140969311468287,0.11747171086033945,0.07834341067124852
Mike24147,2026-07-14,0.04609274940976427,0.0732856822907196,0.11563990922224907,0.07833944697424432
boracilek,2026-07-14,0.046753299143794835,0.06891594323817152,0.11934895917640065,0.07833940051945566
NormWeinstein,2026-07-14,0.04052815485703877,0.09004017014141731,0.10438366802688753,0.07831733100844787
larazov,2026-07-14,0.04217059631364927,0.08619618576627855,0.10651503286156455,0.07829393831383079
crossingthestreet,2026-07-14,0.04432453290663073,0.07586157194075904,0.11464729379951141,0.07827779954896706
chessdoll90,2026-07-14,0.04184556755172362,0.08560501785660332,0.1073616461183809,0.07827074384223594
promising_talent,2026-07-14,0.04401376139473141,0.07888022045483299,0.11189024200928166,0.07826140795294868
azcryr,2026-07-14,0.042333120800047995,0.08294914924323372,0.10949646258349655,0.07825957754225941
josiur,2026-07-14,0.04611829637979871,0.07355712090399437,0.1150553794153667,0.07824359889971992
khalifa_alhefeiti,2026-07-14,0.04378083680846284,0.08126226252976296,0.10967644254743693,0.07823984729522092
Limelight2727,2026-07-14,0.04418759016108038,0.0759842943752268,0.11442058945550354,0.07819749133060357
Ashedu66,2026-07-14,0.053638541452373484,0.05144870384683301,0.1295036862174492,0.07819697717221856
GanarDespacito,2026-07-14,0.04194699791788109,0.08525060159024721,0.10733039199337405,0.07817599716716746
BobanBogosavljevic,2026-07-14,0.04046869430182979,0.08949381034825694,0.10449766855632944,0.0781533910688054
JuliaEfremova,2026-07-14,0.04626018556734074,0.07286984959682029,0.11532946516653247,0.07815316677689783
Evhen_Taranenko,2026-07-14,0.047128722646229027,0.07028504008265732,0.1170450732089634,0.07815294531261659
chessculator16,2026-07-14,0.0463373778855856,0.07238293842528454,0.11573656277086215,0.0781522930272441
Max50001,2026-07-14,0.04062652731711083,0.08900044591511644,0.10479618206990958,0.07814105176737896
mariangie523,2026-07-14,0.043871599967658055,0.08009772690275369,0.1103566665624795,0.07810866447763042
Killer_London,2026-07-14,0.04073652505916511,0.08864819434441565,0.10491019380220208,0.07809830440192761
BabyBoss31,2026-07-14,0.04432453290663073,0.07535825372832261,0.11450378648810837,0.07806219104102056
rubix_time,2026-07-14,0.04292913638719671,0.0776994469619153,0.1134781575554711,0.0780355803015277
rikyshi,2026-07-14,0.044229659618987595,0.07750209181686137,0.11227152491723137,0.07800109211769345
CuattroPrincesses,2026-07-14,0.047154815421754925,0.06713080660922023,0.11971220227465824,0.07799927476854447
GilliganslastStand,2026-07-14,0.04217059631364927,0.08389403474084944,0.1079063674933664,0.07799033284928837
Knightmare1014,2026-07-14,0.04626018556734074,0.07262432776773925,0.1150815097928313,0.07798867437597043
samehsadek,2026-07-14,0.041998254700252265,0.08439388154377755,0.10756167987471615,0.07798460537291532
kidzchessacademy,2026-07-14,0.04073652505916511,0.08667078780590731,0.10654111991910273,0.07798281092805838
Jovidon91,2026-07-14,0.04646682267545936,0.06764744508293064,0.1198185353414787,0.07797760103328956
ailime26,2026-07-14,0.045423996481536985,0.07478757386670286,0.11366721841420083,0.07795959625414689
elmuthalleth,2026-07-14,0.041103735798788635,0.08812682839477584,0.10455101519009803,0.0779271931278875
qwertz618,2026-07-14,0.04197034819833385,0.08435810210162667,0.10741114249540028,0.0779131975984536
lrjchess,2026-07-14,0.0465151811907017,0.06785116028394188,0.11934822047741361,0.07790485398401907
lagarto93,2026-07-14,0.04062652731711083,0.08681929846870305,0.10623621249569039,0.07789401276050141
dumbunnyfish,2026-07-14,0.041103735798788635,0.08855030482160951,0.10395317422414924,0.07786907161484913
Qowcrazy,2026-07-14,0.043382710440839474,0.07849570869862028,0.1116923516873727,0.07785692360894415
Jooonaaas1996,2026-07-14,0.04184556755172362,0.08383355778221573,0.10788277261648865,0.077853965983476
KashJinx,2026-07-14,0.0436144813018293,0.07540467480739205,0.11447759772658324,0.07783225127860154
gomeschess02,2026-07-14,0.0465151811907017,0.07123596876772895,0.11573930158977004,0.0778301505160669
RobertDowneyJr0111,2026-07-14,0.04681733822934047,0.06662435945272385,0.12002600132115343,0.07782256633440592
salzikis,2026-07-14,0.04418306172279313,0.07768439230837723,0.11158782349218269,0.07781842584111769
Roland_inho,2026-07-14,0.042100038906277705,0.08424045563118343,0.10710313345511695,0.07781454266419269
Fengwi,2026-07-14,0.04402730934987173,0.07656005466037899,0.11281117783765648,0.0777995139493024
NeverGiveUppp,2026-07-14,0.04408099119047357,0.0741356877594236,0.11517622688514857,0.07779763527834858
Agentxya,2026-07-14,0.04194699791788109,0.08406929519954658,0.10736376600930518,0.07779335304224429
LaKeRrSs,2026-07-14,0.04193555755625498,0.08369297549764404,0.10770590580211961,0.07777814628533954
zeitnotakrobat,2026-07-14,0.04682343098522985,0.07186109552876488,0.11464090349950455,0.07777514333783309
muthaiahchess,2026-07-14,0.04240672148345296,0.08000517668976495,0.11089888953713661,0.07777026257011817
Chessmasterzt,2026-07-14,0.04407542888309626,0.07414740234629454,0.11508591887744844,0.07776958336894642
Hurghada,2026-07-14,0.047128722646229027,0.07052663627382699,0.11551746407013061,0.07772427433006221
PoptonesPIL,2026-07-14,0.04217059631364927,0.08300035009641442,0.10794709061503578,0.07770601234169983
Ekko_li,2026-07-14,0.04435024345356162,0.07431203793327064,0.11440145596287268,0.07768791244990166
LightningDragon8,2026-07-14,0.04402730934987173,0.07613042465732126,0.11283340152236587,0.07766371184318628
norman927,2026-07-14,0.04073652505916511,0.08566146834586359,0.10654111991910273,0.07764637110804382
CoachVadim,2026-07-14,0.04073652505916511,0.08542677404969934,0.10677093479069341,0.07764474463318595
Rhesh29,2026-07-14,0.04194699791788109,0.08284935422310644,0.10812210846841876,0.0776394868698021
ChessteacherPalmS,2026-07-14,0.04160768008333373,0.0762813495298952,0.11498787643099805,0.07762563534807565
ClayK1ng,2026-07-14,0.04626018556734074,0.06818244645667466,0.11843081775594232,0.0776244832599859
destruyeabuelitas,2026-07-14,0.04217059631364927,0.08416386580545225,0.10653883760677757,0.0776244332419597
Crasmus,2026-07-14,0.044051764412910255,0.07607132630470712,0.11273165866855166,0.07761824979538967
Hanging_pointer,2026-07-14,0.044887921939753016,0.07485247284820394,0.11310508268345665,0.07761515915713786
lhavas,2026-07-14,0.04394547804563432,0.0759224719075469,0.11295584667448433,0.07760793220922185
Caleuche,2026-07-14,0.04443169344808313,0.07516020435268614,0.11322185630012666,0.07760458470029864
Orishuas,2026-07-14,0.04186228732126942,0.0833945457069983,0.10755271817216343,0.07760318373347704
nrbi44,2026-07-14,0.04179832419083613,0.08432811858327967,0.10667353631941762,0.0775999930311778
Janosik,2026-07-14,0.045711292999543886,0.07216847822432419,0.11488309634885767,0.07758762252424191
lasRojas,2026-07-14,0.04626018556734074,0.0700197562937444,0.11647772688339533,0.0775858895814935
elpatodice,2026-07-14,0.04418759016108038,0.07449758607731137,0.11401121430956802,0.07756546351598659
Reynold9402,2026-07-14,0.04418306172279313,0.07797693902917745,0.11052589327437082,0.07756196467544713
chess4ever007,2026-07-14,0.042100038906277705,0.08366712350021933,0.10690537288717389,0.07755751176455698
diokletian,2026-07-14,0.04046869430182979,0.08775458872133948,0.1044451089325687,0.07755613065191265
mjbacojo,2026-07-14,0.04197076549975302,0.0823665315679173,0.10827500033188446,0.07753743246651827
kenta1234,2026-07-14,0.04703726964368451,0.0643984124011415,0.12117460470814816,0.07753676225099139
tuschessCM1,2026-07-14,0.04247894171342688,0.07931702691321674,0.11078668478446028,0.07752755113703463
univio,2026-07-14,0.04265617632306369,0.07781568773467581,0.1120304985718234,0.07750078754318764
ARMQUEEN,2026-07-14,0.04626018556734074,0.06975158382213939,0.11647772688339533,0.07749649875762515
fmcabralis,2026-07-14,0.04194699791788109,0.08154949488434317,0.10892652267305153,0.0774743384917586
Chaubunagungamaug11,2026-07-14,0.04217059631364927,0.08224833553444479,0.10794709061503578,0.07745534082104327
toavinaraza,2026-07-14,0.04217059631364927,0.08320482891665511,0.10691868748648557,0.07743137090559665
Pig-filth,2026-07-14,0.04264426650598587,0.07885904190929578,0.11078694432570306,0.07743008424699489
LonesomeGeorge1,2026-07-14,0.03972677106385248,0.08958378187976919,0.10295798003459926,0.07742284432607364
rational_believer,2026-07-14,0.04156805902404376,0.08595170314548317,0.10472226456242963,0.07741400891065219
Valera_B5,2026-07-14,0.048817146596294075,0.058398353449543555,0.1249952456309994,0.07740358189227901
ThinkingSquares,2026-07-14,0.04387185908725941,0.07438249680342814,0.11394671401258466,0.07740035663442407
Canairez,2026-07-14,0.042333120800047995,0.08087638799240549,0.10896102217679138,0.07739017698974829
lgsalazar94,2026-07-14,0.045360083019446225,0.07102865978686577,0.1157074761216421,0.07736540630931804
gau_npukyputb,2026-07-14,0.04718575503251941,0.06494181897746838,0.11995334330753461,0.07736030577250746
deloewre,2026-07-14,0.046303240295230176,0.07079101208746347,0.11496511227627008,0.0773531215529879
H_E_D_G_E_H_O_G,2026-07-14,0.04194699791788109,0.08249556752143887,0.10756436013586904,0.07733564185839632
Phantom671,2026-07-14,0.05441473126266559,0.04538657136540381,0.13219840412610095,0.07733323558472345
Time2Pretend,2026-07-14,0.04438540015505753,0.07202730790222026,0.11556218698104734,0.07732496501277504
Sharkaholic,2026-07-14,0.04444594466305049,0.07168948674512458,0.11583841747268159,0.07732461629361888
SergeiAza,2026-07-14,0.04759567495795717,0.06652160278618867,0.11785225605817856,0.07732317793410813
Kakaroto_28,2026-07-14,0.04097698294714555,0.08898454915916587,0.10199095546862051,0.07731749585831064
Jamatemate,2026-07-14,0.040637897534351326,0.08376606103859127,0.10750815790199454,0.07730403882497905
orestn,2026-07-14,0.04729973546938663,0.06489563233023223,0.11971229948292979,0.07730255576084955
Cuajada_Zero,2026-07-14,0.04265617632306369,0.07816486545679774,0.11106629158515957,0.07729577778834033
Kyrko_Gamba,2026-07-14,0.043921079275860524,0.07500858907845423,0.11295584667448433,0.07729517167626636
ChessCenterOfficial,2026-07-14,0.03956196362613635,0.08898418398614333,0.1033274596964351,0.07729120243623826
alejandro841221,2026-07-14,0.0420560680401229,0.08166600198952756,0.10803319340672361,0.07725175447879136
grl77,2026-07-14,0.047154815421754925,0.06631017228557583,0.1182608281591813,0.07724193862217069
yoriiiis,2026-07-14,0.04696738279558024,0.06577352827638544,0.11894585037049915,0.07722892048082161
tintreach,2026-07-14,0.042333120800047995,0.08137269987620237,0.10791792908305313,0.0772079165864345
AlphalphaZero,2026-07-14,0.040631506171760645,0.0848151416935517,0.10611630596558626,0.0771876512769662
GiftedThing,2026-07-14,0.047154815421754925,0.06748392751856425,0.1169216723270537,0.07718680508912429
Zadar321,2026-07-14,0.04478827138238793,0.07454519904990944,0.11221933673163327,0.07718426905464355
ChessBrah,2026-07-14,0.045535815112099476,0.0683254248195067,0.11769027021707407,0.07718383671622675
Andrjywa,2026-07-14,0.042100038906277705,0.08294018065309561,0.10649496193556648,0.0771783938316466
Th3ChessViking,2026-07-14,0.04190317990124558,0.08117143876023546,0.10841229298194509,0.07716230388114204
FMchesstrainer,2026-07-14,0.04112359331800641,0.07843975713448005,0.1118643492160341,0.07714256655617352
bere_acqua,2026-07-14,0.04400584873762347,0.07439214210835396,0.11299755186638094,0.07713184757078613
sonson28291,2026-07-14,0.042100038906277705,0.08146599792628954,0.10780371613524053,0.07712325098926927
Oligan22,2026-07-14,0.046866043600685324,0.06741500056332812,0.11705321967379613,0.07711142127926986
Potosino1970,2026-07-14,0.04383319309490404,0.0721316589006844,0.1153419260908697,0.07710225936215272
Immortal-killer,2026-07-14,0.041868863837313516,0.08114551693375872,0.10827649121905498,0.0770969573300424
XadrezParaense,2026-07-14,0.04028660944072242,0.08633997841819997,0.10463146054462838,0.07708601613451692
TheFireChess,2026-07-14,0.04360627532228572,0.07593214277735222,0.1115879568664878,0.07704212498870859
dragonkiller15,2026-07-14,0.04729973546938663,0.06400953006704437,0.11981415078818987,0.07704113877487362
Blampman,2026-07-14,0.040364579801540214,0.08556305406825383,0.10517491161704984,0.07703418182894796
EmmaChess,2026-07-14,0.043851558604424246,0.0736195828354226,0.11362519757572272,0.07703211300518985
abc13524,2026-07-14,0.04156805902404376,0.0851809039806314,0.10434077903119388,0.07702991401195634
Tekushka,2026-07-14,0.048988777103284115,0.062183374409817596,0.11991396261702829,0.07702870471004333
frozenschool,2026-07-14,0.04156805902404376,0.08541218883282613,0.10410576041171303,0.07702866942286098
Whiz_X47,2026-07-14,0.042095714982525394,0.08219523138922916,0.10676827592423692,0.07701974076533048
KlyashtornyVladislav,2026-07-14,0.04197034819833385,0.08267828900747064,0.10639545286639869,0.0770146966907344
Christian-Toth,2026-07-14,0.04194699791788109,0.08144340747452881,0.10763908982163757,0.07700983173801583
Masmos97,2026-07-14,0.05007845843117352,0.06100400191849131,0.11988998705998075,0.07699081580321519
KillerRook,2026-07-14,0.04156805902404376,0.08563577595754215,0.10374559198522812,0.07698314232227134
StelaSfw,2026-07-14,0.04488545609919383,0.07166638464895361,0.11438365428357883,0.07697849834390876
ilimchess2,2026-07-14,0.044051764412910255,0.07484043102263006,0.11202367630156607,0.07697195724570212
Shodikulov_Jamshid1990,2026-07-14,0.04619143276847531,0.06974095666863095,0.11495917734506583,0.07696385559405737
Kozlov_Roman,2026-07-14,0.04184556755172362,0.08165795130468324,0.1073739715742309,0.07695916347687926
andeev,2026-07-14,0.050833825183776646,0.057958862584991146,0.12208477418127366,0.07695915398334714
want2lose,2026-07-14,0.04073552499000056,0.08536197697576312,0.10476826245554811,0.07695525480710393
Euge_chess,2026-07-14,0.05131172113873488,0.06256723544292736,0.11694659842495234,0.07694185166887153
VB84,2026-07-14,0.04842002453697518,0.06215369360012517,0.12021511593346142,0.07692961135685393
Echecmat,2026-07-14,0.04726465996523481,0.0666336136536192,0.11688822410253427,0.07692883257379608
DamianSchualle,2026-07-14,0.04217059631364927,0.08165324108665961,0.10695941060815496,0.07692774933615461
vpantev,2026-07-14,0.04704141055989305,0.06436693727382216,0.11935838725588635,0.07692224502986718
Jarrahi2452,2026-07-14,0.044740724859874514,0.07184682356031824,0.11414041193426203,0.07690932011815159
Mary_Bru,2026-07-14,0.04197034819833385,0.08103260799521711,0.1077198403236638,0.07690759883907158
PresidentLoek,2026-07-14,0.042333120800047995,0.07972865738937619,0.1086462244331223,0.07690266754084883
BerlinDrawer,2026-07-14,0.042599752506454605,0.07708517394703687,0.11101340657231198,0.07689944434193448
INLOVEWITHF,2026-07-14,0.044585802522483405,0.0744328022123234,0.11166363939993382,0.07689408137824687
YatoroRen,2026-07-14,0.04069391779877359,0.08400079837545252,0.10595008590490414,0.07688160069304341
GMSAGOR,2026-07-14,0.04069391779877359,0.08312520966913725,0.10681259125905875,0.07687723957565652
rookpower2004,2026-07-14,0.04218413497009633,0.07843812909287212,0.10999461067425059,0.07687229157907301
defibaugh,2026-07-14,0.040637897534351326,0.0840757613831102,0.10589727071474293,0.0768703098774015
quizden37,2026-07-14,0.04502673582318558,0.06656205728701566,0.11896557488012657,0.07685145599677594
Segatov,2026-07-14,0.04156805902404376,0.0849303748208422,0.10404131749185112,0.07684658377891236
ZeGood_ZeBad_ZeUgly,2026-07-14,0.047378576266810864,0.06380944628278754,0.119335816779352,0.07684127977631679
qing29,2026-07-14,0.04443169344808313,0.0722780263760074,0.11378175074183394,0.07683049018864149
Qingdom,2026-07-14,0.041416868261630504,0.08460857708186635,0.10446422738350035,0.07682989090899907
Amor2023,2026-07-14,0.05040360534696088,0.05798088225132846,0.12210011793352674,0.0768282018439387
waspofborneo,2026-07-14,0.04729973546938663,0.0674519693397649,0.11573118926743671,0.07682763135886274
Liljon_chess,2026-07-14,0.05062201743736601,0.056679555960763794,0.12311834609333056,0.07680663983048679
Vadim_Biliy,2026-07-14,0.047128722646229027,0.06850249061347671,0.11477776629324556,0.0768029931843171
2Killer2,2026-07-14,0.042100038906277705,0.08098414638292263,0.10731993692873171,0.07680137407264402
Pantata007,2026-07-14,0.04722951417987644,0.06090635742040413,0.12226406751421327,0.07679997970483128
pavlitas17,2026-07-14,0.04073652505916511,0.08319310961375502,0.10645746227887107,0.0767956989839304
hsmile,2026-07-14,0.04163776361620108,0.08413859252852453,0.10460789510806597,0.07679475041759719
GABUZYAN_CHESSMOOD,2026-07-14,0.043631884201171096,0.07144897736112656,0.11528258581540841,0.0767878157925687
Felixto2010,2026-07-14,0.049313846105132696,0.059950744080461214,0.12105045084245834,0.07677168034268408
danigol71,2026-07-14,0.04156805902404376,0.08456256849600303,0.10410576041171303,0.07674546264391995
Zenzo,2026-07-14,0.04994423124194677,0.057388528255336135,0.12287074092476537,0.07673450014068277
Ryan_Young,2026-07-14,0.04907936538620722,0.06014052239299936,0.1209676344520374,0.07672917407708132
Rubinstein_Akiba,2026-07-14,0.04566147953009953,0.06673999181534689,0.11777952688299598,0.0767269994094808
rockero68,2026-07-14,0.05052468586623549,0.05851716031972484,0.12112972418730134,0.07672385679108722
GotCheeseCheckers,2026-07-14,0.0465151811907017,0.06661829986570782,0.1170332101966421,0.07672223041768388
Rgachess77,2026-07-14,0.042095714982525394,0.08297931031025345,0.1050774025355694,0.07671747594278273
budda,2026-07-14,0.042333120800047995,0.07936310875431982,0.10840860540223898,0.07670161165220227
CamiC96,2026-07-14,0.041172695225220074,0.08547784310517313,0.10344667788012851,0.0766990720701739
CrazyAdvenTures,2026-07-14,0.043133314173220194,0.07303187204604336,0.1139294338136051,0.07669820667762288
hamzaNdar123,2026-07-14,0.041103735798788635,0.08547256320215858,0.10343616105930026,0.07667082002008249
renanreis,2026-07-14,0.04044421021280223,0.07887664356414516,0.11069007155381738,0.07667030844358826
sachiniranasinghe,2026-07-14,0.041103735798788635,0.085537776847363,0.10335234228689297,0.07666461831101487
KladenskyAmater,2026-07-14,0.04186388308066288,0.08471006702873929,0.1034135481854803,0.07666249943162749
lelajavakhishvili,2026-07-14,0.04408099119047357,0.07100133815895057,0.11484788792607527,0.0766434057584998
Firatian,2026-07-14,0.042333120800047995,0.0788460306002529,0.10867571475584033,0.07661828871871373
JACK_BAU3R,2026-07-14,0.045423996481536985,0.06995211485277751,0.1144626758530199,0.07661292906244481
mcguima49,2026-07-14,0.041172695225220074,0.08543987876211051,0.10319888536238768,0.07660381978323942
Yosha_Iglesias,2026-07-14,0.047128722646229027,0.061529961471773066,0.12112658231379662,0.07659508881059957
jeloma,2026-07-14,0.05055255906526035,0.05737796702610996,0.12179084243777584,0.07657378950971538
TheDiscoOne,2026-07-14,0.046753299143794835,0.06569876742040293,0.11725836136542765,0.07657014264320848
icaughtacrab,2026-07-14,0.043382710440839474,0.07588045797332761,0.1104040115362128,0.07655572665012662
uzkuzk,2026-07-14,0.04402730934987173,0.07275516378120973,0.11283340152236587,0.07653862488448245
Pemered,2026-07-14,0.04194699791788109,0.08012056555887906,0.10754055539065602,0.07653603962247206
GlennTipton,2026-07-14,0.04277866423365447,0.07636790368103115,0.11045087648506771,0.07653248146658444
urutodo,2026-07-14,0.050749540953815134,0.05769398726505756,0.12115385692536139,0.07653246171474469
Loiacono_Antonio,2026-07-14,0.04723145006156722,0.06050941991917398,0.12184023554522272,0.0765270351753213
Alexandr_Kholin,2026-07-14,0.0449035085191815,0.07098284703538335,0.11360552614908974,0.07649729390121819
HuskyWithAHat,2026-07-14,0.04418356709157039,0.07045972648844265,0.11484012465983459,0.07649447274661587
GUST_b,2026-07-14,0.04718599934176753,0.058268236195623026,0.12402895097281891,0.07649439550340316
ViktorHNielsen,2026-07-14,0.04402730934987173,0.07183622955456943,0.11360552614908974,0.07648968835117696
Dragonzprem,2026-07-14,0.04883049326153769,0.06049435277748074,0.12013385754833311,0.07648623452911718
Schachpanda_Youtube,2026-07-14,0.04378083680846284,0.07587029808061055,0.10976115155701788,0.0764707621486971
ThunderChariot,2026-07-14,0.04029667732391438,0.08329667889803977,0.10578729061104354,0.07646021561099924
Lali-Rustavi,2026-07-14,0.041103735798788635,0.08279373974751118,0.10545694502592473,0.07645147352407484
Katuducha,2026-07-14,0.04682343098522985,0.06544038409284463,0.11707986264011834,0.07644789257273094
EugeneRougon,2026-07-14,0.05074590706714188,0.05294854784594137,0.12563092131498743,0.07644179207602357
infantaria08,2026-07-14,0.043871599967658055,0.07423491927339346,0.11113638468197892,0.0764143013076768
siiiiii1,2026-07-14,0.04184556755172362,0.07919305588540969,0.10817838577886367,0.07640566973866565
bocah_gila,2026-07-14,0.04223079792144504,0.07817088413196512,0.10880599797536761,0.07640256000959258
karenzadita,2026-07-14,0.04044421021280223,0.07904485886959318,0.10971765687783458,0.07640224198674334
dmosesov,2026-07-14,0.04170176579245156,0.07782318149476387,0.1096808642833974,0.07640193719020429
RedWolf03,2026-07-14,0.04192650685733275,0.0790060354545649,0.10823317563664879,0.07638857264951548
Na_binci,2026-07-14,0.045775864287445046,0.06478306228192154,0.1185755863356876,0.0763781709683514
Shahaliyev,2026-07-14,0.04762117887379498,0.060466620808629516,0.1210272037195959,0.07637166780067346
SobZahmati,2026-07-14,0.04190317990124558,0.07817357362346491,0.1089700413144948,0.07634893161306842
Maybe00,2026-07-14,0.04703726964368451,0.058006934981358046,0.12399870017115022,0.07634763493206426
jayden960,2026-07-14,0.041998254700252265,0.07919831560610574,0.10782255705834552,0.07633970912156784
dontcatchmeifyoucant,2026-07-14,0.04402730934987173,0.07202622419811221,0.11295584667448433,0.07633646007415608
TonySoprano8,2026-07-14,0.04171166317801237,0.08406335486850838,0.10322639160284623,0.07633380321645566
Tactrics64,2026-07-14,0.040829761686477846,0.07837632403230033,0.10978571167396865,0.07633059913091561
King_19772009,2026-07-14,0.042100038906277705,0.08018641293514976,0.10665227229600337,0.07631290804581027
rezi_chkuaseli,2026-07-14,0.03963695694788325,0.07860782234653794,0.11069301667227371,0.07631259865556497
Ceejay271,2026-07-14,0.04443169344808313,0.07009961075835337,0.11436517636864613,0.07629882685836088
heimmc,2026-07-14,0.041103735798788635,0.08367385536405215,0.10409730112176857,0.07629163076153646
maestroza,2026-07-14,0.045775864287445046,0.06424154083043682,0.11883548598476615,0.076284297034216
IsikCan05,2026-07-14,0.0407732220393485,0.0817778107398464,0.10629574721397801,0.07628225999772431
Sbellinc,2026-07-14,0.041103735798788635,0.08374977384341764,0.10397020444922836,0.07627457136381155
Padelator,2026-07-14,0.046866043600685324,0.06508741148706368,0.11683106289485594,0.07626150599420166
TheHumble_1,2026-07-14,0.04186388308066288,0.08368095816916303,0.10316501242558211,0.07623661789180268
gaby_przz,2026-07-14,0.04206864901442809,0.07767198004291165,0.10895239330309607,0.0762310074534786
area_5,2026-07-14,0.04190317990124558,0.07918186473899352,0.10760787877731232,0.07623097447251714
Iustin106,2026-07-14,0.047250601728894316,0.057915007851014014,0.1235045290871001,0.07622337955566948
Phelathegreat,2026-07-14,0.04194699791788109,0.07907182245145998,0.10763908982163757,0.07621930339699289
valepaza,2026-07-14,0.04156805902404376,0.08403947077245116,0.10303959283639404,0.07621570754429631
CatLivesMatter,2026-07-14,0.04432453290663073,0.06950891608023715,0.11481248431637187,0.07621531110107992
nakajo,2026-07-14,0.05062201743736601,0.05559454727438891,0.12242062190014597,0.07621239553730029
SMatthews64,2026-07-14,0.042333120800047995,0.07888640104738594,0.10740091591820417,0.07620681258854603
WynnZawHtun82,2026-07-14,0.04636933021260043,0.06073251470217152,0.12150982272903872,0.07620388921460357
leonidsh29,2026-07-14,0.04156805902404376,0.08225317678804726,0.10477244884747909,0.07619789488652337
tapu2,2026-07-14,0.0486269445181012,0.04859202694744797,0.13135260655889994,0.0761905260081497
HonzaVykouk,2026-07-14,0.04591333383528491,0.06293961269839515,0.1197017068591328,0.07618488446427095
jackhearts,2026-07-14,0.04277549644701612,0.07522670057316348,0.11054101212570977,0.07618106971529646
Aikiigm,2026-07-14,0.047250601728894316,0.05963949520475434,0.12160719561678673,0.07616576418347847
MMM_Zhukovskiy,2026-07-14,0.04037467324918339,0.08300066254228175,0.10510920890395338,0.07616151489847284
jncool68,2026-07-14,0.04177531272081753,0.0780473987226079,0.10864651701500838,0.0761564094861446
realmadridfc123,2026-07-14,0.04812856651164524,0.05555801610795209,0.12473897470640666,0.07614185244200133
KrokerGuy,2026-07-14,0.04566561679514371,0.06582193161282555,0.11687947238850857,0.07612234026549261
L4ncer,2026-07-14,0.04665348104796391,0.06681541159775059,0.11487301233902385,0.07611396832824611
kriscacco,2026-07-14,0.04217059631364927,0.07887367640324755,0.10726810843641849,0.0761041270511051
mgoxana,2026-07-14,0.04987776949120884,0.05834355158452933,0.12008680367893813,0.07610270825155878
gammagramma,2026-07-14,0.04225366162446236,0.07506970967815402,0.11091220580327202,0.0760785257019628
Jonas_Hacker,2026-07-14,0.041998254700252265,0.07864688754292337,0.10755614760084567,0.07606709661467377
titan013,2026-07-14,0.04553922401557586,0.06447920934979103,0.11817397534958111,0.076064136238316
MikeKorovin,2026-07-14,0.04385556385781375,0.0690069094771917,0.11530775684154915,0.07605674339218486
Pilopa,2026-07-14,0.041865158241902026,0.07567963823102887,0.11061787995943448,0.07605422547745512
brunosten96,2026-07-14,0.041998254700252265,0.07822302239839432,0.10791757609415667,0.07604628439760108
BakaPG,2026-07-14,0.03885674439792874,0.08300645190768965,0.10622907202627185,0.07603075611063008
Topblitz,2026-07-14,0.04800248626734303,0.061873816677175224,0.11820513143527657,0.07602714479326494
nobodyperfect13,2026-07-14,0.043565410342028446,0.0721186780279744,0.11238489926764818,0.07602299587921701
bn1462,2026-07-14,0.041172695225220074,0.08411618357577465,0.10277085767672421,0.07601991215923964
Problematique_99,2026-07-14,0.04397864040625565,0.06892229568833104,0.11514154065144137,0.07601415891534269
ClaudiaSof,2026-07-14,0.04501905096768289,0.06954925647757987,0.1134608573122619,0.07600972158584156
gordonzyxu,2026-07-14,0.043565410342028446,0.0741356822443976,0.11031221074800959,0.07600443444481188
essequamvideris,2026-07-14,0.042100038906277705,0.07772117785770104,0.10816862900596122,0.07599661525664665
TzoumpasAnastasis,2026-07-14,0.04143993620376461,0.08330293806201937,0.10324387932053321,0.0759955845287724
Islamov2,2026-07-14,0.05070736563572033,0.05477808550987092,0.12247923739240779,0.07598822951266634
Boryboy,2026-07-14,0.04660586659947203,0.06177480070620517,0.11958335428685737,0.07598800719751152
ALBERT_KLOC,2026-07-14,0.04217059631364927,0.07850476680073878,0.10726810843641849,0.07598115718360218
Agnes66678,2026-07-14,0.05060455664007569,0.053890550107846505,0.12343132438202745,0.07597547704331654
TemploVillamarin,2026-07-14,0.04418759016108038,0.07045048952540202,0.11326619676110328,0.07596809214919523
Magicmaster17,2026-07-14,0.04130159625934395,0.07687698225229618,0.10969508261263618,0.07595788704142543
estelar25,2026-07-14,0.042100038906277705,0.07865367024237536,0.10709681828900797,0.07595017581255369
aval7an,2026-07-14,0.04223079792144504,0.07761161912956069,0.1079804463094163,0.07594095445347401
Ucitelot,2026-07-14,0.04883049326153769,0.058360430471751976,0.1206133448618726,0.07593475619838742
a_off,2026-07-14,0.04194699791788109,0.0789944584526244,0.1068346756170048,0.0759253773291701
1f3_2g41-0,2026-07-14,0.04694547301182387,0.058171035280206604,0.12265431238691855,0.07592360689298301
Marina_Chess_Rus,2026-07-14,0.04907936538620722,0.05762846914577506,0.12105418445779768,0.07592067299659332
Vladislav_Chizhikov,2026-07-14,0.04408099119047357,0.0687709756068255,0.11487854403323983,0.07591017027684631
Langusto,2026-07-14,0.0417830127950449,0.07751457151387416,0.10838196303065088,0.07589318244652331
LouieKov2022,2026-07-14,0.04791852418538047,0.06196188842452993,0.11768288967124751,0.07585443409371931
canhhuan,2026-07-14,0.04408099119047357,0.0696772240006972,0.11376817861817001,0.07584213126978026
umutataakbas,2026-07-14,0.04683567175642492,0.05970173371125385,0.12097278637847855,0.07583673061538578
fadamoss,2026-07-14,0.040946578841954566,0.08061553270656435,0.10592261919146688,0.07582824357999528
LukaRadovic0803,2026-07-14,0.04514919150999746,0.06837475171181864,0.11390708814803124,0.07581034378994912
deathadder96,2026-07-14,0.04384749931654709,0.06962987700487905,0.11394671401258466,0.07580803011133692
poseidon5191,2026-07-14,0.0417830127950449,0.07504683953926507,0.11056246687257705,0.07579743973562901
Bogdan_Bodnar,2026-07-14,0.04418306172279313,0.07207301656473716,0.11113013328825094,0.07579540385859375
Washmachine,2026-07-14,0.04572823752518397,0.06389057333165969,0.11776225752399894,0.07579368946028087
GabrielUrbani,2026-07-14,0.04217059631364927,0.07772879445879116,0.10747517783248994,0.07579152286831013
mshuaau0,2026-07-14,0.04729973546938663,0.05929499201353579,0.12077468090552473,0.07578980279614905
laysa_latifah,2026-07-14,0.041991658750979474,0.07674348020016875,0.10862649202253674,0.07578721032456165
LaurieQiu,2026-07-14,0.04058403023842513,0.08157425198995469,0.10520153433302808,0.0757866055204693
wisdomboy,2026-07-14,0.04717862876590838,0.05845183787127869,0.12172801639913011,0.07578616101210572
rfelgaer,2026-07-14,0.04235943755768474,0.07394472418984128,0.11102433010981931,0.07577616395244845
M_Bozorov,2026-07-14,0.04717862876590838,0.05709308617179603,0.12303802769189826,0.07576991420986755
Koutsin,2026-07-14,0.04729973546938663,0.05867454035852656,0.12130599972958557,0.07576009185249959
GMChessrob,2026-07-14,0.04397864040625565,0.06856478030660457,0.11471952398189682,0.07575431489825235
u-art,2026-07-14,0.04902847814781013,0.05733988191045017,0.12088696952801653,0.07575177652875895
Fibrinogen,2026-07-14,0.041992943655518755,0.07616625249933366,0.10907090479535136,0.07574336698340127
oganromchess,2026-07-14,0.04793383768066439,0.057403646829443454,0.12175914939723752,0.07569887796911512
AdrianConde,2026-07-14,0.04156805902404376,0.0820882917985411,0.10341377053157151,0.07569004045138546
Spring199,2026-07-14,0.04193406202982498,0.07847199532032176,0.10661569328759611,0.07567391687924761
silverback96,2026-07-14,0.042095714982525394,0.08090126231805925,0.10401508671725,0.07567068800594488
K-Nygren,2026-07-14,0.04408099119047357,0.06821095188142949,0.11469057756563839,0.0756608402125138
F1-Herakles,2026-07-14,0.05070736563572033,0.052986166421167734,0.12322425494087255,0.07563926233258687
MillyNeuf,2026-07-14,0.050654880345459626,0.0520386586384062,0.12421058986831168,0.0756347096173925
Experience_Chess,2026-07-14,0.04763957100172901,0.05880509791347336,0.12042863361413589,0.07562443417644608
d4ismine,2026-07-14,0.04729973546938663,0.057826928209584495,0.12174156411338925,0.07562274259745345
RoelandPruijssers,2026-07-14,0.04354523880733784,0.07010441635180767,0.11320903048567932,0.07561956188160827
AntonSmirnov,2026-07-14,0.04416125613548695,0.06954387369474839,0.11315152274551656,0.0756188841919173
WolfBaoBaoLang,2026-07-14,0.042333120800047995,0.07772471649912431,0.10677623621473069,0.07561135783796767
ridnani2021,2026-07-14,0.04786877995999799,0.05564543132250965,0.12329837747905453,0.07560419625385406
Undefeater_ANU,2026-07-14,0.041103735798788635,0.0797781606159978,0.10588633869938889,0.0755894117047251
Kopfverletzung,2026-07-14,0.04214020850465073,0.07637005988782158,0.10820927069783744,0.07557317969676991
Gold_Ocean,2026-07-14,0.04703726964368451,0.056290959702893203,0.12338850661169012,0.07557224531942261
sestremera,2026-07-14,0.04696738279558024,0.060986400960542954,0.11875529051495397,0.0755696914236924
AlejandroBalde,2026-07-14,0.043871599967658055,0.07210941213787356,0.11071113758765846,0.07556404989773002
Richardmaster,2026-07-14,0.041998254700252265,0.0756724778560365,0.10900458383437124,0.07555843879688667
prachiti01,2026-07-14,0.042333120800047995,0.07632324094923233,0.10800511221740416,0.0755538246555615
gmtalentoso,2026-07-14,0.041998254700252265,0.07428285972843456,0.1103501683282528,0.07554376091897987
Valuebet2000,2026-07-14,0.04679993134517445,0.0625013703898146,0.11728566455616787,0.07552898876371898
Gauravthegm,2026-07-14,0.04488627171392024,0.06487786265790166,0.1167386119510968,0.0755009154409729
omeganebulapegasus,2026-07-14,0.04450192086776299,0.06738698272848216,0.11459639348719004,0.07549509902781172
lionheart95,2026-07-14,0.04744584436695243,0.05686683276870483,0.12214411267657622,0.07548559660407783
ellennilssen,2026-07-14,0.042100038906277705,0.07594913030693384,0.10834541838731208,0.07546486253350787
AlphaZero-31,2026-07-14,0.03972677106385248,0.08230459617917318,0.10433823536088686,0.07545653420130417
saparyag,2026-07-14,0.04194699791788109,0.0767526937014735,0.10756436013586904,0.07542135058507454
GM-2023,2026-07-14,0.04286728444622017,0.07126215818260165,0.11206699629481325,0.07539881297454502
TheNomNomFactor,2026-07-14,0.04184556755172362,0.07616674104267132,0.10817838577886367,0.07539689812441953
Anjum004,2026-07-14,0.041331539779153645,0.07944838399512477,0.10540359039024869,0.07539450472150903
fm_magua,2026-07-14,0.04228891724163826,0.07333515789744487,0.11054658427713099,0.07539021980540471
Javadovvv,2026-07-14,0.0436144813018293,0.0675597979205586,0.1148996143961278,0.07535796453950523
drillovsky,2026-07-14,0.0437239731430318,0.06968163024287735,0.11266261993459406,0.07535607444016774
Svet_1502,2026-07-14,0.04363043328065524,0.07160260308893364,0.1108234942877265,0.0753521768857718
ClauSanLuis,2026-07-14,0.04418759016108038,0.06785793012999053,0.11399857278595898,0.07534803102567662
frazier69,2026-07-14,0.04926512230085766,0.05457634677970623,0.1221685470335588,0.0753366720380409
SahaNeelash,2026-07-14,0.04216301903793596,0.07519292000544094,0.10861267842137343,0.0753228724882501
bluejay1897,2026-07-14,0.042100038906277705,0.07665285491299352,0.1071809489990804,0.07531128093945054
GoodOIdBell,2026-07-14,0.04228891724163826,0.07278735368727335,0.11085700140355012,0.07531109077748725
Richard-Scheftlein,2026-07-14,0.04223079792144504,0.07468881060215006,0.10899837740625104,0.0753059953099487
disto,2026-07-14,0.040631506171760645,0.0794259536223706,0.1058525949417464,0.07530335157862587
Allrounder2007,2026-07-14,0.04184556755172362,0.07610284331902596,0.10793171990678059,0.07529337692584338
pawnsoverpieces02,2026-07-14,0.047250601728894316,0.05493346554727496,0.1236844442397211,0.07528950383863013
Azzaro25,2026-07-14,0.04141534950897956,0.06793716591052945,0.11649466844047661,0.07528239461999521
WCM-Mexicana,2026-07-14,0.04418759016108038,0.06776202103762836,0.11385390394913114,0.07526783838261329
Nutflush,2026-07-14,0.04468822579257572,0.07014392263639566,0.11094614115537738,0.07525942986144958
Switzerlamb,2026-07-14,0.04408099119047357,0.06791154665427761,0.11376817861817001,0.07525357215430706
SalgadoChess91,2026-07-14,0.04729942009027344,0.05984770512833698,0.11857206791953649,0.07523973104604897
riconaipe,2026-07-14,0.04780337478847455,0.0598370694013559,0.11802249167670836,0.07522097862217961
Mrms05nnb,2026-07-14,0.04525825135749196,0.06361865416659132,0.11676519206392039,0.07521403252933455
pastouche06,2026-07-14,0.05040360534696088,0.05316788253653137,0.12205537000122625,0.0752089526282395
Kaiyrbekov,2026-07-14,0.04649691588869864,0.060482699616408724,0.11863284934686051,0.07520415495065597
RoseMoon90,2026-07-14,0.04156805902404376,0.07929094102163041,0.1047324266121996,0.07519714221929126
Bacallao2019,2026-07-14,0.04281194606696897,0.06645371252063705,0.11631891587159533,0.0751948581530671
2bf41-0,2026-07-14,0.039801547567540466,0.08006047641005179,0.10571364133645968,0.07519188843801732
Tania_S,2026-07-14,0.04688667164452788,0.05885155807413116,0.11981958470062487,0.07518593813976131
ErtenKerem,2026-07-14,0.040038335796593584,0.08062084574664201,0.10487498487089007,0.07517805547137522
JahandarAzadaliyev,2026-07-14,0.05058587065540795,0.050866546061740854,0.1240609285573798,0.07517111509150953
Sleepless_Knightmare,2026-07-14,0.04394026158230025,0.07070412166552523,0.11083459110263433,0.07515965811681993
Dracomaniac,2026-07-14,0.04194699791788109,0.07585789869314977,0.10763908982163757,0.07514799547755614
abfchess,2026-07-14,0.04791852418538047,0.060731816341096326,0.11677364549248516,0.07514132867298733
WinningButNotReally,2026-07-14,0.04756017555617128,0.055160040338183655,0.12268369741386902,0.07513463776940799
Sevenstar82,2026-07-14,0.0420560680401229,0.07340899240156785,0.10992473448352671,0.07512993164173916
ivanooob,2026-07-14,0.041998254700252265,0.07367140101377877,0.10969082728044528,0.07512016099815877
raviteja81293,2026-07-14,0.04808348287001094,0.05836804405566953,0.11886740499394001,0.0751063106398735
Yeremyan_ChessMate,2026-07-14,0.04267984216242922,0.06963529253346941,0.11298757511260189,0.07510090326950018
Phriex,2026-07-14,0.04743843522343158,0.05516567395939391,0.12268369741386902,0.0750959355322315
TormiKull06,2026-07-14,0.04179832419083613,0.07933612605446759,0.10413780312994554,0.07509075112508308
Bushonica,2026-07-14,0.04411687509054298,0.06823094391865782,0.11286245373363231,0.0750700909142777
Deeper44,2026-07-14,0.04258487495355241,0.07045263348941551,0.11215567148726674,0.07506439331007822
MPCandelario,2026-07-14,0.04196915289681626,0.0767569723185229,0.10643181342885288,0.07505264621473068
Ankudinova_Yelena,2026-07-14,0.047226083608056184,0.057215169038301636,0.12068579683493585,0.07504234982709788
Chesscoach_Golichenko,2026-07-14,0.04438540015505753,0.06563330813382771,0.11508612756458396,0.07503494528448973
sndp24onz,2026-07-14,0.04920729640789418,0.05369633265468867,0.12214581028390499,0.07501647978216262
Tormoz,2026-07-14,0.04443558678951418,0.06231944563834837,0.11828149551440444,0.07501217598075566
anon481216,2026-07-14,0.0505755878012463,0.0523588982950861,0.12210011793352674,0.07501153467661971
mhebden,2026-07-14,0.046812945017108795,0.060686387233189296,0.11751991713689451,0.07500641646239753
chessforme17,2026-07-14,0.04224448009159789,0.07018981985095225,0.11257509605196535,0.07500313199817182
lildoggo2007,2026-07-14,0.04194699791788109,0.07519443983559204,0.10784615921770904,0.07499586565706072
mazetofonias,2026-07-14,0.048826521365350185,0.05536850520920158,0.12073141998374931,0.07497548218610035
Matic_Nareks,2026-07-14,0.04194699791788109,0.07489598507909195,0.10805924800126576,0.07496741033274627
tigra,2026-07-14,0.05021163128508887,0.05041962018637325,0.12421778379248921,0.07494967842131711
KrolPawelTV,2026-07-14,0.04148671693068045,0.07382566547711387,0.10953168172166736,0.07494802137648722
Megagigahiper3345,2026-07-14,0.044972174509180105,0.06604379175676735,0.11382634868628266,0.07494743831741003
selvas123,2026-07-14,0.04190317990124558,0.07445464853153179,0.10841229298194509,0.07492337380490749
Einherjar521,2026-07-14,0.047053838218885785,0.06259440587594818,0.11507917731544563,0.0749091404700932
Vojtap,2026-07-14,0.04179832419083613,0.07818441069388153,0.1047324266121996,0.07490505383230577
Chamal_Gedgafov,2026-07-14,0.048337663976795536,0.05720943332768631,0.11913853997355099,0.07489521242601095
Nimrod_Veinberg,2026-07-14,0.04009137114223913,0.07731581740167437,0.10727006622712057,0.07489241825701136
enfanterrible,2026-07-14,0.045044030939771,0.061553665013408816,0.11804231588676646,0.07488000394664876
dimitrisl,2026-07-14,0.04432453290663073,0.06589062849295639,0.11442058945550354,0.07487858361836355
EloquentEnigma,2026-07-14,0.04073652505916511,0.07818741297526602,0.10570723173262157,0.07487705658901757
Hell_team_captain,2026-07-14,0.044767286476210415,0.06786343253253749,0.11199451757838005,0.07487507886237599
Alopekos,2026-07-14,0.048526297581705125,0.05635916595847617,0.1197019575336384,0.07486247369127323
lularobs,2026-07-14,0.04286728444622017,0.06869039924481288,0.11301976409406919,0.07485914926170074
1npac3,2026-07-14,0.04224417073107195,0.07220480718184218,0.11012511992295507,0.0748580326119564
Kozok,2026-07-14,0.04217059631364927,0.0749504463364451,0.10740926967188243,0.07484343744065892
Bikuzhin_Maxim,2026-07-14,0.04811452571381969,0.05666965459314177,0.11970565779220774,0.0748299460330564
RoseyChess,2026-07-14,0.0420560680401229,0.07253095460033453,0.10984207006871648,0.07480969756972462
MartinMatthiesen,2026-07-14,0.04277866423365447,0.06901844923544745,0.11258919575554874,0.07479543640821688
FreeGirll,2026-07-14,0.041331539779153645,0.07966741515037891,0.10338280642362423,0.07479392045105226
mattcolins2025,2026-07-14,0.04843573088474603,0.05502067374802654,0.12090331094502009,0.07478657185926423
Xrtvilak,2026-07-14,0.04209699689503647,0.0705167845419128,0.11168959872977215,0.07476779338890714
titledsquirrel2007,2026-07-14,0.04431758850973189,0.06555206585779219,0.11438518584580015,0.0747516134044414
dabee,2026-07-14,0.04228891724163826,0.07248036455919218,0.109434820067024,0.07473470062261815
zaur-mammadov,2026-07-14,0.04559099373321721,0.056208188121878375,0.12237670130566113,0.0747252943869189
Babas,2026-07-14,0.04184556755172362,0.07495106832809698,0.1073739715742309,0.07472353581801716
aNaartjieZA,2026-07-14,0.04277866423365447,0.06890311271725105,0.11237497751193687,0.07468558482094746
fidezivkovic,2026-07-14,0.04182475392745109,0.07202244996247212,0.11019517086580478,0.07468079158524266
No_t_ime_to_die,2026-07-14,0.05058587065540795,0.049549996921161174,0.12390361819694291,0.07467982859117067
LubovMarkelova,2026-07-14,0.047582040733397085,0.06375311438601083,0.11268333667492417,0.0746728305981107
Antik5,2026-07-14,0.04518277155879073,0.06338811743041331,0.11529269603655554,0.07462119500858654
Mouse-Sleep,2026-07-14,0.044935463008331365,0.06445417306700023,0.11446083757689823,0.07461682455074327
elm2007,2026-07-14,0.04251542922932691,0.07299245721473607,0.10832900701341512,0.07461229781915936
Domingosjunior,2026-07-14,0.0420961975276075,0.07177469399554717,0.10995990725666964,0.07461026625994144
Bad_left_hook,2026-07-14,0.042837503821054126,0.06629806133274894,0.11468925103781613,0.07460827206387306
107degrees,2026-07-14,0.04791852418538047,0.05562768805156934,0.12025251053736188,0.0745995742581039
AsortaFairytale,2026-07-14,0.048486034271182955,0.056572573449250436,0.11873484917571586,0.07459781896538309
MrBad74,2026-07-14,0.04194699791788109,0.0741975379414029,0.10763908982163757,0.07459454189364052
NM_Koval,2026-07-14,0.04179832419083613,0.07742791130879827,0.10454727931641507,0.07459117160534982
Ekose,2026-07-14,0.047651896836383635,0.05541187499153012,0.12067735514073817,0.07458037565621732
skinerd6,2026-07-14,0.04217059631364927,0.07326806410744832,0.1082557884432993,0.0745648162881323
VSanduleac,2026-07-14,0.04223079792144504,0.07114811837000738,0.11031476471854941,0.07456456033666727
ArnaudovP,2026-07-14,0.041552828320205897,0.07378461680951878,0.10834775749741443,0.07456173420904637
Mytzy,2026-07-14,0.041103735798788635,0.07712454377842165,0.10535229530946079,0.07452685829555702
skeyman,2026-07-14,0.04827069808001468,0.055943907253879335,0.1193580839330668,0.0745242297556536
JerglerMeister,2026-07-14,0.042333120800047995,0.07282062026257646,0.10832477035043349,0.074492837137686
Ryanmito,2026-07-14,0.04556785175976794,0.05684482313498121,0.12099319406801408,0.07446862298758773
DragonWizard02,2026-07-14,0.04506682874701566,0.06275727272639436,0.1155574023456632,0.07446050127302441
Bgabor91,2026-07-14,0.03967202713792593,0.08040868356355838,0.10329991395317267,0.07446020821821898
Oxygen64,2026-07-14,0.04052815485703877,0.077619829733799,0.10520153433302808,0.07444983964128861
mirceaparligras,2026-07-14,0.04459735753927543,0.059247795452191464,0.11941608162571636,0.07442041153906108
Bent_Carlsen,2026-07-14,0.04223079792144504,0.07115433557900894,0.10986745677082366,0.07441753009042588
BlackGrove,2026-07-14,0.04156805902404376,0.07814564594469749,0.10353446637677215,0.07441605711517113
Tematicon,2026-07-14,0.042333120800047995,0.07363216981550709,0.1072670180722434,0.0744107695625995
ekurtz,2026-07-14,0.04046869430182979,0.0763961974860482,0.10636052013931627,0.07440847064239808
rendrexchess,2026-07-14,0.0420560680401229,0.07138142268139329,0.10976742412308983,0.07440163828153534
UnknownxArmy,2026-07-14,0.047651896836383635,0.05824923049229953,0.11727044577264961,0.07439052436711092
mariaesthergranados,2026-07-14,0.047582040733397085,0.05861115912239027,0.1169610552706245,0.07438475170880395
TheChessHasSpoken,2026-07-14,0.04212655499554585,0.07249985504936168,0.10849630335120543,0.07437423779870432
FMCASTE,2026-07-14,0.045073885009789955,0.06294763829160589,0.11507026893010895,0.07436393074383493
ShMat92,2026-07-14,0.041552828320205897,0.0720715540082244,0.10942228107895,0.0743488878024601
GM_LOADING,2026-07-14,0.04443169344808313,0.06411155575669342,0.11443143021643934,0.07432489314040529
LittlePeasant,2026-07-14,0.04597822050771456,0.061042347334858076,0.11594564157021271,0.07432206980426177
Stewie_89,2026-07-14,0.045073885009789955,0.06237598678772521,0.11549756740068068,0.07431581306606529
qx4z,2026-07-14,0.04493149873187007,0.058134910381471706,0.11987739834215601,0.07431460248516593
redblizzard,2026-07-14,0.04780337478847455,0.058969952618568286,0.11616335745756189,0.07431222828820157
MerryPoppies,2026-07-14,0.04461365223528803,0.06283842554546541,0.11545299717611192,0.07430169165228845
AbsoluteCinema420,2026-07-14,0.04190383720887493,0.07731397286613131,0.10365827655190132,0.07429202887563585
arnoldpetra,2026-07-14,0.04190317990124558,0.07252916242359911,0.10841229298194509,0.07428154510226326
dereito,2026-07-14,0.04184556755172362,0.07289835550897932,0.10793171990678059,0.07422521432249451
incredible64,2026-07-14,0.04518277155879073,0.05879674793450465,0.11869481831893046,0.07422477927074195
elextranjero00,2026-07-14,0.03957948957743608,0.0794870899337331,0.10353382115625412,0.07420013355580778
GregLeBarbare,2026-07-14,0.04468822579257572,0.06349858319421776,0.11439894266932632,0.07419525055203993
HelenaWalker2912,2026-07-14,0.04089849422562595,0.07367107351202877,0.10794480457266913,0.07417145743677461
2KRK1,2026-07-14,0.042387717987371294,0.07142820621563359,0.10869668879063375,0.07417087099787954
luachess1,2026-07-14,0.043382710440839474,0.06731695314327026,0.11178268659385963,0.07416078339265646
guilty93,2026-07-14,0.042360778567881466,0.07066433608010159,0.10936599461582172,0.07413036975460159
CyrilFelrodTelesforo,2026-07-14,0.042100038906277705,0.07253443444882456,0.10773262298562278,0.07412236544690835
JohnnyAnto,2026-07-14,0.04518277155879073,0.059287937808978196,0.1178815873461141,0.07411743223796101
joshuaguo,2026-07-14,0.0511789559697488,0.05100193498737258,0.12016947652206283,0.07411678915972807
Air-Conditioner07,2026-07-14,0.047582040733397085,0.05811667838723632,0.11664816487637207,0.07411562799900183
ZverevLev,2026-07-14,0.04046869430182979,0.07459909739588876,0.10727849397843833,0.07411542855871896
BabyFacedAssasin,2026-07-14,0.04770142697287755,0.05462129843479857,0.12000640412244884,0.07410970984337499
bobbyfischeristhegoat1,2026-07-14,0.04791852418538047,0.056867739083342674,0.11749993690719039,0.07409540005863785
TheOneAndOnlyHedgie,2026-07-14,0.04821585994133605,0.05674222232904431,0.1173011468529788,0.07408640970778639
ProfTerrieux,2026-07-14,0.045480821878659566,0.05969118436526944,0.11701464992575566,0.07406221872322823
chesshermar,2026-07-14,0.04844564403402718,0.0539954924783257,0.11966170152679499,0.07403427934638263
iAspet,2026-07-14,0.041998254700252265,0.0717422939817842,0.10829214389968092,0.07401089752723912
Sawatdeekhrap,2026-07-14,0.041552828320205897,0.06952539636497318,0.11092657778769797,0.07400160082429236
pavelalexandru07,2026-07-14,0.04217059631364927,0.07135109346542577,0.10846285783937076,0.0739948492061486
afgano29,2026-07-14,0.04912767619300436,0.06015212136865634,0.11269123973217304,0.07399034576461125
TimKett,2026-07-14,0.05070736563572033,0.05043167929427636,0.12077071106501416,0.07396991866500362
Biregina,2026-07-14,0.04518277155879073,0.05839403310207339,0.11829096249204962,0.07395592238430458
JoelynLi,2026-07-14,0.048526297581705125,0.05306445771539373,0.12017676219632502,0.0739225058311413
Arjun2002,2026-07-14,0.04484361828018165,0.057033345306734616,0.11976119346412943,0.0738793856836819
Martins-BR,2026-07-14,0.04046257196589463,0.07592082520157317,0.10524328330012729,0.07387556015586504
ChesterF,2026-07-14,0.04432453290663073,0.0631405896335875,0.11412719043378008,0.0738641043246661
manfroi-alexander,2026-07-14,0.047877393594145605,0.055944511082357234,0.11776025079276026,0.07386071848975437
czechbul17,2026-07-14,0.04194699791788109,0.07204497124894237,0.10750297649781716,0.07383164855488021
npaipal,2026-07-14,0.042100038906277705,0.07104057817563322,0.10824852728732447,0.0737963814564118
Mahan_83,2026-07-14,0.0417830127950449,0.06956584250273115,0.11003997041133308,0.07379627523636971
Reyson01,2026-07-14,0.04206864901442809,0.07132507657819932,0.10796471329621524,0.07378614629628089
random_mango,2026-07-14,0.041998254700252265,0.06998461349708315,0.10936248832137198,0.0737817855062358
Nesty_Javi_Chess,2026-07-14,0.04771808293867154,0.053701147237440336,0.119851630805654,0.07375695366058863
leykunmesfin,2026-07-14,0.04179832419083613,0.07786499566785929,0.10160749384210929,0.07375693790026823
Bond_7_7_7,2026-07-14,0.042333120800047995,0.07042672072192473,0.10848816966364477,0.07374933706187249
manuelsobrinho,2026-07-14,0.04186388308066288,0.074185827877358,0.10516896435516071,0.0737395584377272
Mili_Brizzi,2026-07-14,0.04411687509054298,0.05988760193924022,0.11721192160552821,0.0737387995451038
Alain_Otero,2026-07-14,0.04342391554345182,0.06855783155761146,0.10920662131071078,0.07372945613725802
sanyukina,2026-07-14,0.04139625865620551,0.07646605898728845,0.10332547922037111,0.07372926562128836
iamanoush,2026-07-14,0.041998254700252265,0.07014266527729277,0.10893518985080025,0.07369203660944842
cristhiancruzsanchez,2026-07-14,0.0467519593967384,0.05669394184045782,0.1175284398964937,0.07365811371122997
Korona_91,2026-07-14,0.0423781983149961,0.0688997271261376,0.10968436879751459,0.07365409807954942
vlad_Sid,2026-07-14,0.05124533711273358,0.04568544653613909,0.12400428421248677,0.07364502262045315
Jbd735,2026-07-14,0.042333120800047995,0.06977313086582915,0.10880296740731384,0.07363640635773033
MaverickSV,2026-07-14,0.04222416706027476,0.07002823076176717,0.10862039210713119,0.07362426330972438
alacritous,2026-07-14,0.047582040733397085,0.05747378399806779,0.11579250756752801,0.07361611076633097
Golden3agle,2026-07-14,0.041926136050595045,0.07319721583319597,0.10563749053067047,0.07358694747148715
UCantHandleDenker,2026-07-14,0.041868863837313516,0.0720172815313063,0.10686065132765762,0.07358226556542581
PrincessLiLA,2026-07-14,0.04083944317215335,0.07599608265002814,0.10386182222770639,0.07356578268329596
MrVenky,2026-07-14,0.04184556755172362,0.07035505539853597,0.10841496577507963,0.07353852957511307
mataMNsMS,2026-07-14,0.04160774308350134,0.07361564105785236,0.10533189885924822,0.0735184276668673
GMLazaroBruzon,2026-07-14,0.04574295535705949,0.0632704604196715,0.11153394621488377,0.07351578733053825
marciojor,2026-07-14,0.042333120800047995,0.07061945199929015,0.10754995727962738,0.07350084335965518
GustavoAOliveira,2026-07-14,0.04214020850465073,0.07143277958355172,0.10687270143839916,0.0734818965088672
bugsbunny444,2026-07-14,0.045073885009789955,0.05580902361144812,0.11956214804260226,0.07348168555461344
Andrakhanova,2026-07-14,0.050985564556092704,0.048310602216635266,0.12113397381889458,0.07347671353054085
Monmoransy,2026-07-14,0.04554320129479248,0.05763718272005788,0.1172485571288371,0.07347631371456248
tuka9292,2026-07-14,0.03982622938383401,0.07707838227888919,0.10350523250368057,0.07346994805546793
Wrecking_Ball_05,2026-07-14,0.04791852418538047,0.05195555284715806,0.12051191996202748,0.07346199899818867
thebulldog1,2026-07-14,0.04844564403402718,0.05091436926361569,0.12100980715254395,0.07345660681672894
MomchilPetkov,2026-07-14,0.04205923351057473,0.06651550379817335,0.11174637509639646,0.07344037080171485
ShrookWafa,2026-07-14,0.042100038906277705,0.06940952325170163,0.10880296740731384,0.07343750985509773
pablovik,2026-07-14,0.04160774308350134,0.07562169591536635,0.1030601192847103,0.07342985276119267
GM_Levan_Pantsulaia,2026-07-14,0.04146742284804108,0.07195959235519679,0.10684021876935508,0.07342241132419765
jecdii,2026-07-14,0.04085837473968456,0.07341664582953068,0.10596411863540423,0.07341304640153982
Cacriefils1984,2026-07-14,0.041734888163391874,0.07246177872222291,0.10600281114162623,0.07339982600908034
Karpovs_Maid,2026-07-14,0.04144913038750721,0.06868396306609131,0.11000874110699599,0.07338061152019816
SzMM19,2026-07-14,0.041552828320205897,0.06780853319145896,0.11067048823509397,0.07334394991558628
NTDVAN12,2026-07-14,0.042126217140303845,0.06317124094486273,0.11472834569494203,0.07334193459336953
goingin33,2026-07-14,0.04182475392745109,0.06707020397829491,0.11107738414002222,0.07332411401525607
Paff_Morris_Twitch,2026-07-14,0.042100038906277705,0.06906295023522824,0.10874056684807021,0.07330118532985871
HPanesso,2026-07-14,0.041998254700252265,0.06887855891953945,0.10901511759745407,0.07329731040574859
kyawlayhtaik8,2026-07-14,0.042100038906277705,0.06953559252403173,0.10823310980870468,0.0732895804130047
kikydu96,2026-07-14,0.041998254700252265,0.06938508652805368,0.10841585307262927,0.07326639810031174
laimis61,2026-07-14,0.043469251639001866,0.06394218654228118,0.11232784456433606,0.07324642758187304
JonaszBaum,2026-07-14,0.040845896852249756,0.07236297800882689,0.10652827344907145,0.0732457161033827
M-Mar04,2026-07-14,0.04671227522025502,0.05483207284112591,0.1181633793608397,0.07323590914074021
Vesapesa,2026-07-14,0.04163776361620108,0.07313559516609364,0.10492768975123733,0.07323368284451069
chessdude,2026-07-14,0.041992943655518755,0.06661173924229785,0.11105738684297847,0.07322068991359836
mgl_2009,2026-07-14,0.042333120800047995,0.06999740195248867,0.10732613003878684,0.0732188842637745
burritus,2026-07-14,0.04197034819833385,0.06924430791530224,0.10837558040609384,0.07319674550657664
CapivaraBondoso,2026-07-14,0.041416868261630504,0.07469828945102283,0.10347172658013663,0.07319562809759665
Faqade,2026-07-14,0.04069391779877359,0.07232685570562623,0.10652015969330385,0.07318031106590123
randomkiblitzer,2026-07-14,0.042100038906277705,0.07003256628767568,0.10738154312564427,0.07317138277319922
GilbertElroy,2026-07-14,0.04216641061702659,0.06746015084066519,0.10986863286099777,0.07316506477289651
Guachiney,2026-07-14,0.04226837804189164,0.06635234403912638,0.11086971394808803,0.07316347867636869
JulAnt,2026-07-14,0.041998254700252265,0.06753638444265586,0.10992286985768107,0.07315250300019639
Zarikovs1999,2026-07-14,0.05044469113805414,0.04875957641269834,0.12020785432236114,0.07313737395770455
IAgrest,2026-07-14,0.043469251639001866,0.06714408557086364,0.10877178794302415,0.07312837505096322
shailendrabajpai,2026-07-14,0.04543211116056442,0.05998365903463011,0.11396318607410275,0.07312631875643243
Yarikov_Artem,2026-07-14,0.04044421021280223,0.07306535625485769,0.10584708589586256,0.07311888412117416
Sasha2109,2026-07-14,0.042095714982525394,0.07260341382002355,0.10465260127576231,0.07311724335943709
omeed_87,2026-07-14,0.04165736992812705,0.06991428139131825,0.10776401505561256,0.07311188879168595
rodp92,2026-07-14,0.04052815485703877,0.07336826841748205,0.10543811432924405,0.0731115125345883
mamonika,2026-07-14,0.05100892017280664,0.04869790454097635,0.11960605586051547,0.07310429352476615
TenthPlanet,2026-07-14,0.04234672873884929,0.06800651135511573,0.10887331198080849,0.07307551735825783
Pudor,2026-07-14,0.042100038906277705,0.06969735575215817,0.10740237424376677,0.07306658963406755
Axf7,2026-07-14,0.041734888163391874,0.07398423157248712,0.1034325741308879,0.07305056462225563
jcreyes69,2026-07-14,0.04165736992812705,0.07007104250800171,0.10729743873568014,0.07300861705726963
DarioMione,2026-07-14,0.045645873659197964,0.059353754720550406,0.11396657222366674,0.0729887335344717
JSMastropiero,2026-07-14,0.04085837473968456,0.06892636688496782,0.1091759687146427,0.0729869034464317
GMRAVEN_ON_YOUTUBE,2026-07-14,0.04190317990124558,0.06943849685526392,0.10761055157044687,0.07298407610898545
Caclox,2026-07-14,0.04543211116056442,0.054442384594644413,0.11906878985516257,0.07298109520345714
MrKGG1,2026-07-14,0.0420560680401229,0.06702838964139575,0.10984207006871648,0.07297550925007838
inneremptiness,2026-07-14,0.041857822787710344,0.06749849975485497,0.10954872389761108,0.07296834881339213
Hotella,2026-07-14,0.04156805902404376,0.0719026980568779,0.10537313818548531,0.07294796508880232
profofchess,2026-07-14,0.04289398186474235,0.06340733895854694,0.11253491396040753,0.07294541159456562
PetrSoucek,2026-07-14,0.048140853638325494,0.053405638569850394,0.11727330991763116,0.07293993404193568
GarciaIsaac,2026-07-14,0.04284921886788487,0.06780348561337986,0.10784445877352831,0.07283238775159769
milovanratkovic,2026-07-14,0.04214020850465073,0.06901803509435142,0.10733543437292166,0.07283122599064128
martinique24,2026-07-14,0.0423759791930719,0.06668317717883064,0.10942468737809148,0.07282794791666468
elprimo2012mortis,2026-07-14,0.04109342863995006,0.07072061578616243,0.10666631883086715,0.07282678775232654
GnowReopard,2026-07-14,0.04138374607363282,0.07033812674700737,0.10671065977002155,0.07281084419688726
brendan174,2026-07-14,0.045178145952851544,0.0557403351187027,0.11745845721341568,0.07279231276165664
AprilZhong,2026-07-14,0.04156805902404376,0.07327716687036331,0.10336229993335012,0.07273584194258574
Yaryi_sergey,2026-07-14,0.04590836890385165,0.05594101410467636,0.11631269373683548,0.0727206922484545
Predatoru,2026-07-14,0.04206864901442809,0.06811123051702536,0.10796471329621524,0.07271486427588957
candela2013,2026-07-14,0.042100038906277705,0.06861029499681005,0.10738154312564427,0.07269729234291068
1d51-0,2026-07-14,0.050778568513665405,0.04691133477914156,0.12037338637106373,0.07268776322129024
WisdomGame,2026-07-14,0.04844564403402718,0.0491570619227943,0.12044312164617155,0.07268194253433101
chosenpr,2026-07-14,0.04289398186474235,0.06480367259984977,0.11031793700275941,0.07267186382245051
kamblefy,2026-07-14,0.04471496452377949,0.059550644106581896,0.11372971254184767,0.07266510705740302
StopLookingAtMyProfile,2026-07-14,0.04217059631364927,0.06861865630521476,0.107193872325965,0.07266104164827634
CristobalBlanco,2026-07-14,0.04433006137796558,0.061246782329715595,0.11237839786977999,0.07265174719248706
blitis,2026-07-14,0.04045737745108358,0.07232595846819327,0.10515986681193086,0.0726477342437359
MightyMike_009,2026-07-14,0.04052482950508601,0.0704875196836685,0.10686908004336233,0.07262714307737228
Luklei18,2026-07-14,0.042917835680054715,0.06673251244880338,0.10820925012713815,0.0726198660853321
yoursillykitten,2026-07-14,0.041552828320205897,0.06761914536476238,0.10861696774977941,0.07259631381158256
elfranco,2026-07-14,0.04506820332213367,0.052893601502679834,0.11981925601772421,0.07259368694751257
Blitz,2026-07-14,0.041998254700252265,0.06500657814981946,0.11057254933228647,0.07252579406078606
AAponteR,2026-07-14,0.046282333707690845,0.057900096955051474,0.11336203681692922,0.07251482249322384
calin_dragomirescu,2026-07-14,0.04289398186474235,0.06715946441145197,0.10748435509161021,0.07251260045593484
PavlovDanila,2026-07-14,0.0420560680401229,0.06467675051253968,0.11075510412997065,0.0724959742275444
Kovalyov_Eduard,2026-07-14,0.04165736992812705,0.06870087650916565,0.10707209704628382,0.07247678116119217
skychen007,2026-07-14,0.04190383720887493,0.06904946208318939,0.10642088041614066,0.072458059902735
chesskov1982,2026-07-14,0.042885378130545534,0.061445389739141085,0.11296833199859778,0.07243303328942813
Chesmon,2026-07-14,0.045806174577575715,0.05881051563328871,0.11268003935214606,0.07243224318767016
HeroRubiksCube,2026-07-14,0.0427836491120104,0.06500704111295211,0.10948021934577717,0.0724236365235799
SmarterChess,2026-07-14,0.04599953227063104,0.055801155612068346,0.11542978505464387,0.07241015764578108
MariusBieliauskas,2026-07-14,0.043122400948607635,0.06616718743283914,0.10791778791102388,0.0724024587641569
AllStarShark,2026-07-14,0.04217059631364927,0.06797785154501898,0.10704478206363968,0.07239774330743598
ALEXJR20,2026-07-14,0.046282333707690845,0.05719207936551386,0.11370421574383509,0.0723928762723466
alexsuper1987,2026-07-14,0.04085837473968456,0.07179754582963224,0.10451939587737209,0.0723917721488963
NUESTRO64,2026-07-14,0.04160208422392385,0.06321311640122723,0.11229319768486551,0.07236946610333887
best926,2026-07-14,0.044122963844253994,0.058883171186768335,0.11409762485423271,0.07236791996175168
Batica1984,2026-07-14,0.040845896852249756,0.07193051108487751,0.10420991138590471,0.07232877310767732
regenda,2026-07-14,0.04265357080621296,0.06851861439945334,0.1057810454499663,0.07231774355187753
chessdiamant,2026-07-14,0.04155660952195196,0.06895668693911279,0.10642873360986485,0.0723140100236432
Shota_Azaladze,2026-07-14,0.041552828320205897,0.06492136222832433,0.11045493257831093,0.07230970770894705
AmartuvshinGanzorig,2026-07-14,0.04223079792144504,0.06463032458461358,0.11003537058458374,0.07229883103021412
elegant285,2026-07-14,0.04419674018998973,0.061756726726191646,0.11093841467766692,0.0722972938646161
iulik86,2026-07-14,0.04155660952195196,0.0681808992924141,0.10713885904215553,0.07229212261884053
ProphetoftheLord,2026-07-14,0.041532436773113295,0.06500565740345454,0.11031956223536954,0.0722858854706458
Hubbery,2026-07-14,0.0420560680401229,0.0663828492438702,0.10841585307262927,0.07228492345220745
Philos_85,2026-07-14,0.04289398186474235,0.061385083533197556,0.11256504325333637,0.07228136955042543
MithrandirJunior,2026-07-14,0.04858753263185126,0.0473010556852194,0.12095439406568653,0.07228099412758572
OLDTERMINATOR,2026-07-14,0.04160208422392385,0.06664025218981838,0.10858856543578725,0.0722769672831765
CamillaEffect,2026-07-14,0.04155660952195196,0.06869172705039923,0.10652932074980585,0.07225921910738568
monalize,2026-07-14,0.04279036390861181,0.06552373838349072,0.10841496577507963,0.07224302268906073
CakeinSpace2002,2026-07-14,0.042917835680054715,0.06384848415780595,0.10994452449618092,0.07223694811134719
Lenyas66,2026-07-14,0.045919949986035005,0.057867394370704026,0.11288916759998716,0.0722255039855754
hoshor,2026-07-14,0.04001867769479045,0.07115536403682149,0.10548587086422416,0.0722199708652787
flomarechot,2026-07-14,0.042917835680054715,0.06632900335863391,0.10738103117729236,0.07220929007199366
dvglko,2026-07-14,0.04217059631364927,0.06695595166920408,0.10747517783248994,0.0722005752717811
gvanna,2026-07-14,0.0444154952298996,0.06171448094098506,0.11042996460013675,0.07218664692367381
hangemhigh,2026-07-14,0.04165736992812705,0.06670160617901587,0.10819427416460516,0.07218441675724936
turtlein,2026-07-14,0.04548381541324638,0.05819797765510947,0.11284030902327709,0.0721740340305443
Durchbruch03,2026-07-14,0.04223079792144504,0.0642293731729526,0.11003537058458374,0.07216518055966047
Caissameza,2026-07-14,0.04190302590407258,0.07074221459128267,0.10376561663386383,0.07213695237640637
JuanCGlez,2026-07-14,0.04289398186474235,0.060666008288896844,0.11277211264940784,0.07211070093434901
JoachimBN,2026-07-14,0.04284006239141652,0.06414351756783684,0.10934636826523915,0.0721099827414975
tonyq11,2026-07-14,0.042917835680054715,0.061667151244627356,0.11169626548566317,0.07209375080344842
jhedigm,2026-07-14,0.04144449304069963,0.06931990917984747,0.10543811432924405,0.07206750551659705
1d4_1-0,2026-07-14,0.042333120800047995,0.06650736868668018,0.10732613003878684,0.07205553984183834
Mikheev1976,2026-07-14,0.0444648214247214,0.06139601628240877,0.11030318075808418,0.07205467282173812
leepday,2026-07-14,0.042333120800047995,0.06649535303650589,0.10732613003878684,0.07205153462511359
IshviAggarwal,2026-07-14,0.04163776361620108,0.06925987090755831,0.10521968126098002,0.0720391052615798
scrapnel,2026-07-14,0.04463103068767999,0.05818446004523728,0.1132953685531999,0.07203695309537239
Sosat98,2026-07-14,0.041552828320205897,0.06446414699113451,0.11007196055355539,0.0720296452882986
fighter2jz,2026-07-14,0.042718593572829464,0.06439944367092401,0.10888309701122437,0.07200037808499261
Heretoflag,2026-07-14,0.04085837473968456,0.06933865368495443,0.10577941831537392,0.07199214891333765
Black_Biker,2026-07-14,0.043122400948607635,0.06320874022648675,0.10963926264102085,0.07199013460537174
Vanek_Runets,2026-07-14,0.04599953227063104,0.05526628993289059,0.11470010053577964,0.07198864091310042
DanielMieles1985,2026-07-14,0.04289398186474235,0.06048046783396072,0.11257210195457514,0.07198218388442607
H7DJK,2026-07-14,0.0452257436627141,0.057570821196517206,0.11313933136381275,0.07197863207434801
Sesleria,2026-07-14,0.04156805902404376,0.06864911180371883,0.10565538363411132,0.07195751815395797
Vandros57,2026-07-14,0.04511635135047103,0.05799731345503187,0.11274621481712409,0.07195329320754233
VishnuPrasanna,2026-07-14,0.04284650958038396,0.06069949710766678,0.11226751031708877,0.07193783900171317
SulfatoFerroso,2026-07-14,0.042352413215607024,0.0685853486473345,0.10486579022091078,0.0719345173612841
push_up,2026-07-14,0.04739100283500555,0.051814723889858354,0.11654922671940522,0.07191831781475638
AidenRchess,2026-07-14,0.04448021938831587,0.061307567495400235,0.10995942305136629,0.07191573664502747
MrrRefrao,2026-07-14,0.043018256006704184,0.0631050787953334,0.10960207277770145,0.07190846919324635
Deadmold,2026-07-14,0.04274522092388194,0.06470802851571854,0.10825305276908233,0.0719021007362276
El_ultimo_Pablo,2026-07-14,0.043748518400132864,0.048705963224422825,0.12324119094056953,0.07189855752170841
ori99,2026-07-14,0.04756706349105017,0.04866282848863035,0.11945554240453136,0.0718951447947373
dimoni64,2026-07-14,0.04203251770946216,0.06677684962553387,0.1068391064986448,0.0718828246112136
nOcHeaTiNgKiD,2026-07-14,0.043018256006704184,0.059781260299074816,0.1127423628411177,0.07184729304896557
Baby_Legs,2026-07-14,0.041254479608153885,0.068608329916583,0.10567202153232548,0.07184494368568746
Komodo_Dragaon,2026-07-14,0.04858753263185126,0.04705567609770357,0.11986171562451281,0.07183497478468921
1b31-0,2026-07-14,0.042917835680054715,0.06185326986865314,0.11071422667173426,0.07182844407348071
ehrenfeld,2026-07-14,0.04859511209070863,0.04668136960263696,0.12011806605436331,0.07179818258256963
Ehsan_GhaemMaghami,2026-07-14,0.04377945830123929,0.058007400257472023,0.11359998424744569,0.071795614268719
llamalord42,2026-07-14,0.04113965139580281,0.05955622529447995,0.11468932829423205,0.0717950683281716
Ivn_2001,2026-07-14,0.04616370574431692,0.05515537149639073,0.11404350758339296,0.07178752827470021
kunaevchess,2026-07-14,0.04305032261291425,0.06339267773726363,0.10886159224669362,0.07176819753229051
Fluffey,2026-07-14,0.04281416267848841,0.06533684012339766,0.10711031598976213,0.0717537729305494
mikheeva86,2026-07-14,0.04305032261291425,0.0645592927866584,0.10755035832856413,0.07171999124271226
natelleka,2026-07-14,0.04496285578371885,0.05596914155023616,0.11422049302102914,0.07171749678499471
INDIAN-ELEPHANT,2026-07-14,0.04786542627658378,0.04401555994243999,0.12327092466868411,0.07171730362923597
Thebigsqueeze,2026-07-14,0.042100038906277705,0.06566425107262912,0.10735773838043125,0.07170734278644603
Sacrifice,2026-07-14,0.042333120800047995,0.06685466535198577,0.10587022629928908,0.07168600415044095
Jackleterrible,2026-07-14,0.04234672873884929,0.06331339347013638,0.10930061045138022,0.07165357755345529
Veiso,2026-07-14,0.0427836491120104,0.061936875160577186,0.11022693867973832,0.07164915431744197
I_am_a_Miracle,2026-07-14,0.042449320061876836,0.06465974427195612,0.10778940396806747,0.07163282276730014
garcho08,2026-07-14,0.04115571037682622,0.06505621476851198,0.10867504163854087,0.0716289889279597
eZaRiX,2026-07-14,0.046132370256822826,0.05311640103324249,0.11563723393535402,0.07162866840847311
Cybrog_Naruto,2026-07-14,0.042095714982525394,0.06624750487538611,0.1064571533718047,0.0716001244099054
Spectre93,2026-07-14,0.04379190527123059,0.06099857024205573,0.10999598930996973,0.07159548827441868
zane33,2026-07-14,0.04756706349105017,0.049634369463501596,0.11751752277876604,0.07157298524443927
Silvermist15,2026-07-14,0.04624368999798383,0.053797272144555784,0.11464294622364851,0.07156130278872937
RobKing,2026-07-14,0.04160774308350134,0.06926518416722953,0.10380060995975848,0.07155784573682979
bteillet,2026-07-14,0.042352413215607024,0.06784977799003818,0.10445494309393472,0.07155237809985997
Zhbugnoimt,2026-07-14,0.04279036390861181,0.06316407640390728,0.10866272047525588,0.071539053595925
ViratKohl_i,2026-07-14,0.04223079792144504,0.062077304680232676,0.11029475524139538,0.07153428594769103
Chessraf-com,2026-07-14,0.042333120800047995,0.06551413434630401,0.10673595655534357,0.07152773723389853
mosthonestman,2026-07-14,0.043122400948607635,0.05948885236526693,0.11195514452548366,0.0715221326131194
kinghunter183,2026-07-14,0.0423759791930719,0.06475319588520909,0.10739481794209949,0.07150799767346015
if_name_main_a,2026-07-14,0.042333120800047995,0.06386764272942937,0.10831381004566769,0.07150485785838168
OMGCovid-19,2026-07-14,0.042265242274228655,0.06187204715652254,0.11037008829827943,0.0715024592430102
MiguelEduardoGB,2026-07-14,0.042578076634162826,0.06715815215091868,0.10472404284451578,0.07148675720986576
ENEASZ,2026-07-14,0.04444301024667147,0.0570637895290086,0.11294864054477503,0.07148514677348504
Pax-Pramana,2026-07-14,0.04144449304069963,0.06511637646861815,0.10789164183280132,0.07148417044737304
Buffy7,2026-07-14,0.04547167574025622,0.05515857523923916,0.11379030139955087,0.07147351745968208
MosheFriedland,2026-07-14,0.042917835680054715,0.06269851208552402,0.10875287589477915,0.07145640788678596
IMTominho,2026-07-14,0.04191580071423135,0.06154841026368755,0.11090152772777254,0.07145524623523047
JonahWillow,2026-07-14,0.04612515629336764,0.05325171644066602,0.1149822380632064,0.07145303693241335
s_stefi,2026-07-14,0.041331539779153645,0.06716089622066333,0.10577607947931195,0.07142283849304297
MMSANCHEZ,2026-07-14,0.04242376983409814,0.061784090968462886,0.1100450280944903,0.07141762963235045
vjecspec,2026-07-14,0.04463103068767999,0.0576965791463111,0.11182695073700699,0.07138485352366603
Susik_Gaboyan,2026-07-14,0.04328842788448212,0.05999089915047807,0.11086784327932722,0.07138239010476247
texie1,2026-07-14,0.043018256006704184,0.06285129655157343,0.10825707975058176,0.07137554410295312
SlippperyWhenWet,2026-07-14,0.043122400948607635,0.062119456092309795,0.10884744202314549,0.07136309968802097
piinuma,2026-07-14,0.04602503006775484,0.05443384329371051,0.11358610163485355,0.07134832499877297
lolliNOPE,2026-07-14,0.04113074347020406,0.06197150033530212,0.11091559345984443,0.07133927908845021
FEKKET-ESZTER,2026-07-14,0.04636947318430354,0.04993341142354405,0.11764975237747458,0.07131754566177405
K_alena13,2026-07-14,0.042506867710167595,0.06249462509009594,0.10893113046255527,0.0713108744209396
Stupeas,2026-07-14,0.042880767010682656,0.059102535625143504,0.11194105603872538,0.07130811955818385
JustaTrickstar,2026-07-14,0.0446528621240558,0.05466721299548971,0.11458560122581059,0.07130189211511871
MasterLeo2018,2026-07-14,0.04624368999798383,0.05390278643533941,0.11365526621676769,0.07126724755003032
CaptainTheTT,2026-07-14,0.04624368999798383,0.05265629498241647,0.11485001561971998,0.07125000020004009
hell3raiser,2026-07-14,0.04328842788448212,0.062426544220732516,0.10803122260024967,0.0712487315684881
Kodawari,2026-07-14,0.04272645976110917,0.05974357541474005,0.11126475462284197,0.07124492993289706
IvanRadivojevic,2026-07-14,0.043018256006704184,0.05925173036077342,0.11145699998232814,0.07124232878326858
Khuslen2008,2026-07-14,0.04305032261291425,0.06074778915894838,0.1099271890927106,0.07124176695485775
emirgulbeyaz,2026-07-14,0.043122400948607635,0.061614912673787686,0.10896995681583288,0.07123575681274273
Dashzapper,2026-07-14,0.04456984230782048,0.05527421351079465,0.11384497105305379,0.07122967562388964
NotTodaySir,2026-07-14,0.04150157711460024,0.06441006958535042,0.10765421799844603,0.07118862156613222
Nikachu,2026-07-14,0.0423759791930719,0.0628085205518639,0.10837202527598164,0.0711855083403058
WilliamSchill,2026-07-14,0.04515394923011395,0.055719862591267745,0.11266252013544018,0.07117877731894062
ChronicUnhappiness,2026-07-14,0.04599953227063104,0.05303771451101554,0.11449303113970817,0.07117675930711825
RaphaeI,2026-07-14,0.04144449304069963,0.06533838131290859,0.10669847072763393,0.07116044836041406
dougie47,2026-07-14,0.04179832419083613,0.0667708602962581,0.10490657655208452,0.07115858701305959
THE_PLAYER6,2026-07-14,0.04279036390861181,0.06194964880651003,0.10866272047525588,0.07113424439679257
Aevengho,2026-07-14,0.043018256006704184,0.058901730385955815,0.11145699998232814,0.07112566212499605
nadiss,2026-07-14,0.04444301024667147,0.05631901277927837,0.11260853149054605,0.07112351817216529
goodnigth,2026-07-14,0.04179832419083613,0.0678897038620399,0.10368021053906683,0.07112274619731429
GM4L,2026-07-14,0.04562384590082856,0.05621438881203597,0.1115181018234332,0.07111877884543258
Enki1010,2026-07-14,0.043749210649151896,0.06111955477502047,0.10848568085914838,0.0711181487611069
Chessnut2018,2026-07-14,0.03717479402804146,0.07386161317695059,0.10229992110543464,0.0711121094368089
IronicSteal05,2026-07-14,0.045178145952851544,0.053822423341612274,0.11431818032373872,0.07110624987273419
AnnaberdiyevSerdar,2026-07-14,0.04214020850465073,0.06511149247294047,0.10606181081286918,0.07110450393015345
zala02,2026-07-14,0.04616664619668939,0.05229967823330884,0.11479640314815381,0.07108757585938401
ReinaldoR,2026-07-14,0.04234672873884929,0.05995315028975893,0.11092671428337264,0.07107553110399362
HarryCun,2026-07-14,0.04455742305369258,0.05611153504668779,0.1124352858061481,0.07103474796884283
slavenok,2026-07-14,0.04249130827327667,0.059200954037184596,0.11140701128435414,0.0710330911982718
BrainNet,2026-07-14,0.04179832419083613,0.06744250686113896,0.1038542610199435,0.0710316973573062
Amurath,2026-07-14,0.042917835680054715,0.05875788767239845,0.11136369692450654,0.0710131400923199
LuxLinster,2026-07-14,0.042677296887752326,0.06320776053675049,0.10712778446051123,0.07100428062833802
jessy-molina,2026-07-14,0.04179832419083613,0.06631094511626398,0.10486707395958644,0.07099211442222884
DrN00binator,2026-07-14,0.04624368999798383,0.052030501076815686,0.11464294622364851,0.07097237909948267
fshora,2026-07-14,0.04001867769479045,0.07167483512210408,0.10121887029569987,0.0709707943708648
fadamos,2026-07-14,0.04624368999798383,0.052962057942558025,0.11365526621676769,0.07095367138576984
parmupill123,2026-07-14,0.04318390006666707,0.057673416455295466,0.11199660362080978,0.07095130671425744
OlegKrivonosov,2026-07-14,0.040818372208143924,0.06765793052491971,0.10437677195078568,0.07095102489461644
domalchukjonasson,2026-07-14,0.04595168400309544,0.052837391201951814,0.1140487206169935,0.07094593194068026
Gazaman_Empire,2026-07-14,0.04210296692878031,0.06187598450123479,0.10885570802091311,0.07094488648364274
vlajkovicS,2026-07-14,0.04161384131678082,0.06511879112928887,0.10605889341669285,0.07093050862092085
Seinw1,2026-07-14,0.04328842788448212,0.06001166832635133,0.10945264688191923,0.07091758103091755
RU_B9,2026-07-14,0.04190302590407258,0.062083140411053804,0.10875723433259912,0.07091446688257518
htopia,2026-07-14,0.04300540379400071,0.060199544679367965,0.10950406953644105,0.07090300600326992
Filipascu,2026-07-14,0.04150157711460024,0.06422923871262155,0.10693237793071537,0.07088773125264573
TheCavemanChesss,2026-07-14,0.04144109575021634,0.06424174919174745,0.10695966364073152,0.07088083619423176
Joker_Gumble,2026-07-14,0.04602503006775484,0.05204301473118146,0.11457378164173437,0.07088060881355689
Khayala13,2026-07-14,0.04616664619668939,0.05281169814786517,0.11364800506079285,0.07087544980178247
VazLand,2026-07-14,0.040341423871293615,0.07204829764827414,0.100231950263395,0.07087389059432092
Pragmatist237,2026-07-14,0.04179832419083613,0.06547152713083852,0.10533311595020582,0.0708676557572935
chessmause,2026-07-14,0.04305032261291425,0.057165455472546096,0.11234752875481697,0.07085443561342576
AnastassijaSinitsina,2026-07-14,0.04467756819206805,0.0528418639182358,0.11502490722566192,0.07084811311198859
ComradeEyelash,2026-07-14,0.04588877199746067,0.05202029575665466,0.11463231228443335,0.07084712667951622
DIM90,2026-07-14,0.04328842788448212,0.06126708829634884,0.10797580951339224,0.07084377523140772
Hidden_Dragon,2026-07-14,0.04609399701352537,0.052315691589319854,0.11410482731608182,0.07083817197297569
Shiirav,2026-07-14,0.04161384131678082,0.06398228377506718,0.10689738312241143,0.07083116940475315
Bwert2602,2026-07-14,0.04186388308066288,0.06572289654628213,0.1048485743486494,0.07081178465853148
RogelioOscarSanchezB,2026-07-14,0.04203251770946216,0.06498558525803516,0.1052804410628477,0.07076618134344835
Oneofmyturns,2026-07-14,0.04209699689503647,0.05916259876274287,0.11090938470256605,0.07072299345344846
beccrajoy,2026-07-14,0.04203251770946216,0.06074755734465937,0.10938179012021386,0.07072062172477846
YoungUzbek,2026-07-14,0.04444634115016979,0.05453802660161332,0.11317126561093796,0.07071854445424035
bom-dia,2026-07-14,0.04533762489200683,0.05251793895327565,0.11425288159098747,0.07070281514542331
Trankuilizer,2026-07-14,0.04463103068767999,0.05427869858018827,0.1131947814132589,0.07070150356037572
Terex11,2026-07-14,0.04085837473968456,0.06304267918385593,0.10814137009621178,0.07068080800658409
Orlov_Oleg,2026-07-14,0.04294634393459597,0.05748315406441145,0.1115503803838507,0.0706599594609527
Borsuk_Konstantin,2026-07-14,0.04249130827327667,0.05808244849525577,0.11138883576747208,0.07065419751200151
Xqswdc,2026-07-14,0.04280907449266052,0.060200254802948897,0.10894992340601554,0.070653084233875
looooolll123456789,2026-07-14,0.043122400948607635,0.05741601999057079,0.11140890414870305,0.07064910836262715
sillypiggy2024,2026-07-14,0.04083944317215335,0.06561005053894138,0.10538112402274334,0.07061020591127935
mouniouboun,2026-07-14,0.040845896852249756,0.06459062800782125,0.1063879801928493,0.07060816835097344
katoma,2026-07-14,0.04511635135047103,0.055327496017785915,0.11137567289191402,0.07060650675339032
JohnDanielBryantIII,2026-07-14,0.041137320015203274,0.0608865603588307,0.10966354502087071,0.0705624751316349
Tesla37,2026-07-14,0.04304721502299754,0.05727924589301038,0.11135159819749671,0.07055935303783488
Loy_Konstantin,2026-07-14,0.04599953227063104,0.051252266213270684,0.11441830145393964,0.07055669997928045
Arman-Subaste,2026-07-14,0.04417920686679623,0.0553445307902906,0.11214422634014229,0.07055598799907638
redbaron8888,2026-07-14,0.04605550296284253,0.05102488152620762,0.11450532800106976,0.07052857083003998
azulgrana1970,2026-07-14,0.04485447431582019,0.05290393448587869,0.11381481341391206,0.07052440740520365
Doctoorx,2026-07-14,0.04203833144366801,0.0609382892627283,0.10847432162893254,0.07048364744510961
sqmorr,2026-07-14,0.04305032261291425,0.05931460255846791,0.10905958675984566,0.07047483731040927
Madre_Jedi,2026-07-14,0.04467756819206805,0.05254663870930248,0.11419210956140549,0.07047210548759202
Khamrakulov_Djurabek,2026-07-14,0.04249130827327667,0.05830054248375918,0.11058857725542255,0.07046014267081947
xLuring1,2026-07-14,0.04328842788448212,0.05824111757596802,0.10984222611539016,0.07045725719194677
Saif_Malek04,2026-07-14,0.04294634393459597,0.05707460536415051,0.11133545572884261,0.07045213500919635
dinesh501,2026-07-14,0.043018256006704184,0.05687574233831349,0.11145699998232814,0.07045033277578193
Chiquitita23,2026-07-14,0.04328842788448212,0.06001651493015103,0.10800741785503665,0.0704374535565566
WatchUrClock,2026-07-14,0.04294634393459597,0.054233628563778793,0.11410324991640429,0.07042774080492635
Jem,2026-07-14,0.04179832419083613,0.0662605272175695,0.10320610528043664,0.07042165222961409
vnamb,2026-07-14,0.04532742737862682,0.05244395214626894,0.11345972126279712,0.07041036692923096
misha_melnichuk,2026-07-14,0.04305032261291425,0.05658772193407576,0.1115891657876008,0.07040907011153026
Riku-gan,2026-07-14,0.04281037715777085,0.056968128255807694,0.11139524848642063,0.07039125129999972
ILoveMauritania,2026-07-14,0.04604830043925701,0.05148392127931503,0.11362712847386584,0.07038645006414596
flukeyNZ,2026-07-14,0.042506867710167595,0.06132374388172528,0.10732374124326036,0.07038478427838442
VFernandezB,2026-07-14,0.04645993608995638,0.051170845538134425,0.11338489488087337,0.0703385588363214
LuisIbarraCh,2026-07-14,0.04298728479402532,0.05847264068042968,0.10951890242025769,0.07032627596490422
BuenaventuraVillamayor,2026-07-14,0.043712585044822984,0.058368747290888166,0.10882980173037435,0.07030371135536183
BM_on_ICC,2026-07-14,0.045820462113784245,0.049791598198836745,0.1152616402800152,0.07029123353087872
in_shambles,2026-07-14,0.042506867710167595,0.05830525982801734,0.11002317659198026,0.07027843471005507
Cugimura97,2026-07-14,0.04278376256330726,0.056644352544198404,0.11138833680667952,0.07027215063806173
Anna20240,2026-07-14,0.042265242274228655,0.06226408791987175,0.10625170847304066,0.07026034622238035
Justinz,2026-07-14,0.04605550296284253,0.049302404829464436,0.11540227537780329,0.07025339439003675
Chess2Hawks,2026-07-14,0.0427421014618581,0.06198525367699012,0.10599389223971903,0.07024041579285574
TheMightyBishops,2026-07-14,0.04507863516891918,0.052642290406506774,0.11281597705994548,0.07017896754512382
supertfc,2026-07-14,0.04305032261291425,0.05725345715787549,0.11016774150593121,0.070157173758907
JamesG478,2026-07-14,0.04644988616173128,0.04475164945473653,0.11926928075978979,0.07015693879208586
anon05132,2026-07-14,0.04556909291784466,0.0497621836843173,0.11510432991957834,0.07014520217391343
Rochachade,2026-07-14,0.04179832419083613,0.06559017752704696,0.10303486120373957,0.07014112097387422
chessbia,2026-07-14,0.04645993608995638,0.05190906666468065,0.11204466428828369,0.07013788901430691
maurito96,2026-07-14,0.04616664619668939,0.051177107233952704,0.11306261260016756,0.07013545534360321
DariaVoit,2026-07-14,0.04588877199746067,0.0506874128298708,0.11381481341391206,0.07013033274708118
PinaSoprano,2026-07-14,0.0427421014618581,0.05869552289284282,0.10893882659110771,0.07012548364860287
The_Great_Kratos,2026-07-14,0.04294634393459597,0.055248647727841674,0.11214868670165894,0.07011455945469885
RegZryt,2026-07-14,0.046309425116734526,0.04825463058196847,0.1157739466472259,0.07011266744864296
Lester_Freamon,2026-07-14,0.04305032261291425,0.05714617582934619,0.11004522671324382,0.07008057505183475
WuinaterJr,2026-07-14,0.045914211354372986,0.04998902257589542,0.11428917317421963,0.07006413570149601
CHENNAIBOND,2026-07-14,0.04176251320973771,0.05969838186249046,0.10864981977387167,0.07003690494869995
AnnaChessLook,2026-07-14,0.042333120800047995,0.061109321616618154,0.10658803589362607,0.07001015943676407
PchelkinVK,2026-07-14,0.04605550296284253,0.04857394305020342,0.11537189675496856,0.07000044758933817
Kostya26,2026-07-14,0.04328842788448212,0.05769050427675283,0.10895938150619955,0.06997943788914483
Sviridov_Valery,2026-07-14,0.0465759754382012,0.045362529902681005,0.11794207664811795,0.0699601939963334
vinodchess1981,2026-07-14,0.04616664619668939,0.04988364844259126,0.11380872314127298,0.0699530059268512
KND2020,2026-07-14,0.04384429234263946,0.057096993328545474,0.10889177992339666,0.06994435519819386
Ulasevich_Sergei,2026-07-14,0.04616664619668939,0.05036829149235635,0.11328783663430796,0.06994092477445124
adjorno,2026-07-14,0.046050079924449,0.04880160471813326,0.11488346113155463,0.06991171525804563
psakhislev,2026-07-14,0.04645993608995638,0.05140277211716376,0.11187061380740701,0.06991110733817572
Twannibal,2026-07-14,0.04585876915690242,0.04958786221033337,0.11426749671334437,0.06990470936019338
x-4605984566,2026-07-14,0.044271299897672416,0.05344950630848796,0.11197025492955667,0.06989702037857236
dhammiko,2026-07-14,0.03973535173021315,0.06860717288596381,0.10134019052578075,0.06989423838065258
Rakhimzhan_Alen,2026-07-14,0.04324327185256205,0.05373722972806869,0.11265551977695624,0.06987867378586232
Mayo_Neighs,2026-07-14,0.04616664619668939,0.05038536076109105,0.11306261260016756,0.06987153985264934
petrpalachev,2026-07-14,0.04444634115016979,0.05126401157183969,0.11378080390328765,0.06983038554176571
Alexm42100,2026-07-14,0.0427421014618581,0.06197507913713055,0.10476317699474086,0.06982678586457651
NastyChess74,2026-07-14,0.04328842788448212,0.05879185731165581,0.10736939372055118,0.06981655963889637
RobPeresian,2026-07-14,0.04616664619668939,0.05020029869477926,0.11306261260016756,0.06980985249721207
LobachevYury,2026-07-14,0.045365341829527575,0.05290622991847474,0.1110630083070822,0.06977819335169484
thisunaa,2026-07-14,0.045585725719734536,0.05068990746101746,0.11302785454859882,0.06976782924311693
Coiote53,2026-07-14,0.04630218481024113,0.04837593088254351,0.11458085571562013,0.06975299046946826
Horned_Lark,2026-07-14,0.037624465425354005,0.07087110899460677,0.10073627076722526,0.06974394839572867
Riazantsev,2026-07-14,0.045837452431917176,0.04847061092637242,0.1146495127102595,0.06965252535618303
1000Suleyman,2026-07-14,0.039134829236889,0.07078524704561814,0.09896518737148523,0.06962842121799745
Fiona,2026-07-14,0.04515394923011395,0.05106376691196337,0.11266252013544018,0.06962674542583917
tufferguy,2026-07-14,0.04318390006666707,0.051576213881685894,0.11406784630670089,0.06960932008501795
MasterMK73,2026-07-14,0.04616664619668939,0.04983389850494163,0.11274519964507532,0.06958191478223545
slowdumbb,2026-07-14,0.04438502513590239,0.05276396407792797,0.11158305770575672,0.06957734897319569
rend1987,2026-07-14,0.04444634115016979,0.05106503235877106,0.11317126561093796,0.06956087970662626
MichalL9,2026-07-14,0.0427421014618581,0.05702661525804226,0.1088778587009106,0.06954885847360365
aRk_iN,2026-07-14,0.043045905475305714,0.060460018069434074,0.10509711010854762,0.0695343445510958
Amithpal,2026-07-14,0.042506867710167595,0.056232712800903716,0.10979723841072049,0.0695122729739306
JustWatch000,2026-07-14,0.045820462113784245,0.04665093906607452,0.11602466122208936,0.06949868746731604
TheLonePika,2026-07-14,0.04044421021280223,0.05916910423103446,0.10887445429595743,0.06949592291326472
Brian_Dew,2026-07-14,0.045767909360707605,0.04998908462974773,0.11262159158715412,0.06945952852586983
TargetA,2026-07-14,0.045941896380427234,0.04739508457717229,0.11472551959565774,0.06935416685108575
Orion2127989,2026-07-14,0.0427421014618581,0.060589333660588565,0.10466342705286488,0.06933162072510385
the-do0on,2026-07-14,0.042265242274228655,0.06061739043571465,0.10510639058197103,0.0693296744306381
VengoDelFuturo,2026-07-14,0.0427421014618581,0.05537419085533336,0.10984912611110359,0.06932180614276502
Jean-Claude_Vandal,2026-07-14,0.0464211513079439,0.048502397759581,0.11300719951331013,0.06931024952694502
thaugremista,2026-07-14,0.04317712630074778,0.052893983000107496,0.11166597514422978,0.06924569481502835
ssgm49,2026-07-14,0.0427421014618581,0.05720984447638908,0.10761945821916137,0.06919046805246952
savagemedusa,2026-07-14,0.04328842788448212,0.055623525034564164,0.10855829412036534,0.06915674901313722
indfraeng,2026-07-14,0.04328842788448212,0.05698638612851142,0.10714384985934157,0.0691395546241117
medalja,2026-07-14,0.04328842788448212,0.057459949462974995,0.10658803589362607,0.06911213774702774
laraine12,2026-07-14,0.045585725719734536,0.049117738445703454,0.1126286471986346,0.0691107037880242
knightpromotor,2026-07-14,0.043045905475305714,0.054385581473703454,0.10987519790241425,0.0691022282838078
xRxcks,2026-07-14,0.046340875026315655,0.048093991303436535,0.11271305162723565,0.06904930598566261
MaineManFM,2026-07-14,0.045092216209796226,0.047864292136443325,0.11414775833773971,0.06903475556132642
Kcnock2004,2026-07-14,0.04634812108880569,0.04813111382376998,0.11262388193348133,0.069034372282019
SilencerBaba,2026-07-14,0.04309135813246222,0.05630593652884801,0.10769265909600602,0.06902998458577209
Komiagina_Maria,2026-07-14,0.04590877241812644,0.04808490900352159,0.11305178892216176,0.06901515678126992
Maxterlopez,2026-07-14,0.04272645976110917,0.05260218623019731,0.11168215947340941,0.06900360182157196
Wisdomin,2026-07-14,0.04317712630074778,0.054128399454909104,0.10967256101194021,0.06899269558919903
Drahacik,2026-07-14,0.0464211513079439,0.046576214734731274,0.11397107477497795,0.06898948027255104
x-4215684473,2026-07-14,0.04645993608995638,0.04975816660666625,0.11061048655759523,0.06894286308473929
FarOut1364,2026-07-14,0.046163324506483534,0.04534413707996374,0.114941396408163,0.06881628599820343
icychess54,2026-07-14,0.043045905475305714,0.05885628190705724,0.10453590976381757,0.06881269904872685
jannat_65,2026-07-14,0.045837182259522984,0.04971253193898778,0.11086067872580012,0.06880346430810363
ariosp,2026-07-14,0.0427421014618581,0.05584756462447155,0.10776305995817027,0.06878424201483331
SergioTrigo,2026-07-14,0.04645993608995638,0.04782687113194824,0.1120643610194232,0.06878372274710927
TheChessKitchenTwitch,2026-07-14,0.04328842788448212,0.05647464622402598,0.10651782703749076,0.06876030038199961
RasSanti,2026-07-14,0.04190383720887493,0.05988342131559161,0.10442920281466453,0.06873882044637702
abruptum,2026-07-14,0.04318390006666707,0.0522494920035889,0.11075691101281276,0.06873010102768957
nevermind242,2026-07-14,0.04328842788448212,0.055217353907831994,0.1076402047984351,0.06871532886358307
Chessadiction1990,2026-07-14,0.0427421014618581,0.05352273027776194,0.10976940147537284,0.06867807773833096
DiamondCrusher22,2026-07-14,0.042265242274228655,0.05351208280697517,0.11021236500447901,0.06866323002856094
AtomicAcorn,2026-07-14,0.04328842788448212,0.0523272014831313,0.11026303138429629,0.06862622025063657
FelixJoseYnojosa,2026-07-14,0.042872670101538175,0.05283902757141811,0.11003624273394806,0.06858264680230146
BobDaKow,2026-07-14,0.042265242274228655,0.05632793644955671,0.1069497338299398,0.06851430418457506
pedro_nascimento85,2026-07-14,0.04233135862850653,0.05799393304036022,0.10514627342417038,0.06849052169767904
yandry1996,2026-07-14,0.04351288075262273,0.04808986684339407,0.1138357450823701,0.0684794975594623
letsgoband,2026-07-14,0.04609926502334447,0.04387222973791301,0.11533854811049121,0.06843668095724957
mcorallo,2026-07-14,0.04621050874994612,0.0469984189118972,0.11175829007200483,0.06832240591128272
SIOJ,2026-07-14,0.0464211513079439,0.04549295380328821,0.11280934428722045,0.06824114979948419
JustKid,2026-07-14,0.046309425116734526,0.04421033389678155,0.1133414623201673,0.06795374044456114
Zaro1309,2026-07-14,0.043045905475305714,0.05436076607524424,0.1063752659674485,0.06792731250599948
julioramirezosio,2026-07-14,0.04328842788448212,0.05119935837959577,0.10925957196600683,0.0679157860766949
LazovT,2026-07-14,0.045612414889548356,0.041746955521412596,0.11612839994682156,0.06782925678592751
c_minusminus,2026-07-14,0.04254740824107572,0.05066712827003768,0.10805325800093947,0.06708926483735095
ParvizGasimov,2026-07-14,0.04298833720159818,0.04410563233152688,0.11411056720149386,0.06706817891153964
Grig1508,2026-07-14,0.040792760152270256,0.05384641963870704,0.10633449206511796,0.06699122395203176
MissingLife,2026-07-14,0.04621050874994612,0.043382041012320426,0.11137914436595875,0.06699056470940844
Lredwolf,2026-07-14,0.039413053785407444,0.05201429073845744,0.10906232407192228,0.06682988953192905
BananaAlm,2026-07-14,0.04309810896503978,0.046469780885204495,0.10902143159354219,0.06619644048126215
PowerChessUtah,2026-07-14,0.03891364758584331,0.056283132794847035,0.0997666342788368,0.06498780488650906
