username,date,session,p_gradient_boost,p_logistic,p_random_forest,p_ensemble
alexrustemov,2026-07-14,early,0.8962587970525057,0.8484918376274152,0.8622757119200997,0.8690087822000069
Msb2,2026-07-14,early,0.893905813543383,0.8474554703981015,0.8541316602740384,0.8651643147385076
Oleksandr_Bortnyk,2026-07-14,early,0.9060985713755593,0.8377438280755157,0.8491177170881657,0.8643200388464135
mishanick,2026-07-14,early,0.8503992081367959,0.8441426159263997,0.8621597742062193,0.8522338660898049
rasmussvane,2026-07-14,early,0.8488547409133738,0.8440356457485872,0.8487273083166723,0.8472058983262111
GeorgiosSouleidis,2026-07-14,early,0.8002546135475249,0.8530588483414007,0.8845216841245815,0.8459450486711692
vladgoncharov,2026-07-14,early,0.7618009138264056,0.8725459846182603,0.8977765970171175,0.8440411651539278
viktorskliarov,2026-07-14,early,0.7860955590639077,0.8459633695307739,0.8932695056531047,0.8417761447492621
manitodeplomo,2026-07-14,early,0.8305757017213964,0.8201691836083943,0.8521303932898046,0.8342917595398651
Witik,2026-07-14,early,0.7657709186114802,0.8536289604062178,0.8802032708948699,0.8332010499708561
Shuvalov,2026-07-14,early,0.7723912998016849,0.840495749633903,0.8722132667525273,0.8283667720627049
ural58,2026-07-14,early,0.782160176720352,0.8549901299809204,0.8443944171410998,0.8271815746141241
RobertoJBM,2026-07-14,early,0.7593521260482565,0.8264393571889209,0.8884184980857239,0.824736660440967
Byniolus,2026-07-14,early,0.8437557577815725,0.7929642757452481,0.834202500311352,0.8236408446127242
bazar-wokzal,2026-07-14,early,0.7917833392427986,0.8378336580191932,0.8405497440112673,0.823388913757753
wonderfultime,2026-07-14,early,0.766209962380043,0.8135993632158048,0.8653754696010639,0.8150615983989705
Cheer_Down,2026-07-14,early,0.6954717797373106,0.8596727740040294,0.883300904709449,0.8128151528169297
shirovin,2026-07-14,early,0.8234441720255914,0.8008209269436497,0.8096347711891911,0.8112999567194774
Kotofeyca,2026-07-14,early,0.7259886573234272,0.8367495246446655,0.8518390332290098,0.8048590717323675
vovachesss,2026-07-14,early,0.67486629721338,0.8485522343434607,0.8882515952404954,0.8038900422657788
Hikaru,2026-07-14,early,0.7206974693274694,0.8506624161943684,0.8383273004043487,0.8032290619753955
Shivananda1964,2026-07-14,early,0.67241236106442,0.8617999185787015,0.8742729397127271,0.8028284064519496
MikeSailer,2026-07-14,early,0.7233136284498267,0.8474280233477629,0.8353081805544953,0.8020166107840283
Ginger_GM,2026-07-14,early,0.6517962505398427,0.8649320319459346,0.8890175128903246,0.8019152651253673
FairChess_on_YouTube,2026-07-14,early,0.7266633624603294,0.8331514693489627,0.8365071970713364,0.7987740096268761
MaxLeto,2026-07-14,early,0.7165599835890535,0.8361657147946262,0.8299867537781921,0.7942374840539572
nitpicker,2026-07-14,early,0.7782621406332367,0.7889700575470596,0.814935718756198,0.7940559723121647
JoliyRoger,2026-07-14,early,0.7043549650387931,0.821610130043354,0.8548236252206098,0.793596240100919
Boundless_Strike,2026-07-14,early,0.6317289185481658,0.8559344857048682,0.8732719654013522,0.786978456551462
Lion-Al-Messi,2026-07-14,early,0.6680023491226045,0.8359433750727289,0.8493670257348608,0.7844375833100647
Matols,2026-07-14,early,0.6468002918816891,0.8290912781418973,0.8686702975446678,0.7815206225227515
mwpchess,2026-07-14,early,0.6288079556599387,0.8340193354725901,0.8767962318948314,0.7798745076757867
MITerryble,2026-07-14,early,0.6538001355094255,0.8301632668704658,0.8548503710061495,0.7796045911286802
crescentmoon2411,2026-07-14,early,0.6485930433115865,0.8186460276966374,0.8588586729617557,0.7753659146566599
RandomNoob04,2026-07-14,early,0.6028805064432979,0.8342955915333762,0.8812822464023151,0.7728194481263296
dropstoneDP,2026-07-14,early,0.6975627590543122,0.8106795464362316,0.8050124688696958,0.7710849247867465
Sam_ChessMood,2026-07-14,early,0.588077301024282,0.8327290761649692,0.873328372053393,0.7647115830808814
MatthewG-p4p,2026-07-14,early,0.6537935372718767,0.7978361370509255,0.8411382665212835,0.7642559802813619
artin10862,2026-07-14,early,0.6156048942491176,0.8231746815680753,0.8343336450693855,0.7577044069621928
Witty_Alien,2026-07-14,early,0.5698492431471022,0.8376537502250374,0.8547124712732184,0.7540718215484526
Vesper2018,2026-07-14,early,0.5738642748821348,0.8290318512126225,0.8557207103010728,0.75287227879861
Orest_Vovk,2026-07-14,early,0.6314780911868185,0.8146031237336699,0.8124855677127469,0.7528555942110785
Jospem,2026-07-14,early,0.7212061724100514,0.7580077525211987,0.774667896101717,0.7512939403443223
Meri-Arabidze,2026-07-14,early,0.6073299690638155,0.8186218057776156,0.8260946750034637,0.7506821499482982
Fh2411,2026-07-14,early,0.6672488486582674,0.7681638700882248,0.814051178982378,0.7498212992429568
DenLaz,2026-07-14,early,0.6149046515813444,0.8078494269378148,0.8232581975364659,0.7486707586852083
shimastream,2026-07-14,early,0.6594018586910927,0.7807457945568141,0.8052611520779905,0.7484696017752991
djano,2026-07-14,early,0.7743460688769771,0.7317170901639348,0.7369164459953388,0.7476598683454169
Leonid_Starozhilov,2026-07-14,early,0.55774456194865,0.8075619025853227,0.8673783003506514,0.7442282549615413
Beca95,2026-07-14,early,0.5883255418447593,0.8137526865463406,0.8299129134492432,0.7439970472801143
rezamahdavi2008,2026-07-14,early,0.5987416115594302,0.8090505527061524,0.810622950728577,0.7394717049980533
Aradhya2000,2026-07-14,early,0.6148634930714468,0.7798883498870162,0.8168197437640674,0.7371905289075101
AlexandraSamaganova,2026-07-14,early,0.5221433507346324,0.8393182691121882,0.8351784455234545,0.732213355123425
amylazy,2026-07-14,early,0.5349488644801504,0.8151648416221713,0.8454738457731734,0.7318625172918317
karinachess1,2026-07-14,early,0.6169698271974007,0.7669184197746758,0.8095599650352822,0.7311494040024528
LuisFSiles,2026-07-14,early,0.5866363961261873,0.7931851246481988,0.8054027255900229,0.7284080821214696
Polish_fighter3000,2026-07-14,early,0.5834996502369854,0.7890445265465371,0.8089495174004171,0.7271645647279797
Flawless_Fighter,2026-07-14,early,0.586572316062759,0.7813564464358153,0.8021350664575274,0.7233546096520338
NikitaShandrygin,2026-07-14,early,0.4989922847080809,0.8264797492563221,0.8440921026157876,0.7231880455267302
Smiechu,2026-07-14,early,0.5937312338263195,0.7864175928343141,0.7856849554429108,0.7219445940345149
zverr1,2026-07-14,early,0.5525641227424638,0.8021146203025634,0.8012658662113269,0.7186482030854514
FGHSMN,2026-07-14,early,0.562494411641689,0.7873751160179503,0.7983070191500912,0.7160588489365768
OparinGrigoriy,2026-07-14,early,0.5589852533244773,0.7991848562848621,0.7872816047067646,0.7151505714387013
GrotBchess,2026-07-14,early,0.47343636057208843,0.8182298431673645,0.8102023255940053,0.7006228431111526
artooon,2026-07-14,early,0.5344344724232669,0.7755554066825924,0.7878006249999844,0.6992635013686145
Shield12,2026-07-14,early,0.5561731278901992,0.7626308195678915,0.7674777865818563,0.6954272446799822
vi_pranav,2026-07-14,early,0.5236315557419978,0.7782379001239675,0.7751176417653916,0.6923290325437857
Parhamov,2026-07-14,early,0.46867337897945827,0.7719436627459378,0.8313974224539595,0.6906714880597852
GelmanAlexander,2026-07-14,early,0.46502202338716786,0.7763720639705072,0.8176231870751651,0.6863390914776133
scarabee43,2026-07-14,early,0.4891508109828175,0.7750537124313606,0.774038110619124,0.679414211344434
Louis-Paulsen-Fan,2026-07-14,early,0.45108865572968604,0.7882895812041761,0.7938393741680387,0.6777392037006337
Andrey_Klymchuk,2026-07-14,early,0.43085461727961116,0.7971680322353661,0.8026651433120594,0.6768959309423456
MIss_MIaMI,2026-07-14,early,0.4328554768648854,0.7764965837932692,0.8018982252172374,0.6704167619584641
jefferyx,2026-07-14,early,0.5277792561620367,0.7415228840249313,0.7412177726171592,0.6701733042680423
AlexPapasimakopoulos,2026-07-14,early,0.5217621835814308,0.7501584629088472,0.7328037219043313,0.6682414561315365
crazy_m_attack,2026-07-14,early,0.40036196614744435,0.7886221199779314,0.8085687941080628,0.6658509600778129
savitha1030,2026-07-14,early,0.43799126089331836,0.7772381490184235,0.7719864768885681,0.6624052956001033
wild3000,2026-07-14,early,0.4878439511519924,0.7388752556969453,0.7595466831216116,0.662088629990183
Kirill_Klukin,2026-07-14,early,0.48114934252587693,0.7333471922343295,0.7658176499699444,0.6601047282433835
snowlord,2026-07-14,early,0.4652276741871881,0.7364172712860135,0.7662550650312938,0.6559666701681651
amintabatabaei,2026-07-14,early,0.4216970890228508,0.7683573877242071,0.777381652811523,0.6558120431861937
Mirchi_26,2026-07-14,early,0.41342090165649875,0.7764807921187052,0.7679365534584189,0.6526127490778744
Yan_Dyomin2010,2026-07-14,early,0.4290543438185393,0.7563548424290514,0.7669850576644275,0.6507980813040061
MaestroCheck,2026-07-14,early,0.41546632424064733,0.7727639191905806,0.760372504192355,0.649534249207861
Sunny_Star,2026-07-14,early,0.4165957400425568,0.7599622873798054,0.7705587414892676,0.6490389229705432
Irina_Mikhaylova,2026-07-14,early,0.4053870770156891,0.7606852073833426,0.7638410766505243,0.6433044536831853
TJTabernilla_Imus_12,2026-07-14,early,0.3998026899851794,0.7406006790096921,0.7879754810014462,0.6427929499987726
gpsji27,2026-07-14,early,0.4066646247791269,0.7728378512821905,0.7473155979774241,0.6422726913462471
Gryffindorac8,2026-07-14,early,0.44331748309725755,0.747562684107788,0.7327820610907448,0.6412207427652635
Aygehovit1992,2026-07-14,early,0.472674981533962,0.7383633077482226,0.7122744170212524,0.6411042354344789
only_strong_moves,2026-07-14,early,0.4720563639170289,0.7350516104440227,0.7150933735300739,0.6407337826303752
chess123456s,2026-07-14,early,0.4031091372931825,0.7535364509492537,0.7648285749437299,0.640491387728722
WiktoriaPOL,2026-07-14,early,0.42881391366744814,0.7674812092317258,0.7173614737778135,0.6378855322256625
MetiForce,2026-07-14,early,0.388617744937586,0.7624542165664248,0.7623207912708758,0.6377975842582956
GHANDEEVAM2003,2026-07-14,early,0.38788230109971394,0.7429495388262322,0.7796177159003328,0.6368165186087597
Magila31,2026-07-14,early,0.4125916680972578,0.7170972911518654,0.7701585233574665,0.6332824942021965
Mise2020,2026-07-14,early,0.3559302366874386,0.7938118791804991,0.7491315690798338,0.6329578949825905
rikchessmx,2026-07-14,early,0.4643873465443414,0.7084075669963662,0.7253820010496537,0.6327256381967871
Eloist,2026-07-14,early,0.45019512979762866,0.7081758056456134,0.7386558078616849,0.632342247768309
chrisclaireredfield,2026-07-14,early,0.36886435731645184,0.7568796123319466,0.7635908641753741,0.6297782779412575
NastyaHn,2026-07-14,early,0.34974126540886186,0.7621762080314389,0.7747736932121322,0.628897055550811
DawidCzerw,2026-07-14,early,0.3655725474784843,0.7480882881536964,0.7676877270596763,0.6271161875639523
mitrabhaa,2026-07-14,early,0.4443613774965938,0.7533546028994319,0.6831845699377017,0.6269668501112425
tetrix83,2026-07-14,early,0.3955261317037902,0.7503146649705403,0.7324853788719402,0.6261087251820903
GM_dmitrij,2026-07-14,early,0.4288577473320663,0.7089646463590642,0.7261777832805809,0.6213333923239038
Aemulus20,2026-07-14,early,0.3893359130311008,0.7433194384771558,0.7275423432420196,0.6200658982500921
Iskusnyh,2026-07-14,early,0.5260134506640491,0.6321979610071641,0.6961828984665698,0.6181314367125944
Manukyan_Artak,2026-07-14,early,0.46264358777341313,0.6843335150852811,0.6981890030666136,0.6150553686417692
Zhigalko_Sergei,2026-07-14,early,0.4893475056711529,0.7319409602014347,0.6230775131413742,0.6147886596713206
Zurability,2026-07-14,early,0.3618574499536711,0.7656162053001403,0.7160166181370937,0.6144967577969683
Turboplombir,2026-07-14,early,0.3606970306102491,0.7346630835415686,0.7457602856271395,0.613706799926319
annacramling,2026-07-14,early,0.3869837851823801,0.7259762405984194,0.7255906485386937,0.6128502247731644
carokannlover213,2026-07-14,early,0.3921435283848116,0.7301729464958712,0.7123729316958531,0.611563135525512
platy3,2026-07-14,early,0.37965905445871506,0.725194083120516,0.7268843739422924,0.6105791705071745
ckgchess,2026-07-14,early,0.3430282229803685,0.740508140737907,0.7476028881968685,0.6103797506383813
Grischuk,2026-07-14,early,0.3841141177572946,0.7011651940763725,0.7457297511485405,0.6103363543274024
ElVital,2026-07-14,early,0.3412421178840684,0.750971713439864,0.7383401903991068,0.6101846739076797
FARIZA2018,2026-07-14,early,0.410728932108494,0.7085025900963438,0.7108001783332192,0.610010566846019
GMWSO,2026-07-14,early,0.35498457816363266,0.7369002895236004,0.7292558955129296,0.6070469210667209
BillieKimbah,2026-07-14,early,0.33537787760466503,0.7418497499544133,0.7422338078312108,0.6064871451300964
elis06,2026-07-14,early,0.3583605119454506,0.7065232698877107,0.7518506631355948,0.6055781483229187
Zhuu96,2026-07-14,early,0.3197542655863012,0.7214299481443743,0.7754774471105553,0.605553886947077
GMBenjaminBok,2026-07-14,early,0.40241401506731034,0.6898179676117078,0.7229468693595978,0.6050596173462054
K_A_S_T_O_R,2026-07-14,early,0.4382912245601551,0.6638799028069697,0.7049802315727224,0.6023837863132825
Szparu,2026-07-14,early,0.42528813534465737,0.6937294757576766,0.68668831284527,0.6019019746492013
sergoy,2026-07-14,early,0.3859736603440492,0.7189498259857714,0.6984586092218699,0.6011273651838968
BogdanDeac,2026-07-14,early,0.5610177860529232,0.6079375618664128,0.6307195577681889,0.599891635229175
Gareth-Bale11,2026-07-14,early,0.3584040829050376,0.729212997716621,0.709129877180643,0.5989156526007672
NowInChess,2026-07-14,early,0.41296857250355595,0.7008545195693531,0.6817980532701494,0.5985403817810195
HansOnTwitch,2026-07-14,early,0.38791415841039556,0.6718022919757922,0.7315705109855719,0.5970956537905866
komogro,2026-07-14,early,0.3482233512999752,0.7078239556270178,0.7291803341565586,0.5950758803611839
Maus7,2026-07-14,early,0.3229151166640995,0.7219840027771629,0.7347998270713281,0.5932329821708635
ritanovikova,2026-07-14,early,0.3390697258381474,0.7236027433006801,0.715996997390549,0.5928898221764588
kaidanov,2026-07-14,early,0.3471908690057998,0.6888733904226308,0.7422374148707972,0.5927672247664093
Chera_Chola_Pandya_in2024,2026-07-14,early,0.31896266569988874,0.7121670103387909,0.7446840065968898,0.5919378942118565
chuessco,2026-07-14,early,0.3070539070175826,0.7271881663900824,0.7397087282696801,0.5913169338924484
yosephtaher,2026-07-14,early,0.32196070667675464,0.692776219448154,0.7489348317574718,0.5878905859607935
Antosha_Chekhonte,2026-07-14,early,0.34069614780104435,0.6838453099804932,0.7387118354397951,0.5877510977404442
Jumbo,2026-07-14,early,0.340378179520569,0.7068218022426085,0.714971490015361,0.5873904905928461
TiagoMangialardo,2026-07-14,early,0.3168235605220835,0.728062326505475,0.7107683467512185,0.5852180779262589
sun_chan_lee,2026-07-14,early,0.3024717697645244,0.7077257210157528,0.7383602789744198,0.5828525899182323
tomesao,2026-07-14,early,0.3855561152838514,0.7011135852474684,0.6589767138375027,0.5818821381229408
acidShazz,2026-07-14,early,0.29132209734751086,0.7476322546170187,0.7016749191428658,0.5802097570357985
God_speedmove,2026-07-14,early,0.32023150899183916,0.6831964570535702,0.7365031133659048,0.579977026470438
ljuks68,2026-07-14,early,0.3944723833766794,0.7090212113630072,0.6363293378652071,0.5799409775349645
meoluoi91,2026-07-14,early,0.3129428693120368,0.7071976261878282,0.7184188426654262,0.5795197793884305
RuslanN88,2026-07-14,early,0.3060521624746985,0.7228020465324488,0.7078448263585199,0.5788996784552224
Rud_Makarian,2026-07-14,early,0.41900693887247425,0.6539642921374501,0.6540740136021154,0.5756817482040133
igorvershinin2009,2026-07-14,early,0.307548999795379,0.7137142056119394,0.7020019968339284,0.5744217340804156
bubeliang,2026-07-14,early,0.40610125137294933,0.6562122905895854,0.6605364870857238,0.5742833430160862
Andreikka,2026-07-14,early,0.33733417985797937,0.6897895777014728,0.6949689968682238,0.5740309181425586
jcibarra,2026-07-14,early,0.3901727661153406,0.6780758237873675,0.6533717226738864,0.5738734375255315
Aguiar94,2026-07-14,early,0.31509104266893273,0.6892613734752919,0.715804740265894,0.573385718803373
Roedor,2026-07-14,early,0.35386545114045614,0.6732745963683476,0.6905799284476265,0.57257332531881
safikiet,2026-07-14,early,0.2973867499378449,0.696917328500026,0.7215610072034516,0.5719550285471074
Khromkin,2026-07-14,early,0.33099773174325314,0.685521133142103,0.6944621379814307,0.5703270009555955
Bencus12,2026-07-14,early,0.30498921180128874,0.6998487972588838,0.7014247710578967,0.5687542600393564
rhwr,2026-07-14,early,0.28944828847111553,0.6839194114262152,0.7319346987783111,0.5684341328918806
moro182,2026-07-14,early,0.35325083594319606,0.6732304577187097,0.6708972812438639,0.5657928583019233
NodariousBIG,2026-07-14,early,0.30201215955106814,0.690512195995519,0.7005485573322673,0.5643576376262849
SahibSinghKnight,2026-07-14,early,0.3459130482630531,0.6722133496611598,0.6747928358021231,0.564306411242112
LionTheLeon_06,2026-07-14,early,0.29252020680469965,0.6741670759890422,0.7260474516630712,0.5642449114856043
Germanovs_Georgijs,2026-07-14,early,0.28006394462531264,0.6952710811101477,0.7173156801067938,0.564216901947418
betta2004,2026-07-14,early,0.31147512734487415,0.7140003039276744,0.6633819485074937,0.5629524599266807
ContrVersia,2026-07-14,early,0.31087232123187347,0.6835181387001475,0.6896565162210354,0.5613489920510188
Tol_Tol,2026-07-14,early,0.30368660728166935,0.6964641149654949,0.6820000965210404,0.5607169395894015
c63_amg,2026-07-14,early,0.29702003552465595,0.6681202807911195,0.7161998712130704,0.5604467291762819
Duhless,2026-07-14,early,0.3510147875339217,0.6553811063181456,0.6733856617506987,0.5599271852009221
Cayse,2026-07-14,early,0.372412349458727,0.6589682786777504,0.64558170499171,0.5589874443760624
NikFil2013,2026-07-14,early,0.30925612224681287,0.7098333588357543,0.6558764029861627,0.5583219613562433
tptagain,2026-07-14,early,0.3268268653539619,0.6550534432803263,0.6925032639777627,0.5581278575373503
SuperAwesomeSarthak,2026-07-14,early,0.2812753659241624,0.6940603483743728,0.6980612776828672,0.5577989973271341
andrew-blr,2026-07-14,early,0.3442742733551223,0.6759183596943797,0.6489541332847624,0.5563822554447547
frederiksvane,2026-07-14,early,0.35501041587829163,0.6532858535467891,0.6598963302220173,0.556064199882366
ChristopherYoo,2026-07-14,early,0.31583824453401865,0.710459644601585,0.6394277994159994,0.5552418961838677
AlainBruxelles,2026-07-14,early,0.29177035749645247,0.696058883159259,0.6774344127634983,0.5550878844730699
Marat_Gilfanov,2026-07-14,early,0.3204110372363561,0.688533124946473,0.6541781923637683,0.5543741181821992
NiklasSchmider,2026-07-14,early,0.2862171248705867,0.6733659772165014,0.7000484248219029,0.5532105089696636
Let_it_be_1,2026-07-14,early,0.36865450469312727,0.6042291629306954,0.679856794940711,0.5509134875215113
GambitGiesbergen,2026-07-14,early,0.2862910811555276,0.6960710200060041,0.6703006484511781,0.5508875832042366
LileKoridze,2026-07-14,early,0.31342697544933573,0.6955817298208542,0.6423638115703689,0.5504575056135196
kassablanca,2026-07-14,early,0.2764349083512492,0.6547349086568002,0.7192012984837203,0.5501237051639233
Volodar_Murzin,2026-07-14,early,0.27760304798088303,0.6688263571529707,0.7007880226495832,0.5490724759278124
Ranindu2003,2026-07-14,early,0.2962354146490068,0.7141111113315199,0.6357227309722198,0.5486897523175822
AliKa2810,2026-07-14,early,0.29676722903671343,0.64141201484266,0.7069599952654442,0.5483797463816059
m_ezat,2026-07-14,early,0.35119286311233777,0.6649028819159566,0.6232269262001059,0.5464408904094668
RianKapriaga,2026-07-14,early,0.29652975916852653,0.6958591591853606,0.64497307421756,0.545787330857149
BeanScreen,2026-07-14,early,0.4823909111908908,0.6055220282586838,0.5379532964951586,0.5419554119815777
Tikhon_Popov,2026-07-14,early,0.28787063502711174,0.6751871537415371,0.6623369325986885,0.5417982404557792
miguelho67,2026-07-14,early,0.305346010654981,0.6491628439867095,0.668177963772902,0.5408956061381974
Mikhal867,2026-07-14,early,0.3223949572465888,0.7033373688269057,0.5952093103860078,0.5403138788198341
FREDERICKtheMATE,2026-07-14,early,0.30843830826619184,0.6473829103273891,0.6642491834268486,0.5400234673401432
ivandrade10,2026-07-14,early,0.44157857385569266,0.5689252175392104,0.5992550201977798,0.5365862705308942
conformalfunction,2026-07-14,early,0.29503110161115537,0.6431237974919082,0.6683977069134178,0.5355175353388271
temus_galaktionov,2026-07-14,early,0.25417089814685095,0.7134925283583108,0.6332866068534976,0.5336500111195531
EndGameDestroyer,2026-07-14,early,0.2545698632666526,0.6907705995267361,0.6538780844428834,0.5330728490787574
edgarhay012,2026-07-14,early,0.27639348658826707,0.6902683739092123,0.6297532926959998,0.5321383843978263
SharapovEvgeny,2026-07-14,early,0.305220456037911,0.6658512888149105,0.6209410005210964,0.5306709151246393
Jesper_Kjaergaard-Jensen,2026-07-14,early,0.2616793226245093,0.6684463062493317,0.6612336225097202,0.5304530837945204
Little_Skib,2026-07-14,early,0.2620056367594874,0.6903690769194696,0.6305753322041133,0.5276500152943567
Yyaroslavchess2010,2026-07-14,early,0.2973358054423661,0.6364640034619873,0.6482261508251422,0.5273419865764986
FabianoCaruana,2026-07-14,early,0.28419198492943837,0.6903166325672125,0.6070879719327181,0.527198863143123
IMRosen,2026-07-14,early,0.3521784455595327,0.621117331720242,0.6047862668759219,0.5260273480518989
ccccvhhhj,2026-07-14,early,0.2695026562355706,0.6569518379497818,0.6491434249253658,0.5251993063702395
puz2010,2026-07-14,early,0.28325862347398234,0.6444422297088768,0.6459130933955914,0.5245379821928169
Nikolakis2014,2026-07-14,early,0.2777460451319746,0.627687289278973,0.6607670972963207,0.5220668105690894
Durarbayli,2026-07-14,early,0.32726276870188864,0.60150190971844,0.6284576091653311,0.5190740958618866
laiditmang05_ducminh,2026-07-14,early,0.2797250904480235,0.6038226919657345,0.669368734805245,0.517638839073001
Harsha_Bharathakoti,2026-07-14,early,0.24091534420257094,0.6406383004020975,0.6667032469929438,0.5160856305325373
Nicki2013,2026-07-14,early,0.24686962713684232,0.6371042664582474,0.6619963398613681,0.5153234111521526
Preobrazhenska_D2011,2026-07-14,early,0.26008021296472444,0.6597064999676352,0.6253148184047662,0.5150338437790419
NelsonLinda,2026-07-14,early,0.2609649860179346,0.6520883633541302,0.6313991726886903,0.5148175073535851
AnkitGajwa,2026-07-14,early,0.2458374017086194,0.6366161425784637,0.6588664667375752,0.5137733370082195
lachesisQ,2026-07-14,early,0.3106823814958796,0.6221058986228263,0.606812706977178,0.5132003290319613
DeArron_Fox,2026-07-14,early,0.2908466649701464,0.6531185433407697,0.5952656666867453,0.5130769583325537
TimurDushatov,2026-07-14,early,0.28205146733332037,0.6254969019344273,0.6258537424512651,0.511134037239671
falzehope0,2026-07-14,early,0.2871811612429162,0.6158139254450745,0.6276023843004461,0.5101991569961456
AlmasRakhmatullaev,2026-07-14,early,0.2567364774297572,0.6415284571862166,0.6304753308509007,0.5095800884889582
forevery0ung,2026-07-14,early,0.26847366129032985,0.6529968058713973,0.6059299413531759,0.5091334695049676
viditchess,2026-07-14,early,0.23430012712484544,0.6755567351913416,0.6168016248401513,0.5088861623854462
linesman39,2026-07-14,early,0.25014917863496394,0.5914085251656365,0.6847754822126519,0.5087777286710841
GMKrikor,2026-07-14,early,0.30420005489882634,0.5918051816634083,0.6236458550641785,0.506550363875471
Zkid,2026-07-14,early,0.2575124129352778,0.633601997806788,0.6271323544805293,0.5060822550741984
Ga_R,2026-07-14,early,0.24690961859417812,0.5998816308672464,0.6663519985937557,0.5043810826850601
KatakuriDono,2026-07-14,early,0.261472426833459,0.634404576628169,0.6145769846336177,0.5034846626984152
IlanSchnaider,2026-07-14,early,0.26017208666673225,0.6046373251985075,0.6391722778651991,0.5013272299101463
TheSpiderLion,2026-07-14,early,0.2570729197256172,0.6154634787748249,0.6296218425718118,0.5007194136907512
Trojan-Knight,2026-07-14,early,0.22972103246229747,0.6367159878631973,0.6298346959193364,0.49875723874827704
annamaja,2026-07-14,early,0.2758411717364412,0.5933241453968258,0.6249097696526776,0.49802502892864825
SkibidiToiletLover94,2026-07-14,early,0.24188283136034908,0.6640276936477189,0.5878498056784442,0.49792011022883736
Alexei_Gubajdullin,2026-07-14,early,0.31451819884298204,0.5765275485252083,0.6020316687953766,0.49769247205452233
chessfatbear,2026-07-14,early,0.22570430501817462,0.6824787867574666,0.581974982601662,0.4967193581257678
pomp523,2026-07-14,early,0.23733657144352244,0.6408292120275955,0.6111754142028828,0.4964470658913336
Rakhmanov_Aleksandr,2026-07-14,early,0.2518983341081411,0.6296481175760195,0.6067098423681787,0.4960854313507797
Tolyanius,2026-07-14,early,0.2260740322848583,0.6690903633760722,0.5901642868091228,0.4951095608233511
chess94cu,2026-07-14,early,0.22372702579057188,0.6066302595209061,0.6537315385894423,0.4946962746336401
Grandelicious,2026-07-14,early,0.2726664672316334,0.59536578407478,0.6142685629607408,0.4941002714223847
EnzoFerrara,2026-07-14,early,0.24919682861573073,0.6265380602129924,0.5972742203002156,0.4910030363763129
MaLeK_Koniahli,2026-07-14,early,0.24552950513185737,0.5964729831001386,0.6251972866890051,0.48906659164033367
Aaradhya_Das-03,2026-07-14,early,0.22751439132789716,0.6189555587055919,0.6203975013093548,0.4889558171142813
Gravity_Chess,2026-07-14,early,0.2424797244968746,0.6126916858875827,0.6115788032960355,0.4889167378934976
KaterynaLagno,2026-07-14,early,0.24734540344844513,0.6241310991406417,0.5940999341580627,0.4885254789157165
Aryan_Tamadon,2026-07-14,early,0.22468356615006949,0.6531275073409375,0.5842536933612895,0.4873549222840989
Mars520,2026-07-14,early,0.24932262822601262,0.5876117890379488,0.6249590740551255,0.4872978304396956
FormerProdigy,2026-07-14,early,0.2369904898890533,0.6180568155616822,0.6057768167744717,0.48694137407506904
Rikikits,2026-07-14,early,0.24886920706082952,0.6196486683024484,0.5922391221166511,0.4869189991599763
Mikhail_Bryakin,2026-07-14,early,0.2592835166957298,0.615788508865417,0.581315250233778,0.4854624252649749
Kosak12,2026-07-14,early,0.25780127988895296,0.6100984101396443,0.5872861584356578,0.485061949488085
Grieve72,2026-07-14,early,0.24067657112726545,0.6117940945252376,0.6017858693505398,0.4847521783343476
ToivoK3,2026-07-14,early,0.24210011262288353,0.5872029496283445,0.6223670559298542,0.48389003939369407
Alex_Banzea,2026-07-14,early,0.24060026133474,0.6387161020207909,0.5720075118548127,0.48377462507011454
EugeneFurman,2026-07-14,early,0.2927372809241334,0.6338689784886079,0.5202825123205994,0.4822962572444469
ValiantCeleb,2026-07-14,early,0.2608224899533836,0.5914590298428397,0.5916079498259261,0.48129648987404977
Revan_2002,2026-07-14,early,0.22860240394558862,0.6246140242121623,0.5884935416655196,0.4805699899410902
yashcore,2026-07-14,early,0.2417385476177203,0.6201969371387683,0.5774058033776968,0.4797804293780618
Laurin_2009,2026-07-14,early,0.20488538205232418,0.6769557355363317,0.5550936349805353,0.4789782508563971
gakashchess,2026-07-14,early,0.2363900208529707,0.56680249242777,0.6315828264121527,0.47825844656429783
kanzaww,2026-07-14,early,0.2243786300821747,0.6502031011917364,0.5599699516532417,0.478183894309051
Djager97,2026-07-14,early,0.22617230684220435,0.6150820700682316,0.5885086697944967,0.47658768223497755
Payyappat,2026-07-14,early,0.2236836378808071,0.6579215523679222,0.5465295553349144,0.4760449151945479
crazy_but_lazy,2026-07-14,early,0.24722232126651664,0.6264107741805331,0.5525937618944989,0.4754089524471829
aa175,2026-07-14,early,0.26940458153417385,0.5855935306897012,0.570739639628838,0.47524591728423765
ChesswithAkeem,2026-07-14,early,0.2093316752488018,0.5878443439651316,0.626379994345838,0.4745186711865905
B_Griffin,2026-07-14,early,0.23260448183415633,0.6210809904602658,0.5691162468001753,0.4742672396981991
dey2580,2026-07-14,early,0.2103358285447179,0.5884761639893985,0.623252237766003,0.4740214101000398
mestrefeitosa19,2026-07-14,early,0.22540591655848485,0.6005067254097297,0.5934474946615435,0.47312004554325265
NikoTheodorou,2026-07-14,early,0.24684878244919953,0.5804432697842168,0.5897841500285782,0.4723587340873315
Bacus79,2026-07-14,early,0.24396177622187923,0.6073212966041776,0.5649717412793877,0.4720849380351481
sleeping_in_the_fire,2026-07-14,early,0.22509541950851644,0.6267205968286734,0.5582825345601666,0.47003285029911884
jannurchess,2026-07-14,early,0.2950959035674183,0.5697479459033787,0.54383111538966,0.4695583216201524
KogotBobra17,2026-07-14,early,0.22315975804766672,0.5978584730204634,0.587469401748118,0.46949587760541606
Andrei_Skvortsov,2026-07-14,early,0.22333740244690017,0.6066415510076476,0.5762790775673415,0.46875267700729645
youngKID,2026-07-14,early,0.22446615172484607,0.5958911228049926,0.5839995346503578,0.46811893639339885
LiamPutnam2008,2026-07-14,early,0.2752753425213093,0.5796625027064072,0.5492060318249036,0.4680479590175401
GameOverBro,2026-07-14,early,0.2510224122092032,0.5867561446857025,0.5663438991792791,0.4680408186913949
NexoKnight11,2026-07-14,early,0.20951279037018064,0.5926466484677357,0.5946069358557775,0.4655887915645646
MikeWizard,2026-07-14,early,0.2047280661244972,0.6335381537935459,0.5521367613062673,0.46346766040810355
EseVeisi,2026-07-14,early,0.22679557050992555,0.5975155835503166,0.5660069731565451,0.46343937573892907
Arseniy_Nesterov,2026-07-14,early,0.2026678917409464,0.5654959353207484,0.6182815220479089,0.4621484497032012
gmsolver,2026-07-14,early,0.22012245549367143,0.5555691903851182,0.6089994945975987,0.4615637134921295
baki83,2026-07-14,early,0.2717132326536043,0.5360533920757766,0.5768447228048518,0.46153711584474416
lucena125,2026-07-14,early,0.21425395391317978,0.5956562370677452,0.5744220320044577,0.4614440743284609
Angry_Twin,2026-07-14,early,0.21124264111582086,0.5996485820199622,0.5729991300753352,0.4612967844037061
Tagir45,2026-07-14,early,0.20825071039179183,0.5591233947888081,0.6157949608346501,0.46105635533841677
Emon005,2026-07-14,early,0.23608085341866317,0.5441212774338092,0.5988235421102877,0.45967522432092006
Sina-Movahed,2026-07-14,early,0.20300876778219276,0.6384830012876197,0.5269584419082571,0.4561500703260232
Ruchess27,2026-07-14,early,0.20070934157233275,0.6043423823580008,0.5612581477306461,0.4554366238869932
colincreeveydennic,2026-07-14,early,0.19164546406076227,0.6119956771506183,0.5621469087771868,0.4552626833295224
astralpulse,2026-07-14,early,0.19574982955705406,0.630360367026708,0.5364915654286065,0.45420058733745616
lilleper1,2026-07-14,early,0.2391976263984398,0.5237796179795965,0.5993288221918736,0.4541020221899699
Tugaychess,2026-07-14,early,0.23425628603249748,0.6026592600128926,0.5225295950944261,0.45314838037993876
Alenzer,2026-07-14,early,0.21429863862640636,0.6060710615283489,0.5335806990152703,0.4513167997233418
Cherneevo_23,2026-07-14,early,0.20464400139696695,0.6008961473850374,0.5476289617605709,0.45105637018085837
Sokoloco,2026-07-14,early,0.21305815808345008,0.6271798715516518,0.5115904449606027,0.4506094915319015
A-Fier,2026-07-14,early,0.20838592636741574,0.5625597407857691,0.5799008000326119,0.4502821557285989
Gadhavi_Veerbhadrasinh,2026-07-14,early,0.21249484235664848,0.5841748241123759,0.5528449444431462,0.44983820363739024
atbenina64,2026-07-14,early,0.2360566098199035,0.5847315432490063,0.5270736504794159,0.4492872678494419
ukchessbomber,2026-07-14,early,0.20729966057227406,0.5928149657578707,0.5432262694765603,0.44778029860223506
Sanan_Sjugirov,2026-07-14,early,0.2754626957801135,0.4953714690834266,0.5677999917129559,0.4462113855254987
futurechamp1907,2026-07-14,early,0.2669647495408225,0.5692139134183877,0.50117225362884,0.4457836388626834
MagnusCarlsen,2026-07-14,early,0.2916123255554679,0.503692237450546,0.5390232220551188,0.4447759283537109
Sek_Konstantin,2026-07-14,early,0.18823366477695674,0.5904859657647893,0.5546259710047241,0.4444485338488234
JaroslavSobek,2026-07-14,early,0.21343831058415574,0.5356327459666064,0.5828794552161838,0.4439835039223153
Cryptic_Warrior,2026-07-14,early,0.19467063680654284,0.5919335142069504,0.5443382224607745,0.44364745782475595
ElimChessKG,2026-07-14,early,0.2010638709243765,0.5769825023023508,0.5506913530973089,0.44291257544134544
blitzking1729,2026-07-14,early,0.2232889248549931,0.5793481445635027,0.5257762233945248,0.4428044309376735
rollercoaster29,2026-07-14,early,0.18509489775946125,0.5787269993681718,0.5637186147105182,0.44251350394605043
Slawomir_Kurpiewski,2026-07-14,early,0.1984255117649283,0.624941284222063,0.5015615792851279,0.44164279175737303
Tea99,2026-07-14,early,0.18615529235982167,0.6073117123087637,0.5276198622433211,0.4403622889706355
LoruF,2026-07-14,early,0.20047735574854178,0.557416364164379,0.5613347190132061,0.4397428129753756
Recombinant,2026-07-14,early,0.20525633350242953,0.602968569749695,0.5092227430815676,0.43914921544456403
LIUSIA,2026-07-14,early,0.2626875417736428,0.578109081426678,0.47496309757300154,0.4385865735911074
CSB7,2026-07-14,early,0.29436446424779605,0.5007056712971315,0.5190277117057647,0.4380326157502307
Dixit_Nikhil,2026-07-14,early,0.21045493554949218,0.5516915519216689,0.5515270525227465,0.43789117999796917
Nbk90,2026-07-14,early,0.23358488616398587,0.5263548530340978,0.5535462656983176,0.4378286682988004
AryanTari,2026-07-14,early,0.2206498277876183,0.5301801030712862,0.5578413586017188,0.4362237631535411
Alexander_Donchenko,2026-07-14,early,0.2213874387911731,0.5408983085811607,0.5343896312436488,0.43222512620532755
xasid81,2026-07-14,early,0.18780853398514805,0.5482091014984568,0.5603775350450579,0.43213172350955426
albadelomass,2026-07-14,early,0.1825290833166203,0.5405876360402578,0.5729527355713624,0.43202315164274685
hansen,2026-07-14,early,0.20556159785839595,0.5613432671986041,0.5285778742194064,0.4318275797588022
HVillagra,2026-07-14,early,0.2333531726337543,0.4859792067259096,0.5758316327107232,0.4317213373567957
rcmz,2026-07-14,early,0.19027505056732258,0.5677567979424024,0.5367733855737876,0.43160174469450424
LeoWin2012,2026-07-14,early,0.1918719829031654,0.5740219143901314,0.5279700943805945,0.43128799722463046
gaidym72,2026-07-14,early,0.1842773769736164,0.6216030370094544,0.48785080870853653,0.43124374089720247
Konavets,2026-07-14,early,0.18149795343671807,0.5844963149876736,0.5273342444653751,0.43110950429658895
Chernov_Mikhail,2026-07-14,early,0.18370588266942647,0.5856983408309816,0.5237542716902263,0.4310528317302114
Aisen1011,2026-07-14,early,0.1869745131626659,0.5810203924434585,0.5245358282762709,0.4308435779607984
Aspirant-Bitume,2026-07-14,early,0.2758354909606526,0.48981309030641007,0.5262606022434495,0.43063639450350405
ValentunHulka,2026-07-14,early,0.19415159085343314,0.5339395563382906,0.5637823443573794,0.43062449718303436
snehahalder2009,2026-07-14,early,0.20665625720167588,0.5719324563904437,0.5128384761253884,0.430475729905836
Ferreret64,2026-07-14,early,0.18960906316811177,0.5496202591343665,0.5508591921258881,0.4300295048094555
Alechess1351,2026-07-14,early,0.21041615279765044,0.569123069053417,0.510383670800637,0.4299742975505681
ArtemyKhan,2026-07-14,early,0.18830080353374506,0.5863406204304155,0.5145263791570173,0.42972260104039267
verrbaa,2026-07-14,early,0.1937622950268452,0.5549277471823313,0.5400967542251821,0.4295955988114528
JanistanTV,2026-07-14,early,0.18973811524259762,0.5902920432155312,0.506681475789292,0.4289038780824736
chess_blitz00,2026-07-14,early,0.1759072417900747,0.6340169599008437,0.47652064830806734,0.4288149499996619
WMirBV,2026-07-14,early,0.18352904456365407,0.5841973821573628,0.5175948329468095,0.4284404198892755
chess_09L,2026-07-14,early,0.19053830428803625,0.5682519528375161,0.526328534926205,0.4283729306839191
kingofthenil,2026-07-14,early,0.20351770783544698,0.557772315235494,0.5237258949338687,0.4283386393349365
TheRabbit19,2026-07-14,early,0.17370714495387998,0.5451341521315343,0.5624531802118042,0.42709815909907284
Kobalia,2026-07-14,early,0.18060362020783055,0.6018736833199546,0.498399924976699,0.4269590761681614
MostafaSakha,2026-07-14,early,0.20910021393436493,0.5619690506724937,0.5064545704642185,0.42584127835702573
LevonAronian,2026-07-14,early,0.18363341328372412,0.6062707863759013,0.48561610793129667,0.4251734358636407
RogerioMuller,2026-07-14,early,0.3259183846799261,0.4572312342646201,0.49139865363751545,0.42484942419402055
DonkyDonkyDonkey,2026-07-14,early,0.1876067325347351,0.5845274008971475,0.5019982148737069,0.42471078276852986
Nitzan_Steinberg,2026-07-14,early,0.20247424380757503,0.5672797984178678,0.5029327662664845,0.4242289361639758
dosto07,2026-07-14,early,0.3843329170743538,0.4813259065235609,0.40677282730181735,0.424143883633244
Battery_chess,2026-07-14,early,0.2546250360179224,0.5205518511725694,0.496560793995857,0.4239125603954496
yavrukurt40,2026-07-14,early,0.19154651696605596,0.5474538822428997,0.5316229163458402,0.423541105184932
Zuko07,2026-07-14,early,0.21995337224843786,0.5093883662499301,0.5366534374946496,0.4219983919976726
Johajedrezz,2026-07-14,early,0.22513195459052301,0.5070037726167902,0.5309155112562431,0.4210170794878521
checkmatequen,2026-07-14,early,0.2009353069328875,0.5556945096382524,0.5046876956885017,0.42043917075321385
Mikasinski,2026-07-14,early,0.20031388869609695,0.5338955597787457,0.5270459318389162,0.42041846010458633
Lucasnzbr10,2026-07-14,early,0.2122192286149932,0.5283777720625976,0.5179166298815799,0.4195045435197236
Shiraaaaazi,2026-07-14,early,0.18534992846211823,0.5455233773759388,0.5268753962475415,0.41924956736186614
Yushko_Olga,2026-07-14,early,0.1748706607469859,0.5233587342557005,0.5588579829425615,0.4190291259817493
cabezauro,2026-07-14,early,0.17403244739415294,0.5651676423470229,0.5155670178115498,0.4182557025175752
DanylaBagrov,2026-07-14,early,0.19866730011881104,0.5249888112464995,0.5310368755788217,0.4182309956480441
KnightDuta,2026-07-14,early,0.16874166327496568,0.5681056103946485,0.5171434694999348,0.41799691438984965
DarkAlekhine,2026-07-14,early,0.17573691466211383,0.532278054955094,0.5454554964747332,0.4178234886973137
Alex_Sahakyan2006,2026-07-14,early,0.1853551798539033,0.5465869914654908,0.5188407697588278,0.41692764702607393
LSChess,2026-07-14,early,0.3208051512509637,0.4806988918097936,0.44927438935863057,0.41692614413979595
SuanQuek,2026-07-14,early,0.19785251086555267,0.533430876318039,0.5183216120862683,0.41653499975661995
adotand,2026-07-14,early,0.17485704832479193,0.5755190346905253,0.4976088705382607,0.41599498451785927
vgjxtyi,2026-07-14,early,0.2321449460522859,0.4682237957023605,0.5452926969645678,0.4152204795730714
mw86,2026-07-14,early,0.1861370383392755,0.5927447206076744,0.4665292254817818,0.41513699480957716
BlankaEjs,2026-07-14,early,0.17524526516861605,0.5831540613850661,0.48652069497389905,0.4149733405091937
BashirliSaadat,2026-07-14,early,0.2024996207773889,0.5292376262567247,0.5116799021327725,0.41447238305562867
HrvojeZagreb,2026-07-14,early,0.18470360545010014,0.4977254973764196,0.5597070996666496,0.4140454008310564
Legendinunknown,2026-07-14,early,0.17869605283420156,0.5718314382007114,0.48956553469876285,0.41336434191122523
faryma91,2026-07-14,early,0.22992116076796765,0.4637638491735444,0.5461885840601682,0.4132911980005601
KononenkoD,2026-07-14,early,0.24213308094490932,0.46230881144136227,0.5352233665173477,0.41322175296787317
Pizzalover2502,2026-07-14,early,0.1638107621690171,0.5218929702048068,0.5538494543108068,0.41318439556154357
Vaathi_Coming,2026-07-14,early,0.2138942187601396,0.49796950263333345,0.5265941872728608,0.41281930288877794
banane_verte,2026-07-14,early,0.19024842391218105,0.5152728911265028,0.5324996542689376,0.4126736564358738
BrockLesnar16,2026-07-14,early,0.2292441529445242,0.4621096956444468,0.5461885840601682,0.4125141442163797
knightrider1357,2026-07-14,early,0.2302208574818967,0.45628852543799675,0.5506452800224677,0.4123848876474537
rotimilapite,2026-07-14,early,0.22845873908177983,0.4494687603540773,0.5557910891765196,0.4112395295374589
atomicmate123,2026-07-14,early,0.18042951351410721,0.5559212545615376,0.4954263601582332,0.41059237607795934
Arman_Hakemi,2026-07-14,early,0.18272237114621803,0.5226718598628644,0.5259852891611978,0.41045984005676006
seccafim,2026-07-14,early,0.2112909800844421,0.4792718205498712,0.5383196622700174,0.4096274876347769
ThePersianCreed,2026-07-14,early,0.22866883745442035,0.46862634633218275,0.5315556529919658,0.4096169455928563
korkmaz16,2026-07-14,early,0.177284223124608,0.5386748700517505,0.5124932448926697,0.40948411268967605
NMChessToImpress,2026-07-14,early,0.1694106513681557,0.5602062261960347,0.49836286473048735,0.40932658076489253
LeoAlonso,2026-07-14,early,0.19462361265187583,0.5615929336328371,0.46999643501938143,0.40873766043469817
zhoh_off,2026-07-14,early,0.19377931544058444,0.5300512027041719,0.50201526858171,0.40861526224215544
ArtemDyachuk,2026-07-14,early,0.19135928201155553,0.5534127433831348,0.47926422241377764,0.4080120826028226
Bardiya06,2026-07-14,early,0.21053705877697662,0.48241887851531157,0.5301247766527986,0.4076935713150289
ChessLover0108,2026-07-14,early,0.1861371593136115,0.5187745272387062,0.5168773120530455,0.40726299953512113
NiviAttack,2026-07-14,early,0.19712157676021289,0.5507675465224096,0.4736953519899567,0.4071948250908597
Baratheont,2026-07-14,early,0.20364619940272194,0.5327276197964526,0.48324830598998436,0.4065407083963863
IchbinBerliner2012,2026-07-14,early,0.15772222144002918,0.5927555224107726,0.46747231423112345,0.40598335269397506
Stephenzinho,2026-07-14,early,0.1827202422432686,0.5195613649713702,0.5126796606075587,0.40498708927406585
Sankalp_Gupta2003,2026-07-14,early,0.1877688795919152,0.4904346751481478,0.5360561894537008,0.4047532480645879
Asalimova,2026-07-14,early,0.1631063903038071,0.5774060343308993,0.47236624735054616,0.4042928906617509
LL220284LL,2026-07-14,early,0.16553596697499914,0.5608331689942764,0.48601326899710384,0.4041274683221265
Silent-Killer100,2026-07-14,early,0.15464010255146174,0.5790125197830537,0.47646536067651385,0.40337266100367647
XDPS,2026-07-14,early,0.17066655766925637,0.5446663733511601,0.49469873430717715,0.40334388844253116
VMalhotra14,2026-07-14,early,0.15684254415914464,0.4962066455679431,0.5567019961176554,0.40325039528158096
samdanov,2026-07-14,early,0.182243658297546,0.5639027255444615,0.46341170541497484,0.4031860297523275
ant_chess_2019,2026-07-14,early,0.17904905392636328,0.5238437442161009,0.5048463016239113,0.40257969992212517
Mwhdi3000,2026-07-14,early,0.1580455266158118,0.530129748114595,0.5187730945589736,0.4023161230964602
Tactican_228,2026-07-14,early,0.17371385167736555,0.5101106726111563,0.521587376363755,0.40180396688409226
Icaro_83,2026-07-14,early,0.1971645490911303,0.5064253332998874,0.5015506405404682,0.40171350764382857
Anton_Demchenko,2026-07-14,early,0.21054054162261918,0.5301384257424793,0.4641989047735946,0.40162595737956436
Papas_con_nuggets,2026-07-14,early,0.24370114511027893,0.45863215664596546,0.5006671298572867,0.401000143871177
Wotgenie,2026-07-14,early,0.17911076977584142,0.5415418123774319,0.4816885052056389,0.4007803624529707
salgadoLO,2026-07-14,early,0.19478322607375984,0.4956445267501093,0.511432397979512,0.40062005026779374
ilqar_74,2026-07-14,early,0.18997882279603154,0.47729732799497965,0.5303857946267022,0.39922064847257116
LeRoidesChampions,2026-07-14,early,0.15735532687084208,0.5904528408511998,0.4476554501472505,0.3984878726230974
chessmatist53,2026-07-14,early,0.17915416561604156,0.5281319036527624,0.48800256377119217,0.3984295443466654
screwdriver2009,2026-07-14,early,0.19571544812484845,0.4931602700686085,0.5044763581709248,0.39778402545479397
volanchikchess,2026-07-14,early,0.19598809825881802,0.5122989634576204,0.4843259974110164,0.39753768637581827
Janh4,2026-07-14,early,0.1742122917671937,0.5442305456578709,0.47399370864168233,0.3974788486889156
ChessFighter_2011,2026-07-14,early,0.23527160325005686,0.43829339239496456,0.5172561366931013,0.39694037744604094
Patricius007,2026-07-14,early,0.1677523606035263,0.5083470817940444,0.5134052413374615,0.3965015612450107
Achuvettan,2026-07-14,early,0.22578790648945138,0.42402930219504736,0.535456809460765,0.39509133938175456
Larina_Maria,2026-07-14,early,0.17488881417763819,0.5215878855433119,0.4879478259461183,0.3948081752223562
Queensandpawns,2026-07-14,early,0.15882187790168623,0.5529330610664733,0.4719037485745018,0.39455289584755376
Miguel-LA,2026-07-14,early,0.15539979960987363,0.524090791136049,0.5027179641710926,0.3940695183056717
VedantVarasada,2026-07-14,early,0.17190009318508642,0.505809339638082,0.5029448272109649,0.3935514200113777
somewhatunpredictable,2026-07-14,early,0.19404077375352388,0.4913352416254243,0.49464177190480546,0.3933392624279179
Micki-taryan,2026-07-14,early,0.2258022043443122,0.4904568798906392,0.46274872720976373,0.39300260381490504
Pinkpawn2023,2026-07-14,early,0.24844060072502494,0.42654122972529473,0.5040170937413864,0.39299964139723537
Kacparov,2026-07-14,early,0.1793636751356964,0.5114561003970407,0.48714683046450924,0.39265553533241543
Firouzja2003,2026-07-14,early,0.18978177438791535,0.5192108241727327,0.4686297360734432,0.39254077821136374
GAO,2026-07-14,early,0.17706928099337427,0.5248201064507909,0.4744293153124548,0.39210623425220664
PaBr21,2026-07-14,early,0.22294348483316923,0.41726093750746873,0.5349469863915367,0.3917171362440583
diamonds13,2026-07-14,early,0.1666784910180196,0.5266359894542764,0.480331380768107,0.39121528708013437
ChessQueen,2026-07-14,early,0.20574251849232153,0.4981458105985878,0.4695803220648223,0.39115621705191056
wesalmoshtael,2026-07-14,early,0.18079118409244332,0.5000205500431326,0.49241512075627425,0.39107561829728343
Patron_del_Mal,2026-07-14,early,0.20730490362810666,0.4305769246996434,0.5351633446684118,0.3910150576653873
Gray_3024,2026-07-14,early,0.1631859367800808,0.5274361502173461,0.4822459384151717,0.39095600847086615
physisian_chess,2026-07-14,early,0.19625441807346078,0.47551043237480745,0.5002922282196852,0.39068569288931787
MercilessVictory,2026-07-14,early,0.2101130620775286,0.4451672606567506,0.5164039455636094,0.39056142276596284
Lennis93,2026-07-14,early,0.1881172611154903,0.4742818253218292,0.5069340200168628,0.3897777021513941
Tim1234321,2026-07-14,early,0.1971344990629257,0.4851543789904307,0.485938335456952,0.3894090711701028
BroderickBauml,2026-07-14,early,0.16921163988031251,0.5069666001853345,0.4896624264089025,0.3886135554915165
FROGGY64,2026-07-14,early,0.2184511009196991,0.40292515844994986,0.5440642702892152,0.3884801765529547
M_Pank_537,2026-07-14,early,0.21414354904569705,0.4610864373996423,0.48886501497062407,0.3880316671386545
Professor_FM,2026-07-14,early,0.149982662731332,0.5553948360801989,0.45763222054608227,0.38766990645253774
Indianlad,2026-07-14,early,0.2060644809957088,0.48750422640307134,0.4688722850275689,0.387480330808783
FMVolodymyrSakun,2026-07-14,early,0.16560807554376566,0.49338221037287766,0.503369952990784,0.38745341296914243
Smexov,2026-07-14,early,0.21969091510665753,0.40454812776250937,0.5380089726822156,0.3874160051837941
B_nn_t,2026-07-14,early,0.14809242689790197,0.5569766105910688,0.45627168953447855,0.38711357567448307
Escudito,2026-07-14,early,0.17152535444182876,0.44202357290476385,0.5465305405069132,0.3866931559511686
goozack,2026-07-14,early,0.2063508857765574,0.4335955238957349,0.5199776209241184,0.3866413435321369
Casper,2026-07-14,early,0.1992013143575175,0.45746048173901527,0.5025067023607385,0.38638949948575707
JOHNCENATHEGOAT1,2026-07-14,early,0.18757452617141362,0.460014460287247,0.5113350560891962,0.3863080141826189
StarlightFade,2026-07-14,early,0.324499797744157,0.40737774830602214,0.42591793376663195,0.3859318266056037
GeneralZod,2026-07-14,early,0.20317896551355516,0.4376530397484524,0.5163812660017618,0.38573775708792307
borasavran35,2026-07-14,early,0.181261405879994,0.49982016008527874,0.4756916158129673,0.38559106059274667
mywarrior500,2026-07-14,early,0.16827938284566216,0.5407906946286749,0.4476896592270456,0.3855865789004609
olksuna,2026-07-14,early,0.17045223111868069,0.4472386012462701,0.535354933036608,0.3843485884671862
mokerslag,2026-07-14,early,0.15884849928914999,0.5168449711661457,0.477103547586381,0.3842656726805589
DNPascual,2026-07-14,early,0.20312606175955109,0.42916139429551864,0.5190623449044525,0.3837832669865074
InfiniteFlo,2026-07-14,early,0.17572065428003528,0.5144879463461829,0.45937782615057665,0.3831954755922649
chesshippopotamus15,2026-07-14,early,0.21639836133993223,0.3944248822643527,0.5374942266174035,0.3827724900738961
Fjal,2026-07-14,early,0.1608817506000886,0.51867634484538,0.46373272416247396,0.3810969398693142
TILAHUN-ABEL-MATHEWOS,2026-07-14,early,0.2069048609067387,0.39472846071042905,0.5399763474342929,0.38053655635048694
saumya402,2026-07-14,early,0.21088364419664854,0.40442939837735115,0.526152060100009,0.38048836755800286
LionKing2367890,2026-07-14,early,0.17291377174639766,0.47883842500742074,0.48744301969809717,0.3797317388173052
Turquoise_2701,2026-07-14,early,0.15971273033158184,0.46864922145508026,0.5104597175710116,0.3796072231192246
Abund,2026-07-14,early,0.17375778425661195,0.5361061278295224,0.42826786939174283,0.3793772604926257
GMR7525,2026-07-14,early,0.16023548997021286,0.48801607822771254,0.48737674984632634,0.37854277268141723
Larchikov,2026-07-14,early,0.18645381079859358,0.43297959308876516,0.5123602268071895,0.3772645435648494
Aka_Regulus,2026-07-14,early,0.20290377785099417,0.3891661390699787,0.5357284280875172,0.3759327816694967
kaanozcan006,2026-07-14,early,0.16125347369272947,0.47874412267865546,0.4872773082557942,0.37575830154239304
khaled_seyam_2012,2026-07-14,early,0.1868797248158701,0.4402491957973188,0.4998499504657342,0.37565962369297434
waly48ks,2026-07-14,early,0.20966562378559955,0.41644970391553526,0.5002521316822894,0.3754558197944748
Gen-Gutman,2026-07-14,early,0.14824656125855445,0.4878666033186164,0.48999419373768277,0.3753691194382846
MaurinM,2026-07-14,early,0.1518071238494488,0.5424974428612254,0.43078423800612275,0.37502960157226567
jaskol95,2026-07-14,early,0.19121773739823256,0.5148070107662815,0.4176949857649707,0.3745732446431616
GMSrinath,2026-07-14,early,0.1772727535841266,0.48548755076047484,0.45939582109396115,0.3740520418128542
dimoointheworld,2026-07-14,early,0.17224597575653514,0.46168506364907574,0.48591648245865005,0.373282507288087
MatyChess1,2026-07-14,early,0.19779268893195842,0.4396849359886809,0.4804532730523687,0.37264363265766937
Rebequeen08,2026-07-14,early,0.18877352974942085,0.468681804476537,0.4604333853779405,0.37262957320129947
chessdragon7161,2026-07-14,early,0.1395941081011412,0.5677323770142668,0.4076610989096099,0.37166252800833927
CCGoodKnightRookie,2026-07-14,early,0.14045596659122517,0.5206475498280987,0.4508733730715831,0.37065896316363567
User234564,2026-07-14,early,0.14593885326680933,0.5151807176482576,0.45008005658345984,0.37039987583284223
ChessMarkoD,2026-07-14,early,0.22522990316472685,0.40316457926156796,0.4815461522081609,0.3699802115448185
Robin_cool,2026-07-14,early,0.13056230595707677,0.5329264029302723,0.4457689738785466,0.3697525609219652
BILLYS2010,2026-07-14,early,0.16957226009827747,0.4599323177257226,0.4795045774455165,0.36966971842317214
just_bahodirovv,2026-07-14,early,0.20294017151019528,0.3753058783556581,0.5300537401686696,0.36943326334484095
samaksh_ashok,2026-07-14,early,0.1973227646480491,0.4223894966208037,0.48810400704304796,0.3692720894373003
JaiSankarS,2026-07-14,early,0.15211558870585665,0.4735584878515962,0.4811379485286435,0.36893734169536546
tsaruk_maks,2026-07-14,early,0.13366350022747553,0.5308372819873964,0.44148301660136113,0.3686612662720777
chess13524678,2026-07-14,early,0.1547735021005892,0.4954294910268297,0.4552628426924947,0.36848861193997123
santig8,2026-07-14,early,0.15162833870360973,0.49567782256344556,0.45583041191005863,0.36771219105903796
EsmeraldasAnderson03,2026-07-14,early,0.1700110640646226,0.4781199823493992,0.45492554438832544,0.36768553026744905
Kashthuri3,2026-07-14,early,0.1830629821540151,0.42308533326907327,0.4964660347453722,0.36753811672282016
thecatdoglady,2026-07-14,early,0.14762299572804652,0.44888619638832555,0.5008016040510765,0.36577026538914953
TioCridineno,2026-07-14,early,0.14530771793372407,0.5138976685646265,0.4367006266882786,0.36530200439554306
Shahzodbek_2010,2026-07-14,early,0.20599335663602306,0.417852673069231,0.47197682732974205,0.36527428567833203
chessifizer,2026-07-14,early,0.1685810604850299,0.4586178971817259,0.46828363712679666,0.36516086493118416
NMJeevanK,2026-07-14,early,0.16313969805075582,0.4182736777714594,0.5122866233133027,0.36456666637850593
iwanyu,2026-07-14,early,0.1663095140824295,0.4875806458977395,0.4393018679773042,0.3643973426524911
stolencandy13,2026-07-14,early,0.14281549157986434,0.5183288533126471,0.43203237131439676,0.36439223873563603
chessdevotee26,2026-07-14,early,0.13791473066014742,0.4980050410412945,0.45707675783549234,0.3643321765123115
VacheH009,2026-07-14,early,0.13878261154493413,0.5257252290139335,0.428427293036776,0.3643117111985479
Katheringomezarias,2026-07-14,early,0.19767835568837194,0.42721280811161766,0.46772422872568825,0.3642051308418926
Mr-Uteligger,2026-07-14,early,0.153541683985722,0.4172835348698565,0.5208426413866858,0.36388928674742144
DenizDirikolu09,2026-07-14,early,0.15366750336101748,0.4680818958908312,0.4691895727321155,0.36364632399465474
wunderkind2011,2026-07-14,early,0.1375720084869768,0.48457456628500756,0.45845976900389807,0.3602021145919608
MrLion3000,2026-07-14,early,0.12094734747304768,0.5118923893534713,0.4470786989849324,0.3599728119371504
Seal_Island_Puffin,2026-07-14,early,0.1401117475004217,0.4676751083204448,0.47136538097030206,0.35971741226372284
fan_of_chess1908,2026-07-14,early,0.16878457910275033,0.43812204395316834,0.4708459949473204,0.35925087266774636
eljanov,2026-07-14,early,0.13621591680854087,0.5050531073006835,0.435372892438369,0.3588806388491978
MikaKarttunen,2026-07-14,early,0.175975036753572,0.4051105940031765,0.4899921247980296,0.3570259185182594
annasargsyan_m,2026-07-14,early,0.14178750389054037,0.4697330493897922,0.4580135789693838,0.3565113774165722
superjem123,2026-07-14,early,0.15177631911122122,0.4563839136794228,0.4590571313607825,0.35573912138380887
quantisium,2026-07-14,early,0.1769094608324899,0.40476258242084334,0.4839243271802468,0.35519879014452665
Annawel,2026-07-14,early,0.19407182807202356,0.4264497686714676,0.4449815076722736,0.3551677014719216
Kapetan4,2026-07-14,early,0.18203551983996466,0.37442011007143194,0.5077235828125801,0.3547264042413256
Iball95,2026-07-14,early,0.1801736427158521,0.4348189373211504,0.44472119481694583,0.3532379249513162
AndriiDiachek,2026-07-14,early,0.14958105319711168,0.4392247090033917,0.4674718239151165,0.35209252870520663
Nagireocanon,2026-07-14,early,0.17416915323949347,0.3884613179734628,0.4933398575568383,0.35199010958993154
Guillaumeg63,2026-07-14,early,0.11760926500888251,0.4560867849264478,0.48207417407576253,0.35192340800369765
Kapibara_Warri0r,2026-07-14,early,0.1324997521165825,0.4918860137495833,0.4303394944160054,0.35157508676072374
Devil_Sun,2026-07-14,early,0.12421740588080732,0.47449130338009954,0.4554724148614352,0.3513937080407807
LionDinamic,2026-07-14,early,0.13977768460267556,0.45248339473815596,0.45995881290057056,0.35073996408046737
MiguelCifuente,2026-07-14,early,0.1879981000901456,0.3532192636145675,0.5102934641331283,0.3505036092792804
Cocosiukas,2026-07-14,early,0.1698795976851926,0.40571750231634307,0.4752794831488454,0.3502921943834603
Zampronha1971,2026-07-14,early,0.13524172435749268,0.4215382407007268,0.4931183426559819,0.3499661025714005
Hephaestus_11,2026-07-14,early,0.14665247984323515,0.440739924072486,0.46165568657908357,0.3496826968316016
BestestBP,2026-07-14,early,0.12961312796770197,0.4755255729214444,0.44183093346498464,0.34898987811804366
HighChessFM,2026-07-14,early,0.19551579194126809,0.3770848353444519,0.473955750164738,0.34885212581681935
BardArtem,2026-07-14,early,0.13092123838389297,0.519059200220892,0.3961260535077613,0.3487021640375154
twitchTriniCupid,2026-07-14,early,0.1328119842202451,0.4929413341985261,0.4200255243052367,0.34859294757466924
Jakhongir-Vakhidov,2026-07-14,early,0.13824317164603064,0.4458763979822697,0.4603664739407119,0.34816201452300405
Gianmarco_es,2026-07-14,early,0.12700713617332646,0.4678276951276274,0.44831392061934233,0.34771625064009876
subham777,2026-07-14,early,0.1609736037092675,0.45936928683055595,0.4224605915354567,0.34760116069176
PolishForce3000,2026-07-14,early,0.11497128311121163,0.49971267407087544,0.4269110072024015,0.3471983214614962
jcmesafischer,2026-07-14,early,0.144990746095117,0.4743101719939209,0.41970143239925833,0.34633411682943205
wanyaland,2026-07-14,early,0.1412070273539982,0.4772217937927969,0.42005674140471194,0.34616185418383566
michobr,2026-07-14,early,0.16832603461378629,0.37300591071999417,0.4968045425008954,0.346045495944892
LevKotelva,2026-07-14,early,0.16515641689745378,0.3972579567706989,0.47532319124985706,0.3459125216393366
Lady_Nika,2026-07-14,early,0.16141323372262142,0.4631899175811829,0.4124107555151219,0.3456713022729754
sokidze,2026-07-14,early,0.17013327869166878,0.4377461377461708,0.4267989960534627,0.3448928041637675
ZachHKL,2026-07-14,early,0.11956272546260915,0.49794911224440247,0.4171623063173161,0.34489138134144265
OhanyanEminChess,2026-07-14,early,0.14505428782135055,0.46535205593594064,0.4226023664739356,0.3443362367437423
GOGIEFF,2026-07-14,early,0.15682769097277735,0.4195218612048675,0.45655033123270733,0.34429996113678407
masruri_rahman,2026-07-14,early,0.13427859257803793,0.44409717257509235,0.4525605458425926,0.34364543699857425
Chessbard1972,2026-07-14,early,0.1437020013615918,0.4476841206223974,0.4389317754375353,0.3434392991405082
Eagle_2019,2026-07-14,early,0.1533200715793152,0.4809839655640337,0.39394062799642876,0.3427482217132592
reevecanada,2026-07-14,early,0.13980791991289618,0.4610461049155558,0.4259137119259516,0.3422559122514679
Iljiushenok_Ilya,2026-07-14,early,0.16186041868114318,0.3993324415204106,0.4649571666378992,0.34205000894648435
Shankland,2026-07-14,early,0.1397013550450373,0.398231847720352,0.48594982903592226,0.3412943439337705
drisdan13,2026-07-14,early,0.15849663863045896,0.3929880998699963,0.4715662623003698,0.34101700026694165
Mertceyhan35,2026-07-14,early,0.1448450377428464,0.40873282080728124,0.4694593186922823,0.34101239241413667
MuzisChess,2026-07-14,early,0.16378046925897732,0.370445246867665,0.4879483347043906,0.3407246836103443
lilylg,2026-07-14,early,0.15498479225167525,0.44037099027491133,0.4246426678684269,0.33999948346500447
Igor_Janik,2026-07-14,early,0.1308162943688997,0.419261175684329,0.46891860549406444,0.33966535851576435
lamomiajunior,2026-07-14,early,0.13371591324329427,0.47424426594892755,0.40945775845450005,0.3391393125489073
Akewjon,2026-07-14,early,0.12416212498016,0.5056212790034393,0.3874570172875563,0.33908014042371853
Dr_Tyger,2026-07-14,early,0.1616263702606867,0.43106129879793537,0.42387190420254833,0.33885319108705675
Root_21,2026-07-14,early,0.11692346289192816,0.4833364771238819,0.41607075603081717,0.33877689868220906
Losingexperience,2026-07-14,early,0.11716042464022691,0.4972398589673411,0.40157062064817717,0.3386569680852484
NutsOnTheBoard,2026-07-14,early,0.13941378712003083,0.4456899885172766,0.43017138519713605,0.3384250536114812
timurdzhaan,2026-07-14,early,0.16165707896047168,0.41977106678520726,0.43257984004068584,0.3380026619287883
sathvikadiga,2026-07-14,early,0.1588856346085058,0.3841135307070689,0.47068486857253133,0.33789467796270206
vinniethepooh,2026-07-14,early,0.10904966115336205,0.5141378666217429,0.3893072779191271,0.337498268564744
DrWonderKid,2026-07-14,early,0.13599852595852896,0.4297104561563831,0.44542660372584403,0.337045195280252
Sanan_Aliyev,2026-07-14,early,0.176639027022886,0.3315750140586405,0.5004813827135871,0.33623180793170454
WhiteKnight2612,2026-07-14,early,0.14821679342051156,0.4461056152969597,0.4125946695814692,0.33563902609964674
wiciu492k,2026-07-14,early,0.14297536168481795,0.42843316329945685,0.43521336147511974,0.3355406288197982
SaiHanThiha,2026-07-14,early,0.1269777883822365,0.4430062242822452,0.43640309435670344,0.3354623690070617
nylvor,2026-07-14,early,0.1649366846124792,0.3550697241932095,0.4859629370198592,0.3353231152751826
chessdjw,2026-07-14,early,0.14592443995778698,0.45866501006963906,0.40096491800057843,0.3351847893426682
Nasrin_Babayeva,2026-07-14,early,0.1252297400034612,0.4314471615170336,0.44881254633967316,0.33516314928672264
01Roman,2026-07-14,early,0.11742821218849331,0.4781180374109179,0.4062015340337765,0.3339159278777293
JunjiCol,2026-07-14,early,0.1157968218612409,0.47460725072068977,0.40740580421256306,0.3326032922648312
hikaruchija,2026-07-14,early,0.12878371721234047,0.47305860686474244,0.39540852889772554,0.33241695099160284
thomask2011,2026-07-14,early,0.16218108928471328,0.3593295850626056,0.4735493374467371,0.33168667059801865
alexboy14,2026-07-14,early,0.12312527934221416,0.41007783507696344,0.46052507225341105,0.33124272889086287
Bryantman2014,2026-07-14,early,0.13573248689394674,0.43864094221136934,0.4192655522520614,0.3312129937857925
Leebit02,2026-07-14,early,0.12317146720914439,0.44002451920247165,0.4303446026300175,0.3311801963472112
TelevisionIsHere,2026-07-14,early,0.11921708660194165,0.4718204365842771,0.40041827075550634,0.33048526464724165
yoelpolanco,2026-07-14,early,0.11416399752475433,0.4967244382398406,0.38011099435236567,0.3303331433723202
adarsh12370,2026-07-14,early,0.12183040140968093,0.42977144412529533,0.43741291067054255,0.3296715854018396
Tunartank,2026-07-14,early,0.13432631788802088,0.43604127491553907,0.4183901119450236,0.3295859015828612
AmardeepB,2026-07-14,early,0.11496518670951901,0.44918851656068914,0.4237606205714527,0.32930477461388696
slidingknight2775,2026-07-14,early,0.12251007212841296,0.4244446720435796,0.4378928521594503,0.3282825321104809
mind1mover,2026-07-14,early,0.1112361519744308,0.4613511675895843,0.411256152047115,0.32794782387037674
farseer25,2026-07-14,early,0.106027893568095,0.4802795631245755,0.3958820921496826,0.32739651628078437
anasta10,2026-07-14,early,0.14258753047605038,0.39596180367224065,0.44340446242498416,0.32731793219109173
TheChessLion64,2026-07-14,early,0.11312432698539454,0.4807787115130688,0.3879874269421258,0.3272968218135297
Guzikov_Daniil,2026-07-14,early,0.1745230081945727,0.3270405566286274,0.4770143712194344,0.32619264534754483
Widowmaker122,2026-07-14,early,0.13541863680071903,0.4286112395265679,0.4130819565284518,0.32570394428524624
DvaHrasta,2026-07-14,early,0.16006246647327468,0.4021579577897427,0.4144731811050889,0.3255645351227021
aquarium76,2026-07-14,early,0.12481835005312265,0.40722944240844366,0.44450909884816625,0.32551896376991085
JAN2404,2026-07-14,early,0.13349888313424996,0.4388222080374719,0.4032058144764054,0.3251756352160424
ElliotAldersonTwitch,2026-07-14,early,0.13902902182777696,0.4329787129183019,0.40335190024530687,0.3251198783304619
MKlose11,2026-07-14,early,0.12040863271821227,0.4954077772150379,0.3591746556446524,0.32499702185930085
MonsterChess_uz,2026-07-14,early,0.11444760198478625,0.4807196377920546,0.3793461831014347,0.3248378076260918
nihalsarin,2026-07-14,early,0.18325676985703815,0.3717513152511152,0.41931994321738103,0.3247760094418448
gueraumasague,2026-07-14,early,0.1302429054659397,0.43674889581696635,0.4069009060168959,0.3246309024332673
GalaxySearcher,2026-07-14,early,0.1464596155362094,0.36568000829632225,0.461479550368309,0.32453972473361353
misutodn,2026-07-14,early,0.1318406470789328,0.40621872712647167,0.4345747830990711,0.32421138576815856
SaqoChess_Coach,2026-07-14,early,0.12004792787211649,0.43062576690367643,0.4212967857405892,0.32399016017212734
SteveAlappatt,2026-07-14,early,0.14513503908287936,0.3686345156590132,0.455844365562199,0.32320464010136385
pzsombor90,2026-07-14,early,0.1486235509133815,0.3542179077122064,0.46627303563034006,0.323038164751976
pirulillo,2026-07-14,early,0.15795753899923826,0.40963727177834774,0.40001776721385246,0.32253752599714614
Fusikk,2026-07-14,early,0.11610499190683114,0.46091930775545575,0.3901226044371014,0.3223823013664628
Tha_Shadow_Of_Lupin,2026-07-14,early,0.22140778650250276,0.4005672069411599,0.34441536202145984,0.3221301184883742
Kielinkei,2026-07-14,early,0.12845880526302753,0.38067665041832516,0.4569722793085672,0.32203591166330664
Brave_spirit12,2026-07-14,early,0.10834975836090616,0.4917910418172092,0.3649844126894044,0.32170840428917324
BirdMaster3000,2026-07-14,early,0.09551392440435258,0.4927144416202721,0.3761351514135538,0.32145450581272617
ReinisUz,2026-07-14,early,0.14651865835093547,0.4035498698405217,0.41416087921084693,0.3214098024674347
DrVelja,2026-07-14,early,0.11080200296694259,0.47005697887683434,0.3833531915717976,0.3214040578051915
Itay121,2026-07-14,early,0.1258296538994434,0.4469430150955671,0.38827551509458386,0.32034939469653145
stollenmonster,2026-07-14,early,0.14282613426243057,0.43503079210200896,0.38283415230706647,0.32023035955716866
ASCeNDer21,2026-07-14,early,0.1333830464473749,0.3777860722924485,0.4458715742823812,0.31901356434073486
StockFisher_HBK,2026-07-14,early,0.13618818234871055,0.4033055043782459,0.41706228986197047,0.31885199219630894
SandwichOSaumon,2026-07-14,early,0.12357079492599715,0.4130323234519862,0.419883494019667,0.3188288707992168
skkeyan1309,2026-07-14,early,0.10126569983654556,0.48246914420565407,0.37234447184320874,0.3186931052951361
WoodlandMagic,2026-07-14,early,0.13295915436874545,0.4265886485200143,0.39528178485679605,0.31827652924851857
DreamsAreFake,2026-07-14,early,0.13596343580653852,0.3826844640299419,0.4337219488995029,0.3174566162453278
BigPiano,2026-07-14,early,0.11239667991574569,0.4319070392916226,0.40660001265778223,0.31696791062171686
FollowRivers,2026-07-14,early,0.10492418383208828,0.48896380340832174,0.35196631353019875,0.3152847669235363
lucumpe04,2026-07-14,early,0.11035776308583714,0.4263080729500262,0.40840890923290296,0.3150249150895888
NguyenQuangAnh3112,2026-07-14,early,0.1306925551765382,0.39789490301606384,0.4155783379780337,0.31472193205687854
averageFM,2026-07-14,early,0.1029624409180423,0.4645743545029415,0.376388519275436,0.31464177156547324
darknessss_1,2026-07-14,early,0.13435934740248412,0.36760814363907657,0.441173053463846,0.3143801815018022
SuperGPatzer,2026-07-14,early,0.10424479844646678,0.4214059947459936,0.41680207562899196,0.31415095627381745
BilodeauA,2026-07-14,early,0.11421957856964325,0.4377994326276931,0.39036923634194076,0.3141294158464257
HarryHexblade,2026-07-14,early,0.09502737610852358,0.48217122347917535,0.364772822683684,0.31399047409046094
StefanosKazantzoglou,2026-07-14,early,0.11534279172679485,0.4495208402695607,0.3764530455168037,0.31377222583771974
Thecourseoisildur,2026-07-14,early,0.1193792369230773,0.40726809005836834,0.414624519922086,0.3137572823011772
ChessMasterV777,2026-07-14,early,0.14316440098976527,0.35419413679502443,0.4439056447995454,0.3137547275281117
Godzillator,2026-07-14,early,0.12319125593868938,0.4260760110975842,0.3910663234322385,0.31344453015617074
margarita_2703,2026-07-14,early,0.11224353657362224,0.4723341205667393,0.3553165991707871,0.31329808543704957
Egehany09,2026-07-14,early,0.10573983807186575,0.44856117198409284,0.383768293353288,0.31268976780308216
Dolphin_2010,2026-07-14,early,0.15857734627243802,0.39855727212286396,0.38021193402572195,0.31244885080700796
Gasparyan_Erik,2026-07-14,early,0.1549872662497835,0.33517249882488126,0.44700485740468987,0.3123882074931182
Sergg33,2026-07-14,early,0.14948355407991046,0.3214041885273586,0.4661640105065706,0.3123505843712799
SargissyanSargis,2026-07-14,early,0.12206140770789438,0.4112635271927719,0.40299874835979566,0.312107894420154
GabrielCarckeno,2026-07-14,early,0.11391743891693867,0.39373177469408394,0.4282497294994936,0.3119663143701721
Vaibhav2026,2026-07-14,early,0.17138959457283437,0.310323581971185,0.4541604986249426,0.3119578917229873
Arlan_Mirzhanov,2026-07-14,early,0.1326769960669964,0.3834436474964035,0.41958164344008336,0.31190076233449443
Brawny_Wizard,2026-07-14,early,0.13252446134115523,0.3694080648807957,0.4332803678405025,0.31173763135415117
Autarch64,2026-07-14,early,0.15146954374906624,0.33721874076581926,0.4464728088678526,0.3117203644609127
Suleyman_Chess06,2026-07-14,early,0.11816882303314548,0.42934497647140435,0.38754426086169,0.31168602012207997
Impressive2026,2026-07-14,early,0.15394465418687286,0.33265886564339425,0.44615280460263806,0.31091877481096836
WildJoker2016,2026-07-14,early,0.11858450758920341,0.4047298317259533,0.40784584301476856,0.3103867274433084
MY2010,2026-07-14,early,0.1575030864776882,0.3543857281451132,0.41730550018334595,0.3097314382687158
Actuary44,2026-07-14,early,0.13842162822191015,0.3406286323372984,0.44986085623138655,0.30963703893019834
nabukatnezarr,2026-07-14,early,0.11627579689430936,0.3894919309600178,0.4202090049784013,0.3086589109442428
Bathory44,2026-07-14,early,0.10766500662147635,0.4453633109265674,0.3695141295619509,0.30751414903666485
FoggyMorning,2026-07-14,early,0.11599867944420511,0.4101798731377264,0.395830103756913,0.30733621877961487
superchess02,2026-07-14,early,0.1269241840588972,0.39311165900897105,0.40139620298393547,0.30714401535060126
Brilliant_Move_11,2026-07-14,early,0.1545592262561027,0.344546950517089,0.42037610927613545,0.30649409534977573
ejam94,2026-07-14,early,0.10412522913544518,0.45339141853057374,0.36141118518080595,0.3063092776156083
GM_path,2026-07-14,early,0.10586423946671342,0.3799188569825491,0.43279698852509685,0.3061933616581198
LadyChessNV,2026-07-14,early,0.10768040820200131,0.4006387532408842,0.4098006289431396,0.30603993012867503
johndoe698,2026-07-14,early,0.09731041184507096,0.4252465749031211,0.39506317003099606,0.3058733855930627
Gamer_boy101,2026-07-14,early,0.1347460119191171,0.35431120820325496,0.4273258555541609,0.305461025225511
Cherepov_Alexej,2026-07-14,early,0.08995494140053968,0.4770307714015668,0.34807570880822136,0.3050204738701093
Ruslan_0807,2026-07-14,early,0.1285383966966103,0.3831815657553143,0.40309086015155066,0.3049369408678251
NMMoonraker,2026-07-14,early,0.1341922699220689,0.3251209068439423,0.45417873790744445,0.3044973048911519
niyozmetov,2026-07-14,early,0.1465957919130326,0.3226594573812778,0.44421850883564795,0.3044912527099861
milenaK_09,2026-07-14,early,0.1128227396549379,0.42258668457676085,0.3776685121688437,0.30435931213351414
Fandorine,2026-07-14,early,0.12109539127521114,0.4543758058489408,0.33583519105843507,0.3037687960608623
briesmas,2026-07-14,early,0.14541462095862295,0.3659869752549627,0.39969549692170064,0.3036990310450954
Tssunami,2026-07-14,early,0.11368136351114344,0.39621443002308754,0.3996502654396108,0.3031820196579473
Just_Lucky_1,2026-07-14,early,0.10607418577197834,0.4627184524950268,0.33784486014395454,0.30221249947031986
ColinFederer,2026-07-14,early,0.10822969855159523,0.39390825614667824,0.4033418671585938,0.30182660728562244
Gordima,2026-07-14,early,0.10447830536611741,0.38764953018233367,0.4131446739937208,0.301757503180724
AGW2016,2026-07-14,early,0.10989308658110475,0.44039551826791695,0.35093288024832725,0.3004071616991163
Whiteking2009,2026-07-14,early,0.11705496643467124,0.3731192054519935,0.41095118870339126,0.30037512019668533
Saumitra,2026-07-14,early,0.13919024298419666,0.3064358864112684,0.45541115786001396,0.30034576241849303
Saqo_ChessMate,2026-07-14,early,0.13666818801368333,0.318222022036899,0.44475175980360554,0.29988065661806257
EpicSwindler2010,2026-07-14,early,0.12229548074312692,0.36172630027793184,0.4140464528508396,0.29935607795729946
Monopolio123,2026-07-14,early,0.17379990891488942,0.3011232636830298,0.4218398091101546,0.2989209939026913
Mesa_1,2026-07-14,early,0.09639444449157092,0.4349148157597523,0.36419680462753506,0.2985020216262861
DoraemonAndMe,2026-07-14,early,0.13551314353626945,0.34037548726261485,0.419372756482559,0.29842046242714776
weezhun93,2026-07-14,early,0.09660120936730751,0.4237418825314109,0.37343607086039143,0.29792638758636997
szachuspl,2026-07-14,early,0.10184087608829667,0.4644108637156592,0.3267226278255439,0.29765812254316665
Gennady_Kozlov,2026-07-14,early,0.10363314385531623,0.4080108770021012,0.380479025656244,0.2973743488378871
DeanKlobucar,2026-07-14,early,0.14224771358456043,0.3417674084186969,0.4076936683022802,0.2972362634351792
OPQRC,2026-07-14,early,0.11186205845789053,0.3794243797851094,0.3992988679072665,0.29686176871675546
David_George21,2026-07-14,early,0.09448559302918107,0.4294882641713059,0.3655878907051919,0.29652058263522624
GM_shahin,2026-07-14,early,0.09227475449544878,0.44737252301161873,0.3482478343346813,0.29596503728058293
CosmoKramer2260,2026-07-14,early,0.13440412507002011,0.32787613913339186,0.42477371899317484,0.29568466106552893
AngelDeLaSoledad,2026-07-14,early,0.10416424798358162,0.36711312179392663,0.4145915765566564,0.2952896487780549
FaustinoOro,2026-07-14,early,0.12326961684653377,0.3306474329666848,0.431603288130378,0.2951734459811988
APOLLONZEROTV,2026-07-14,early,0.12078754856188814,0.37169014369830233,0.3928305972496694,0.29510276316995326
Seyidoff_2010,2026-07-14,early,0.09605778404669875,0.39900196045394876,0.3898562686131528,0.29497200437126675
vedantgoswami,2026-07-14,early,0.11529673122274561,0.3796077881800623,0.3896991798106068,0.2948678997378049
Kwsclt7,2026-07-14,early,0.10705242362948675,0.39397662669330274,0.3820943625169583,0.2943744709465826
hitaman,2026-07-14,early,0.08179435823648863,0.4525601614045211,0.3464976064887355,0.2936173753765818
nissegambit,2026-07-14,early,0.1490847695990503,0.30343851525485793,0.42800996084799314,0.2935110819006338
fastestmindalive,2026-07-14,early,0.10610339348249194,0.3905095632784022,0.3839100515324212,0.2935076694311051
Joyromany15,2026-07-14,early,0.11297363141285567,0.34823855589226355,0.41916538363969236,0.2934591903149372
Individoom,2026-07-14,early,0.10644004343022344,0.37745007625394345,0.39560071368150124,0.2931636111218894
Taron_Shagbazyan,2026-07-14,early,0.13261565873160372,0.2927341712944979,0.45114204072371483,0.29216395691660546
plpiPih-tesrMe,2026-07-14,early,0.14140955333483815,0.32351017598455,0.4083089395739248,0.29107622296443764
DishonorOnYourCow,2026-07-14,early,0.09366262116119595,0.4418061679259594,0.3374737479208103,0.29098084566932186
RoseAtwell,2026-07-14,early,0.1537314502538862,0.33825266958049954,0.37938236753020355,0.2904554957881964
forvin07,2026-07-14,early,0.142845441779547,0.29129900980200557,0.43486261679672367,0.28966902279275875
GORA2012,2026-07-14,early,0.13278966693741256,0.3364044730962123,0.39808607442913235,0.28909340482091905
BlunderMaster2335,2026-07-14,early,0.10110024796028366,0.4147884294999222,0.35083490960047425,0.28890786235356003
Yerlan-Ra,2026-07-14,early,0.09540300579431421,0.4284802772916683,0.34148524485179343,0.28845617597925866
chessgirl_leyla,2026-07-14,early,0.12919887320408915,0.33647665403841776,0.3972241602897209,0.2876332291774093
jens1102,2026-07-14,early,0.1262626640804167,0.3478853822735534,0.3882845203612384,0.28747752223840284
Fy_Rakotomaharo,2026-07-14,early,0.09089359955595036,0.4111186579642947,0.35868771307882463,0.28689999019968987
IlikeApple314159,2026-07-14,early,0.14011234499225206,0.31831708637363093,0.40124413386191804,0.2865578550759337
likeyouuuu,2026-07-14,early,0.1376968951608114,0.3178847558512294,0.40333395519317,0.2863052020684036
Robert_E2009,2026-07-14,early,0.08704105162910573,0.42939179394398774,0.3412747698630056,0.2859025384786997
NigiriSushies,2026-07-14,early,0.10944024778284953,0.4041655529790531,0.34369609001086665,0.28576729692425645
Sicilian_Maestro789,2026-07-14,early,0.0883624382966169,0.40966686266095065,0.3585014295436723,0.28551024350041326
ssunu,2026-07-14,early,0.08454690550984977,0.4392354246976024,0.332571946960309,0.285451425722587
AD0406,2026-07-14,early,0.11919942076497046,0.347985227158717,0.38916717576421506,0.2854506078959675
alexg2003,2026-07-14,early,0.09634030853434586,0.37699963869618386,0.38253242109413094,0.28529078944155356
gerardts,2026-07-14,early,0.0847062079007083,0.4362118010899293,0.33418529740354974,0.2850344354647291
Suvradeepta_Das,2026-07-14,early,0.12317342150636854,0.33151587299499036,0.4001149910207741,0.284934761840711
Shubinkirill2003,2026-07-14,early,0.09684428026769452,0.3862623498249163,0.37164725204887106,0.2849179607138273
FoxOnTheRun97,2026-07-14,early,0.09645547178352756,0.429805342377587,0.3282251626683793,0.2848286589431646
Answer03,2026-07-14,early,0.09618065448556046,0.3826763836602423,0.3755281324947316,0.2847950568801781
Philosopherrr,2026-07-14,early,0.09462461123011802,0.41152328188291937,0.3480918514090315,0.28474658150735627
gh6999,2026-07-14,early,0.1028146715514605,0.3682968169386651,0.3814069474013218,0.28417281196381583
Nurahmad2021,2026-07-14,early,0.13895991294532925,0.303568885055804,0.4099034941661659,0.2841440973890997
atomicchessbomb2200,2026-07-14,early,0.09203395505523869,0.3818258672856874,0.3772647318779676,0.2837081847396312
MightyGMpretender,2026-07-14,early,0.13664108083359877,0.3728582487125989,0.34037365050990004,0.2832909933520326
Aandi123,2026-07-14,early,0.09687218884021297,0.3594457681914929,0.39254237791463964,0.28295344498211517
EgeOZZ2020,2026-07-14,early,0.13001167348975617,0.29561105267247184,0.4222693075424973,0.2826306779015751
Zarinur,2026-07-14,early,0.09926137741332006,0.3974355889297939,0.3504731044639129,0.2823900236023423
antigeroiy,2026-07-14,early,0.08974808618180617,0.40607401305594376,0.3513325026697647,0.2823848673025049
fireemblem7,2026-07-14,early,0.14780182039439665,0.28750628620824836,0.4117194521040666,0.2823425195689038
NajdorfPlayerc5,2026-07-14,early,0.10800543498136764,0.36491300551021033,0.3734341132087537,0.2821175179001105
azertytototgetot,2026-07-14,early,0.09754024920837052,0.37689262574825305,0.37186786086321205,0.28210024527327854
QuesadaLuisE,2026-07-14,early,0.1143808183038206,0.3399835855508225,0.39127104393575296,0.28187848259679865
ShaxrombekKarimov9,2026-07-14,early,0.13237202848566323,0.31264098872582785,0.39959149146307554,0.28153483622485553
maxximum_ww,2026-07-14,early,0.08828000585687057,0.3846810740735348,0.37140169501884207,0.28145425831641585
O_Dgerman,2026-07-14,early,0.11815791031049143,0.31222573761359657,0.41379944818273356,0.2813943653689405
Njal28,2026-07-14,early,0.1247923008144795,0.37538669610859826,0.34323092681286654,0.28113664124531473
Vasily85,2026-07-14,early,0.0968014554512736,0.4058799743951004,0.3407050550490986,0.2811288282984909
RobertSkytte,2026-07-14,early,0.09215439176178368,0.37905397954781916,0.3718866049039938,0.28103165873786556
MareleAlb,2026-07-14,early,0.0950321717554168,0.39357940963957017,0.3542673335016105,0.2809596382988658
kingnb,2026-07-14,early,0.10749022415509175,0.3498872547987132,0.3854696619835252,0.28094904697911005
Shanyrak,2026-07-14,early,0.13563349407750613,0.3124719273458981,0.39430066665234015,0.2808020293585815
Mach1el,2026-07-14,early,0.0920300702405132,0.39860383268835564,0.3508824867888422,0.28050546323923703
jaci33333,2026-07-14,early,0.12118473239671586,0.3234926423642236,0.3958912530671929,0.28018954260937745
JanMur7,2026-07-14,early,0.13221963680699936,0.32605695010031,0.38206999292694627,0.28011552661141853
KarlEmilElmer,2026-07-14,early,0.11032352757492239,0.3678166511163494,0.3619243179662841,0.280021498885852
Glkllkllk,2026-07-14,early,0.117181380032911,0.3094364961829524,0.4127811299280036,0.2797996687146223
FischerBobbyJames,2026-07-14,early,0.12102566902416349,0.33514380160353685,0.38180835485047493,0.27932594182605847
barriochess,2026-07-14,early,0.08831732107018601,0.3993440567862843,0.34865788172806633,0.2787730865281789
APS,2026-07-14,early,0.09912545681254047,0.36723403577226477,0.36864394724246446,0.2783344799424232
rychessmaster1,2026-07-14,early,0.08484778064493702,0.3842846851460513,0.36584653336299666,0.2783263330513283
Mazarini41,2026-07-14,early,0.09978781346153014,0.36491659603420507,0.3702450201317493,0.27831647654249486
coconutik757,2026-07-14,early,0.08345683967834455,0.41824822300393555,0.3320835837776427,0.2779295488199743
realcyberbird,2026-07-14,early,0.14945694144208077,0.287078545158618,0.39709547589487043,0.2778769874985231
DavtyanArsen,2026-07-14,early,0.09420934867152639,0.3768345018511215,0.3583697009620066,0.27647118382821817
ManMish2,2026-07-14,early,0.11120471482484001,0.3319572095475294,0.386115454902269,0.27642579309154613
Josephrov,2026-07-14,early,0.07711200892119911,0.43606036144397853,0.3153620519184278,0.2761781407612018
ChhunnuBabu,2026-07-14,early,0.12541087990823058,0.3087699974328819,0.39433291335689874,0.27617126356600374
Robert_Sava,2026-07-14,early,0.1004846262859085,0.3331345389252701,0.3947994712196747,0.2761395454769511
bsnsun,2026-07-14,early,0.08928311747694191,0.3277357366857047,0.4110175900472558,0.2760121480699675
Candidates14,2026-07-14,early,0.10227588817597824,0.31447939818604975,0.40559047734055637,0.2741152545675281
Zapateado,2026-07-14,early,0.10928405297783841,0.34040564530129935,0.3721780025948284,0.27395590029132205
Ludin-Esteban-Jaimes-Gonz,2026-07-14,early,0.12450569324607161,0.31066945733820744,0.3866488959837821,0.27394134885602034
Berardino,2026-07-14,early,0.09718312556057103,0.3487768002234912,0.37492921866232665,0.27362971481546294
Lilovence,2026-07-14,early,0.08685502667382827,0.3932885913848749,0.338788993683558,0.2729775372474204
wadsy27,2026-07-14,early,0.10527285957456259,0.3407878586844151,0.37196119259004784,0.2726739702830085
Giannos_barbagiannos,2026-07-14,early,0.11859026444158245,0.30897248107905895,0.3895595785685785,0.27237410802973994
GMG,2026-07-14,early,0.09796113407331658,0.3539694945444925,0.36292627893237345,0.2716189691833942
bangchess21,2026-07-14,early,0.09309413304886886,0.37229747776211414,0.34814494782085736,0.2711788528772801
Miki_Gb,2026-07-14,early,0.08754954726260303,0.389564040611099,0.33482215059266585,0.270645246155456
PattyCastillo,2026-07-14,early,0.09742191256140652,0.37249673761819596,0.34119436426627814,0.2703710048152936
Romik2012,2026-07-14,early,0.13033889815279318,0.2923850465380884,0.38800013025264063,0.2702413583145074
mroquero,2026-07-14,early,0.11440219339640245,0.294323548702015,0.4018086081252392,0.2701781167412189
klimkoj,2026-07-14,early,0.11041286751667086,0.34619167310434396,0.3534522482190398,0.27001892961335155
Gmgunsal,2026-07-14,early,0.08095225583851699,0.4144067449597816,0.31446972362487763,0.26994290814105876
MatthewVT,2026-07-14,early,0.11416958203778459,0.2727876068120614,0.41982015754262797,0.26892578213082463
DanielTitichoca,2026-07-14,early,0.09282621832533877,0.3776757546150554,0.3350560761562982,0.26851934969889746
Squirlolz,2026-07-14,early,0.0917868205997239,0.3880072440997419,0.3245402375508027,0.2681114340834228
argodeajedrez,2026-07-14,early,0.08873690656673815,0.3379082570238684,0.37738821659543875,0.26801112672868177
Navyblue1,2026-07-14,early,0.22930652634768833,0.28809742396043425,0.28586032748230433,0.26775475926347564
Niilo1,2026-07-14,early,0.1106407875564533,0.3126566891269354,0.3794722643213076,0.2675899136682321
SharathRk6,2026-07-14,early,0.09529464665181561,0.35751938720383514,0.3492572433951331,0.26735709241692796
effefe,2026-07-14,early,0.0854411411920993,0.3661744909448007,0.3503039639296338,0.26730653202217797
PainTrain08,2026-07-14,early,0.08472176511541626,0.37287650990484644,0.34123630830271934,0.26627819444099404
sonicdravise,2026-07-14,early,0.09330690756179724,0.3398472795680489,0.3648813209033104,0.26601183601105216
FutureRise,2026-07-14,early,0.09165191941436983,0.38000759536747614,0.3238467349370044,0.2651687499062834
Der_Balak_3Halak,2026-07-14,early,0.09070701447659614,0.35524951591820336,0.34819252135612866,0.26471635058364273
Historytw,2026-07-14,early,0.08218936241465513,0.39920402232340496,0.3119697963682194,0.26445439370209317
Dishal2010,2026-07-14,early,0.08922608079306488,0.3846101338067323,0.3177640122712877,0.2638667422903616
kuwaitiGM,2026-07-14,early,0.09188070403585968,0.34471851625555955,0.35471391193016205,0.26377104407386043
PyrihRoman,2026-07-14,early,0.08901562076011534,0.3514815080216981,0.3481873462892146,0.262894825023676
shinobi-1987,2026-07-14,early,0.09426426281962444,0.3474812157112171,0.3468991074549902,0.2628815286619439
Macho_2006,2026-07-14,early,0.10922736802641034,0.35051339399228854,0.3281312095534006,0.2626239905240331
MasterCheese379,2026-07-14,early,0.10589092704384213,0.2980915010327327,0.3838657405158128,0.26261605619746253
Didici,2026-07-14,early,0.0961843446821639,0.33866870228782,0.35214356797582824,0.2623322049819374
Nuvas,2026-07-14,early,0.07664832790122494,0.40375961105672903,0.30484188060254236,0.26174993985349876
TregubovP,2026-07-14,early,0.0862454898007515,0.3818529799912378,0.3167472306848901,0.26161523349229315
HatsuzukiMeiso,2026-07-14,early,0.08363565021940282,0.3554531724339636,0.34546091380776955,0.26151657882037865
Slavonac1988,2026-07-14,early,0.09716715067872045,0.32060767860693284,0.36560682237035175,0.26112721721866833
hongnhung1234,2026-07-14,early,0.09039473385016515,0.37290272563189814,0.3191568926898149,0.26081811739062605
Magste2007,2026-07-14,early,0.12311089340077883,0.304848337961951,0.35349313105940205,0.2604841208073773
Gogolev_Artemy,2026-07-14,early,0.09021202623917747,0.34366575627046936,0.34733457167706855,0.26040411806223845
Iron_Punch,2026-07-14,early,0.08870073785928302,0.3200936569593095,0.3723569307340863,0.2603837751842263
RCC_2024,2026-07-14,early,0.09496818498048888,0.3345683398220973,0.35090591537263427,0.2601474800584068
pushingsomepieces,2026-07-14,early,0.07422722974242592,0.3786380741527958,0.3260328263108725,0.2596327100686981
Statham,2026-07-14,early,0.16911395453900038,0.314970269921534,0.29357126236365916,0.2592184956080645
NoHeThTo,2026-07-14,early,0.0812200178711649,0.35096848818089493,0.3435644428785282,0.258584316310196
LiemLe,2026-07-14,early,0.09285739545278487,0.29540164639239347,0.3874263859818415,0.25856180927567324
Kildepiotr,2026-07-14,early,0.14628340183318428,0.3279505530136942,0.3012843974375769,0.25850611742815177
Speshka,2026-07-14,early,0.09372646877741479,0.36536655259022627,0.31627930642934127,0.2584574425989941
GM_Huschenbeth,2026-07-14,early,0.0932943852820689,0.34922755908077735,0.3326312378727445,0.25838439407853026
PremierChess64,2026-07-14,early,0.09696650397675428,0.32396091061911014,0.3537182796482102,0.25821523141469155
ChessIsShocking,2026-07-14,early,0.10859280823377779,0.28264112701139643,0.3834037133314105,0.25821254952552825
Pournami_S,2026-07-14,early,0.08667946741451102,0.32924191730369473,0.35854593679438473,0.25815577383753013
KhamzinOlzhas,2026-07-14,early,0.10776558684710161,0.28706294409403765,0.37947602576352396,0.25810151890155436
MRPedegru25,2026-07-14,early,0.08152520564494294,0.36298347701358963,0.32967942991724675,0.2580627041919264
Hajialiyev_Islam2008,2026-07-14,early,0.08007127512613549,0.37898329380077844,0.3140356333116329,0.2576967340795156
LordanBoy,2026-07-14,early,0.08762380645207903,0.3351390250769165,0.3493760313599219,0.25737962096297246
teresin05,2026-07-14,early,0.09810820439963733,0.3566176968429044,0.31369767785005725,0.25614119303086635
Assdour,2026-07-14,early,0.07343773576319927,0.3794875384368351,0.3148175077975427,0.25591426066585904
Vaibhavraut99,2026-07-14,early,0.08064849441024544,0.3805432127875848,0.3047963289179874,0.2553293453719392
RobRam,2026-07-14,early,0.09030865650135463,0.32710032345657575,0.34680107216606165,0.2547366840413307
Gabrielian_Artur,2026-07-14,early,0.1058647818020671,0.341509489631174,0.3167597429045793,0.25471133811260677
Safin_Safar,2026-07-14,early,0.0794692354014768,0.3576661333371571,0.3265163385270149,0.2545505690885496
savchess06,2026-07-14,early,0.07779910314844826,0.3678650084706893,0.3170118405899017,0.2542253174030131
Lorenzo_2012,2026-07-14,early,0.1065204703490455,0.27731325891990244,0.3776893346574499,0.2538410213087993
mbojan,2026-07-14,early,0.09780261501025402,0.35060165228334433,0.3111005490816326,0.253168272125077
Adar_07,2026-07-14,early,0.0883268061233347,0.339637988121559,0.32977090741630266,0.2525785672203988
Scylla_138,2026-07-14,early,0.08324795704978928,0.3362893895127112,0.33763602633421086,0.2523911242989038
Everest-Mountain2899,2026-07-14,early,0.10430157294567848,0.26437964796597496,0.38666966810731035,0.2517836296729879
Mops_2004,2026-07-14,early,0.07899942297750517,0.36783368140720646,0.3080578632913747,0.25163032255869544
lavpajcin123,2026-07-14,early,0.08676727397846727,0.3290734019700585,0.3387145442375107,0.2515184067286788
Sofiia_Hryzlova,2026-07-14,early,0.0761224994591691,0.34848117288853747,0.32875264609594373,0.2511187728145501
The_Machine04,2026-07-14,early,0.08623718232102558,0.36331868591404093,0.30239453886397916,0.2506501356996819
McQueen444,2026-07-14,early,0.084489250355745,0.33743244620144475,0.32995150415558006,0.2506244002375899
janjestem,2026-07-14,early,0.09754634040698006,0.2816076813448862,0.37263135704549244,0.2505951262657862
Sammed_Shete,2026-07-14,early,0.08397696267816393,0.35868942663436026,0.306349521413083,0.24967197024186907
roka7,2026-07-14,early,0.08563795363844973,0.31422677598795534,0.34858617716151097,0.249483635595972
wqws,2026-07-14,early,0.13081294616913666,0.3075488501251282,0.309681934982626,0.2493479104256303
SuperPower2011,2026-07-14,early,0.08499549899362728,0.3673305696491986,0.29567527383846576,0.24933378082709723
qsjtgx,2026-07-14,early,0.07876355351751749,0.34977671728974186,0.3190283941361466,0.2491895549811353
kyiv-volvo,2026-07-14,early,0.07493686054135906,0.3863508439627677,0.28543504221409405,0.24890758223940693
suspiciumchess,2026-07-14,early,0.07910754704037608,0.3691437639678703,0.29805308381368045,0.24876813160730893
KZ_Champ_GM,2026-07-14,early,0.08291259488118068,0.33146487343720804,0.3308623962362627,0.2484132881848838
calmberserk,2026-07-14,early,0.07468091195523398,0.3669810267423449,0.302392375769441,0.24801810482233996
bouzidian,2026-07-14,early,0.10474791359472806,0.25808642188346803,0.38048654939143817,0.24777362828987806
Cruel_Yaro,2026-07-14,early,0.0743536010004759,0.3503664197098337,0.318246672045557,0.24765556425195553
Beawuids,2026-07-14,early,0.07332278363657445,0.32938080816968984,0.3402502319718587,0.24765127459270767
chessvr,2026-07-14,early,0.07137276052632725,0.3846704404431329,0.28665030022900045,0.24756450039948685
NotFMJoshYet,2026-07-14,early,0.07310445325334362,0.3781086896872286,0.2914140246612948,0.24754238920062233
QueenCrusher_10,2026-07-14,early,0.0746773601538528,0.32629173094885017,0.34002981541830224,0.24699963550700174
TonyCapuozzo,2026-07-14,early,0.07392857626243685,0.3740987687646765,0.29198483508382855,0.24667072670364731
redchessman,2026-07-14,early,0.06880870162463457,0.38260755256268225,0.288109316668744,0.24650852361868694
ZenBull,2026-07-14,early,0.07889148263932214,0.38335668065839223,0.2768273479335729,0.24635850374376242
KevinGeorgeMicheal,2026-07-14,early,0.08163625779001574,0.3264525755459301,0.3309239199353195,0.2463375844237551
dretch,2026-07-14,early,0.07449888131195591,0.2847068031849341,0.37903769758853095,0.24608112736180698
Viper_108,2026-07-14,early,0.09909311489965077,0.2613446607629598,0.37735560532268364,0.2459311269950981
iammetiniko,2026-07-14,early,0.07086420493242504,0.36907678522162557,0.29743600581811797,0.24579233199072284
Darius321,2026-07-14,early,0.08472911616066212,0.3359954031482676,0.315284379748717,0.24533629968588225
Heritiana_Andria,2026-07-14,early,0.09888237544536338,0.2947471584654313,0.3422627817320366,0.24529743854761044
jaqueconandres,2026-07-14,early,0.08768241710626727,0.2749076168751075,0.37205692451306915,0.24488231949814798
Chandradi,2026-07-14,early,0.07782433532484373,0.3469755812437138,0.30943794398732655,0.24474595351862805
Thechampion_18,2026-07-14,early,0.09494399961234175,0.25803959553490535,0.38123026776658014,0.2447379543046091
SerkanSoysal,2026-07-14,early,0.10007778539820687,0.2680991222192957,0.3651304960678256,0.24443580122844275
karthikola,2026-07-14,early,0.0937849468197398,0.2790367979634629,0.35943124537913695,0.24408433005411323
ferch1ni,2026-07-14,early,0.08188688707949168,0.31652267494603037,0.32974638824479946,0.24271865009010715
Javokhir_Sindarov05,2026-07-14,early,0.11122531891701466,0.31133276360107426,0.3047550221248652,0.2424377015476514
sami82xp,2026-07-14,early,0.11704150770177069,0.22752740943500863,0.3817590079027314,0.24210930834650357
FlorentinS2011,2026-07-14,early,0.08762569275889381,0.27505141273948536,0.36358211625991915,0.24208640725276612
PiliposyanRobertChess,2026-07-14,early,0.0819377426905274,0.30565114448412756,0.3379476613450692,0.24184551617324138
guillembaches,2026-07-14,early,0.09847259094771597,0.34042297543678035,0.28655399055714986,0.2418165189805487
abhidabhi,2026-07-14,early,0.09005934162950963,0.28739289388082434,0.3454997972200127,0.24098401091011556
ZoktayyyyFanClubbb,2026-07-14,early,0.08776075023938196,0.28467701057059597,0.3500391718208742,0.24082564421028405
RebecaJimnz,2026-07-14,early,0.08783626649878219,0.30543697852501095,0.3283329230607403,0.24053538936151111
lopesakalopes,2026-07-14,early,0.07936861185672443,0.3146092131864439,0.32565402578325064,0.23987728360880634
FastRocket2007,2026-07-14,early,0.08036154923828191,0.30062075816994005,0.33697345803627843,0.23931858848150012
Beltraxtor,2026-07-14,early,0.0748861610972574,0.34044713724037967,0.30239447424008986,0.2392425908592423
rachidhuilda,2026-07-14,early,0.09886880731215532,0.32875841153146146,0.28824847008599014,0.23862522964320232
Aglo_2012,2026-07-14,early,0.09655541105539668,0.2709999141629286,0.34735873456647076,0.238304686594932
pouya21,2026-07-14,early,0.07387360105921098,0.3095593969994356,0.33112703577111985,0.23818667794325546
SRob2003,2026-07-14,early,0.08027505320173685,0.3363216733417102,0.29795181212810007,0.23818284622384903
Perecke,2026-07-14,early,0.08177674516670098,0.3064339041387677,0.32564308135763054,0.2379512435543664
Fearless_Fighter_2800,2026-07-14,early,0.0704418105491738,0.34702138918525754,0.29198089361335333,0.23648136444926157
Chomiczek786,2026-07-14,early,0.17231186130631232,0.27546152783181754,0.2616633140144123,0.23647890105084737
Racinggoals123,2026-07-14,early,0.07514658975828876,0.3127797480492729,0.31990212707502036,0.23594282162752733
DragonB70,2026-07-14,early,0.07943084129241933,0.30947488075640656,0.3186018550868706,0.23583585904523216
valeriocarnicelli,2026-07-14,early,0.08549561630319567,0.27422833742714486,0.3477291347559957,0.2358176961621121
AlwaysPlayForAWin44,2026-07-14,early,0.0698075782614958,0.34250462682615257,0.2920427004791324,0.23478496852226027
Judomaster3,2026-07-14,early,0.07396501306410627,0.3257481930656445,0.304579879070465,0.23476436173340529
ybothg,2026-07-14,early,0.07289407903586415,0.31598770083567296,0.31464054782269973,0.23450744256474562
kamilianin235,2026-07-14,early,0.08527025385383333,0.3177131877113287,0.2995210325074138,0.23416815802419197
Neseomrev,2026-07-14,early,0.0844221902984937,0.26476666700879875,0.3531033423961711,0.2340973999011545
ValarMateulis,2026-07-14,early,0.09262522777784181,0.2409048997285761,0.368503247970114,0.234011125158844
Jakuboss22005,2026-07-14,early,0.07434074158031417,0.32865443066638583,0.29862243098654356,0.23387253441108116
Night_Rider3491,2026-07-14,early,0.0766989091589837,0.31182072113085363,0.312977527507884,0.2338323859325738
acordeonist,2026-07-14,early,0.07372367840174629,0.3076556705881892,0.3199473319404278,0.23377556031012112
StasSB,2026-07-14,early,0.08958214916743987,0.2896529278941399,0.3198169661198111,0.23301734772713031
banhgiahuy2606,2026-07-14,early,0.0779473160144923,0.35063506671080125,0.26993709149457085,0.2328398247399548
AthenaStrikes20,2026-07-14,early,0.08512191386997497,0.2494843255805913,0.3629287740337602,0.2325116711614422
Macron20hTF1,2026-07-14,early,0.08725512932366764,0.32895770376215405,0.28019265298067647,0.23213516202216603
bescmelasti,2026-07-14,early,0.08349221035630615,0.31664365960774954,0.2950412282838473,0.23172569941596768
JennyQi13,2026-07-14,early,0.07327931540019994,0.32036906644696284,0.3008794417948054,0.23150927454732273
ChessWarrior7197,2026-07-14,early,0.11701420007816876,0.2614181690492025,0.31551107120476196,0.23131448011071107
Matycarcamo91,2026-07-14,early,0.06669176979948196,0.3435333572605592,0.2832709938873027,0.23116537364911463
Bapttoche,2026-07-14,early,0.07826008324539434,0.27935833727145093,0.3356388624783823,0.2310857609984092
InvisibleM0ves,2026-07-14,early,0.08967294957245611,0.24314042918904558,0.35960538236336265,0.2308062537082881
MarijaKuznecova,2026-07-14,early,0.06595067343886472,0.3488983850546742,0.2766890208881782,0.23051269312723907
Dr-Bassem,2026-07-14,early,0.0759478412223251,0.29099087603042983,0.3236627974184386,0.23020050489039787
Olga_Zhuravleva,2026-07-14,early,0.09055004766008434,0.2296543586180486,0.36988036812760067,0.23002825813524455
TanVinhVictory,2026-07-14,early,0.08384544168288177,0.2618664256271351,0.3438975594001165,0.2298698089033778
otrov-11,2026-07-14,early,0.07336608011209603,0.29980685644844873,0.3148671566857354,0.22934669774876004
LouisKhooThwe,2026-07-14,early,0.08614250712840221,0.25070271688864554,0.3506691343586165,0.22917145279188808
Alexensio1907,2026-07-14,early,0.08850398435395296,0.23359569560252022,0.3648046028628468,0.22896809427310663
Xyloxia,2026-07-14,early,0.09625251429778252,0.2427445532724035,0.34697280789277835,0.22865662515432147
JoshuaGK27,2026-07-14,early,0.06809249757029452,0.32119217177652815,0.2966286575664757,0.22863777563776613
DoMyk16,2026-07-14,early,0.0849109296197729,0.25419675478617515,0.34646645277799437,0.22852471239464747
pavle896,2026-07-14,early,0.09120294147364821,0.23826480095247313,0.3550345678464603,0.22816743675752718
Sergeant_James,2026-07-14,early,0.07968270219358169,0.2837519160793217,0.32089082211832126,0.22810848013040821
Tapson67,2026-07-14,early,0.08439101419367327,0.24123271998370155,0.3573598768986502,0.22766120369200835
weshallwin,2026-07-14,early,0.09165613264204697,0.2543581829844801,0.3353946149902251,0.22713631020558403
Arystanner,2026-07-14,early,0.06718944935360407,0.340591066978972,0.27313043654172026,0.2269703176247654
PotapovaM,2026-07-14,early,0.07754463159897666,0.29377529394403534,0.3074909153652065,0.22627028030273952
MdChess1734,2026-07-14,early,0.0777889604836582,0.3255866760063311,0.27542858773279916,0.2262680747409295
osielchesslover2011,2026-07-14,early,0.07081505552960929,0.31891481764936064,0.2876669201181521,0.22579893109904067
Homelander150,2026-07-14,early,0.06871553759376771,0.3174362136859523,0.2903385022716831,0.22549675118380105
GMaka,2026-07-14,early,0.08607254514917692,0.2870827213833796,0.30330167190455987,0.22548564614570546
yasaswi25,2026-07-14,early,0.08386872348110008,0.2502158978694669,0.34184753205070306,0.22531071780042336
legendisback1,2026-07-14,early,0.1001735772310556,0.2930406718381826,0.2814911741554379,0.22490180774155868
Ganiev_Artur11,2026-07-14,early,0.0593755872281062,0.2833234078293187,0.33126359968983005,0.22465419824908497
Jagadeesh_Siddharth,2026-07-14,early,0.0692817202192542,0.3105269162094751,0.2940790581589575,0.22462923152922895
spartantiger2025,2026-07-14,early,0.07135720651933607,0.30998583904994254,0.29246554364461946,0.22460286307129937
Mr_NeilA,2026-07-14,early,0.08575242631499135,0.2567183622658114,0.33123297851025013,0.22456792236368428
YoreDea,2026-07-14,early,0.07735518522937845,0.306354944937026,0.2894097877812403,0.22437330598254826
VSofja,2026-07-14,early,0.08543331860536456,0.23968775475991158,0.346103606018948,0.2237415597947414
Slederes,2026-07-14,early,0.1500507662380868,0.2665105759668518,0.25414418560492935,0.22356850926995597
HonestJoe1,2026-07-14,early,0.07418069586426003,0.2835303665057009,0.3126378601169064,0.22344964082895577
OutlawedGangster,2026-07-14,early,0.08262144560290648,0.21570356143272854,0.3690627431092435,0.22246258338162617
Talitofelix,2026-07-14,early,0.06380590677265224,0.32208487234818595,0.2813566355151584,0.22241580487866552
Aslanov_Umid,2026-07-14,early,0.07669165532213579,0.3132572553948977,0.27625368550990276,0.22206753207564542
gshwbedhkhd,2026-07-14,early,0.07545138560143126,0.29336758528267937,0.2972515578826358,0.22202350958891548
RamonManon0g,2026-07-14,early,0.0872119768548191,0.3090114673191634,0.26860779747197583,0.2216104138819861
magnusshawa_chess,2026-07-14,early,0.07740352873697992,0.255371677856454,0.3315322276252729,0.22143581140623558
larsmandreassen,2026-07-14,early,0.07143212774126136,0.3044970972744225,0.28771692604549487,0.22121538368705954
bardiya_Daneshvar,2026-07-14,early,0.11169319724366375,0.24409346903729903,0.30683882248302563,0.22087516292132947
bulletteemo,2026-07-14,early,0.06762381517683966,0.29301064971465635,0.3007801235332736,0.22047152947492318
HS03935,2026-07-14,early,0.06442790049927612,0.27417247780320064,0.3224248825350849,0.22034175361252054
Rodalquilar,2026-07-14,early,0.08934100060744356,0.30808084096723043,0.2625149200038305,0.21997892052616816
cheessmasteer54,2026-07-14,early,0.07990656417812408,0.26218663528895714,0.3174801628125495,0.21985778742654358
Sargsyan_Shant,2026-07-14,early,0.07446753406580765,0.29400524806134665,0.2909129240315291,0.2197952353862278
Guliev_Gasan,2026-07-14,early,0.0726198842949494,0.2926091429802034,0.2941273748044924,0.21978546735988172
dogrem5,2026-07-14,early,0.05999483123206006,0.3189429290977065,0.2800537118683783,0.2196638240660483
Arseny-Kleschevnikov,2026-07-14,early,0.07856558013945138,0.25901036714952697,0.3212981964699261,0.21962471458630148
Pesandu_Liyanage_1,2026-07-14,early,0.06454474238236772,0.29383622067285303,0.29677501062950107,0.21838532456157397
InitiatingASC,2026-07-14,early,0.11455417377369861,0.3088712117431296,0.23126470905911817,0.21823003152531548
Oliver_Wartiovaara,2026-07-14,early,0.0734420356331084,0.2846532676335305,0.29655552398190477,0.2182169424161812
LyonBeast,2026-07-14,early,0.11824506470653598,0.2416074885906561,0.2934070961398335,0.2177532164790085
SuperJesus88,2026-07-14,early,0.07123735033046216,0.3095630765386791,0.27162363985410926,0.2174746889077502
Pingah9,2026-07-14,early,0.0778283739988987,0.2782672842665815,0.29559818867700804,0.21723128231416275
McCarthyStone,2026-07-14,early,0.09383076811364494,0.296942430383503,0.26055459417686044,0.21710926422466947
vladoboch,2026-07-14,early,0.06781872656248891,0.31153334759808476,0.2716714964795093,0.21700785688002766
BestByTestbro,2026-07-14,early,0.059751381872598805,0.3246428750273759,0.26647442510073266,0.21695622733356912
Torosyan_chess,2026-07-14,early,0.06677532118536673,0.29547368862916285,0.28824946946556684,0.2168328264266988
Agoking701,2026-07-14,early,0.0701260168347178,0.3019711593839897,0.2779480692317676,0.21668174848349173
playablecharacter,2026-07-14,early,0.06272455115917623,0.32932641969989385,0.25725103191795373,0.21643400092567458
jakopogi,2026-07-14,early,0.07737069501017325,0.2799874651129543,0.29128525145919837,0.21621447052744194
Goffredo_Fofi,2026-07-14,early,0.0640359755520899,0.3148549740646771,0.2690617024439284,0.21598421735356513
Giantgoogachess,2026-07-14,early,0.07653072204968134,0.29830275789488364,0.27283501255272685,0.21588949749909725
GyurjinyanValter,2026-07-14,early,0.06294143635158357,0.3117222331786328,0.27274250046231424,0.21580205666417687
Viktoker,2026-07-14,early,0.07941108632473315,0.28524545094678494,0.28172269319708304,0.2154597434895337
KoshkaMatrioshka,2026-07-14,early,0.07164886798003639,0.26910027127306757,0.30557533986114555,0.21544149303808316
Martial2008,2026-07-14,early,0.08963046037680956,0.2639596447383522,0.29064399729809337,0.2147447008044184
iturrizaga,2026-07-14,early,0.07065803951619128,0.285914622466805,0.2876453370295634,0.21473933300418654
schondeln,2026-07-14,early,0.06061510369839482,0.25756258163076606,0.3257291778548478,0.21463562106133624
Jmf24,2026-07-14,early,0.060974022989228376,0.330503559825502,0.25193786067398927,0.21447181449623987
aloe_normansen,2026-07-14,early,0.06078241932811225,0.30767854855292354,0.2749405638404035,0.21446717724047973
CzechChessplayer17,2026-07-14,early,0.08857227545453754,0.23814679450645698,0.31664578142067945,0.21445495046055799
unbreakablepawn35,2026-07-14,early,0.06695691600120107,0.30205423427600514,0.273747866400555,0.21425300555925375
Rile-Man,2026-07-14,early,0.07268465699720844,0.2751033452554776,0.2940875709307437,0.2139585243944766
JCarlson_13,2026-07-14,early,0.0862352795111711,0.22801256083639831,0.3273743256291676,0.213874055325579
andrzej,2026-07-14,early,0.07368913826629425,0.31272833602907396,0.2552039215499397,0.2138737986151026
estupendastico,2026-07-14,early,0.06393824013750193,0.298656643371691,0.27865762861573506,0.213750837374976
The_RizzGuy,2026-07-14,early,0.08128842718593304,0.23912612386485654,0.3207129219335414,0.2137091576614437
AccioChess,2026-07-14,early,0.0761565225423811,0.2853164089227928,0.2794392093116511,0.21363738025894166
SaraBlackPanther,2026-07-14,early,0.06854564553029215,0.2872663925992397,0.28500110051643923,0.213604379548657
chito89,2026-07-14,early,0.09988987678218912,0.2921641090462401,0.24746289344412362,0.21317229309085095
AllCer7,2026-07-14,early,0.06979110863192946,0.2588312300031408,0.31085583121770244,0.21315938995092423
Khazhatuly_Alikhan,2026-07-14,early,0.07680915368475756,0.23529822959369068,0.32449065778489433,0.21219934702111418
Velociraptor34,2026-07-14,early,0.08122933987652882,0.20927282359696106,0.34523772806606245,0.21191329717985077
kritipatel,2026-07-14,early,0.06990973055695905,0.2999976207559416,0.26513515854574193,0.2116808366195475
kapishp1,2026-07-14,early,0.06789165145537214,0.2662643307852589,0.30054570761002597,0.211567229950219
mightysmasher,2026-07-14,early,0.06511966306305057,0.2929564986326235,0.2762549743804991,0.21144371202539106
ZugHydra,2026-07-14,early,0.0783760796156473,0.23571533486750817,0.3198204068561407,0.21130394044643208
NickKR,2026-07-14,early,0.07597317673623852,0.2049759982956252,0.352931108301649,0.21129342777783755
WIMAnnaRudolph,2026-07-14,early,0.06713037792774217,0.2748337278442371,0.2918229424197602,0.2112623493972465
Keithonsky,2026-07-14,early,0.07723563342157334,0.28747361421184897,0.2685205979245604,0.21107661518599427
juancruzarias,2026-07-14,early,0.07125945451643234,0.2969899954549723,0.26410590153458313,0.21078511716866258
AVIELME,2026-07-14,early,0.0762968066979116,0.2541985212387749,0.3018432330103,0.21077952031566216
endgamemaster51,2026-07-14,early,0.0685971412633511,0.27647336714613924,0.28720423177178056,0.21075824672709031
jinxy2009,2026-07-14,early,0.05594526584959835,0.3044475099176215,0.2713364161672568,0.21057639731149222
TheINfinity011,2026-07-14,early,0.05957098652533636,0.28562777124960437,0.285781897426527,0.2103268850671559
Wizard_97,2026-07-14,early,0.0761604777264532,0.26139296171798176,0.29303846139051754,0.2101973002783175
QueLadri,2026-07-14,early,0.0667180368697454,0.2828876820430278,0.2794085654392132,0.20967142811732878
Defend1r,2026-07-14,early,0.07299506915778495,0.2802786861160678,0.2752066312520646,0.20949346217530582
saikrishnaReturns,2026-07-14,early,0.07506445476925407,0.250390767945401,0.3022170384182197,0.20922408704429155
PepeCuenca,2026-07-14,early,0.06627168196012458,0.25722621239065857,0.30368276324810534,0.2090602191996295
DavidLana1987,2026-07-14,early,0.0685392337747035,0.2820606421156042,0.27619028789057104,0.20893005459362626
Olga_Girya,2026-07-14,early,0.06097188030776945,0.2960287812981155,0.26972672460569724,0.20890912873719406
SONIC-2025,2026-07-14,early,0.07535924539647534,0.2519156153248357,0.29911965245704625,0.20879817105945242
Vazabanga,2026-07-14,early,0.0533558790564154,0.3158577821892936,0.25658148763808153,0.2085983829612635
angelgab3,2026-07-14,early,0.06883544435718539,0.28469315316035,0.2715155646411023,0.20834805405287926
kids2010,2026-07-14,early,0.06455255477513638,0.27827513399998344,0.28220793985435466,0.20834520954315816
Semetey,2026-07-14,early,0.07594825206416701,0.28824001835134033,0.2602331393031871,0.20814046990623147
NoVabbeSeiUnGenio,2026-07-14,early,0.062252584983654144,0.2899828698416268,0.2711683547121079,0.20780126984579628
Gangsterrito,2026-07-14,early,0.0772854143381529,0.25716851298653065,0.2887293330673338,0.20772775346400577
Bryanl106,2026-07-14,early,0.07346423708997543,0.27023823369237143,0.27920947859024003,0.20763731645752895
SinisterKnight8,2026-07-14,early,0.06885651096173755,0.2564506791388816,0.2971639884447078,0.2074903928484423
Andrey-Ivanov2011,2026-07-14,early,0.06621924363549472,0.288122706070119,0.2668776520964108,0.20707320060067483
GMAkobianSTL,2026-07-14,early,0.07807598328423905,0.25480238593544197,0.28775196384905954,0.2068767776895802
esrosenberg,2026-07-14,early,0.08102772687460562,0.290912377171951,0.24728021857835195,0.20640677420830286
SirPez,2026-07-14,early,0.07918169916164544,0.22251724323893696,0.3168345443731508,0.2061778289245777
movingmeats,2026-07-14,early,0.06775482878872009,0.24865991937659324,0.30195091523482115,0.2061218878000448
Carnivoras,2026-07-14,early,0.06618299620704114,0.26117405340681915,0.2896193651029932,0.20565880490561783
ShahMatKanal,2026-07-14,early,0.07176569173649514,0.2744285858916418,0.27050090797721354,0.20556506186845014
myevli,2026-07-14,early,0.08456655491250668,0.19993627107481965,0.33201762106273897,0.20550681568335513
IngDiegoMRChess,2026-07-14,early,0.0770660590013656,0.22523104780740674,0.3134433190517722,0.20524680862018152
Hasangatin_Ramil,2026-07-14,early,0.07367268341338593,0.28296227700491344,0.25906444846766663,0.205233136295322
Denis_Makhnyov,2026-07-14,early,0.06303582159942688,0.27987036019815775,0.26836076612571563,0.20375564930776677
hakanazeri2,2026-07-14,early,0.0959468284781658,0.28509563604981597,0.22983188925702908,0.20362478459500358
average_trans,2026-07-14,early,0.057400710610328025,0.294123708078431,0.25815845762727896,0.20322762543867934
Elprofessor21,2026-07-14,early,0.06977483567132103,0.26557614799030954,0.274164225582848,0.2031717364148262
SayonaraPonytail,2026-07-14,early,0.0628480721549354,0.28345590526109543,0.2631837961573211,0.20316259119111732
Superfelix,2026-07-14,early,0.06483010718848152,0.27531778401248114,0.26931914945617774,0.2031556802190468
sanbruh,2026-07-14,early,0.08600442347707465,0.27247259566378723,0.25083765035681915,0.20310488983256034
Reader777,2026-07-14,early,0.06976815451359333,0.29570697548161406,0.2436529831889702,0.20304270439472585
ItsCheckM8Mate,2026-07-14,early,0.07014763292185403,0.2607260963526067,0.27770968178643585,0.20286113702029884
Seppppppy,2026-07-14,early,0.06455053737721952,0.28071350588733024,0.26254982904086827,0.20260462410180602
yueyangshan,2026-07-14,early,0.0701384509779186,0.23604562961620712,0.3004125594504419,0.20219888001485586
KnightRider701,2026-07-14,early,0.06074728840668688,0.26241377303890584,0.283032813893119,0.2020646251129039
baby_leo,2026-07-14,early,0.061932090615382386,0.2604973691616009,0.28191691606131875,0.20144879194610069
imdvb6307,2026-07-14,early,0.0687488353974143,0.2654106122966579,0.2701009879948025,0.20142014522962493
JaimaR_00,2026-07-14,early,0.07467115526840203,0.1956219831832747,0.3330727456945236,0.2011219613820668
Sriansh_Das,2026-07-14,early,0.06558288910111916,0.25978017204931436,0.27791771960105943,0.20109359358383097
kira_raa,2026-07-14,early,0.05921860387872794,0.30143895745248417,0.2414466940873799,0.20070141847286402
StrongestRookie1,2026-07-14,early,0.061235840037910064,0.2751396258505182,0.26545362526841454,0.20060969705228093
Nurali3012,2026-07-14,early,0.06654675932499571,0.26947183467566527,0.26480999261956767,0.20027619554007622
francyIM,2026-07-14,early,0.0748090561288593,0.284043984077649,0.241813460178322,0.20022216679494345
mac0504,2026-07-14,early,0.06631038040080556,0.25441912065419453,0.2795207405677502,0.2000834138742501
daniil_kaminskii,2026-07-14,early,0.07951747997438688,0.19932414833364323,0.31970175790146044,0.19951446206983017
the-gambler,2026-07-14,early,0.052970699832997424,0.308673077874413,0.23679653175517928,0.19948010315419654
AmbartsumianTyhran2012,2026-07-14,early,0.06678123012003563,0.26891666686777216,0.2621720656738361,0.1992899875538813
hsd2016,2026-07-14,early,0.08414689395428362,0.27634810782175534,0.2370479754477209,0.19918099240791998
Hattori-Hanzo78,2026-07-14,early,0.06662596438218268,0.26809624116732983,0.26256398436947603,0.19909539663966283
upbeat028,2026-07-14,early,0.06958752661993663,0.21634638690064037,0.30964218027489815,0.1985253645984917
NottheBishopSacrifice,2026-07-14,early,0.06549423072744852,0.2631113154188171,0.2665205943114401,0.1983753801525686
ZCorrales,2026-07-14,early,0.0521479325363831,0.30873705917559935,0.23353173650706563,0.19813890940634937
HankSalamanca10,2026-07-14,early,0.07171862960309265,0.22773203969147818,0.2946394179948388,0.19803002909646986
arm-sam,2026-07-14,early,0.06352956597917989,0.2262419622358446,0.3041771846901349,0.1979829043017198
vishwa_vijeta,2026-07-14,early,0.06951587544205817,0.2862446935550948,0.23649605774927765,0.19741887558214355
PawnEatingZombie,2026-07-14,early,0.07490006703262393,0.27275277936821846,0.24423009219266226,0.19729431286450153
BulletCloud,2026-07-14,early,0.07604113827927017,0.21317262331488313,0.30209941815289854,0.1971043932490173
TacticalTerror_10,2026-07-14,early,0.06636044560845339,0.2472885205586202,0.27758481191781004,0.19707792602829455
Elnaz_Kaliakhmet,2026-07-14,early,0.06566238143302769,0.2605102978379912,0.263739929686493,0.19663753631917066
Herzog2012,2026-07-14,early,0.11428706747924897,0.23136360717030777,0.24379680895899797,0.1964824945361849
BlackBoarder,2026-07-14,early,0.06650528811230523,0.2324456279545293,0.2898022798737024,0.19625106531351233
mbachez,2026-07-14,early,0.07292821980952709,0.26310308501311425,0.2525468215766581,0.19619270879976647
DaVVIttttt2009,2026-07-14,early,0.06586035193802499,0.21660407413464006,0.30532396244718496,0.19592946283995002
boasovietica,2026-07-14,early,0.05934152357570569,0.28090429624241176,0.24620296155911345,0.19548292712574364
DontMessWithTheFish,2026-07-14,early,0.07333158500324545,0.24030508490036717,0.2725342088339893,0.19539029291253396
greekplayer1,2026-07-14,early,0.05978417004486076,0.24650211804891836,0.27928754284701823,0.1951912769802658
Agibileg,2026-07-14,early,0.08057168583158796,0.2720152482717646,0.23267686922334202,0.19508793444223152
boutikaki,2026-07-14,early,0.08851790187758306,0.19120794775197558,0.304944504305889,0.19489011797848255
GAusal,2026-07-14,early,0.10416708258063771,0.2214449697695478,0.2577705085074197,0.19446085361920176
ChessWarrior3,2026-07-14,early,0.06831313179432416,0.23747576610996357,0.2773903898021988,0.19439309590216217
TrahtarBelarus,2026-07-14,early,0.07579006217998122,0.24275470048653786,0.26454978822854397,0.19436485029835437
JanaMohamedZaky,2026-07-14,early,0.07015415172056459,0.22404404034763822,0.28883882949335093,0.19434567385385124
needforglory2,2026-07-14,early,0.06660840712499445,0.2276454704090547,0.2883244175970725,0.1941927650437072
FilipKlim,2026-07-14,early,0.07306061399922473,0.22585044409795943,0.28359061186262585,0.19416722331993666
TrompeterImEther,2026-07-14,early,0.06084296682701649,0.27485177677066724,0.2467467418213535,0.19414716180634575
elpeordelosmejores,2026-07-14,early,0.06097933591949449,0.24482790545594907,0.2762299766712004,0.194012406015548
matvamatva,2026-07-14,early,0.07750657376957017,0.22759798051904753,0.27690537383103514,0.19400330937321764
2346PL,2026-07-14,early,0.055031834335262646,0.28676603522215266,0.23991686091249792,0.19390491015663777
KhGirl2015,2026-07-14,early,0.06135041315204155,0.24653233299808774,0.2733685644532543,0.19375043686779456
GMShoti,2026-07-14,early,0.06094417011063212,0.2526716385422844,0.26694094249703143,0.19351891704998267
annakantane,2026-07-14,early,0.05946419286295279,0.24979155855255336,0.2708444092257536,0.19336672021375323
RaheemGlaves,2026-07-14,early,0.06834936375793882,0.22442790469802457,0.28691207636627,0.1932297816074111
twofoxniel,2026-07-14,early,0.07129166231813434,0.25531635239347406,0.2524305218359235,0.19301284551584397
KillerBishop888,2026-07-14,early,0.05755991064774802,0.24005899660606383,0.2803694088120552,0.19266277202195567
gau248,2026-07-14,early,0.07160233771193722,0.23626492920128897,0.26931248987376705,0.19239325226233106
SuperGreenTea,2026-07-14,early,0.04763068497557559,0.3163266059948812,0.21308054303921595,0.19234594466989094
Earlybird2012,2026-07-14,early,0.07675673645918489,0.21528474921591126,0.2836326669576752,0.19189138421092378
Pachonpower,2026-07-14,early,0.05180580028271634,0.2711320813943034,0.2519051689231414,0.1916143502000537
ChainedDowntohell,2026-07-14,early,0.06746187841114534,0.2687068146689638,0.23646003472773716,0.1908762426026154
miaou33,2026-07-14,early,0.061545590449660646,0.2562461237589411,0.2540952962176354,0.19062900347541237
Bekaeasycool,2026-07-14,early,0.06917840609584516,0.2660584703821764,0.23611089569831034,0.19044925739211063
nocnypako,2026-07-14,early,0.05676753678968154,0.2587829172693741,0.25523211510508687,0.1902608563880475
Maurijs,2026-07-14,early,0.05412640081640536,0.2430735905600337,0.2733802771920811,0.19019342285617338
Cobysters,2026-07-14,early,0.05712073916184682,0.26194849399099346,0.2509239117730542,0.18999771497529816
mik0_ch4n,2026-07-14,early,0.07353531271485075,0.22753716365751034,0.26889902022471973,0.1899904988656936
Simonplaysbadchess,2026-07-14,early,0.061684989231693896,0.18192514356117567,0.3233848072426103,0.18899831334515996
Alomaterapia,2026-07-14,early,0.06538719108092526,0.26125882536765976,0.24026023703838548,0.1889687511623235
ukrainianMC,2026-07-14,early,0.062282304462161785,0.184768439214464,0.31748594210380426,0.18817889526014334
1assen,2026-07-14,early,0.06299185845082395,0.19200664346176555,0.3095229788743303,0.18817382692897325
bulgakdamir,2026-07-14,early,0.06382047179897694,0.22801415060567898,0.27229458529922135,0.18804306923462577
spotbet,2026-07-14,early,0.07357118195429523,0.2622726709392581,0.22824468695240635,0.18802951328198655
RaunakSadhwani2005,2026-07-14,early,0.06759086654828828,0.2387432022182732,0.2571118141647766,0.187815294310446
littlepinkyboy,2026-07-14,early,0.06259490874767042,0.26796383691118497,0.23234492206925633,0.1876345559093706
ExtremeLearner,2026-07-14,early,0.06494099323814723,0.2744603351461103,0.22214319567696514,0.18718150802040756
Dani097,2026-07-14,early,0.05838539162158074,0.2572528379760514,0.24524997959251058,0.18696273639671424
AlexanderJasinski,2026-07-14,early,0.06410449784739544,0.2295129158397772,0.2671467101331365,0.18692137460676972
dzuffin,2026-07-14,early,0.061223028100217784,0.20504110871805442,0.29399017200978855,0.18675143627602023
klercaku,2026-07-14,early,0.056377153730295705,0.2644884734694853,0.23893203927570267,0.18659922215849456
Sadykov_Ramil,2026-07-14,early,0.10020992749988711,0.21830810094762113,0.23931174110794776,0.1859432565184853
Susal_De_Silva,2026-07-14,early,0.07472070926645126,0.2450342587018806,0.23745458810097264,0.18573651868976815
VidarGrahn,2026-07-14,early,0.05900892635445369,0.2501125767050572,0.2480629062934521,0.18572813645098765
LucasGL2013,2026-07-14,early,0.06272582274863481,0.19835403124135847,0.2957412654195972,0.18560703980319682
ChessKhan11,2026-07-14,early,0.07022197621816001,0.24905724157208678,0.2371038119789126,0.18546100992305314
Ganec4,2026-07-14,early,0.05663686157123311,0.2508734060060576,0.24788423949060648,0.18513150235596573
kevinwangDE,2026-07-14,early,0.06502156261251187,0.21363407101546003,0.27670119528893516,0.18511894297230236
chesslh93,2026-07-14,early,0.07160568522113878,0.2545325207411795,0.22853615031442398,0.18489145209224742
ferdipy,2026-07-14,early,0.06498519559493722,0.2214857162151307,0.26800550653961763,0.1848254727832285
NoMercy_Ukr,2026-07-14,early,0.053638107653645364,0.2602971560855066,0.24007434890049023,0.1846698708798807
Joaco_mc,2026-07-14,early,0.05766570393045936,0.23647562770172062,0.2593598692989,0.18450040031036
NLLO777,2026-07-14,early,0.059358447941367416,0.2439320141550713,0.249412139384095,0.18423420049351125
rpragchess,2026-07-14,early,0.09573351458458182,0.21420663408423787,0.24267009110913215,0.1842034132593173
korbul,2026-07-14,early,0.062308595687463754,0.26712668249022453,0.22311584518183614,0.18418370778650814
Road2GM3000,2026-07-14,early,0.06693164886116437,0.2660173621023653,0.2194998484717798,0.18414961981176983
AjedrezconPeter,2026-07-14,early,0.06726605467747158,0.23078661246380838,0.25404724465068357,0.18403330393065453
qwerty_cool_123,2026-07-14,early,0.0634798221670024,0.22771041122374366,0.2607339275346463,0.18397472030846415
Makswolf200817,2026-07-14,early,0.09328624779666266,0.22493126331779353,0.23352694148095718,0.18391481753180447
TrixR4Kidzzzzz,2026-07-14,early,0.060531290345758,0.20730022523514782,0.28367749797532993,0.18383633785207856
lehjoz,2026-07-14,early,0.0782199140427598,0.18133574602758196,0.2916989913251615,0.18375155046516775
WildOnTwitch,2026-07-14,early,0.05811539432146984,0.2687817187329318,0.2241617426944594,0.18368628524962036
minhquang_chesscoach,2026-07-14,early,0.052387870235245694,0.2104807931970874,0.28775908395660155,0.18354258246297825
SpeedElephant,2026-07-14,early,0.08060584682161387,0.18512138292084593,0.28366235065188133,0.18312986013144705
DarZay,2026-07-14,early,0.09824287782326946,0.2168552473001288,0.23393642764738198,0.1830115175902601
jup1978,2026-07-14,early,0.11307489303713433,0.23091110420090516,0.20448182779765423,0.18282260834523123
NewBornNow,2026-07-14,early,0.06033698577503281,0.25419625233868876,0.23385529375342176,0.18279617728904776
ozates,2026-07-14,early,0.08907770829729098,0.24135817538190044,0.2178479661077029,0.1827612832622981
thebeast2900,2026-07-14,early,0.05775611016757115,0.2589851257752375,0.23113444366083435,0.18262522653454769
MammadzadaG,2026-07-14,early,0.053495686544241534,0.2366292582303408,0.25742839140654594,0.18251777872704275
stepanosinovsky,2026-07-14,early,0.08939106338789475,0.22650129976989958,0.2306861185267029,0.18219282722816574
AjedrezInteligente,2026-07-14,early,0.062031569115057326,0.2583384348293517,0.22567522192682815,0.1820150752904124
BuyBoxBandit,2026-07-14,early,0.062285149287841485,0.24025864393064286,0.24343901457692774,0.18199426926513737
Milop27,2026-07-14,early,0.05368768382935418,0.24476767542455313,0.2473904121610226,0.18194859047164327
luca_va99,2026-07-14,early,0.05851886097868092,0.2331730694419417,0.25411512036379896,0.18193568359480716
Ind1anStar,2026-07-14,early,0.05588476860369177,0.2725645971321578,0.21716174284980447,0.18187036952855137
Francesatop,2026-07-14,early,0.05627761807075576,0.23199468960782954,0.2570188511877893,0.18176371962212487
nicolochessit,2026-07-14,early,0.0745214044371814,0.2464028597303549,0.22433604960317258,0.1817534379235696
cavallo_bianco123,2026-07-14,early,0.05418753457086929,0.22610406467485625,0.26409582845832225,0.18146247590134926
lucasmito,2026-07-14,early,0.05682239098197999,0.2507298306564113,0.2352895512710315,0.18094725763647426
Haramball08,2026-07-14,early,0.06283405359263923,0.19539466007630535,0.2839928863773385,0.18074053334876103
GarnikN,2026-07-14,early,0.06653972986647885,0.225501671338789,0.2496270239275679,0.18055614171094525
amaslidan,2026-07-14,early,0.06013035373928412,0.18476545779347014,0.29667553663035556,0.1805237827210366
TurkishWunderkind,2026-07-14,early,0.056540725784758036,0.2161641774289453,0.2681447994190867,0.18028323421093004
MasterAtracos,2026-07-14,early,0.056058542459734025,0.19366913437285038,0.2907617619093868,0.18016314624732374
knightinshiningarmour16,2026-07-14,early,0.07308817468320908,0.21151204805665397,0.25526150554202826,0.17995390942729714
BullyCloud,2026-07-14,early,0.06017522417393103,0.20524016519456115,0.2740918760624347,0.17983575514364228
Allysson_Muniz_2809,2026-07-14,early,0.049887282976289506,0.25944117739871775,0.23011514653039442,0.17981453563513392
Jehehahaha,2026-07-14,early,0.06245397020412719,0.17898763181811483,0.29769424135642547,0.17971194779288915
Feegus,2026-07-14,early,0.06653457262170269,0.244520648409266,0.22806756955672042,0.17970759686256302
Yaacovn,2026-07-14,early,0.07404217618174797,0.21850662339521923,0.24655566826923667,0.17970148928206797
woodpecker108,2026-07-14,early,0.05477423779670181,0.23092793932409414,0.25315028961594643,0.17961748891224746
VeryBadlyBald,2026-07-14,early,0.04766238338282257,0.2697525672200974,0.22128286103006903,0.17956593721099634
salomez,2026-07-14,early,0.09398847364148492,0.21997155713077182,0.22467611760602993,0.17954538279276222
EmirhanTarlabasi,2026-07-14,early,0.05702077977897435,0.2412275850429167,0.24026109046711586,0.17950315176300227
Caroexpert,2026-07-14,early,0.06626683728233393,0.2391304510529995,0.23270736033119213,0.17936821622217516
Chill_Out112,2026-07-14,early,0.052549773005982875,0.26214248627204884,0.22288516969463007,0.1791924763242206
monomita,2026-07-14,early,0.0854870675428412,0.21765223409651185,0.2342271160405349,0.1791221392266293
toninhojit,2026-07-14,early,0.07216262110496861,0.2388070664128615,0.22554354688918252,0.17883774480233752
ExcitingTrap,2026-07-14,early,0.04940447182159544,0.2752583409492044,0.21076638579387846,0.17847639952155947
Dmitry_Ponomarev,2026-07-14,early,0.058052082662536475,0.2555858431921524,0.22157373661165636,0.17840388748878175
PositionalPanther,2026-07-14,early,0.07233254895689947,0.2151601149230999,0.24746128661091646,0.17831798349697195
newyorkmouse,2026-07-14,early,0.0754389366537274,0.21070121417793353,0.24711608981820202,0.177752080216621
Dinamo81,2026-07-14,early,0.051637430754991186,0.20543376762160015,0.2755003060666584,0.17752383481441658
the_chess_child,2026-07-14,early,0.09103832178104453,0.20439201181743064,0.2370815874908,0.17750397369642504
EGK_06,2026-07-14,early,0.06089235610029105,0.24219381042574167,0.2293680496462242,0.17748473872408566
small_dragon,2026-07-14,early,0.04874593681927009,0.26047832942836685,0.22270555571488845,0.17730994065417513
BeautiFullMindChess,2026-07-14,early,0.05749832015352811,0.23554046948149332,0.23874433039220164,0.17726104000907436
Harry_Rakkel,2026-07-14,early,0.09572983365331374,0.20322347518340445,0.2322723936420796,0.17707523415959925
ELAREMETR,2026-07-14,early,0.061120983835528817,0.20814136027942717,0.2619191570242718,0.1770605003797426
Chesssplayer21,2026-07-14,early,0.05509023833680419,0.20966556778109618,0.2662088710969337,0.17698822573827802
maurovargas01,2026-07-14,early,0.07400038147346069,0.2512791062331381,0.20469682509891907,0.1766587709351726
suyu28,2026-07-14,early,0.07266815116078851,0.2190927005567722,0.23816956168816145,0.1766434711352407
Albaricoque2,2026-07-14,early,0.056331898735608926,0.20898776250545748,0.26419702392886907,0.17650556172331186
tuongminhcute,2026-07-14,early,0.053437887926836285,0.25562793295101904,0.22023838450511637,0.17643473512765726
gurelediz,2026-07-14,early,0.09039696084169749,0.20516976084471822,0.23354654185092408,0.17637108784577993
KNVB,2026-07-14,early,0.07692404498248963,0.2411226638472072,0.2108007937753953,0.17628250086836403
Mnatsakanyan-Aren2012,2026-07-14,early,0.05339907938017208,0.2079029651069399,0.2674860173331374,0.17626268727341646
MasterBlaster_1111,2026-07-14,early,0.05143451666257213,0.23829652967542697,0.23716845370352427,0.1756331666805078
Toxic_Knight17,2026-07-14,early,0.05792616959246462,0.20213541600518764,0.2664389513975477,0.17550017899839998
Geroinia,2026-07-14,early,0.04956436502216051,0.247228667861659,0.2279153634187008,0.17490279876750678
VincentKeymer,2026-07-14,early,0.07886769934097694,0.19255850738219643,0.253245126062274,0.17489044426181577
AquivaRubinstein,2026-07-14,early,0.06112596688707307,0.20364878969927935,0.25952602107436346,0.17476692588690526
amanjazu,2026-07-14,early,0.07150226190942918,0.21425213333443466,0.23838318263463376,0.17471252595949918
Timerkhanov,2026-07-14,early,0.07654469352648113,0.2142012681431541,0.2324494096896087,0.17439845711974797
Barmen_EV,2026-07-14,early,0.0878510497121039,0.2053659545661785,0.22964374158600498,0.17428691528809578
AlievaSasha,2026-07-14,early,0.05350863754627027,0.21068658869104065,0.258552797546313,0.17424934126120797
GoodOldBell,2026-07-14,early,0.05234114379469147,0.24383073670222563,0.22637748116190845,0.17418312055294186
IngOscarArdila,2026-07-14,early,0.08084008667526797,0.23351786511650935,0.20781003244514923,0.17405599474564218
zoladkowa360,2026-07-14,early,0.07378285016361302,0.1379952796952234,0.3102101490338937,0.17399609296424337
Arimin1329,2026-07-14,early,0.06108970194182556,0.2173312685294935,0.2433984329008892,0.17393980112406945
LeoLV10,2026-07-14,early,0.09077129154100153,0.19708269369185138,0.23392565952302177,0.17392654825195822
GM4life,2026-07-14,early,0.07215023900357677,0.20596074661114835,0.24329551964577947,0.17380216842016818
Laura145vian,2026-07-14,early,0.05491737856249435,0.21483866261725176,0.25155533304065647,0.1737704580734675
GOTY09,2026-07-14,early,0.05087205488484345,0.22964127457483113,0.24017336030142483,0.17356222992036643
M1711,2026-07-14,early,0.06443716753045954,0.22425277394058057,0.23173708027453876,0.17347567391519295
carloseduar100,2026-07-14,early,0.06738345757166951,0.2323057014669366,0.22019836000924184,0.17329583968261597
Ismael-khadour,2026-07-14,early,0.04990154010495764,0.2409773417115409,0.22882785539658973,0.1732355790710294
resha1988,2026-07-14,early,0.07272980264489085,0.21032373330363113,0.2365574470658044,0.17320366100477547
Keeper0416,2026-07-14,early,0.05859127332386746,0.22649778679081126,0.23364702654420974,0.17291202888629617
MokshAD1603,2026-07-14,early,0.057563850653043175,0.23231698274441648,0.22823243979928884,0.17270442439891617
Venemycin,2026-07-14,early,0.05902250047714592,0.19749657128501868,0.2614433368706531,0.1726541362109392
emre_demirbas,2026-07-14,early,0.052090288720811666,0.20880744198863807,0.2570390301292381,0.17264558694622925
Mr_ruthless,2026-07-14,early,0.0915707668306482,0.19491536553070937,0.2312877598938731,0.1725912974184102
WindWhistler11,2026-07-14,early,0.07217053448036535,0.23311743390776493,0.21243937316180384,0.1725757805166447
herewecomes1,2026-07-14,early,0.044895274918142214,0.26631969208493994,0.20643492858169998,0.17254996519492738
Javylavilla,2026-07-14,early,0.06358519073405042,0.23004625419208838,0.22395894109575792,0.17253012867396555
Akhilesh_Nagare,2026-07-14,early,0.050709681402359326,0.2297354023254493,0.23672368511748154,0.17238958961509673
Aleksandar-Topalov,2026-07-14,early,0.08514423505270255,0.20985868677670635,0.2218210106646508,0.17227464416468655
Aural1011,2026-07-14,early,0.053545956929599584,0.23676484484685031,0.22621104848934567,0.1721739500885985
Esa_2009,2026-07-14,early,0.060633993096609044,0.20834085976665084,0.2468864873679732,0.1719537800770777
kreonx,2026-07-14,early,0.07640942095286307,0.19308583399352955,0.24636061099780257,0.17195195531473173
LogicBaba,2026-07-14,early,0.05128964010405784,0.20716127942733514,0.25732788284210534,0.1719262674578328
Pandaguy4000,2026-07-14,early,0.055709737043797364,0.2133877981389629,0.24628320526794592,0.17179358015023538
Sibelephant,2026-07-14,early,0.07051612994011869,0.18856675483730978,0.25612425701755426,0.1717357139316609
ImmJam,2026-07-14,early,0.056333518228149526,0.16580158719444132,0.2924560399239817,0.17153038178219085
Artem_0degov,2026-07-14,early,0.08769889988433997,0.1941997019004278,0.2326272463487303,0.17150861604449938
SantoBlue,2026-07-14,early,0.0809197196573281,0.2090386775225342,0.2245224523917513,0.17149361652387118
Ratami,2026-07-14,early,0.05549654387804286,0.1696745481331216,0.2892540901446381,0.17147506071860086
MANOJ_MISHRA123,2026-07-14,early,0.07696423826171743,0.20963966395349695,0.22776120397523422,0.1714550353968162
LEGENYA1998,2026-07-14,early,0.07586879146643745,0.2070584587103928,0.23129495708350023,0.17140740242011013
Blitzking642,2026-07-14,early,0.06543155115246004,0.221654914638696,0.2271325312170411,0.17140633233606573
KubaGepard,2026-07-14,early,0.0748288464258404,0.20691071123546936,0.232365038333181,0.17136819866483025
vugarrasulov,2026-07-14,early,0.077741116608022,0.19042653210255295,0.24447910231809547,0.17088225034289015
AwareIdea,2026-07-14,early,0.07649177795519922,0.20339909186245408,0.23228614005921547,0.17072566995895624
amin_molaei,2026-07-14,early,0.04792722811422335,0.23929824884252224,0.22439593331819274,0.1705404700916461
ErikRonka,2026-07-14,early,0.07127141690096628,0.2264836166412509,0.21349770325972167,0.1704175789339796
Chernyavsky_A,2026-07-14,early,0.05982664353693862,0.21564456536376528,0.2357084300822727,0.17039321299432553
kyuotbi,2026-07-14,early,0.06763214368524144,0.2143579818834212,0.22889928751304744,0.1702964710272367
KuzubovYuriy,2026-07-14,early,0.05651869595724131,0.23163080450739262,0.22246457237038342,0.1702046909450058
BelaKis,2026-07-14,early,0.05630934530163764,0.2244529987887528,0.22973653705938285,0.1701662937165911
Blitz_Lover1,2026-07-14,early,0.0620109751778684,0.22294528352674092,0.22542486504767847,0.1701270412507626
Logman74,2026-07-14,early,0.07451631726761952,0.2076499952614501,0.2280489945540073,0.17007176902769228
Jojo_898,2026-07-14,early,0.08835389317279727,0.19502536157619477,0.2267967599211432,0.17005867155671175
Schoenbrunn,2026-07-14,early,0.05398904485376515,0.22996915454796057,0.22567231840054214,0.1698768392674226
MrTattaglia,2026-07-14,early,0.0760439144624457,0.2118442269881803,0.221636298628481,0.169841480026369
CanidateMaster,2026-07-14,early,0.054156548721656046,0.1550096499077371,0.30007012298177316,0.16974544053705543
Yohankrokov,2026-07-14,early,0.046972303095433286,0.22170474931416714,0.24042686044081613,0.1697013042834722
MarusyaKholyavko,2026-07-14,early,0.05120407726152883,0.2264584542270632,0.23121382000121685,0.16962545049660296
TheMagician,2026-07-14,early,0.042430735790145876,0.2315567195505551,0.23472520886359832,0.16957088806809975
Rosh1610,2026-07-14,early,0.09359135731035857,0.18649980155229473,0.22834773619734847,0.16947963168666724
Fedoseev-Vladimir,2026-07-14,early,0.07491646319204506,0.15538128653566813,0.27805410774201816,0.1694506191565771
xiaopang123,2026-07-14,early,0.054342918262767145,0.21625238538814767,0.237420867902391,0.16933872385110194
Rutricks,2026-07-14,early,0.07908506297228944,0.2120758257637773,0.21661296158775842,0.16925795010794173
Alexchess1984,2026-07-14,early,0.07411801477430874,0.20802844598255438,0.22560109386901647,0.1692491848752932
yonaltimur,2026-07-14,early,0.07480231916812585,0.20271553796044947,0.22944813448580237,0.16898866387145925
LPhoangquan,2026-07-14,early,0.049732466265922176,0.2411862083922009,0.21602154897517084,0.16898007454443129
ChessBliss09,2026-07-14,early,0.0732636673618061,0.20760145964847754,0.22604122963859502,0.16896878554962624
pfalcon1949,2026-07-14,early,0.07590119504310931,0.21141405601136465,0.21937449622982816,0.1688965824281007
AnaKuchava,2026-07-14,early,0.09068725800758008,0.18124499416112475,0.23472265583300372,0.16888496933390285
Trickster_fam,2026-07-14,early,0.051124456373200323,0.2168512771350675,0.23852236877586852,0.1688327007613788
chessbaerchen,2026-07-14,early,0.05586956614345356,0.2298703016334303,0.22069180640552116,0.1688105580608017
N_I_Chess,2026-07-14,early,0.05400231841891847,0.23129602420270984,0.22103294119055142,0.1687770946040599
Incognito_Knight,2026-07-14,early,0.05251655403559549,0.21137466710889644,0.24218378677223396,0.1686916693055753
Erdnya15,2026-07-14,early,0.07196247203655778,0.20702408492574076,0.22691813819690926,0.16863489838640264
Jeppesen08,2026-07-14,early,0.05127425664609083,0.2357858529219352,0.21876922748725763,0.16860977901842789
ASVZ,2026-07-14,early,0.05793930392083998,0.19654842032229652,0.2512907081640171,0.16859281080238453
Willhaven3,2026-07-14,early,0.049166607996426505,0.2158998624563138,0.24033919146793317,0.16846855397355784
AttilaTurzo,2026-07-14,early,0.08406916278293672,0.20041763323813258,0.22083710997569575,0.16844130199892168
VladShere,2026-07-14,early,0.049173642085803715,0.2237468447999193,0.23232949838206587,0.16841666175592962
AaravDenglaOfficial,2026-07-14,early,0.048502667033739275,0.20455362858319096,0.2520471482580301,0.16836781462498676
RedFirePanda,2026-07-14,early,0.0647099946634007,0.2089168641287416,0.23127832296773018,0.16830172725329084
CristianS27,2026-07-14,early,0.07452447749164533,0.19934440112018526,0.2310315451716639,0.1683001412611648
NovozhilovSemen,2026-07-14,early,0.06188647786246207,0.2219685261126813,0.22100262907490031,0.1682858776833479
GalaxyRoman,2026-07-14,early,0.06762730285491222,0.20869585770164661,0.22844819931200003,0.16825711995618628
Roman_0202,2026-07-14,early,0.04400319616302932,0.2562211960921832,0.20433814394093808,0.16818751206538352
giomar27,2026-07-14,early,0.05997989138793903,0.21469714662256148,0.22974424265533547,0.168140426888612
PapaieDudu,2026-07-14,early,0.061224032196804085,0.20638620565925025,0.23671632332492518,0.16810885372699316
Gunner214,2026-07-14,early,0.0573396465552671,0.1989003373164882,0.24807225468014366,0.16810407951729966
allblacksGOAT,2026-07-14,early,0.05433150709672603,0.18037349532571634,0.26930122664232636,0.1680020763549229
agustinwyatt,2026-07-14,early,0.053076163985050155,0.16511474657142086,0.28561557186263437,0.1679354941397018
the_blue_pill,2026-07-14,early,0.06359328860539741,0.1927997650111933,0.2469660544843734,0.16778636936698801
Adnan_Habib,2026-07-14,early,0.049034098830799004,0.23580116033447573,0.21843084286502343,0.16775536734343274
TimofeevAr,2026-07-14,early,0.07333410839518818,0.20306319783505133,0.22637503548086615,0.16759078057036855
ChessAdvanceUSA,2026-07-14,early,0.05859404344900481,0.22565781642935062,0.2183299577863766,0.1675272725549107
tacticthunder,2026-07-14,early,0.05305717998384184,0.22276583178985274,0.22658415461558068,0.16746905546309176
Chessmissile07,2026-07-14,early,0.09400677395765338,0.1827389576371559,0.2256496871052518,0.167465139566687
GaalZsoka,2026-07-14,early,0.05283345146660307,0.22658941691557002,0.22274656449642286,0.16738981095953198
mr_gustavo,2026-07-14,early,0.08604509814669163,0.2007203867355705,0.21527565310873886,0.16734704599700034
madmax011,2026-07-14,early,0.08957898848364329,0.19383057587288144,0.21860943581638945,0.16733966672430475
ketster,2026-07-14,early,0.09072258170119529,0.18670305453097719,0.2244984717228882,0.16730803598502023
ChristianArca,2026-07-14,early,0.05887144718829723,0.21563792321519196,0.2270012208930091,0.16717019709883277
ValentinDragnev,2026-07-14,early,0.07012988753845521,0.20249174617505822,0.22878689171848188,0.16713617514399845
KanseiMigatte,2026-07-14,early,0.05145289425679164,0.2153065057717292,0.2345633294219743,0.1671075764834984
deepfear,2026-07-14,early,0.05211957271147946,0.2105892569370422,0.23824862447764056,0.16698581804205406
maciek_92,2026-07-14,early,0.07933180877440126,0.1998722927458035,0.22153381483969262,0.16691263878663246
emeli_chess,2026-07-14,early,0.08871107060798471,0.1957189762301325,0.21617546993542416,0.16686850559118047
AljoschaFeuerstack,2026-07-14,early,0.05318915790714677,0.2285365204966086,0.218446353095074,0.1667240104996098
levallem,2026-07-14,early,0.07547276028568899,0.19466692540523597,0.22983493699582677,0.16665820756225058
konradrutkowski,2026-07-14,early,0.05198839844105055,0.22268862810626255,0.22510839964926518,0.1665951420655261
Sychev_Klementy,2026-07-14,early,0.07838571866351245,0.19551332017532436,0.22584181891053556,0.16658028591645746
Bigfish1995,2026-07-14,early,0.09314315170664211,0.18234511641274245,0.22403427475898266,0.16650751429278907
ATM622,2026-07-14,early,0.0705222574338888,0.22553716911098926,0.20320522925688664,0.16642155193392158
tteshan,2026-07-14,early,0.06815361608690339,0.21586598101653898,0.21488529371825255,0.1663016302738983
AlexanderKing,2026-07-14,early,0.07031497049675065,0.19702010516489807,0.23151421486804274,0.16628309684323048
JiaHaoxiang,2026-07-14,early,0.0737045303092014,0.19598226581322653,0.229028633833263,0.16623847665189698
dzhumagaliev,2026-07-14,early,0.06660206520629718,0.1975825790978244,0.23372876819972618,0.1659711375012826
valik3504,2026-07-14,early,0.06425640692080128,0.21060821250134976,0.22297305738646445,0.1659458922695385
SashaKuzhilniy,2026-07-14,early,0.07373633130712245,0.19616251429735082,0.22791232399982153,0.16593705653476495
ecwinslow,2026-07-14,early,0.05373549753982477,0.21406321330572417,0.22993014851630852,0.16590961978728583
NeonNinja73,2026-07-14,early,0.06943401222619851,0.19746612610046432,0.2307520785678855,0.16588407229818278
EvgenyBurmakin,2026-07-14,early,0.06972619347614563,0.1984734138249263,0.22919480678404194,0.1657981380283713
jasrom,2026-07-14,early,0.07414211625644312,0.19483102252359547,0.22821033110973443,0.165727823296591
UK_23,2026-07-14,early,0.07950415377356126,0.2017084254136007,0.21594095722418413,0.16571784547044868
nikitakhoroshev,2026-07-14,early,0.07315250637896115,0.19116530727162717,0.23236914942940054,0.16556232102666293
24pablo209,2026-07-14,early,0.04538337594042014,0.22398776109936946,0.22710863314250107,0.16549325672743023
PeshkaCh,2026-07-14,early,0.08493950932198537,0.17466081373591025,0.23651181890941372,0.1653707139891031
geminithegreat,2026-07-14,early,0.07150626072116402,0.19600923923111405,0.22818245109979277,0.16523265035069026
Smoking_Crow,2026-07-14,early,0.05070407591754087,0.21178599018194566,0.23295775729896206,0.16514927446614955
pinelone,2026-07-14,early,0.06254520450763304,0.22481118749670573,0.20706483069264187,0.16480707423232688
dannyings83972,2026-07-14,early,0.0501718165950607,0.22993510242895202,0.21397176514674374,0.1646928947235855
lordplayer64,2026-07-14,early,0.05345335324184724,0.19453586878047865,0.24607104684518724,0.16468675628917104
DianaMirza,2026-07-14,early,0.05596138251444117,0.21877021483129516,0.2192590275050188,0.16466354161691837
Sychev_on_YouTube,2026-07-14,early,0.07360015623832453,0.19118299565912816,0.22885801816197662,0.16454705668647643
Pintacara,2026-07-14,early,0.05264658941129531,0.2062889483063355,0.23451052171160622,0.16448201980974567
alvarorodriguezavila,2026-07-14,early,0.07027943747831765,0.19278599634018498,0.23035088472251844,0.16447210618034036
WPWPWP-2015,2026-07-14,early,0.08577322499129197,0.20250582188372018,0.2050725770651919,0.16445054131340134
Epica11,2026-07-14,early,0.048371641321688835,0.2080109980467239,0.23674862895310406,0.1643770894405056
biostatistician,2026-07-14,early,0.09195279918078021,0.1947736737609105,0.20604831965977474,0.1642582642004885
JaloliddinIlkhomi,2026-07-14,early,0.08615487210664573,0.17470557939721082,0.23185460393761928,0.1642383518138253
TenguundalaiGanbat,2026-07-14,early,0.05295932073204289,0.202000668306954,0.23773562009958935,0.16423186971286208
SAInt_666,2026-07-14,early,0.0719355472609896,0.18178518589605444,0.23846055062700622,0.16406042792801676
BillCoe,2026-07-14,early,0.05646277361685677,0.19406167950628914,0.2414686962615294,0.16399771646155845
luckyswitchback,2026-07-14,early,0.0672804602023929,0.19418111986097203,0.2304280117654786,0.1639631972762812
LLariMarc,2026-07-14,early,0.06645926754363267,0.20324441130861723,0.22210620782584686,0.16393662889269892
lagunanivaria,2026-07-14,early,0.06735768052246291,0.19452500553652136,0.2296917782017268,0.16385815475357035
Masterbeaterr,2026-07-14,early,0.07099396715669343,0.19061629992365853,0.22967977400723247,0.16376334702919482
Pakarma,2026-07-14,early,0.07378327585808914,0.18866182541082202,0.2287810356100474,0.16374204562631953
Antoni_Radzimski,2026-07-14,early,0.06353551667162287,0.17494967227808564,0.25271773624432226,0.16373430839801026
TomLiu777,2026-07-14,early,0.07807946100428802,0.18769470926158666,0.22541485558120322,0.1637296752823593
The_Sherman_Variation,2026-07-14,early,0.06058189051294251,0.2067145001835265,0.2238609158791271,0.16371910219186536
Chellyart,2026-07-14,early,0.05335503203841256,0.15128887850666872,0.28650582011647957,0.16371657688718697
Ramu_K_FM_FT,2026-07-14,early,0.05412067203779217,0.18926655565240347,0.24673265887930743,0.16337329552316768
Freeeeeeeeeeeeeeeeee,2026-07-14,early,0.05575996111513178,0.17542055097228448,0.25783572958859574,0.163005413892004
angamat,2026-07-14,early,0.052346919987999584,0.17854829975780068,0.2576928175776988,0.16286267910783303
Hope_6,2026-07-14,early,0.0707343661577095,0.1897756342248389,0.2276623618930967,0.16272412075854836
SadigMammadov_003,2026-07-14,early,0.04880010202953154,0.22220337165706353,0.21715286032019246,0.1627187780022625
patzerplay,2026-07-14,early,0.04776429317239401,0.17865505886030197,0.2614526625570733,0.16262400486325643
FMalexhdez,2026-07-14,early,0.07184510859496283,0.19554597083717631,0.22046688247692608,0.16261932063635506
ReadySkate,2026-07-14,early,0.07674955533953139,0.18538440855580737,0.22502514260584455,0.16238636883372778
Anish_Gandhi,2026-07-14,early,0.054971042438895,0.21461032636271632,0.21717209059320758,0.1622511531316063
Sofia_Blokhin,2026-07-14,early,0.07991912728175676,0.17626182751434089,0.23021456082466124,0.16213183854025295
Rakitic2010,2026-07-14,early,0.05292637372078212,0.19483183627112297,0.23824237353659491,0.1620001945095
Igor_Lysyj,2026-07-14,early,0.052097369442863604,0.19067403558275348,0.2428981794989187,0.1618898615081786
abelmat,2026-07-14,early,0.07508154897267844,0.18022540423724043,0.23022173217087918,0.1618428951269327
FischerKasparow,2026-07-14,early,0.0752709504593749,0.18161776676150984,0.22857304518580715,0.1618205874688973
tungquannguyen,2026-07-14,early,0.05310739512197441,0.16456332655448933,0.2677586825227245,0.16180980139972942
wejbimoo,2026-07-14,early,0.04436506151988396,0.23652415452352016,0.20432944624081947,0.1617395540947412
AniJak,2026-07-14,early,0.06998394630554228,0.18499265874580254,0.23023476889585268,0.16173712464906584
Journey_to_GrandMaster_YT,2026-07-14,early,0.06718409282206995,0.1985925584331527,0.21940567513691211,0.16172744213071158
Quattroporte300,2026-07-14,early,0.083013269223457,0.18593164555191907,0.2161360253240465,0.16169364669980754
lefonghua,2026-07-14,early,0.07575385927399264,0.17941439595559086,0.22961945107422868,0.16159590210127073
Kostya0705,2026-07-14,early,0.0702697526372152,0.19607171809454074,0.21761675609463318,0.1613194089421297
Ural_bogatyr,2026-07-14,early,0.07553522595508326,0.18288433085994973,0.22549547826125305,0.16130501169209535
Maluco_do_Natal_00,2026-07-14,early,0.05558317865302105,0.2159446367795928,0.21184872911752092,0.16112551485004492
Alonmindlin,2026-07-14,early,0.06620023920219047,0.1800831908416807,0.2370449031963851,0.16110944441341876
NiranjanNavalgund,2026-07-14,early,0.054456988977088186,0.21220308747990818,0.2166638501777674,0.16110797554492126
SHIVACalypso,2026-07-14,early,0.07933027373793883,0.19132927772067507,0.2125958424827707,0.16108513131379484
Deenzerz,2026-07-14,early,0.059826556972219336,0.2076739558700047,0.21530498198746012,0.16093516494322804
googlegoom,2026-07-14,early,0.0667086031852991,0.19463750413443157,0.2211657262356043,0.16083727785177834
ulises2013,2026-07-14,early,0.07338304642171531,0.18306608452178594,0.2260618669055287,0.16083699928300998
DonMicheleCorleone,2026-07-14,early,0.05571230940322869,0.20853816109454068,0.21789278221533195,0.16071441757103377
zimmm36,2026-07-14,early,0.07753356921959413,0.18481576328331856,0.21978614845517788,0.16071182698603018
stratacticos,2026-07-14,early,0.07462724729849944,0.18888747194455047,0.2182257560372498,0.16058015842676657
aanshnerurkar,2026-07-14,early,0.0632367633926168,0.19464640106047804,0.2235778351072078,0.1604869998534342
AA95,2026-07-14,early,0.05051353595071507,0.22292182926344956,0.207874838931484,0.16043673471521622
Adam4757,2026-07-14,early,0.04592890291628872,0.224508744082861,0.2107460443978332,0.1603945637989943
Latinachess,2026-07-14,early,0.04711757040141063,0.22939855588734553,0.2046304558167205,0.16038219403515888
lacafi,2026-07-14,early,0.06345383344049686,0.20321299116837124,0.21431632742633025,0.16032771734506612
jeetjain,2026-07-14,early,0.07934626548393586,0.1801679424464995,0.22125078452740637,0.16025499748594724
adreyd,2026-07-14,early,0.06570673902485842,0.18945088400419802,0.22547032866938,0.16020931723281215
EddieMarsalla,2026-07-14,early,0.062485116194922315,0.19313955123947488,0.2246952454850851,0.16010663763982744
chegueps,2026-07-14,early,0.054732889457843825,0.1872885852084122,0.23815082429841092,0.1600574329882223
Yerkinio,2026-07-14,early,0.05879791446468093,0.19845953074728287,0.22277461868179457,0.16001068796458615
supereagles1201,2026-07-14,early,0.05645311729245773,0.2063191484000091,0.2172554274382178,0.16000923104356155
xiaotong2008,2026-07-14,early,0.06309459185912328,0.19935732597302608,0.21737453129070855,0.1599421497076193
GMdj77,2026-07-14,early,0.05504375548799641,0.18867996224164243,0.23556385782079675,0.15976252518347853
SmirnovAlexandrA,2026-07-14,early,0.07097578013247668,0.18186559695786678,0.22643768831604738,0.15975968846879696
Ariadna_Atreides,2026-07-14,early,0.07655932192271193,0.1820423987376408,0.22067400094435136,0.1597585738682347
C_K_G,2026-07-14,early,0.08792334802368625,0.17695463475851872,0.21412442931691542,0.1596674706997068
SchachmattTV_Daniel,2026-07-14,early,0.04829615774618276,0.21396297556226002,0.21658939488646367,0.1596161760649688
gm_rashid,2026-07-14,early,0.07869450916388085,0.16785522034107273,0.2322370888666307,0.15959560612386142
Unfazed7777,2026-07-14,early,0.0647429152254115,0.18781448164979145,0.2259937670850652,0.15951705465342272
GoltsevDmitry2000,2026-07-14,early,0.0938597340447288,0.18051756336298921,0.20368920613458882,0.15935550118076894
Politov_Pavel,2026-07-14,early,0.06369102630125012,0.19441750382414866,0.2196434876623323,0.1592506725959104
ChelsieMonica,2026-07-14,early,0.04671228140582516,0.21875027827709345,0.21193433302664172,0.15913229756985345
Aiaru-01,2026-07-14,early,0.0639542659392477,0.19091220777344933,0.22236943857754546,0.15907863743008085
Kingswhite2008,2026-07-14,early,0.06668448574762023,0.18497184355960455,0.2254916362993037,0.15904932186884282
Elsa167,2026-07-14,early,0.13957578767066786,0.13948226968257751,0.19787133248063668,0.1589764632779607
DonCiao,2026-07-14,early,0.06758286121807335,0.18723975760564596,0.2218982057999737,0.158906941541231
Flaccidmoves,2026-07-14,early,0.07804311657443709,0.18391607095015547,0.2146001946291542,0.15885312738458227
Nayemhaque22,2026-07-14,early,0.05505058909362881,0.2050064595883188,0.2164093963374249,0.15882214833979083
genarovsky,2026-07-14,early,0.10543013904326026,0.17225520971382074,0.19872125544013153,0.15880220139907084
Happy1712Drummer,2026-07-14,early,0.07010593880599082,0.17676693374876967,0.22942038892553826,0.1587644204934329
KnightmareJoker,2026-07-14,early,0.0788786027831154,0.16776307760419812,0.2294655104446184,0.1587023969439773
ChessMaster2011_1,2026-07-14,early,0.062986208752112,0.19752440477390398,0.21518999971531927,0.1585668710804451
Twitch_ElhamBlitz05,2026-07-14,early,0.0889599091455227,0.16462013247696583,0.22198714430978905,0.1585223953107592
NewPlayerOrIsHe,2026-07-14,early,0.04843685744343102,0.20730460892004623,0.21981916471272173,0.158520210358733
2KTNGO,2026-07-14,early,0.06924003501020182,0.17794474406467264,0.2282183059077881,0.15846769499422086
BashirovKemal,2026-07-14,early,0.06569354196059903,0.18676896000679447,0.22278363910613094,0.1584153803578415
Vse_po_kaify,2026-07-14,early,0.06960125021297009,0.17571602776180859,0.22978532140401786,0.1583675331262655
Mikhail_Golubev,2026-07-14,early,0.08939069009743626,0.1659661367580435,0.21924307475003893,0.15819996720183957
ramitalab,2026-07-14,early,0.05155885340057656,0.16025660020577773,0.262766208994706,0.15819388753368677
Kezin_Roman,2026-07-14,early,0.07556884078054461,0.18242993642799407,0.2164671536593088,0.1581553102892825
GeorgMeier,2026-07-14,early,0.05568413083644949,0.15945811175037583,0.2592811832422079,0.15814114194301107
Willi_Skibbe,2026-07-14,early,0.05874754067476563,0.19804855659105078,0.2175156939950876,0.15810393042030135
NicolaiMaxime,2026-07-14,early,0.05981309115776106,0.19180519491106673,0.2224388745752588,0.15801905354802886
itsdsyr,2026-07-14,early,0.07934278565210733,0.1682461208629914,0.2262475847399072,0.15794549708500197
masterofpuppets2,2026-07-14,early,0.06968051355069804,0.17628570243758918,0.22778579632363483,0.15791733743730735
IMchanged,2026-07-14,early,0.07126571495538483,0.18289974783192783,0.21948102836842678,0.1578821637185798
NM_Antelacus,2026-07-14,early,0.07521066015712467,0.17034901137984043,0.228008715526545,0.15785612902117005
Iulian22,2026-07-14,early,0.06009675692705252,0.1908078124133093,0.22261772127971524,0.15784076354002569
Juan-Jose-Taylor-Rodrigue,2026-07-14,early,0.06005177859813154,0.19180576213578202,0.22165947963467686,0.15783900678953014
dealshark,2026-07-14,early,0.07137649707659825,0.1768867158775894,0.22506911690325856,0.15777744328581542
StormStrategist,2026-07-14,early,0.048072795217493344,0.17428751452502061,0.2506562709959088,0.15767219357947426
Noname372k,2026-07-14,early,0.052602681223003156,0.18974258048490605,0.2305570070372826,0.1576340895817306
chessburger_tv,2026-07-14,early,0.06316117207752883,0.18375923408877207,0.2259294767831647,0.15761662764982187
Boxerandchessplayer,2026-07-14,early,0.06419819266540396,0.1885003271754704,0.22000056465721773,0.15756636149936404
soniahris,2026-07-14,early,0.04138087383858577,0.22494894835883705,0.20611776405385335,0.1574825287504254
DivyaDeshmukh23,2026-07-14,early,0.03950057708585979,0.2421768724036329,0.19074132122085877,0.15747292357011713
isaks,2026-07-14,early,0.04807054213534558,0.21268045533837404,0.21156317517194964,0.15743805754855641
Lucsd,2026-07-14,early,0.06597303262224108,0.15797855316694293,0.24835401577305113,0.15743520052074503
Ergali_Suleimen,2026-07-14,early,0.06357936314271471,0.1865539225304245,0.22202122173153374,0.15738483580155763
obliviate12,2026-07-14,early,0.044346052993136216,0.2188695955362169,0.20888737862975568,0.15736767571970292
Trendle,2026-07-14,early,0.06623400892924586,0.1792820386988015,0.22647718923898105,0.15733107895567613
Drstrange2015,2026-07-14,early,0.06382968284749752,0.1919460646564791,0.21557262630305066,0.1571161246023424
eagleclaw07,2026-07-14,early,0.06847420330526661,0.17659281472597615,0.22621947528035766,0.15709549777053347
TokChess,2026-07-14,early,0.06597118324601346,0.1869353237763833,0.21822731349195768,0.15704460683811813
myburger,2026-07-14,early,0.05907584887229422,0.19347403979348907,0.2185323408431123,0.15702740983629854
jacky72,2026-07-14,early,0.07735633219297958,0.1628780232159812,0.23082696840696287,0.15702044127197454
ab-lsv,2026-07-14,early,0.06412102893702969,0.18573532418685948,0.22109235639406152,0.1569829031726502
I-have-no-rizz,2026-07-14,early,0.04521947327239698,0.21961942495012557,0.2058016207398513,0.15688017298745796
marcocordeiro2013,2026-07-14,early,0.06607511956177904,0.1795126350677383,0.22488864962548408,0.15682546808500045
MVM2008,2026-07-14,early,0.07574786117237056,0.16600222150325267,0.22860147466662067,0.15678385244741463
cycygogne,2026-07-14,early,0.06548938080632681,0.18119805792620908,0.22363133697695248,0.15677292523649614
JoachimMouhamad,2026-07-14,early,0.06304911181213908,0.1895863442167047,0.21768256230273672,0.1567726727771935
Vahan,2026-07-14,early,0.05995023480719127,0.18099351506304343,0.22911248858198796,0.15668541281740755
SpongeBob_03,2026-07-14,early,0.07249003312821008,0.1680985560570311,0.22920622952649453,0.1565982729039119
TigrVShlyape,2026-07-14,early,0.10971401714338837,0.1582872552321101,0.20176771310648095,0.15658966182732648
Skatchkov_V,2026-07-14,early,0.06338714174806966,0.1849307497548073,0.2212789575285552,0.1565322830104774
Guldona_2007,2026-07-14,early,0.0679486679505187,0.17748959887843033,0.2239005993861695,0.15644628873837285
Goryachkina,2026-07-14,early,0.06580506759290648,0.1909368398530682,0.21241818201973758,0.15638669648857076
Fantom2007,2026-07-14,early,0.05050903465475809,0.15247599354822083,0.26607873584039227,0.15635458801445706
chessmachine14,2026-07-14,early,0.058079697249843694,0.18829592255269478,0.22247537987305868,0.1562836665585324
Aminazinas,2026-07-14,early,0.044825778461685145,0.2069673946446918,0.21689536374842366,0.15622951228493354
Kgli1m,2026-07-14,early,0.05105932386493965,0.19752267492724307,0.2200654067204442,0.15621580183754233
Chessdreamer2020,2026-07-14,early,0.06894476177442606,0.18110788045967438,0.2185850461078614,0.15621256278065396
atalz0,2026-07-14,early,0.07266364547846833,0.17465855788674356,0.22101464488812378,0.15611228275111189
urano56,2026-07-14,early,0.05080536978725838,0.1960938136830443,0.2209443847450736,0.1559478560717921
Stanbad1,2026-07-14,early,0.0541273312491977,0.1935902221458959,0.22005470167385144,0.1559240850229817
Viacheslav92,2026-07-14,early,0.07216056727208112,0.16364528570675682,0.23181751442336856,0.1558744558007355
igorkovalenko,2026-07-14,early,0.06987410232829153,0.17353727794808094,0.22411107413698303,0.15584081813778516
PakMaster,2026-07-14,early,0.03958721549387652,0.23910216072175508,0.18874707023727907,0.15581214881763691
DarkPassenger007,2026-07-14,early,0.04978097923517267,0.21127307215526878,0.20610833132033346,0.15572079423692498
yobdc,2026-07-14,early,0.06832358161818208,0.1880877531133505,0.2106802598816443,0.1556971982043923
grunbergmihai,2026-07-14,early,0.0650852978270054,0.18052785360226625,0.22146315941904274,0.15569210361610478
ylr5000,2026-07-14,early,0.05105826794292582,0.1987872263273117,0.2172025802029753,0.15568269149107095
kleinebeer98,2026-07-14,early,0.07697341895407343,0.17448414518738997,0.21558950973116991,0.15568235795754445
LimeInTheCoconut,2026-07-14,early,0.06022537506806608,0.18735506946856897,0.21945601697488065,0.15567882050383855
Barbus89,2026-07-14,early,0.06961137409906558,0.16792470181389432,0.2294134472462428,0.15564984105306756
Triumphmate,2026-07-14,early,0.08894035490471708,0.14812039119701634,0.2297730046577797,0.15561125025317105
M4444710,2026-07-14,early,0.05470134425629812,0.1955286259284562,0.21657243309859825,0.15560080109445087
Midgardsormur,2026-07-14,early,0.05683601486569462,0.19517772590717783,0.21462775893407923,0.1555471665689839
Mihajlovskij,2026-07-14,early,0.07082274771636413,0.16909600870953165,0.22668341674101156,0.15553405772230244
ChawitAp,2026-07-14,early,0.04499162335314738,0.2215780151267677,0.20001123630842663,0.1555269582627806
vladislavkovalev,2026-07-14,early,0.06641698499263973,0.1862392827747547,0.2138763162322816,0.15551086133322536
inagreV,2026-07-14,early,0.08097871410904033,0.16360878876089827,0.2217255444933221,0.15543768245442022
honestgames,2026-07-14,early,0.05514685767174539,0.19839851353113594,0.2127558846000499,0.15543375193431042
dirk_da_player,2026-07-14,early,0.059022939625550594,0.1882517808289988,0.21895906322480943,0.15541126122645296
kidagent,2026-07-14,early,0.071931579459069,0.17250701706313323,0.22162769760465628,0.1553554313756195
erugee,2026-07-14,early,0.06827230384739776,0.1727631028213603,0.22446975512314757,0.15516838726396853
VAT55,2026-07-14,early,0.06526683052020871,0.18380193012074428,0.216249605761617,0.15510612213418998
champion0403,2026-07-14,early,0.048942954227783976,0.15799665122200127,0.2582903740329965,0.15507665982759392
Maftuna2303,2026-07-14,early,0.060726949971509334,0.19004507310633356,0.21436446551504296,0.1550454961976286
Barbix1,2026-07-14,early,0.06832013611149118,0.16983382956440757,0.22693113046718938,0.15502836538102938
H3nriqueTV,2026-07-14,early,0.054647316032487424,0.1999039901776822,0.21020510625728542,0.15491880415581835
gross-aleks,2026-07-14,early,0.06744741750810263,0.1817327689644491,0.21552567242008,0.15490195296421058
Kovalchuk94,2026-07-14,early,0.04394242938623828,0.2223029814620559,0.19820476020762764,0.15481672368530727
FMStan15,2026-07-14,early,0.06600745751654341,0.18325669579554232,0.21513543919238784,0.15479986416815786
Maria-Anistoroaei,2026-07-14,early,0.05190214307586441,0.16220092250537252,0.24992402752668255,0.1546756977026398
Ferenc83,2026-07-14,early,0.06387654024145463,0.17343347245852028,0.22658265609759154,0.15463088959918883
Acva-Alenok,2026-07-14,early,0.06786341667164261,0.17010645050026707,0.22589585034390033,0.15462190583860333
ama18,2026-07-14,early,0.07237828446730228,0.1595259069976627,0.23194344060798486,0.15461587735764995
Kopytkin,2026-07-14,early,0.07356492415177082,0.17974003944889805,0.2103958661368081,0.15456694324582568
ALCHESSCHAMPION,2026-07-14,early,0.05020464925486781,0.18723714863728796,0.2262319298995542,0.15455790926390334
penguingm1,2026-07-14,early,0.07825986293324085,0.17355611345187452,0.2118178695456789,0.15454461531026475
Daffidollchess2,2026-07-14,early,0.04857824847461194,0.2039004684535268,0.21115308769463162,0.15454393487425677
dennisodessa,2026-07-14,early,0.07046738613042551,0.18600032836251337,0.20714099186854143,0.15453623545382678
JavierRuizVazquez,2026-07-14,early,0.055011549587056195,0.20051916938659764,0.2077839509768066,0.15443822331682014
smilingice,2026-07-14,early,0.06978891855051925,0.17677869646122277,0.2165903937662658,0.1543860029260026
Bauman_Guy,2026-07-14,early,0.07143870798891395,0.17890836982529668,0.21280485495221332,0.15438397758880798
Muslim_player_05,2026-07-14,early,0.05518744457130481,0.19133320051896138,0.2163933966901537,0.1543046805934733
BashiqChess,2026-07-14,early,0.061301471896615264,0.1808292321825142,0.22075162924414574,0.1542941111077584
wgraif,2026-07-14,early,0.03919479429709895,0.20580251451654646,0.21788178214157708,0.1542930303184075
Zohid6,2026-07-14,early,0.0692299020286497,0.16774644156800433,0.2258278213571266,0.15426805498459353
patmat123456,2026-07-14,early,0.05596544381278839,0.16234588173232273,0.24401120664898238,0.1541075107313645
Aswathchess,2026-07-14,early,0.061557202950141846,0.1783017252744712,0.22238555996077833,0.1540814960617971
Weifd,2026-07-14,early,0.05258377300787393,0.19988194650765947,0.20970593734977672,0.15405721895510338
Genghis_K,2026-07-14,early,0.058988995826032176,0.19224273985722676,0.21075960627490922,0.15399711398605606
sergeikim,2026-07-14,early,0.08856831818467555,0.1643886230802556,0.20865562769569584,0.153870856320209
minisim,2026-07-14,early,0.05012397572217592,0.19425860431782657,0.2170043477319606,0.15379564259065437
HouseOfDurin,2026-07-14,early,0.06921853675516516,0.18293744931086484,0.20920563326359304,0.15378720644320767
Al_Shima,2026-07-14,early,0.06722550664563025,0.17024886064195843,0.22382298563347117,0.15376578430701995
VladimirKramnik,2026-07-14,early,0.0683520473716936,0.1719052892116445,0.2209941051271319,0.15375048057015667
tusplingher,2026-07-14,early,0.06609436954840778,0.17137330143821916,0.22375415223336453,0.15374060773999718
Tsyhanchuk_Stanislav,2026-07-14,early,0.07531640647987355,0.1673948341548683,0.21849711903165148,0.1537361198887978
noblerone,2026-07-14,early,0.09278146734717281,0.14069453001243587,0.2277263283073334,0.15373410855564737
xh4823,2026-07-14,early,0.05992673499973401,0.18458241020501323,0.2165263613474769,0.15367850218407472
rubicapa,2026-07-14,early,0.05374930721427632,0.19531280326051315,0.21184045232829007,0.1536341876010265
Moiphatlakanyi,2026-07-14,early,0.047411601723549766,0.20725661033930026,0.20614636836061584,0.1536048601411553
HATilay,2026-07-14,early,0.07792388395715436,0.16148822806212101,0.2212135410878782,0.15354188436905117
Srisshhhtea,2026-07-14,early,0.06201785742496512,0.17581560044988812,0.22273364083325692,0.15352236623603674
DevikBronstein,2026-07-14,early,0.049498755283287905,0.199417811459953,0.21157139964034183,0.15349598879452755
ViralduS,2026-07-14,early,0.06755620643008238,0.1780115158090767,0.21487167570437507,0.1534797993145114
Likvidator228,2026-07-14,early,0.06341191881551135,0.18258852104745563,0.2144035345416553,0.15346799146820744
NovoselovRoman,2026-07-14,early,0.07096736030531893,0.16517270172318718,0.22380345168603477,0.15331450457151363
handsoffhans,2026-07-14,early,0.046666768917104695,0.20493053445223441,0.2081540657305292,0.15325045636662277
Mattheii,2026-07-14,early,0.05282118741249768,0.17451224212439945,0.23240064272637556,0.15324469075442423
HunterBRR,2026-07-14,early,0.04486837195398592,0.2203825708225023,0.1944226717334808,0.15322453816998968
Chernov_Alexander_A,2026-07-14,early,0.06437419404104847,0.17522204124810775,0.21990722055045642,0.1531678186132042
Gameking51,2026-07-14,early,0.0515957981441378,0.19798864396533947,0.2094957829959913,0.15302674170182287
invisible_s0ul,2026-07-14,early,0.06624155313018115,0.1747967923219543,0.21801030195126997,0.15301621580113514
aistrel,2026-07-14,early,0.05693221124547904,0.18337631637912152,0.21841678569216857,0.15290843777225638
Skapo_1190,2026-07-14,early,0.04959245531016678,0.14862205736351677,0.26021489471484793,0.15280980246284384
NitishArun,2026-07-14,early,0.05141831938257887,0.16588666795315707,0.2410356249004523,0.15278020407872941
Artemiki,2026-07-14,early,0.06702104564558815,0.1787413136009204,0.21252527413886987,0.15276254446179283
Puzzlebot_1294,2026-07-14,early,0.06030577700554321,0.17192003910914944,0.22604346925992974,0.15275642845820747
babyking1205,2026-07-14,early,0.06839532595627644,0.1723261903734091,0.2174990927363637,0.1527402030220164
Arnaking20,2026-07-14,early,0.04842013854509353,0.17731396686544476,0.23246522881110185,0.15273311140721338
zozik,2026-07-14,early,0.06572704402977113,0.17479497825159498,0.21766527280501438,0.1527290983621268
Roman_Ovetchkin,2026-07-14,early,0.07139022490769836,0.15348521220278147,0.2331445787395074,0.1526733386166624
Mysterio47,2026-07-14,early,0.0669061486200067,0.15794892471540362,0.23296122424932744,0.1526054325282459
meotintin,2026-07-14,early,0.049385004347468314,0.17000919179896032,0.23821464576890217,0.1525362806384436
Arlo2024,2026-07-14,early,0.0597482084708948,0.18148957829905726,0.21614238128731014,0.1524600560190874
ActorXu,2026-07-14,early,0.07962157623338362,0.1420207914591727,0.23563936767033564,0.15242724512096398
FLYD,2026-07-14,early,0.08003713037153876,0.15484182015014217,0.2221175207961369,0.15233215710593928
Duong57,2026-07-14,early,0.05531971158091121,0.187182997996619,0.21383830585855904,0.15211367181202975
Srawberryfields,2026-07-14,early,0.04632928809637098,0.2039271691172439,0.20606719915817387,0.15210788545726292
JaackCamel,2026-07-14,early,0.12854159972659282,0.13729391196056587,0.1904338389991021,0.15208978356208694
bbartekk,2026-07-14,early,0.049733426884845194,0.18945885893171346,0.21681324185773168,0.1520018425580968
Slovak_fighter2000,2026-07-14,early,0.07855671539225152,0.17753212284973663,0.19971289845393966,0.15193391223197594
SARGISMV,2026-07-14,early,0.06862130353572618,0.15916523501226032,0.22772708628133415,0.15183787494310688
tactic,2026-07-14,early,0.04375060533598543,0.19759082351896284,0.21414182646048385,0.1518277517718107
mortngabriel,2026-07-14,early,0.08213490394935834,0.15990949040677288,0.2133100288398971,0.15178480773200945
ChessFanNM,2026-07-14,early,0.06983275671103886,0.16440565501039456,0.2210137171650602,0.1517507096288312
Ginzburg_Yakov,2026-07-14,early,0.07127779619152326,0.15906336060028195,0.22485786348291456,0.15173300675823995
Me_ch_an,2026-07-14,early,0.07051859503549505,0.16722911858052114,0.21744634484599254,0.1517313528206696
ChessboArt,2026-07-14,early,0.06538217957415018,0.16718596534875668,0.22233320004295826,0.15163378165528837
Azatic,2026-07-14,early,0.06684963797253031,0.15471516012072772,0.2331277860470111,0.15156419471342306
deribas12345,2026-07-14,early,0.07959471963421631,0.14922972542967639,0.22549526422344637,0.1514399030957797
Juicy_Fork,2026-07-14,early,0.07375766634516344,0.14843935315854548,0.23210747071304266,0.15143483007225053
mertfelin,2026-07-14,early,0.06821128035340568,0.15388047778838795,0.23218256117349287,0.1514247731050955
AaronJZR,2026-07-14,early,0.04984674506439217,0.1943365925582993,0.20995956492244694,0.15138096751504612
CKJY2796,2026-07-14,early,0.042242789934583226,0.20369383805932853,0.20807725368348468,0.15133796055913215
HanSchut,2026-07-14,early,0.08329457968224156,0.16171771889372202,0.2089834290000018,0.15133190919198847
anemih,2026-07-14,early,0.07234227712894106,0.16090867443827314,0.22064778948019215,0.15129958034913546
BobbyFischer1508,2026-07-14,early,0.06631115069578222,0.17383513037204248,0.21370760577911319,0.1512846289489793
CatalinnC10,2026-07-14,early,0.04697656181251548,0.1959960744204913,0.21066110616841047,0.15121124746713907
maximnovik,2026-07-14,early,0.06552112074408435,0.17487332630200977,0.21311255314708288,0.15116900006439235
icy,2026-07-14,early,0.06614504137741714,0.1623329289784843,0.2247565512653459,0.1510781738737491
Delfin000,2026-07-14,early,0.05773980958502704,0.19083793828163995,0.2042475811804979,0.15094177634905495
BaptisteYannick,2026-07-14,early,0.051331959965896866,0.1875579363948969,0.2138684515820997,0.15091944931429782
Massakru,2026-07-14,early,0.05809838595190733,0.18105912048863126,0.21355764163616744,0.150905049358902
pawn0209,2026-07-14,early,0.053283855523788025,0.19062437402489624,0.20872648937362334,0.1508782396407692
alturas_pacificas,2026-07-14,early,0.06533865516051252,0.15976991862261122,0.2274530776428715,0.15085388380866507
TimGrutter03,2026-07-14,early,0.06981989128360128,0.167246909084696,0.21521641632892174,0.15076107223240634
UghuzovRavan,2026-07-14,early,0.03786551313199615,0.21842197435162672,0.19579159454892164,0.1506930273441815
LangesNasenhaar,2026-07-14,early,0.07052101739857548,0.15777865982793898,0.22367771315302348,0.15065913012651264
hatsak7,2026-07-14,early,0.04677810160043487,0.15391713172264823,0.25120236501026094,0.15063253277778135
viktorgen2021,2026-07-14,early,0.08717814388918196,0.1293259497474277,0.23531517994938003,0.15060642452866324
MaxiDag30,2026-07-14,early,0.04180786542382245,0.20812018953913622,0.2016851703795216,0.15053774178082677
FadingMustard,2026-07-14,early,0.09391868168629314,0.1689719095132206,0.1887205180064229,0.15053703640197888
Akylbek2021,2026-07-14,early,0.07169833441256523,0.152619994397552,0.22725241535792318,0.15052358138934682
HajiyevKanan,2026-07-14,early,0.07557354774511546,0.16524454869639324,0.21060502528412925,0.15047437390854598
AndresDelgado77,2026-07-14,early,0.05786681595236816,0.18708387147042566,0.2063878251776856,0.15044617086682646
GP9isback23,2026-07-14,early,0.06737129208373302,0.1753349208908441,0.20861830683856694,0.15044150660438135
ChessTankMan,2026-07-14,early,0.06770565652838052,0.15379178448753714,0.2297206569880864,0.15040603266800137
XiaoKangZhong,2026-07-14,early,0.04133358487411226,0.20640978153845235,0.2032256858785092,0.15032301743035795
AnishGiri,2026-07-14,early,0.05952086066147553,0.17607759530825104,0.21517797776826397,0.15025881124599685
Zheenbekov86,2026-07-14,early,0.06468603658437284,0.16467430720556528,0.2212322372589305,0.15019752701628955
soumeow,2026-07-14,early,0.047653905083077014,0.19845385643235766,0.20440833111543694,0.1501720308769572
Anirudhha33,2026-07-14,early,0.05609002684435089,0.18437965929797667,0.20993328561280541,0.15013432391837767
GiorgianBarbosa,2026-07-14,early,0.08375059153168653,0.15003218442032332,0.21644718857118142,0.15007665484106378
kuzol,2026-07-14,early,0.06660176043534566,0.16214906002266266,0.2214418280770694,0.15006421617835924
jk13,2026-07-14,early,0.06294622991494145,0.17774393322350263,0.20939319824763164,0.15002778712869191
TitarovVasiliYouTube,2026-07-14,early,0.07373681832960917,0.1574303475046161,0.21875187612215508,0.14997301398546012
Alexei_Kornev,2026-07-14,early,0.05949640142152217,0.16456134259991212,0.22580850458400806,0.1499554162018141
mr65,2026-07-14,early,0.06204971790969286,0.17131456290769348,0.2164588785931293,0.14994105313683856
Gerodot71,2026-07-14,early,0.06684677394997336,0.15131402327603674,0.23096899330202383,0.1497099301760113
allespatzer,2026-07-14,early,0.04560246734107863,0.1805359692451268,0.22298914676079903,0.14970919444900146
PLAYER_2006_M,2026-07-14,early,0.07922377479342385,0.1443313420441614,0.2254847472791724,0.1496799547055859
Kamikazeheinz2,2026-07-14,early,0.05852731055750454,0.17746138267903663,0.21301479214191005,0.14966782845948376
Russian_berezka,2026-07-14,early,0.06904079934844683,0.161966026476406,0.21798009968536702,0.14966230850340662
eightbyeightchess,2026-07-14,early,0.06955805318718813,0.15769105528754357,0.2215412519807274,0.14959678681848637
parnali1611,2026-07-14,early,0.04435247955527036,0.16221752988237287,0.24163816152213113,0.14940272365325813
koncheto,2026-07-14,early,0.0718461923094028,0.1570013194685522,0.21933354646775033,0.14939368608190176
azikom,2026-07-14,early,0.07476501600765803,0.16220528695460512,0.21115167911159957,0.1493739940246209
JonasEilenberg,2026-07-14,early,0.053321803138544094,0.1827657806410503,0.21193342149959232,0.14934033509306224
PelinGorki,2026-07-14,early,0.04483078453692231,0.17354734025544652,0.2293188879527125,0.14923233758169377
SirStrateg,2026-07-14,early,0.0728365876262079,0.15290998716330997,0.2219301617582024,0.1492255788492401
AlhassadiYousefA4,2026-07-14,early,0.04466648220477189,0.16691352526808928,0.23594942272346003,0.14917647673210707
Ati1517,2026-07-14,early,0.0689002175078813,0.15500867871517338,0.22344720989051145,0.14911870203785538
CalinGheorghiu,2026-07-14,early,0.06507365412342786,0.16126239301023682,0.22088572369719217,0.14907392361028562
masnyszachistaaa,2026-07-14,early,0.06981224215536744,0.16114086937335295,0.2161958041973783,0.14904963857536624
aeiiuu,2026-07-14,early,0.057715297332572205,0.16886976134227452,0.22055397771632254,0.14904634546372308
cmunda,2026-07-14,early,0.05735087669519375,0.17269599923480033,0.21682227349889552,0.1489563831429632
PavelChernomordik,2026-07-14,early,0.07368195699118837,0.1428425214062185,0.23025138139083282,0.1489252865960799
tandaleo,2026-07-14,early,0.06101796844238603,0.16973159420624281,0.21578216937462444,0.14884391067441774
Natalya_Buksa,2026-07-14,early,0.06323606940905628,0.16491034084725742,0.21824967565856987,0.14879869530496118
nrvignesh,2026-07-14,early,0.05159923296412331,0.18627034414495486,0.20850292175959317,0.14879083295622378
mapleaff,2026-07-14,early,0.07346525509540297,0.14154815613990632,0.23135387557560338,0.14878909560363754
IgorM2008,2026-07-14,early,0.06367448601121284,0.16906947325756175,0.2130603441546943,0.14860143447448962
Ron_Weasley_Chess,2026-07-14,early,0.049736639764693016,0.1860215004957084,0.21000226151505758,0.14858680059181967
Hongjin,2026-07-14,early,0.06517868430586171,0.15790247960734932,0.22265466418022545,0.14857860936447884
DudkinaU2010,2026-07-14,early,0.05173084733542209,0.17910458564881485,0.2148700202020331,0.14856848439542333
elamier,2026-07-14,early,0.06605767755612786,0.1619847018361746,0.2175973882057926,0.14854658919936503
JimDiGrease,2026-07-14,early,0.07612404760657217,0.14568931409204217,0.2238068559553812,0.14854007255133184
FerAsensio2024,2026-07-14,early,0.04947779657394688,0.18989437704561438,0.20618500080523583,0.14851905814159902
mjray79,2026-07-14,early,0.0685445752127553,0.14690227767738948,0.22996250147901562,0.14846978478972014
chessmadara,2026-07-14,early,0.059513872881209656,0.17382222196887265,0.21180007328325576,0.1483787227111127
Bright_Panda23,2026-07-14,early,0.04456455057090783,0.1812909942990864,0.21923413734058375,0.148363227403526
PaulBishop7,2026-07-14,early,0.04396820742913708,0.20891544550735625,0.19190542504396796,0.1482630259934871
KanalSzachowy,2026-07-14,early,0.06549319393453715,0.1548261485862599,0.22418285439994293,0.14816739897358
Gabcur,2026-07-14,early,0.04479374380349586,0.19020417477380336,0.20947715969551658,0.14815835942427194
Zhouyuxu2010,2026-07-14,early,0.05699594410443395,0.18205403391697247,0.2054154739391299,0.14815515065351212
b0103232338,2026-07-14,early,0.05502603418445503,0.17670236350346769,0.21257093609287903,0.14809977792693393
Vaathi_Raid,2026-07-14,early,0.059137866076597934,0.16401580528146467,0.22113716137829834,0.14809694424545364
KorolDimitriy75,2026-07-14,early,0.07078270203168505,0.17085324253461978,0.20255363526356152,0.14806319327662212
DTChess,2026-07-14,early,0.0777303193401029,0.1298169275857671,0.2366369099896994,0.14806138563852314
Mandaloriana19,2026-07-14,early,0.047966477171232695,0.1889996681904602,0.2071165529826927,0.1480275661147952
IM_ArthurDW08,2026-07-14,early,0.0643007594482624,0.16205466324726775,0.2176934108042197,0.14801627783324997
nekotyanof,2026-07-14,early,0.07016688788390348,0.1499976556957256,0.22377867963958503,0.1479810744064047
brm72,2026-07-14,early,0.059460295354553425,0.16602724498521704,0.218449225641108,0.14797892199362617
tylityli,2026-07-14,early,0.07742253369253523,0.15475072662707925,0.2117584076317945,0.14797722265046967
CrazyMartian,2026-07-14,early,0.06736881467399777,0.15110878337694544,0.2253432080693746,0.1479402687067726
IsuruAlahakoon,2026-07-14,early,0.06486589370681198,0.15716566072656601,0.22178103241119196,0.14793752894818998
Diaschess88,2026-07-14,early,0.0639192390922907,0.16675987678680693,0.21291147466364002,0.14786353018091256
chenxiaoyuer,2026-07-14,early,0.06769281397829498,0.15499856344949858,0.2208644680762134,0.14785194850133565
Miss_JJ20,2026-07-14,early,0.047596464267480244,0.1889952044779697,0.20696234752909126,0.14785133875818038
EphraimRosenstockOfficial,2026-07-14,early,0.043262382289002595,0.1959735577783913,0.20426613908509383,0.14783402638416257
temiksmozg,2026-07-14,early,0.08014523397340821,0.13648841285477012,0.22686174259694739,0.14783179647504188
Evgeny81,2026-07-14,early,0.06639594935259874,0.15697342434349512,0.22003888901107188,0.1478027542357219
JinelaRodriguez,2026-07-14,early,0.04406063932958194,0.19355069340505496,0.20571614542627678,0.1477758260536379
mary-sanna,2026-07-14,early,0.06587321827536406,0.158133336871841,0.21923340622396226,0.14774665379038912
RebelJohnny,2026-07-14,early,0.054717594234031594,0.1767495856588346,0.21163569588579625,0.14770095859288748
A4RookA3,2026-07-14,early,0.04478651607884412,0.20078769175252628,0.19749150533467716,0.1476885710553492
PapiPapita,2026-07-14,early,0.06882129751842524,0.14779015891257122,0.22638640382764164,0.14766595341954603
Slayyy_200,2026-07-14,early,0.05633242721926537,0.17708278899136687,0.20954945137897915,0.14765488919653713
Ordekalog,2026-07-14,early,0.061910312250884364,0.16026506326132206,0.22072172378831464,0.14763236643350702
Bob_2004,2026-07-14,early,0.06079526902467759,0.16660305008520027,0.21533019000069875,0.14757616970352552
DamianoLew95,2026-07-14,early,0.06454859011916936,0.16495974972616997,0.21306721562185904,0.1475251851557328
ChessRespected,2026-07-14,early,0.06566589996087739,0.15358908569644236,0.2230154642762114,0.14742348331117705
Gnechko_Ruslan,2026-07-14,early,0.06427185843113498,0.15548568372252164,0.22242254737354242,0.147393363175733
AndreiITrifan,2026-07-14,early,0.052378011637950556,0.17687087297425966,0.21286969259554364,0.14737285906925127
IMVadim,2026-07-14,early,0.05158675072089593,0.18124835445077045,0.2092664874061693,0.1473671975259452
Arteler,2026-07-14,early,0.08370344945716318,0.14858785084573736,0.2097443020289046,0.1473452007772684
Matvii_B,2026-07-14,early,0.04276102402619128,0.19007134142378487,0.20913715349284875,0.14732317298094164
JosefineHeinemann,2026-07-14,early,0.06674903422511042,0.15349251512073292,0.22171846043347546,0.14732000325977293
Keranke,2026-07-14,early,0.07327673160069967,0.15068545580976034,0.2176906345973104,0.14721760733592346
vikber19611,2026-07-14,early,0.05515526161060297,0.1734269365567482,0.2128264382275402,0.14713621213163044
DanielSaiz01,2026-07-14,early,0.056793991995294064,0.16750859552896855,0.21710240872407227,0.14713499874944494
Tash_Boy,2026-07-14,early,0.05961391064282883,0.15878761790810997,0.22292689130342794,0.14710947328478893
Tamizhamudhan2017,2026-07-14,early,0.049602987733143505,0.1526185563910487,0.2391064886674047,0.14710934426386565
cristiano78,2026-07-14,early,0.07780124953238157,0.15505550907552224,0.20834455184646516,0.14706710348478966
ahkashefi2800,2026-07-14,early,0.05875665836126402,0.17776703840639824,0.20436691863874362,0.14696353846880197
Gyulamiryan-koryun,2026-07-14,early,0.06553187030557502,0.16954315258065553,0.20579058479691492,0.1469552025610485
Sergey85Rodchenkov,2026-07-14,early,0.06663460863933889,0.15231441510034055,0.22185798013739905,0.14693566795902616
Lucky_Puncher,2026-07-14,early,0.05108918625943638,0.1776923105247143,0.21201481059330973,0.14693210245915347
MateoReyes,2026-07-14,early,0.04807048600924596,0.1855484405208,0.2071673027165453,0.14692874308219708
anton_vasi1enok,2026-07-14,early,0.05693249819218769,0.16590093698155786,0.21793138282692825,0.1469216060002246
Shahdad2007,2026-07-14,early,0.04389774776027287,0.1964346875412726,0.20030117978925013,0.14687787169693187
Fedor_AntipovSPB,2026-07-14,early,0.04805739075284583,0.15429108163112046,0.23826372164546886,0.14687073134314507
Akhmedov_David,2026-07-14,early,0.051132832821632994,0.18048800801281015,0.20878252955922716,0.14680112346455676
unclear15,2026-07-14,early,0.06297948468458146,0.15730962391110018,0.21991295554291757,0.14673402137953306
Mr_Lion22,2026-07-14,early,0.0788802051133619,0.12606285187175933,0.23514150790531574,0.14669485496347898
Chess4always,2026-07-14,early,0.06818584861451879,0.1470319191389571,0.22477526713936435,0.14666434496428007
Xavier_mompel,2026-07-14,early,0.05215174361795705,0.17119460213983162,0.21659677480919007,0.14664770685565956
BigAl,2026-07-14,early,0.0708056655557151,0.1566898783135507,0.21244748635183386,0.14664767674036655
kuchma777,2026-07-14,early,0.06551787720811295,0.1537120659240943,0.22070744247973142,0.14664579520397955
Chernobay_Artem,2026-07-14,early,0.06293555043798824,0.15107329202777647,0.22589227782100982,0.14663370676225818
Arek_pacitan,2026-07-14,early,0.049017411932079126,0.18432857879395023,0.20642338555378698,0.1465897920932721
chessllermo,2026-07-14,early,0.05770482093886961,0.16904299930312836,0.21283589382810977,0.14652790469003593
GMT4114,2026-07-14,early,0.05868867583815395,0.16600883278929496,0.2148447527683273,0.1465140871319254
bulletplayer2024,2026-07-14,early,0.06507699909177583,0.15985059852516578,0.21450189165785813,0.14647649642493324
Josgar05,2026-07-14,early,0.0646954671765354,0.14876875633640263,0.2258744274435826,0.1464462169855069
ElijahLogozar,2026-07-14,early,0.04682520140552854,0.1460038626515047,0.2464625872344214,0.1464305504304849
mirochka,2026-07-14,early,0.06336110491720115,0.1583002585329087,0.2176026062629367,0.14642132323768217
Zq1,2026-07-14,early,0.06502109750106658,0.16871570349157364,0.20540907014397192,0.1463819570455374
KimKahre,2026-07-14,early,0.045366612548264636,0.18146115847067773,0.2122253596911456,0.14635104357002932
Ramosha,2026-07-14,early,0.06002091284918755,0.1607373158136695,0.21829465513961033,0.14635096126748912
soloderisas,2026-07-14,early,0.06565808057884155,0.1467302097730785,0.22663185590164306,0.1463400487511877
BahadirOzen,2026-07-14,early,0.0712978757531188,0.12997912106229023,0.23769130273713293,0.146322766517514
chenrip,2026-07-14,early,0.05447760719184076,0.1743781267764291,0.21004714632088028,0.14630096009638338
Vladimir_Zakhartsov,2026-07-14,early,0.07455716404876483,0.14282322845175538,0.22123594356169465,0.14620544535407162
SlipperySpeedster,2026-07-14,early,0.0501840249563829,0.17363091159962366,0.21472725575179957,0.1461807307692687
banhdongxu,2026-07-14,early,0.04567478894258975,0.13384286971838716,0.2589175634979371,0.14614507405297134
GKARU,2026-07-14,early,0.07280144830390857,0.149992470307496,0.21554847315416217,0.14611413058852227
aaaao,2026-07-14,early,0.05615524750449609,0.16209518712625465,0.21999640449028504,0.14608227970701193
Grandmaster1369,2026-07-14,early,0.0672165147553302,0.15280356439553433,0.2181908232976264,0.14607030081616365
Keures,2026-07-14,early,0.047634232495313886,0.1800708890498016,0.21043548589123032,0.1460468691454486
michellopez159,2026-07-14,early,0.05365956453865898,0.17319402445628373,0.21128676125605128,0.14604678341699798
vaishali2001,2026-07-14,early,0.057330042971432855,0.16500167192301426,0.2156480159050672,0.1459932435998381
Alphafischer2019,2026-07-14,early,0.06866431026748498,0.15195365006614764,0.21730313417516886,0.14597369816960049
LamaChampetre,2026-07-14,early,0.0757493641042982,0.14190873052017428,0.21986454634984615,0.14584088032477285
Ramla2020,2026-07-14,early,0.05540805981207011,0.1643196352545888,0.21777577589204167,0.14583449031956686
blitzo_vich,2026-07-14,early,0.0763239251806538,0.1269055611171482,0.23418306213846776,0.14580418281208993
kalogridakos,2026-07-14,early,0.04799911370976743,0.18331624701095348,0.20607477308435349,0.14579671126835814
Mackster23,2026-07-14,early,0.07273443287502596,0.15924258180292256,0.20505721754600234,0.14567807740798364
Vanina1989,2026-07-14,early,0.06671026680449899,0.15061371935595166,0.21965659113169406,0.1456601924307149
Elbek_Jumanov,2026-07-14,early,0.062453939831235546,0.1561017765150008,0.2184061276492546,0.14565394799849699
ChessFighter1975,2026-07-14,early,0.04434642548208673,0.18953083279581265,0.20265493166600593,0.14551072998130177
Bilan_Danila,2026-07-14,early,0.07953881072216484,0.14528800147824558,0.21166130229570976,0.1454960381653734
Adrian-thorsen,2026-07-14,early,0.046453535428233265,0.18291475965882736,0.2070948652602543,0.14548772011577163
kecalk,2026-07-14,early,0.06514771482166186,0.14725730768318224,0.22389048327779115,0.1454318352608784
Kislov_Oleg,2026-07-14,early,0.0507478850374519,0.17472321972585741,0.2107608153240546,0.1454106400291213
Chopper1905,2026-07-14,early,0.06450599183099517,0.1488827770803536,0.2226051417230433,0.14533130354479737
ubdip,2026-07-14,early,0.06319548485794002,0.15531176505204336,0.21744908577471733,0.1453187785615669
Mynameisbuba22,2026-07-14,early,0.059476171379954895,0.16706961109566093,0.20937513580044528,0.14530697275868704
wannabe2700,2026-07-14,early,0.06395490238858928,0.1537676922688502,0.21808017744921798,0.14526759070221915
Swiezen,2026-07-14,early,0.04351633973587659,0.1838051295705638,0.20837617961722607,0.14523254964122215
Chesstiger64,2026-07-14,early,0.04870518207821758,0.17706968706624845,0.20987696457978597,0.145217277908084
DON_ROTOR,2026-07-14,early,0.05979802689330303,0.18622133659373452,0.18953271538011018,0.14518402628904925
bennyficial,2026-07-14,early,0.07436132070821924,0.13082536888964408,0.2303577186877221,0.14518146942852847
kadirsoria,2026-07-14,early,0.06022640463479033,0.15693489503797403,0.21832260583426769,0.14516130183567735
Itk04,2026-07-14,early,0.06168143749427048,0.15146651211903642,0.22220775554783792,0.14511856838704829
Kirill_2008GM,2026-07-14,early,0.051508520337811524,0.17738225082406375,0.2063734757821522,0.14508808231467582
missponyo10,2026-07-14,early,0.06328912337007908,0.14958767690769437,0.22237151947539183,0.1450827732510551
Johhnnyyii11,2026-07-14,early,0.051280324511124284,0.1693328485362051,0.21449231323249468,0.1450351620932747
Murad_Ibrahimli,2026-07-14,early,0.05587886106545049,0.1650417579713465,0.21366353736469892,0.1448613854671653
Schack-Hugo,2026-07-14,early,0.05680024648527705,0.16400460777270054,0.2137571810110914,0.14485401175635634
NoDrawBeforeMove64,2026-07-14,early,0.057494096910360365,0.15693052000440716,0.22013184933360552,0.14485215541612437
microbear,2026-07-14,early,0.06899350052720132,0.14056699706133194,0.2249425009426335,0.14483433284372224
MaevskiyNikolay,2026-07-14,early,0.054937470230047296,0.16641946958766404,0.21312868171712762,0.14482854051161298
Art10ECHR,2026-07-14,early,0.0687955763902767,0.14908593089880304,0.21631412978357797,0.14473187902421925
halldorgretar,2026-07-14,early,0.04210529645256014,0.20170043256775913,0.1903679931363323,0.1447245740522172
hilleltoledo,2026-07-14,early,0.054487027223693335,0.16607873101559723,0.21360669100392943,0.14472414974773998
PavelShkapenko,2026-07-14,early,0.05829920859973501,0.15208017718930172,0.2237555588228134,0.14471164820395002
Savva_KraSavva,2026-07-14,early,0.05157403614191784,0.18116150248381058,0.2013663107308559,0.14470061645219479
dadice10,2026-07-14,early,0.054882264739035756,0.17073942546605708,0.20806639282130157,0.14456269434213145
Schekachikhin_Maksim,2026-07-14,early,0.04356920165994149,0.17939107629444667,0.21052952887611165,0.14449660227683328
Slovineanu,2026-07-14,early,0.07017374077257311,0.15593101232777562,0.2073668711368304,0.14449054141239304
zmeeed67,2026-07-14,early,0.05376475040784451,0.16387077797624183,0.2155929427977757,0.144409490393954
ekGameKhelum,2026-07-14,early,0.04987428241059141,0.1772149308239272,0.20581772964477785,0.1443023142930988
isaak2009,2026-07-14,early,0.06876416454785422,0.12875680341319362,0.23535454520280424,0.14429183772128404
Ziyamammadov,2026-07-14,early,0.05569471558485042,0.16670684434412564,0.21037417466301536,0.14425857819733048
jumpingknight20,2026-07-14,early,0.042973128512336076,0.19407446212540339,0.19566110280321378,0.1442362311469844
zubridis,2026-07-14,early,0.05785124352582909,0.1585229937834488,0.21630664522489046,0.14422696084472278
Ducke13,2026-07-14,early,0.06472031720328915,0.1544993720498015,0.21342087898665416,0.1442135227465816
Kumareshayyachamy,2026-07-14,early,0.04858209724182839,0.19311077929665368,0.19091526003430284,0.1442027121909283
Kasandra124,2026-07-14,early,0.04459007593072866,0.16669189722156053,0.22107613374544768,0.1441193689659123
Yanhob,2026-07-14,early,0.04766875722782689,0.17573344694148435,0.20858438398863932,0.1439955293859835
AlexTriapishko,2026-07-14,early,0.05716370148349892,0.1726813572817977,0.20192148365554968,0.14392218080694877
AsaHoffmann,2026-07-14,early,0.08041840509108447,0.1440133526174676,0.2071983729312209,0.14387671021325765
Sanyura,2026-07-14,early,0.06370317292875588,0.16250866746684156,0.20529587651951606,0.14383590563837115
Korchmar_Vasiliy,2026-07-14,early,0.0715899893984938,0.15867736603407018,0.20114277586110593,0.14380337709788996
Chess_master1982,2026-07-14,early,0.045722679851380794,0.1852487625890632,0.20038455875057587,0.14378533373033994
DmitriiZakurdaev,2026-07-14,early,0.06237952766494757,0.1567543793064637,0.21214145102966508,0.14375845266702544
Nimmy-A-George,2026-07-14,early,0.050512560499835706,0.1727426199750581,0.20793136813289237,0.1437288495359287
Niktlt,2026-07-14,early,0.06349476975876846,0.14199685596567457,0.22564106463737357,0.1437108967872722
dragzor,2026-07-14,early,0.044587926555789616,0.18868853309449538,0.19753144806346457,0.1436026359045832
DanyKopy,2026-07-14,early,0.05283784751554735,0.16291804630740808,0.215044203215507,0.14360003234615415
profedechess93,2026-07-14,early,0.06400629935121326,0.1492353526481159,0.21753375982883413,0.14359180394272109
doctorcristian,2026-07-14,early,0.05672065927159728,0.1585345731834236,0.21545204772226081,0.1435690933924272
elgrona,2026-07-14,early,0.04916960208376721,0.16542344220185,0.21605321276154377,0.14354875234905365
ningyzhou,2026-07-14,early,0.0513131970980316,0.17222828715196845,0.20709852582518085,0.1435466700250603
whitemirrorninja,2026-07-14,early,0.07803944256618435,0.1445083195122468,0.20807334537069433,0.1435403691497085
ystp_09,2026-07-14,early,0.03976918903023748,0.20171278395432665,0.1888777391190093,0.1434532373678578
Shamatava_Nick,2026-07-14,early,0.052718819121197476,0.16568778838016462,0.21192727456274707,0.14344462735470306
Cmorales2001,2026-07-14,early,0.05634362272007183,0.16181931047864456,0.2121432210396699,0.14343538474612874
Malena_10,2026-07-14,early,0.051883374038692365,0.17436215530434787,0.2039037757038963,0.1433831016823122
fireheart92,2026-07-14,early,0.04770804342778613,0.17350494271077035,0.20873967425018647,0.14331755346291433
MFatigue,2026-07-14,early,0.0506062586524091,0.17761325786073145,0.20165773452794278,0.14329241701369444
Staudenhocker43,2026-07-14,early,0.06362852015665325,0.13903059382743999,0.22721616533730224,0.1432917597737985
bocah_sakit,2026-07-14,early,0.0684235471223318,0.14067168919723605,0.2205201554484253,0.14320513058933104
guillead1,2026-07-14,early,0.04682652304885316,0.16043258698354948,0.22221128179744706,0.14315679727661657
dDobravcan,2026-07-14,early,0.06655545381043612,0.1440541871761299,0.2188003264171613,0.14313665580124244
emperor87,2026-07-14,early,0.043958352265221906,0.194907158344697,0.19053574937008963,0.14313375332666953
EddieUrquhart,2026-07-14,early,0.0711334196960277,0.1393037099220961,0.2188723998562078,0.14310317649144386
EdmundPlayer,2026-07-14,early,0.06385032161442117,0.14943665919434654,0.21602230525264587,0.14310309535380453
Sina_Movahed,2026-07-14,early,0.09347005212417232,0.11211751850936949,0.22363238850638434,0.14307331971330872
NMBraveheart0820,2026-07-14,early,0.049407512672019704,0.17663017095412192,0.20315532747426043,0.14306433703346735
SALVA-DALI,2026-07-14,early,0.058459211969154545,0.1471143277487916,0.22358746269602914,0.14305366747132509
Iunusovnuriddin,2026-07-14,early,0.05964314996445176,0.15187604208931127,0.2175070618255804,0.1430087512931145
MyDream003,2026-07-14,early,0.05492734363941502,0.15813884338377748,0.2158932354474427,0.1429864741568784
sharkarton,2026-07-14,early,0.05979562895793293,0.1491786542221988,0.21994277947572066,0.14297235421861745
As0nchess,2026-07-14,early,0.04294648593619049,0.17965499099462154,0.20626802371893063,0.14295650021658088
Shiner22,2026-07-14,early,0.05258294810084453,0.16659664199029575,0.2096858418736401,0.14295514398826012
Barboval,2026-07-14,early,0.053347265168609825,0.1650067558538302,0.21047774160429153,0.1429439208755772
surrenderPLS,2026-07-14,early,0.051122073196456605,0.1691486793541877,0.20849062468025764,0.14292045907696732
Caterpiller35,2026-07-14,early,0.07020521409481044,0.14193375183520177,0.21653080672156752,0.14288992421719324
sterpfi,2026-07-14,early,0.06040200268269561,0.15249660296866221,0.2157666706670228,0.1428884254394602
Schachlatan64,2026-07-14,early,0.0392644406266741,0.19096345171297838,0.19838424535147633,0.14287071256370962
Gertsog,2026-07-14,early,0.05550315810870922,0.15784479816290584,0.21516184948270944,0.14283660191810818
kacperkarwowski,2026-07-14,early,0.04821274914261204,0.17246357080201005,0.2075912827375577,0.14275586756072658
Schattman,2026-07-14,early,0.07755602667450065,0.1396711087930998,0.21103858832667272,0.14275524126475772
Chxss_Khxsbu,2026-07-14,early,0.052892705237859765,0.16931459387610137,0.20605497178066984,0.14275409029821032
RantomOpening,2026-07-14,early,0.06036323048564153,0.16439973984085063,0.2034181985567261,0.1427270562944061
rockstar0902,2026-07-14,early,0.05914467633934561,0.14811633914987696,0.2208897322259521,0.14271691590505822
Peng_Li-Min,2026-07-14,early,0.04506890896352841,0.18564404383949348,0.19742416153406828,0.14271237144569673
Fritz1K,2026-07-14,early,0.06252459141885919,0.14722264741546276,0.21832370064543258,0.14269031315991818
lluiss,2026-07-14,early,0.06932874390355176,0.15196975557778553,0.2066172492757968,0.14263858291904472
Accidental-genius13,2026-07-14,early,0.05178689688958125,0.1594341570596034,0.21664800213506702,0.14262301869475055
NevorLegov,2026-07-14,early,0.048724601660857174,0.17706281272661373,0.20193849849662082,0.14257530429469725
super_emi_26,2026-07-14,early,0.049797784610515844,0.17449315253352934,0.20342711201417146,0.14257268305273887
ChessSwole,2026-07-14,early,0.05923850839452997,0.17796949273400917,0.19042588786785644,0.1425446296654652
schoolmeester,2026-07-14,early,0.05025505895754452,0.17241669257672343,0.20479633647278028,0.14248936266901607
Shushik,2026-07-14,early,0.05482822204539083,0.16205579119597716,0.2105148714421701,0.1424662948945127
SicilianPanzer,2026-07-14,early,0.05629249934718925,0.15470621326384446,0.2162973181959971,0.14243201026901028
Karina_Ivanova,2026-07-14,early,0.0645260750592228,0.14086269404924573,0.22189825889676468,0.14242900933507774
Rozhkov_V,2026-07-14,early,0.06108510933834901,0.1457903761017962,0.22041102533028625,0.14242883692347716
Nikolas1408,2026-07-14,early,0.035137971656056775,0.23246096778511316,0.15953139368742966,0.1423767777095332
Shadhur_Chess,2026-07-14,early,0.03553088441823089,0.21100622646510617,0.18054134596167748,0.14235948561500486
Savagelittlemole,2026-07-14,early,0.06458869093817866,0.14281521708036415,0.2195183507032591,0.14230741957393397
Casablanca,2026-07-14,early,0.058947885123958085,0.14894304165595693,0.21901766605668105,0.14230286427886535
JSPrepz,2026-07-14,early,0.06863523704452656,0.14958815930902344,0.20852468600966528,0.14224936078773842
sarahahaa10,2026-07-14,early,0.05696398840326341,0.15479286787732727,0.2149352086500338,0.14223068831020816
Nikita_Klepikov,2026-07-14,early,0.05207373696413024,0.16187377223742624,0.2126244155389861,0.14219064158018085
Pumpkin_in_moonlight,2026-07-14,early,0.05682200157755595,0.15110792463706527,0.2185957921299095,0.14217523944817692
RafaelVaganian,2026-07-14,early,0.04846649087980957,0.171188936722394,0.2068440123411607,0.14216647998112142
MasterKroket,2026-07-14,early,0.06731457318540118,0.12811306402575168,0.23101808631212617,0.14214857450775967
YairParkhov,2026-07-14,early,0.06657139237079494,0.13177483394917658,0.22805407534241706,0.14213343388746286
simonachess,2026-07-14,early,0.04954577877355761,0.1678976070947527,0.20895653131916134,0.14213330572915722
GaiozNigalidze,2026-07-14,early,0.05910592674744961,0.14921643388413364,0.21794433509616648,0.14208889857591658
Michaeltilt,2026-07-14,early,0.04814585298369861,0.17468900422637518,0.20319729073337442,0.14201071598114942
krzyzan94,2026-07-14,early,0.05943682514540768,0.16307724364762247,0.2035017831957971,0.14200528399627574
Aragon,2026-07-14,early,0.0648327127245471,0.13539279969905224,0.22577021968038896,0.14199857736799612
HSH1987,2026-07-14,early,0.05484615939793002,0.15736682706187302,0.21374223280004098,0.14198507308661468
Levanzovsky,2026-07-14,early,0.07808528598978114,0.1272563800430789,0.22047287317714534,0.14193817973666845
Karateloru,2026-07-14,early,0.059054578325829284,0.152904599813575,0.21383552954868704,0.14193156922936376
milovichalex,2026-07-14,early,0.07149839928664305,0.12848115632199797,0.2257827037665509,0.14192075312506397
Seochesspie,2026-07-14,early,0.056276572026225546,0.1481097430154939,0.2213670150611814,0.14191777670096695
Mikedannnn,2026-07-14,early,0.05084934814815638,0.16413102219891157,0.21054834423581625,0.1418429048609614
THE_TITAN_15,2026-07-14,early,0.0531214921725752,0.17266871769539532,0.1995237572387577,0.1417713223689094
ViktoriyaTarasova,2026-07-14,early,0.07633319196340703,0.1323206122514048,0.21652298750868332,0.14172559724116504
NovakRatko,2026-07-14,early,0.06292950163216775,0.14730005473611923,0.21481700503275647,0.14168218713368116
Resourchess,2026-07-14,early,0.0558462878485018,0.1536411562512836,0.21553507822403795,0.14167417410794111
MapleCheck,2026-07-14,early,0.047211147179564115,0.16921696298050193,0.20856236564358163,0.14166349193454922
W-buffalo,2026-07-14,early,0.04733051194587309,0.175811330654502,0.2018357364563833,0.14165919301891947
MTyron,2026-07-14,early,0.04292297730152998,0.17876537646875154,0.20315390204337902,0.14161408527122019
Sethu0025,2026-07-14,early,0.057013951290194494,0.1452848631548012,0.22250537261876552,0.1416013956879204
DavidGavrilescu18,2026-07-14,early,0.04894426780755487,0.1648884188008612,0.2109283589593039,0.14158701518924
Marcul0,2026-07-14,early,0.04572477596468173,0.17669822673206512,0.20220588138506446,0.14154296136060376
Dashi10,2026-07-14,early,0.040797972176832516,0.18498759151309635,0.19867333022612413,0.14148629797201764
Steegersee,2026-07-14,early,0.04997564805598821,0.17227374927788638,0.20210427531139621,0.14145122421509027
Fomkin_Dmitry,2026-07-14,early,0.049711241520263946,0.16718454553514667,0.20742851047115846,0.14144143250885635
Dewarfd,2026-07-14,early,0.06646774643913926,0.14025058959231973,0.21756493698528157,0.14142775767224686
SchmakAttack,2026-07-14,early,0.06607579171321128,0.14009490031799973,0.21807125841709496,0.14141398348276865
pospisku,2026-07-14,early,0.04204100931664132,0.18159815120611458,0.20048956438645085,0.14137624163640225
ThetNaung291,2026-07-14,early,0.046740808966634045,0.17975938142417164,0.197609439932286,0.14136987677436388
AsselLesbekova,2026-07-14,early,0.07316218105105254,0.12861682021842516,0.22207442840838795,0.14128447655928855
WiIly_Wonka,2026-07-14,early,0.046368148049217794,0.1695414718968139,0.20793477289099557,0.1412814642790091
sofaceindisguise,2026-07-14,early,0.0643956952088627,0.15119541373618922,0.20805782985576504,0.14121631293360565
phantom19801127,2026-07-14,early,0.05006547165158093,0.16745861405951426,0.20603694556183721,0.1411870104243108
montyotto,2026-07-14,early,0.04990360310407712,0.17536954913418573,0.19816583800299928,0.1411463300804207
Christ_is_alive,2026-07-14,early,0.0531463250929468,0.15943903017668085,0.21078186685019973,0.14112240737327578
NanMKKhineHlyan,2026-07-14,early,0.06453645532903325,0.14792222189714221,0.21086021649623624,0.14110629790747056
elchacal664,2026-07-14,early,0.07285034140064836,0.13543527383886705,0.21494273262012634,0.14107611595321393
Malikova777,2026-07-14,early,0.053135183728080355,0.16565005537605196,0.2044025811496299,0.14106260675125407
Kazmin_Semyon,2026-07-14,early,0.05717794839538679,0.15245871573472888,0.21349871893305522,0.14104512768772362
drdaro,2026-07-14,early,0.05427912579954905,0.1655996512778912,0.20305385039655882,0.140977542491333
Crazy_girl99,2026-07-14,early,0.057299590827767845,0.14896418429085992,0.21658289957780297,0.1409488915654769
MTChess0207,2026-07-14,early,0.053029068650534694,0.1710214976627327,0.19876491605742203,0.14093849412356316
AradNazari,2026-07-14,early,0.07466387471446814,0.1381372315601673,0.21001138963469385,0.1409374986364431
sansanathalia,2026-07-14,early,0.05114801459778969,0.15978050977766667,0.21187681984466614,0.14093511474004083
Kotlyar_K,2026-07-14,early,0.06581502018540238,0.12437605879378452,0.23243835111580158,0.1408764766983295
camilocorredor,2026-07-14,early,0.05817410071186751,0.14836102152558417,0.21608620386476993,0.1408737753674072
lioni26,2026-07-14,early,0.049414721593137895,0.17181310498162894,0.20115590780203582,0.1407945781256009
tarno17,2026-07-14,early,0.0873798595709939,0.1289164496152754,0.20604695595194283,0.14078108837940403
GMNeiksans,2026-07-14,early,0.05359594532346789,0.15796923892630943,0.21071192397552627,0.1407590360751012
EMANJDJ,2026-07-14,early,0.05297220630122653,0.15448299965735843,0.21479804222000395,0.1407510827261963
TimAina,2026-07-14,early,0.03535919100645183,0.18912989032970987,0.19768370279649616,0.14072426137755262
kushbhagat2009,2026-07-14,early,0.0585474007268358,0.15149897352165584,0.21205080398146492,0.14069905940998553
GMAneta,2026-07-14,early,0.05794540579346931,0.15563046192158472,0.20852078477435593,0.14069888416313667
JJDAREK,2026-07-14,early,0.05265762118462972,0.15599967951908864,0.21342932743179596,0.14069554271183812
Waterfall055,2026-07-14,early,0.044460017669475764,0.1804279800834827,0.19716184997450767,0.14068328257582205
TheoSlade,2026-07-14,early,0.06745774495153588,0.1466866457482292,0.20783546634317981,0.1406599523476483
VitaliyBernadskiy,2026-07-14,early,0.05626253612873874,0.1493868815859824,0.21631032751620197,0.1406532484103077
FrenchMonster2002,2026-07-14,early,0.0700563043809515,0.13625379623018977,0.2155972500243968,0.14063578354517936
99simooon,2026-07-14,early,0.041067696645747845,0.19121167470567862,0.18961698101727975,0.1406321174562354
xxysoul6,2026-07-14,early,0.05126227923776967,0.15586243934996205,0.21473884859388112,0.14062118906053764
taglit,2026-07-14,early,0.04568929898272156,0.163270377984366,0.21287555441322908,0.14061174379343888
Doublekk14,2026-07-14,early,0.06236983041542568,0.1422773059200485,0.2170891162658952,0.14057875086712313
djokovic74,2026-07-14,early,0.0623394299903448,0.139916317096545,0.21942590989999547,0.14056055232896178
Raudra_dhari,2026-07-14,early,0.04933156412594732,0.16983676961756478,0.20249798898406038,0.14055544090919084
GukeshDommaraju,2026-07-14,early,0.04961470897491189,0.1912436110766891,0.18079894964413687,0.1405524232319126
AlexanderL,2026-07-14,early,0.06144240107673908,0.13986880373263022,0.2203006283438041,0.14053727771772448
Mlkkel,2026-07-14,early,0.041593156525629824,0.1836836676869091,0.19620127691567688,0.14049270037607195
Arhan_Anand,2026-07-14,early,0.04620090639742196,0.17681614823008504,0.1983821786334787,0.14046641108699523
Szachulec75,2026-07-14,early,0.06140904241680011,0.13720062264339744,0.22276108437393977,0.14045691647804578
Snowball-03,2026-07-14,early,0.0661384602636792,0.12938404347429694,0.22572267667515258,0.14041506013770957
marcodobrikov,2026-07-14,early,0.058371179450976814,0.14245155121638048,0.2202295548789963,0.1403507618487845
switlave,2026-07-14,early,0.04992569295540733,0.170403614355362,0.20066451057766535,0.14033127262947823
LeninGuerra,2026-07-14,early,0.06149239560111646,0.14385952910073718,0.21558871057081735,0.14031354509089033
AnishOnYoutube,2026-07-14,early,0.05115265441791968,0.1551106180987839,0.2146750909393212,0.14031278781867493
DangDuyLinh,2026-07-14,early,0.04627170540447197,0.12961540193809545,0.24497173408146355,0.14028628047467698
slowdgehammer,2026-07-14,early,0.05042313424588212,0.16196883854416003,0.2084061633292692,0.1402660453731038
armago,2026-07-14,early,0.05263491395870428,0.15992295524714875,0.20819250818526375,0.1402501257970389
saraswathii,2026-07-14,early,0.05920022605480308,0.14146183808214513,0.22008304770555742,0.14024837061416853
TC2304,2026-07-14,early,0.04943223156187869,0.16209965850690428,0.2091442844675323,0.14022539151210509
Doomfist26,2026-07-14,early,0.06206570846725503,0.1427751125529216,0.215806596826102,0.14021580594875957
GlavkonVVS,2026-07-14,early,0.07667978970889258,0.13105453074044054,0.2127818065539395,0.1401720423344242
Iyanastur7,2026-07-14,early,0.0529225205254983,0.16814976797993864,0.1993557176909063,0.14014266873211442
Dinnukhammedtulendinov,2026-07-14,early,0.05153392830136409,0.15806271525268864,0.21082738744485752,0.1401413436663034
Zashibeatles,2026-07-14,early,0.04325951027003887,0.19103371813995548,0.18602429239626073,0.1401058402687517
luizzy,2026-07-14,early,0.044664873355469856,0.17120967681287858,0.20439179935523114,0.14008878317452653
Andrei_Belozerov,2026-07-14,early,0.06298591880226022,0.12752967871173748,0.22965878452668484,0.14005812734689418
1mbl4,2026-07-14,early,0.05673142389226058,0.1425874532274999,0.22061362496444953,0.13997750069473666
Attacker_2006,2026-07-14,early,0.05444940667053055,0.15133933966080926,0.21412473037841956,0.13997115890325312
SoyuzTM4,2026-07-14,early,0.04552031811686675,0.17048764505917763,0.20386033673305654,0.1399560999697003
MYS-EVS,2026-07-14,early,0.03921520989117217,0.19746071186216613,0.18315847037517272,0.13994479737617035
karenzc,2026-07-14,early,0.04051051300266084,0.19024170577008248,0.18898983859447768,0.139914019122407
Juleona,2026-07-14,early,0.04393551041076444,0.18247686377800856,0.19330266014729433,0.13990501144535578
mmDarko,2026-07-14,early,0.06233408769896376,0.1384590194133216,0.2188930380409565,0.1398953817177473
Poiuytrewq8,2026-07-14,early,0.0474990093051343,0.17612007590810658,0.19595764133733531,0.13985890885019206
Kale36,2026-07-14,early,0.056137989089620303,0.14944323412281832,0.21395724880915018,0.1398461573405296
DumbKing75,2026-07-14,early,0.0629549507642657,0.13354883986926827,0.2229537641840698,0.13981918493920126
howtomoveaknight,2026-07-14,early,0.051452782333415374,0.1585999330863994,0.20932561636023433,0.13979277726001638
Felix-Rose,2026-07-14,early,0.059433102796607774,0.15099279275081365,0.20879030991180417,0.1397387351530752
ivana_999,2026-07-14,early,0.05153785293663191,0.15667060222168558,0.21093987627263158,0.13971611047698304
LikeWater,2026-07-14,early,0.07134452777434418,0.13312663295346333,0.21459336013143823,0.13968817361974858
Adham_Hossam2011,2026-07-14,early,0.06359446948758542,0.14138818673211478,0.2140812053904108,0.139687953870037
Phamtrangiaphuc2009,2026-07-14,early,0.05039697092296496,0.1566099507275825,0.21177620665875094,0.13959437610309947
bolwin,2026-07-14,early,0.07616285493541614,0.11882006406858298,0.22375684380974392,0.13957992093791435
Naruto75_3,2026-07-14,early,0.05933062511877558,0.1435801157189155,0.21576748053055403,0.13955940712274836
rupeshjswl7,2026-07-14,early,0.04663354510213307,0.17349662778291147,0.19843818660732704,0.1395227864974572
bancsoo,2026-07-14,early,0.05607952260179516,0.14982880097772686,0.2126257299984762,0.13951135119266608
sunaya1,2026-07-14,early,0.04727883142880098,0.15120854161423425,0.2199865570483358,0.139491310030457
Virgo15,2026-07-14,early,0.058827733996353736,0.14326607511250894,0.21633640876349192,0.13947673929078486
ajedrezsinlimites,2026-07-14,early,0.06581826830487145,0.14021933259053793,0.21238411207455773,0.13947390432332238
ArchibaldCerveza29,2026-07-14,early,0.057623504567004935,0.14709298222434786,0.21367224140111385,0.13946290939748887
ChessPlayer522009,2026-07-14,early,0.04700713108497932,0.171598959427062,0.19975851631896974,0.13945486894367035
dimailuka,2026-07-14,early,0.0526123174368057,0.15389969862279665,0.21182160509375808,0.13944454038445347
highlama,2026-07-14,early,0.05621361810755634,0.14519190007462685,0.21678932592728636,0.13939828136982318
kolja28,2026-07-14,early,0.046092684600435765,0.12423644208937308,0.24780636770760497,0.13937849813247127
Bimaniv,2026-07-14,early,0.05475944050237378,0.14804073857765368,0.21528555886032597,0.13936191264678446
Rap_woyska,2026-07-14,early,0.06723208080363385,0.13516017744205738,0.2155273560659594,0.13930653810388355
UF_10,2026-07-14,early,0.0505897361429249,0.1613371245758838,0.20598718306700647,0.1393046812619384
DanielDardha2005,2026-07-14,early,0.07133769691047012,0.12378649664105874,0.2227439995462914,0.13928939769927343
junhaopro,2026-07-14,early,0.04881457829891912,0.16535814107385197,0.20367713204076687,0.13928328380451266
siciliannaga,2026-07-14,early,0.04531678896984633,0.17100742937763103,0.2015078558059037,0.13927735805112704
Amirreza_p,2026-07-14,early,0.056144813775626586,0.14172510514560044,0.21986903773242847,0.13924631888455183
Attacks_Hurricane,2026-07-14,early,0.04865502649944873,0.16831649676677993,0.2006648172461147,0.13921211350411444
Huragan007,2026-07-14,early,0.0569126606287624,0.1395133740175466,0.22106912201829554,0.13916505222153486
ShiroglanTalibov,2026-07-14,early,0.06635444719678983,0.13478247320526957,0.21627698269186688,0.1391379676979754
Jesseinkman,2026-07-14,early,0.05350589264487444,0.15210607788573982,0.21176852667626045,0.13912683240229157
AlfilesCruzados,2026-07-14,early,0.05265041649412245,0.16405899402182883,0.20063892055084648,0.13911611035559926
KonstantinVshivkov,2026-07-14,early,0.05461419817624454,0.1511404037176236,0.21143689122952844,0.1390638310411322
NDRVici,2026-07-14,early,0.03931288568470474,0.18242948434444514,0.19539653741867613,0.13904630248260866
Lestofante90,2026-07-14,early,0.04900767613008339,0.1575196894968797,0.21044878833789504,0.13899205132161938
HonzaRubes95,2026-07-14,early,0.047340471249260656,0.16143730925993144,0.2081811464376055,0.13898630898226585
DKmirl,2026-07-14,early,0.0686790149447114,0.1191530257354154,0.22907877619244085,0.1389702722908559
Salem-AR,2026-07-14,early,0.05994864711287792,0.1581953737313918,0.19873329791406577,0.1389591062527785
Raud100,2026-07-14,early,0.047646308180042396,0.1648928427201501,0.20426516748558093,0.13893477279525782
Pedrada88,2026-07-14,early,0.06441379741218811,0.13547771059306798,0.2169098951654522,0.13893380105690276
Nemegejas,2026-07-14,early,0.05987591089811282,0.1415223883250041,0.21533933782052497,0.13891254568121394
GMJustin5,2026-07-14,early,0.048564075614155995,0.16188891131805988,0.20618535611305996,0.1388794476817586
alanchamp,2026-07-14,early,0.05053266900955165,0.15391273858342994,0.21209805153910233,0.13884781971069463
fu24,2026-07-14,early,0.04834783303173618,0.18004627466424736,0.18806676176377762,0.13882028981992037
enriquebutti,2026-07-14,early,0.06297519607966219,0.13822589185931577,0.21515102975844155,0.13878403923247318
AkibaRubi,2026-07-14,early,0.04750929517254214,0.16395340682200626,0.2044197295160739,0.13862747717020743
Supergiuly,2026-07-14,early,0.04814335417647576,0.1581301763627452,0.20956011645719996,0.13861121566547363
isla88,2026-07-14,early,0.0606849225488249,0.1336525002760111,0.22140362273181058,0.1385803485188822
antoszu,2026-07-14,early,0.04802000241830867,0.1620557377056341,0.205586586340996,0.13855410882164626
RusPakhom,2026-07-14,early,0.052615187321875936,0.1458468544824742,0.2171314901107442,0.13853117730503142
RafaelSharon,2026-07-14,early,0.04394238093910062,0.14969253732870713,0.22179043041202792,0.1384751162266119
NMD0402,2026-07-14,early,0.045261374934120524,0.19094560815471076,0.1791243435324716,0.1384437755404343
SergeyGostev1984,2026-07-14,early,0.05289212992539234,0.15434909703691374,0.2080092014332942,0.1384168094652001
arenal72,2026-07-14,early,0.06744667449471779,0.12810137897218885,0.21957824438904583,0.13837543261865082
Egor_Koshulyan,2026-07-14,early,0.07467932588879653,0.11906990844729048,0.22130276118938444,0.13835066517515715
Kostina_Nadezhda,2026-07-14,early,0.06442950828222915,0.1408811558052714,0.20959850325492652,0.13830305578080904
Nellichka,2026-07-14,early,0.054620406276538795,0.1518042180214195,0.20843121874206408,0.13828528101334078
adapodadei,2026-07-14,early,0.05889195505477049,0.1390288376982932,0.21687328583171828,0.13826469286159399
Vasily_IM,2026-07-14,early,0.04959323483854276,0.1748961599614021,0.18987575517933994,0.13812171665976158
campochess,2026-07-14,early,0.06493516880048128,0.14020965422111267,0.20918369564916584,0.13810950622358661
Elegance_Riks,2026-07-14,early,0.06079840747061018,0.13042022879083906,0.22271808459069944,0.13797890695071624
rekin87,2026-07-14,early,0.04842894574008973,0.15928802011868304,0.2060654310700948,0.13792746564295585
Muracle,2026-07-14,early,0.056897119641159705,0.1359627334847406,0.22075434360717036,0.13787139891102354
bonantagulo,2026-07-14,early,0.10448215517202358,0.12611343668618819,0.18298422267623934,0.13785993817815037
DanilNajdin,2026-07-14,early,0.04847404166670768,0.1545921486436619,0.2104392680397796,0.13783515278338307
Kaissa10,2026-07-14,early,0.0509752192800509,0.1569825856424696,0.20552391835003925,0.13782724109085326
ColorChangingPawn,2026-07-14,early,0.040144116041858614,0.1752221986481368,0.1980035558958914,0.13778995686196227
Azeryahu,2026-07-14,early,0.05084310070267028,0.15551063804030366,0.2069484007774949,0.13776737984015627
tizpa96,2026-07-14,early,0.04599013318078974,0.1702526540620066,0.19705893736189342,0.13776724153489658
MAGMAchess02,2026-07-14,early,0.06917089006178895,0.12749533931513404,0.21663469012619987,0.1377669731677076
Dilshad92,2026-07-14,early,0.05902461550035654,0.13493665737897387,0.21930273655215538,0.13775466981049525
Santirayo2009,2026-07-14,early,0.046342819047017925,0.17810245366853591,0.1887739988482184,0.13773975718792408
KyronGriffith,2026-07-14,early,0.041932279224327365,0.17200369691412215,0.1991482400922861,0.13769473874357854
mikolka1985,2026-07-14,early,0.05238760312822029,0.15896649446961864,0.20166884806113536,0.1376743152196581
daika91,2026-07-14,early,0.048280866509741734,0.15821362709648348,0.20650002948924356,0.13766484103182294
GothamChess,2026-07-14,early,0.06678952056660994,0.1406072058532465,0.20545804508739005,0.13761825716908216
Balla_Tamas,2026-07-14,early,0.06898894117725468,0.12174527006102583,0.2220517513909819,0.1375953208764208
AnthonyWirig,2026-07-14,early,0.055368862651799224,0.1397752524804711,0.21758454287229156,0.13757621933485395
secretsuperstar7,2026-07-14,early,0.0632177318592888,0.14226909902147705,0.20723170219487858,0.13757284435854814
SchieberSpieler,2026-07-14,early,0.04589444005653364,0.16917887862917436,0.1976338545087989,0.1375690577315023
semion03032009,2026-07-14,early,0.04449059461679866,0.17914869843543185,0.18906589726493275,0.13756839677238775
NFChess13,2026-07-14,early,0.06254702403162414,0.13930719191917718,0.21081931854400326,0.13755784483160152
romulocardoso,2026-07-14,early,0.05940683090907487,0.14798104626685504,0.20524985647706664,0.13754591121766552
burbur555,2026-07-14,early,0.050872651325538545,0.1520021955886346,0.20973832328573258,0.1375377233999686
GMBenjaminFinegold,2026-07-14,early,0.05162888187494861,0.15091054283979188,0.20999321498376616,0.1375108798995022
MarcBarcelo,2026-07-14,early,0.046485280666165925,0.15127804522415264,0.2146671987625242,0.13747684155094758
Mystery2007,2026-07-14,early,0.04814301155237804,0.15716545368088966,0.20709673470391673,0.1374683999790615
FrenchPlayer2203,2026-07-14,early,0.05403431684762991,0.14492522229715665,0.21322064414220962,0.13739339442899873
tk22h,2026-07-14,early,0.04731864425033019,0.16744066009837502,0.19735775943030012,0.1373723545930018
Yeritsyaan,2026-07-14,early,0.05974597946935957,0.1368040661088109,0.2155457523733893,0.13736526598385326
Rsnr,2026-07-14,early,0.05743943130268698,0.1398814748958974,0.21475917346091802,0.13736002655316745
Sasha_Solovev_777,2026-07-14,early,0.05322510215391561,0.15257672681811535,0.20625773703554592,0.1373531886691923
Zavgorodniy_Sergiy,2026-07-14,early,0.07297898540179394,0.12714288278260846,0.21191399656020077,0.13734528824820105
howitzer14,2026-07-14,early,0.06775751200253116,0.13119238612426778,0.21303603056431433,0.13732864289703775
ShokuEdi,2026-07-14,early,0.046057208767951906,0.1608823418586842,0.20492813266417667,0.13728922776360428
tsvet2005,2026-07-14,early,0.04889499642578164,0.14917244086187054,0.2136779743309388,0.13724847053953035
andong36,2026-07-14,early,0.055679492922498706,0.15044086561582892,0.2056065758926066,0.13724231147697807
brother-bear,2026-07-14,early,0.05056708017570692,0.17044356893235585,0.19069263215318927,0.13723442708708403
DominguezOnYoutube,2026-07-14,early,0.05549578256849449,0.14146257600509213,0.21468890793168594,0.13721575550175752
AdrianaNikolova,2026-07-14,early,0.04035974706232742,0.18435976754158775,0.18686318938583643,0.13719423466325054
Alen_Yeremyann,2026-07-14,early,0.05605655440105961,0.14280758817637426,0.21270613168661368,0.1371900914213492
vasblesk,2026-07-14,early,0.05645950118219482,0.13460647014563248,0.22041680851320652,0.13716092661367793
patzer-reloaded,2026-07-14,early,0.05505008908921434,0.14406417528359444,0.21223931683109235,0.13711786040130036
I_am_Javi,2026-07-14,early,0.05618694234019288,0.1341672230953793,0.22097331789352295,0.13710916110969837
santosalberto1987,2026-07-14,early,0.06597795950845695,0.14030129211182774,0.20500414409657158,0.13709446523895208
BM223344,2026-07-14,early,0.05379987597237792,0.1421993544455879,0.21519439817236383,0.13706454286344322
ElEspartanooo,2026-07-14,early,0.04179722473720049,0.17549719415904602,0.19388985982741574,0.13706142624122075
JiiHart,2026-07-14,early,0.07000008347663646,0.13541113861370127,0.20568350681353742,0.13703157630129173
sn2022s,2026-07-14,early,0.051858029366878056,0.1656031347238524,0.1936165051882857,0.13702588975967203
MiguelBestard1981,2026-07-14,early,0.04654806000772523,0.16354554678277095,0.2008894609132701,0.13699435590125542
Matibar,2026-07-14,early,0.06036208341076413,0.14714333838220972,0.20342536998539515,0.13697693059278968
CarlssonLudvig,2026-07-14,early,0.05473380154206521,0.14580695166385302,0.2103709955752585,0.1369705829270589
VQBT-TPND,2026-07-14,early,0.04376467879776583,0.16991974675981608,0.1972138631442852,0.1369660962339557
Doctor_Luber,2026-07-14,early,0.048422573929650235,0.15610384641289618,0.20630762628211216,0.13694468220821954
ilushka,2026-07-14,early,0.06895001814849139,0.12608982743359864,0.21535725297225752,0.1367990328514492
Torr79,2026-07-14,early,0.049771687454330235,0.15277014148867218,0.2078160932153053,0.13678597405276924
Angel_Hranitel_37,2026-07-14,early,0.0564187639346391,0.13533309012686917,0.21842510918586291,0.1367256544157904
Enriquack,2026-07-14,early,0.046893173689977335,0.15670877144052436,0.20645275393739282,0.13668489968929817
CarlosjPineror,2026-07-14,early,0.06919975814257995,0.1321081641620228,0.20868841415189507,0.13666544548549928
Maxfan2008,2026-07-14,early,0.06393146894468417,0.11478269094919342,0.2312737728688835,0.1366626442542537
pasteta13,2026-07-14,early,0.047133421780600385,0.16034280154328032,0.20221324581963881,0.1365631563811732
Truequitos,2026-07-14,early,0.06823185245908256,0.12461874102753458,0.21668486886313443,0.13651182078325053
fabianvivasz,2026-07-14,early,0.06688247235015046,0.11163302307545378,0.23098090358644494,0.13649879967068304
Rdeux42,2026-07-14,early,0.0539557172022598,0.14904802821747315,0.20636845233128873,0.13645739925034056
GmSergioBarrientos,2026-07-14,early,0.049901346105256365,0.14242162511634116,0.21665725929169416,0.13632674350443055
Burovic00,2026-07-14,early,0.04206182161115147,0.18351962196922195,0.18338244296828665,0.13632129551622002
Better_Chess_Faster,2026-07-14,early,0.054090112449335134,0.14392234486906427,0.2108920249345118,0.13630149408430373
stasOR4ik,2026-07-14,early,0.06111224986139604,0.1452903593889547,0.20231708472630694,0.13623989799221922
Oleg_Papayan,2026-07-14,early,0.0591265285263445,0.1426811884790718,0.20671943531219028,0.1361757174392022
ShimogaTactician,2026-07-14,early,0.04776358647699522,0.15787343911686316,0.20285210548383723,0.13616304369256518
jinbojinbo,2026-07-14,early,0.0581537885103422,0.14561299632401148,0.2046674574338896,0.13614474742274776
JueIes,2026-07-14,early,0.052011856029476604,0.14715253873354006,0.20920968012160138,0.13612469162820603
Gumugama,2026-07-14,early,0.05892640736013917,0.13872026520572145,0.21071321005931942,0.13611996087506
KarstenHansch,2026-07-14,early,0.05047047524169412,0.14908497603970242,0.20878307382046102,0.13611284170061919
DrIMpractical1,2026-07-14,early,0.04297187306568126,0.1744920183506377,0.19080709028826487,0.13609032723486128
ProfessorChess101,2026-07-14,early,0.05557205266244262,0.14447154157657136,0.20821629832783223,0.1360866308556154
Chessdude1987,2026-07-14,early,0.07351689502784617,0.11810936300246777,0.2166156494934286,0.13608063584124752
zurzan,2026-07-14,early,0.06161928655154849,0.13033470438580622,0.21622394860850744,0.13605931318195405
Unkreativ3,2026-07-14,early,0.05599384502927247,0.1400820363299322,0.211967702276355,0.1360145278785199
Drags95,2026-07-14,early,0.04910818648055277,0.1496884672423497,0.2090517727972051,0.13594947550670253
ploxoi,2026-07-14,early,0.05915765564592913,0.13122878868110643,0.2174204909637132,0.13593564509691625
alreadybroken23,2026-07-14,early,0.06187423403134308,0.13081597713662008,0.21508803309338873,0.13592608142045062
wnstop,2026-07-14,early,0.04157290867524227,0.17049949412154589,0.1956589517948644,0.13591045153055084
Ezov,2026-07-14,early,0.06377557597823032,0.12494936519747689,0.21876615578169775,0.1358303656524683
Giorno,2026-07-14,early,0.06956996455871949,0.11974509599240944,0.21814534439836247,0.1358201349831638
BasilSmash,2026-07-14,early,0.04426877141007379,0.15983375221121396,0.2033148589101258,0.13580579417713787
yuriydovzik,2026-07-14,early,0.05536874226969584,0.14172055513970472,0.21026885976323859,0.1357860523908797
ChampStan,2026-07-14,early,0.05069001874788811,0.15394151676079662,0.202649886606972,0.13576047403855226
CyberSurfer12,2026-07-14,early,0.04195987498826705,0.1669075284348618,0.19831459934275725,0.13572733425529537
GrumbleBruno,2026-07-14,early,0.05555768305478788,0.1343324460503544,0.21708812213439707,0.13565941707984644
Dedic8,2026-07-14,early,0.05489955949350176,0.14208680406948168,0.20994335468015934,0.13564323941438092
RojonR,2026-07-14,early,0.055581262224280246,0.13052525391069092,0.22074727440206388,0.1356179301790117
Azerichess,2026-07-14,early,0.05713298107204738,0.13372759418406727,0.21598856091459745,0.1356163787235707
goodwilll,2026-07-14,early,0.048142610426420714,0.1558653052373732,0.20281214582816798,0.1356066871639873
Peroncio,2026-07-14,early,0.0502931006958307,0.1716564175190824,0.18477936410888296,0.135576294107932
FlemingA,2026-07-14,early,0.05359395862595121,0.14377791758295755,0.209352388947735,0.13557475505221459
Defenstrator,2026-07-14,early,0.05827308217228196,0.14848065483056117,0.19996675575492723,0.13557349758592344
martinmena,2026-07-14,early,0.05131641983858934,0.14489294490076957,0.2104811369597272,0.13556350056636204
ayanakhmetov,2026-07-14,early,0.04780229129525356,0.1690610579441669,0.1897858360491275,0.135549728429516
Tonychess32,2026-07-14,early,0.05230719817058615,0.15132459214833613,0.20291812386717548,0.1355166380620326
severomorskij,2026-07-14,early,0.04774836765266357,0.1494334808243682,0.2093191501576246,0.1355003328782188
Fleetw00dMac,2026-07-14,early,0.052315973809194186,0.14410595116530647,0.21003147001339742,0.13548446499596603
MidnightFox,2026-07-14,early,0.061693131074859554,0.13532016782566114,0.20934588221812636,0.13545306037288235
Tad17ik,2026-07-14,early,0.04580355796720299,0.15561696282010504,0.2048109455890168,0.1354104887921083
Denisenko_Denis,2026-07-14,early,0.05646040971121583,0.13923784969229305,0.2105058209953839,0.13540136013296425
UmarovSabir,2026-07-14,early,0.05527653893351673,0.13857166548242003,0.21227932659068596,0.13537584366887423
Laico,2026-07-14,early,0.055478916024940046,0.15036162533751682,0.2001335636556606,0.13532470167270583
CFN_Good_Evening,2026-07-14,early,0.06290246590987505,0.12401307305750771,0.21898289791371386,0.13529947896036554
Brahianzevich,2026-07-14,early,0.057256850679350116,0.13539939417941343,0.21314144817060143,0.135265897676455
Dacean99,2026-07-14,early,0.052975058965395144,0.14621903876349557,0.2065099716266448,0.1352346897851785
Caracternin123,2026-07-14,early,0.05484590128773007,0.1341650153909672,0.2165803407234314,0.13519708580070955
NikitaShnadrygin,2026-07-14,early,0.06374209717421032,0.13251807260426307,0.20931373155583446,0.13519130044476926
YouJustFoundYourGodfather,2026-07-14,early,0.06541037573836554,0.12018588485386901,0.21997677719854547,0.13519101259692667
DmitryMaximov,2026-07-14,early,0.055788651512992275,0.13850102322612085,0.21123754106054038,0.1351757385998845
Zhani-Z,2026-07-14,early,0.05835003802801438,0.13210804221296338,0.21497124767935108,0.13514310930677628
LoaySameer,2026-07-14,early,0.058523519457300784,0.13017696764847805,0.21671352437006736,0.13513800382528207
AustinThomas12345,2026-07-14,early,0.053155520271357955,0.14635116823144748,0.20589672516625826,0.13513447122302122
angelaberbach,2026-07-14,early,0.039539644328307345,0.17055814574655367,0.195141170495088,0.13507965352331633
yaguigor,2026-07-14,early,0.06016806683170714,0.13242012453901006,0.2126453707881045,0.13507785405294057
ThePatrick27,2026-07-14,early,0.0510123500923979,0.1456984245862868,0.20849844353545902,0.13506973940471456
KetiTsatsalashvili,2026-07-14,early,0.05576325742404804,0.14097946015249058,0.20839676460661444,0.13504649406105101
xamax2000,2026-07-14,early,0.054981998224344505,0.13358619914455253,0.21651235522366133,0.13502685086418612
Atousa1,2026-07-14,early,0.06453573975911198,0.12209525964239122,0.21831600500041212,0.13498233480063845
Jarming,2026-07-14,early,0.04824851012852993,0.1544281399047064,0.20222651462670307,0.13496772155331313
NarigonCompadre,2026-07-14,early,0.04483530810951763,0.15650998673805228,0.20342070438939908,0.13492199974565633
roaring_lion23,2026-07-14,early,0.05504328188029133,0.14414027008246075,0.20555496960641492,0.13491284052305566
KVAIDAN,2026-07-14,early,0.06548863985700398,0.13262331418997297,0.20657021720280344,0.13489405708326013
PushingpawnsNYC,2026-07-14,early,0.05947928761313237,0.13110707489554885,0.21407188058038695,0.13488608102968938
dvglk,2026-07-14,early,0.040461690747610614,0.16633931335871105,0.1978542610508779,0.13488508838573318
Anu-triz,2026-07-14,early,0.04488530936004896,0.17584466347300637,0.18390667463682825,0.1348788824899612
Anuar_Tureshbayev,2026-07-14,early,0.03989037491266326,0.17814041670907563,0.18657862864773192,0.13486980675649027
SujanaLohani,2026-07-14,early,0.0568760872704298,0.1329599721937922,0.2147579892609629,0.13486468290839496
abc_xyz4744,2026-07-14,early,0.06477697098613922,0.12764952404015284,0.2119527703488815,0.1347930884583912
le_poisson,2026-07-14,early,0.059036047530227245,0.13457347492899224,0.21076372276189073,0.13479108174037005
hamurrapi,2026-07-14,early,0.05547238911796314,0.1326552448336455,0.21618639152399918,0.1347713418252026
Mostii,2026-07-14,early,0.05561552241115304,0.14827878658291732,0.20041134238987296,0.13476855046131445
Zeitnot-30,2026-07-14,early,0.03546996855867113,0.18124508130228573,0.1875788393343388,0.1347646297317652
Schachmalanders,2026-07-14,early,0.051892485398418,0.14554287074715896,0.20684219610106344,0.13475918408221346
Kostya_Nikologorskiy,2026-07-14,early,0.04658136604405635,0.14973843412670623,0.20789909912049534,0.13473963309708598
HaryKane,2026-07-14,early,0.05002514799532866,0.14689720715533144,0.20726879997906977,0.13473038504324328
Aleking03,2026-07-14,early,0.04491895869336188,0.17618991548920246,0.18304604721903406,0.13471830713386612
catalin009,2026-07-14,early,0.04539219458946889,0.1759275769205719,0.18281465599852717,0.13471147583618934
N_Mullodzhanov,2026-07-14,early,0.04757178287070424,0.15090852279959466,0.20562483720210623,0.13470171429080172
johnmez,2026-07-14,early,0.04664558248092739,0.15386493095828271,0.20342169875444413,0.1346440707312181
SaiAgni_98,2026-07-14,early,0.055209374317183785,0.1385945315658763,0.21010015212828873,0.13463468600378295
AlmaJ98,2026-07-14,early,0.04762260814288484,0.15295577452386036,0.20315699391884656,0.13457845886186393
ChessWizard1905,2026-07-14,early,0.04553886915966477,0.17555594955663315,0.18261877861836903,0.13457119911155566
nrvisakh,2026-07-14,early,0.05535242919464443,0.13145641619683562,0.2168561775994624,0.13455500766364747
SirGerhard,2026-07-14,early,0.048089199207178426,0.15574082518609225,0.19978640369982822,0.13453880936436632
NusratAlo,2026-07-14,early,0.04960622887007578,0.16649118483524952,0.1875127223137106,0.13453671200634532
GroovyKettle,2026-07-14,early,0.05735977464078797,0.1281268183471871,0.218092628465442,0.13452640715113903
KINGOF2SOAP,2026-07-14,early,0.04888024653439073,0.15216016626668186,0.2023949486088973,0.13447845380332332
Vision_64,2026-07-14,early,0.0636469153338661,0.12176280151332616,0.21798831234444527,0.13446600973054584
Carlos-Godoy,2026-07-14,early,0.05545084234235041,0.1342324100897111,0.21356952682016783,0.13441759308407644
Vincefm,2026-07-14,early,0.051361340369693524,0.15024151595491456,0.2015809678096719,0.13439460804476
Wilver92,2026-07-14,early,0.05357243499958702,0.1390158534002563,0.21057234093749927,0.13438687644578087
jraosam,2026-07-14,early,0.06907697604325704,0.11963664260080635,0.21430400386959178,0.13433920750455172
Schachkatze2000,2026-07-14,early,0.10141799311319766,0.11186283343121611,0.1896502247874437,0.13431035044395248
ahmet_RD_1337,2026-07-14,early,0.043505203839370954,0.17795205132847988,0.18141589691147397,0.1342910506931083
LifeIsAllAboutChess23,2026-07-14,early,0.049231107009016575,0.1488949134021868,0.2047155180660549,0.13428051282575273
szefru,2026-07-14,early,0.06930354630520975,0.12140187695645528,0.21211964172202713,0.13427502166123073
lucasran,2026-07-14,early,0.04497302576386872,0.15656448419956467,0.2012779872105986,0.134271832391344
AlexeiShirov,2026-07-14,early,0.056150592380128386,0.14533805732403993,0.20132505092527037,0.1342712335431462
carlocapau,2026-07-14,early,0.048056921827239585,0.17360539907546763,0.18112477533713311,0.1342623654132801
splendidkid,2026-07-14,early,0.04418883051959827,0.1750793923622934,0.18348763956620576,0.1342519541493658
DanielNaroditsky,2026-07-14,early,0.08244742709347268,0.12793217257207684,0.19232341135445766,0.13423433700666906
GMForgacs,2026-07-14,early,0.05515470469019389,0.1356913658112794,0.21185043576819965,0.13423216875655763
KhandakerAminul,2026-07-14,early,0.05039784167132734,0.16543815128580847,0.18678419882382438,0.1342067305936534
VSERGUEI,2026-07-14,early,0.04195674832881779,0.1547244028222786,0.20573811485343782,0.13413975533484473
SipkeErnst,2026-07-14,early,0.04600533096374655,0.14847828918559214,0.20781282771965384,0.13409881595633086
YacooBeen,2026-07-14,early,0.045804655224097025,0.155019109310148,0.20145373812143685,0.13409250088522728
Kors67,2026-07-14,early,0.05181516969807804,0.13864486130294118,0.21170944432024494,0.1340564917737547
GMthekingindian,2026-07-14,early,0.054191330183791964,0.13653741132718536,0.2114247374763961,0.13405115966245781
abikor,2026-07-14,early,0.05556917600311325,0.13124813429214063,0.21517432079683674,0.1339972103640302
marsofsilva,2026-07-14,early,0.04787151998475862,0.17275770097053778,0.18134179162869796,0.13399033752799813
MMKZH22,2026-07-14,early,0.05898659953900088,0.12561388515950628,0.2173077477001896,0.1339694107995656
arctic_t00,2026-07-14,early,0.055147449941789654,0.13270994274464384,0.213936340314027,0.13393124433348683
aljado,2026-07-14,early,0.058551486763632414,0.12288399252856944,0.22027839482460476,0.1339046247056022
themind1hunter,2026-07-14,early,0.06322767113629416,0.12782310344967526,0.2105663867304345,0.13387238710546798
Vinuka_Wijerathna,2026-07-14,early,0.05495349608890591,0.1431135627768395,0.20350772878832232,0.1338582625513559
Keblisa01,2026-07-14,early,0.04706112877818742,0.14227386595776986,0.2122029452413318,0.13384597999242967
killer_dreams,2026-07-14,early,0.05977361056899965,0.11702062204443871,0.22460386232881135,0.1337993649807499
DefiantChair,2026-07-14,early,0.06341721107123717,0.12114143603824191,0.21665289073048513,0.13373717927998807
caabongg,2026-07-14,early,0.036818592740514175,0.18774472792619373,0.1764565104772137,0.13367327704797385
Arvids_Andrejevs,2026-07-14,early,0.04515424367623438,0.17548823186344023,0.1802812567532796,0.1336412440976514
Nechitaylo_Nikita,2026-07-14,early,0.06191438717506655,0.12239610928135365,0.21653694239976812,0.1336158129520628
giovannibrandao7,2026-07-14,early,0.04965957664676564,0.15623886548748248,0.19478436343409705,0.1335609351894484
FM_VS99,2026-07-14,early,0.048168645190458305,0.16117297058234392,0.19132818849376665,0.1335566014221896
vinclat,2026-07-14,early,0.043054458821846206,0.1676291861273431,0.18990373239430317,0.13352912578116416
LiadCuba,2026-07-14,early,0.06480365167648826,0.12383419758083487,0.21189079348446885,0.13350954758059733
ivanuraev,2026-07-14,early,0.043054309910016075,0.17389029655986696,0.18355128068862708,0.13349862905283671
TERMINATOR_PC,2026-07-14,early,0.06054459632533854,0.12390603601048081,0.21600139270262292,0.1334840083461474
pineapplehhh,2026-07-14,early,0.05079524377798735,0.14339499493174335,0.20614498192572983,0.13344507354515353
malakismayil,2026-07-14,early,0.060763913305755146,0.12015420449869964,0.21936028236242688,0.13342613338896056
behzsa,2026-07-14,early,0.04610417053689426,0.14542904552925282,0.20867728702054036,0.1334035010288958
IsaqueGoncalvesSanto,2026-07-14,early,0.059545110082287814,0.1369891708736272,0.203642026265091,0.13339210240700203
TieuAnhNgan,2026-07-14,early,0.044818015430870765,0.1579200755450287,0.19742932242091893,0.13338913779893946
PolandHussars,2026-07-14,early,0.06431416997242353,0.11873564984504682,0.2170303719645781,0.13336006392734948
Berlin_wa11,2026-07-14,early,0.04749823024440972,0.14633053743839633,0.20622877521463656,0.13335251429914755
Forge13,2026-07-14,early,0.050239426526736325,0.13589103509389266,0.2139117948045543,0.13334741880839443
HypeMan111,2026-07-14,early,0.045979445499060606,0.16708295293727982,0.18693099684815642,0.13333113176149894
Vsevolod_Ovchinnikov,2026-07-14,early,0.0575603887259166,0.1258113005313174,0.21659712251264435,0.1333229372566261
F7m_08,2026-07-14,early,0.03853262571052731,0.1869306656803707,0.17446702767245742,0.1333101063544518
ForyFo,2026-07-14,early,0.04620835325737533,0.15979263533388038,0.1938595386223068,0.13328684240452082
TalatYildiz,2026-07-14,early,0.04992498065845753,0.17373690295689206,0.17593137882389712,0.13319775414641558
AldokhinIvan,2026-07-14,early,0.06930734824431224,0.1166515684774431,0.21349022499111167,0.133149713904289
Viktor_Poddubnyi,2026-07-14,early,0.05529745976596833,0.1306728442361084,0.21346517630701262,0.1331451601030298
chezzgirl04,2026-07-14,early,0.06086582102143278,0.13308125141540728,0.20544030422679194,0.133129125554544
bylavochka,2026-07-14,early,0.056207774013266786,0.12864533850423565,0.2144954954682339,0.13311620266191213
onyshchuk_v,2026-07-14,early,0.04433259149656116,0.15521720291933322,0.19970363307976272,0.13308447583188568
barbara25,2026-07-14,early,0.07176213084317622,0.11226706156834304,0.21510008111552142,0.13304309117568022
kuli4ik,2026-07-14,early,0.0677528370935333,0.11095702981374406,0.22041291409177535,0.13304092699968426
maracayo,2026-07-14,early,0.06261811205079393,0.12275613747585232,0.2137026939352246,0.13302564782062362
prohorov2010,2026-07-14,early,0.043505203839370954,0.17569924849655916,0.1798132108500805,0.1330058877286702
KuanDan,2026-07-14,early,0.05119524072343979,0.1434375968670591,0.20430433793074199,0.13297905850708028
ViIIagra,2026-07-14,early,0.05718220124432797,0.12377384853884346,0.21795129767968413,0.13296911582095186
carlsen1001,2026-07-14,early,0.04913320213850481,0.1376064640569474,0.21214342444396156,0.1329610302131379
javirec,2026-07-14,early,0.04764994793963742,0.15988873351847865,0.1913369255277781,0.13295853566196472
Hovik_Hayrapetyan,2026-07-14,early,0.0656136178688672,0.1142242595135156,0.21902107103787866,0.13295298280675383
Shockerlover,2026-07-14,early,0.07245737868742969,0.10670115331502036,0.21946673024406088,0.13287508741550366
Rurep26,2026-07-14,early,0.051370912363511885,0.134859428604427,0.21238516618656267,0.13287183571816719
dinevmk,2026-07-14,early,0.0367849051541407,0.18711812905808992,0.17464069338436106,0.13284790919886388
alekroth65,2026-07-14,early,0.05153815840920189,0.14597394764203228,0.20103073066377825,0.1328476122383375
Gurvich_Vitaly,2026-07-14,early,0.04969893621561147,0.15079430509461078,0.1979664773322546,0.13281990621415896
yoyolol34,2026-07-14,early,0.03977048473830312,0.16131993061368663,0.19736563660401402,0.13281868398533458
AliElier,2026-07-14,early,0.054362970091462126,0.13186994604066643,0.21220280969245922,0.13281190860819592
LuminaryHunter,2026-07-14,early,0.04494963111927634,0.17210178624736247,0.1813627156486611,0.13280471100509997
sganerdene,2026-07-14,early,0.04483353196326139,0.17294137912797863,0.1806025789988492,0.13279249669669643
politeplayer,2026-07-14,early,0.0908511461242713,0.09726032748154162,0.2102464901181384,0.13278598790798377
ChessShop,2026-07-14,early,0.05118409454257778,0.13908741086998228,0.207956039799808,0.13274251507078935
zajka-molotok,2026-07-14,early,0.06902358372600079,0.12651292562430388,0.20267729280987934,0.13273793405339465
reniite,2026-07-14,early,0.05597118407807219,0.12835136781927936,0.21379319574619124,0.13270524921451426
newChess1213,2026-07-14,early,0.05064989464261455,0.156877705376998,0.19037085164364057,0.13263281722108436
TheKingDoctor,2026-07-14,early,0.05842581437830667,0.13749069444660833,0.2019510756902307,0.13262252817171524
HamedWafa4,2026-07-14,early,0.07092800757592699,0.12106122671079263,0.2058779706143213,0.1326224016336803
laiciffOneslraCsungaM,2026-07-14,early,0.06175337614044665,0.1201453918228733,0.21594485515048586,0.13261454103793527
Malko-08,2026-07-14,early,0.04713134195020704,0.1485368624604451,0.2021189774019877,0.13259572727087995
rinoasadey,2026-07-14,early,0.05415637604907548,0.14466876641821905,0.19891485757067,0.13258000001265483
parintele_chess,2026-07-14,early,0.06792482120709716,0.11033295018879162,0.2193091571036555,0.13252230949984808
MNyuyu,2026-07-14,early,0.05135642449150672,0.1350721502726858,0.21110170546895884,0.13251009341105044
Alina_Gumerovna,2026-07-14,early,0.06230088512684898,0.12005388678207393,0.2150268032860042,0.13246052506497571
KarolKacprzak,2026-07-14,early,0.04873671006450999,0.13960212231237915,0.20901965002945672,0.13245282746878195
Boss_08_Kross,2026-07-14,early,0.04357722804048888,0.17576589894341757,0.17800936637813958,0.132450831120682
BENO_CHESS,2026-07-14,early,0.08482937138914327,0.10345459059389665,0.20898166726453382,0.13242187641585793
Pasmendjambvirgulptipon98,2026-07-14,early,0.05562648717771884,0.13341841479441122,0.2081906447648409,0.13241184891232363
BlueWizzard,2026-07-14,early,0.05165963170418272,0.14185383531558945,0.20371914686773734,0.1324108712958365
kpio91,2026-07-14,early,0.05015701867802633,0.1448930066325887,0.2020667474975876,0.13237225760273422
Sunnika,2026-07-14,early,0.047726472620936114,0.14381210473926193,0.20554888761674792,0.13236248832564865
rboss82,2026-07-14,early,0.03815852088672113,0.1703378531516323,0.18854046937733823,0.13234561447189722
Janukshan,2026-07-14,early,0.03474821762786622,0.2053702710299648,0.15683322627002017,0.13231723830928374
MukasChess,2026-07-14,early,0.043992684419479004,0.1582196988343234,0.19468556078600838,0.13229931467993694
colegiodemadrid,2026-07-14,early,0.06904985308071131,0.12267222424322327,0.20500269530918103,0.1322415908777052
Alexander_Moskalenko,2026-07-14,early,0.046752196384404615,0.14504999605032137,0.20480781543336238,0.13220333595602946
Hoshka,2026-07-14,early,0.059465469806025205,0.1250741354757764,0.21183248730196838,0.13212403086125665
Fighterman91,2026-07-14,early,0.05292981048505504,0.1393007246822003,0.20403665964512918,0.1320890649374615
Yoda1992,2026-07-14,early,0.057776008419018934,0.125257222922754,0.21320076705182195,0.13207799946453164
the_drake,2026-07-14,early,0.05656995114972693,0.12799944862508486,0.21152401034804189,0.1320311367076179
kuba2006,2026-07-14,early,0.050568972771518644,0.14820784213387533,0.19725386420060328,0.13201022636866575
ProtectiveCarrot,2026-07-14,early,0.051050547010603645,0.1421979697594462,0.2026436663953432,0.131964061055131
NMZanette,2026-07-14,early,0.056288008851589404,0.12873130206119052,0.21085374522848443,0.13195768538042144
PabloZarnicki,2026-07-14,early,0.06327892140321645,0.11905130904675594,0.21351482406928468,0.131948351506419
hellokostya,2026-07-14,early,0.04986145375930092,0.14795006736953917,0.19801544893371342,0.13194232335418452
Faridov2010,2026-07-14,early,0.0389555336543261,0.16061132365409642,0.1962398207127657,0.13193555934039605
Kapitan_Bayan,2026-07-14,early,0.06511534118454067,0.10486891793266846,0.22573463740180771,0.13190629883967228
Lagunov1961,2026-07-14,early,0.043608072667424995,0.16939826582833892,0.1825509703438971,0.131852436279887
maziarbagheri,2026-07-14,early,0.03864956428514642,0.17716242653998462,0.1797422168910624,0.13185140257206449
Spriteball,2026-07-14,early,0.04885207680517173,0.13900661848589688,0.20766346769997987,0.13184072099701616
AleksanderHnydiuk,2026-07-14,early,0.05798345613368466,0.1382616839896913,0.19926978887468733,0.1318383096660211
robertoalejandro10,2026-07-14,early,0.053945728356719055,0.12789209481428387,0.21354269769233444,0.1317935069544458
pianoskater,2026-07-14,early,0.05448756465481273,0.13072214229565096,0.21017074945502834,0.13179348546849734
Mourinho_Jose,2026-07-14,early,0.05771856741925232,0.12205107635805874,0.21560303599838027,0.13179089325856377
BelyakovBogdan,2026-07-14,early,0.04913320213850481,0.14027606404391654,0.2059261632322241,0.13177847647154847
hypert,2026-07-14,early,0.05440076604048674,0.1337063569921212,0.20708032638841584,0.13172914980700792
whiteglovethief,2026-07-14,early,0.06604783819455737,0.11095565247214767,0.21793624694589017,0.1316465792041984
queen_iryna,2026-07-14,early,0.07851717190467543,0.09788491551307998,0.21853065973702818,0.13164424905159453
ChessSkool,2026-07-14,early,0.05482313661773201,0.12132324988670766,0.2187808955149557,0.13164242733979845
Gergo85,2026-07-14,early,0.04607343849522003,0.1494656610078687,0.1992207208131116,0.13158660677206677
Hananmo,2026-07-14,early,0.0560014736515767,0.13241259395306257,0.20632743902295494,0.13158050220919806
ScofieldMichael01,2026-07-14,early,0.04714420527857049,0.15701542781117053,0.19048277987509163,0.13154747098827754
ideika,2026-07-14,early,0.045866178695023886,0.1651266856855604,0.18359024195900653,0.13152770211319695
BocharovD,2026-07-14,early,0.04426608127386402,0.15365943130683532,0.196622010109963,0.13151584089688745
laurenzchess,2026-07-14,early,0.04561150525126005,0.14206790718753928,0.20679627635213987,0.1314918962636464
SavelijTartakover,2026-07-14,early,0.043564389583687774,0.14568542009148652,0.2052152702589077,0.13148835997802732
rajesh1464,2026-07-14,early,0.04430733865227155,0.1460006309030873,0.20410596459323088,0.13147131138286325
Your_Worst_Nightmare_24-7,2026-07-14,early,0.04769022829797889,0.15764899876992486,0.1890547598813535,0.1314646623164191
corvachesky,2026-07-14,early,0.055028144701104044,0.12652639320221126,0.21283155757845582,0.13146203182725705
Caisachess,2026-07-14,early,0.04869910116359037,0.14669683883163273,0.19896563437751932,0.13145385812424748
Olya_Oblachko,2026-07-14,early,0.04362444223189871,0.17357113555014803,0.17716377284372709,0.13145311687525793
Jamal-Jamal-Jamal,2026-07-14,early,0.055583925156625746,0.12681497674516415,0.21181534781234515,0.13140474990471168
purusottamchaulagain,2026-07-14,early,0.045495239281373855,0.16638330108613592,0.18233232187796422,0.13140362074849132
NewYearGirl,2026-07-14,early,0.053859119086910004,0.14049102888795764,0.19983188527501863,0.13139401108329543
UnTucopalaTimba,2026-07-14,early,0.060392054553974284,0.1177854143603434,0.21588618745211755,0.13135455212214509
Shivagami,2026-07-14,early,0.05683197561687167,0.12788202004965019,0.20930926588392595,0.1313410871834826
federicosellitti,2026-07-14,early,0.047441800003267066,0.13840812053420123,0.20816305717022876,0.13133765923589902
seopie,2026-07-14,early,0.07346037453859286,0.10733645723762804,0.21318508616663273,0.13132730598095121
ninguno46,2026-07-14,early,0.07092423426624421,0.10337301421231641,0.21968231815533085,0.13132652221129715
djjohnnywoo,2026-07-14,early,0.0373855385547671,0.16581555465516723,0.19070081362440003,0.13130063561144478
Algeriano22,2026-07-14,early,0.04447625875349865,0.14230420590666065,0.2070759375067623,0.13128546738897387
leschebaza,2026-07-14,early,0.05760469071055757,0.12297521980600679,0.2131763173933812,0.13125207596998187
Nozdrachev_Leonid,2026-07-14,early,0.04915925039132637,0.1519060709026116,0.19248038182288976,0.1311819010389426
Egor_Pakhomov,2026-07-14,early,0.04833511220023853,0.15715862510109543,0.18800452245056248,0.13116608658396547
PowerThinking2650,2026-07-14,early,0.04968967647815302,0.136203433330334,0.20756090174531144,0.13115133718459948
vincevincevince09,2026-07-14,early,0.0413932087527091,0.1740017649986365,0.17789340771814055,0.1310961271564954
JG-17,2026-07-14,early,0.05735563379894432,0.12363732288226942,0.21219105808060934,0.13106133825394103
AvitalBor,2026-07-14,early,0.07329458641513607,0.1158714001071223,0.20396604597237997,0.13104401083154613
HighLawView,2026-07-14,early,0.06401442590667158,0.11774984637518811,0.2112617308503275,0.13100866771072908
Michal_Fiedorek,2026-07-14,early,0.0380713073642143,0.17126613088361284,0.18368698747195503,0.13100814190659404
darkangel1970,2026-07-14,early,0.052550405280594056,0.13876336662805552,0.20159004843869766,0.13096794011578242
GM-2024-GM,2026-07-14,early,0.05502417184686066,0.13920669255366,0.1986334375451768,0.13095476731523248
GMRenierGonzalez,2026-07-14,early,0.03588362941797286,0.1873156821522096,0.16956504554464932,0.1309214523716106
Kostukov_Alex,2026-07-14,early,0.0769420236449033,0.10222407475860784,0.21356938777479104,0.13091182872610072
RCone,2026-07-14,early,0.06798058942475166,0.11677937692276018,0.20783495541478453,0.13086497392076546
NitaLucian,2026-07-14,early,0.05023632727932273,0.14607314710550062,0.1961993559789341,0.13083627678791915
SuchAnEasyWinBro,2026-07-14,early,0.03998047538557867,0.18324584980709305,0.16921840870815363,0.13081491130027512
SahajGrover,2026-07-14,early,0.04306280376372748,0.1479530866565975,0.2014224751097026,0.1308127885100092
SVV65,2026-07-14,early,0.045310866950873885,0.1447178193455897,0.20232475984609832,0.13078448204752063
HackWithBlack,2026-07-14,early,0.05060888100319373,0.13450574929730538,0.20723709621561384,0.1307839088387043
secrethawk1,2026-07-14,early,0.05463207915838537,0.12873377308803255,0.20884815711450774,0.13073800312030856
Os55555,2026-07-14,early,0.04132446028359241,0.15925909811960107,0.19145765399022222,0.13068040413113857
Franmu14,2026-07-14,early,0.060081566999750015,0.12968906496573368,0.20225807394132692,0.1306762353022702
aexmi,2026-07-14,early,0.048148763737884424,0.13767512031596407,0.20619820198135844,0.1306740286784023
PapusoiBatran26,2026-07-14,early,0.04053599246100499,0.15932228056755707,0.19213946078588395,0.130665911271482
Tigranpatagonian,2026-07-14,early,0.041809443941569824,0.16751710480423143,0.18265436388726183,0.13066030421102104
alpope,2026-07-14,early,0.048168645190458305,0.15241720686857915,0.19139240924725232,0.1306594204354299
Athanasios2,2026-07-14,early,0.0604809732089143,0.1147447713469563,0.2167437672380926,0.13065650393132108
HeroWilczek,2026-07-14,early,0.051190476768836576,0.13382759733480767,0.20692584915126264,0.1306479744183023
MMAHDI2013,2026-07-14,early,0.05019510509257532,0.13506640966275502,0.20667899452455177,0.13064683642662736
ChessLebaneseSalah,2026-07-14,early,0.051144153296496075,0.1488607918799844,0.19182815150524038,0.13061103222724027
Khusenkhojaev,2026-07-14,early,0.045397262555731004,0.1632912250335849,0.18311670991698384,0.13060173250209992
DenisQ,2026-07-14,early,0.05482840816897231,0.11548295239896407,0.2214721887564769,0.1305945164414711
Maitreia,2026-07-14,early,0.054336792962064444,0.1250173686163983,0.21239907609869463,0.13058441255905248
bintang_top,2026-07-14,early,0.059848948122748845,0.11759797224426259,0.2141364623140951,0.1305277942270355
psychokiller48,2026-07-14,early,0.05114954763596901,0.12677629865403894,0.2136549209869721,0.13052692242566002
aghasiyevkamal,2026-07-14,early,0.05033785895811319,0.13688068766267797,0.20435073617533803,0.1305230942653764
eCztery,2026-07-14,early,0.05337216168828096,0.1317762519639859,0.20635414050865616,0.13050085138697434
benkoni_KID,2026-07-14,early,0.0429547200076609,0.1736410736941844,0.17490511288583374,0.130500302195893
praveenb2002,2026-07-14,early,0.03687910010639695,0.1690761695505202,0.18547531418936272,0.1304768612820933
davidkalashian,2026-07-14,early,0.05711439181360345,0.11586655884299675,0.21836974701434797,0.1304502325569827
Nikolaj_Katishonok,2026-07-14,early,0.04339765773488601,0.17080833436926215,0.17710471890878632,0.13043690367097815
Commando_Droid,2026-07-14,early,0.04500711281395907,0.1518219602346976,0.19440662255828212,0.13041189853564625
2Coaches1Profile,2026-07-14,early,0.04319116582579052,0.15217847553498157,0.19581028455057323,0.1303933086371151
xakevicius91,2026-07-14,early,0.04885486909107307,0.14032792361905885,0.20196777353930082,0.13038352208314424
BJthechessgod,2026-07-14,early,0.06872787168940668,0.09332860875777739,0.2290549963529886,0.13037049226672423
Navi_NazarPro,2026-07-14,early,0.04507635109494698,0.13801081029784726,0.2079553361640264,0.13034749918560687
MikhailPanin,2026-07-14,early,0.0384450846656196,0.16851240059436257,0.18402794166626768,0.13032847564208327
semchik90,2026-07-14,early,0.05374568662793417,0.12718734811279525,0.2099583421574798,0.1302971256327364
Bhagya_2312,2026-07-14,early,0.04735840327935433,0.16528762417064574,0.17818258542671522,0.13027620429223843
CrushingKings,2026-07-14,early,0.06871200045640768,0.11732767461021282,0.20478449488537598,0.13027472331733217
Gudmundur_Kjartansson,2026-07-14,early,0.0402906136557835,0.15602638253200193,0.1944976359879373,0.13027154405857425
chesspingvin1995,2026-07-14,early,0.04329471231624258,0.16591012141401826,0.18154092379402453,0.13024858584142845
Echsoterik,2026-07-14,early,0.04473658536286337,0.15366304615473608,0.19215282116301544,0.1301841508935383
CFalcons8,2026-07-14,early,0.05345086459334363,0.13282294401655861,0.20424259263549094,0.1301721337484644
Sekar24,2026-07-14,early,0.04127393526830892,0.1717422742215184,0.17745685173093872,0.13015768707358868
enkhtuul,2026-07-14,early,0.04766309032862968,0.15908517184843543,0.18371802385717292,0.13015542867807936
AsianMaster2501,2026-07-14,early,0.04788462115538423,0.15761814279967074,0.1849607465510419,0.13015450350203228
LaPiToB,2026-07-14,early,0.07074227188903795,0.11526130854751535,0.2043596519183454,0.1301210774516329
slorovel,2026-07-14,early,0.0688511163661947,0.10658786931103961,0.21488119230009828,0.1301067259924442
SkinnyPuppy8,2026-07-14,early,0.046537765105535846,0.13804634434744445,0.205727014812922,0.1301037080886341
VladyC,2026-07-14,early,0.05078358076360765,0.1323398551513776,0.20718158204194992,0.13010167265231173
NaciSAN,2026-07-14,early,0.05229827632598069,0.13139841602451466,0.20651934966176763,0.13007201400408766
jamengrand,2026-07-14,early,0.06861224209896483,0.10673306938430309,0.21486038675841965,0.13006856608056253
shEwAsonlyeLevEN11,2026-07-14,early,0.0420794870261202,0.14658578515095455,0.2015222802084579,0.1300625174618442
musclemonster12,2026-07-14,early,0.042875455112457946,0.14811889263593553,0.19907795178992374,0.13002409984610575
chessjazda,2026-07-14,early,0.050536198440238114,0.128277133269209,0.21118251947638558,0.12999861706194424
Aakash-Dalvi7,2026-07-14,early,0.03992158716457408,0.1605585396579911,0.18942693677172795,0.12996902119809772
SipahiPower,2026-07-14,early,0.05394636745404305,0.12659559243094023,0.20930804406536807,0.12995000131678378
PedroGil25,2026-07-14,early,0.06728105215665267,0.12011042014248012,0.20236819386701688,0.12991988872204988
Wise_Guyyy,2026-07-14,early,0.03992672803444676,0.1260654548527505,0.22375732706690032,0.12991650331803253
Carolina-moon,2026-07-14,early,0.04825499843594623,0.14291479400643572,0.19843691679528888,0.1298689030792236
Hilary46,2026-07-14,early,0.05797910172534391,0.1188670666216859,0.21259566013978515,0.12981394282893832
Lovetov,2026-07-14,early,0.049519520733583997,0.13314960073029433,0.20674369787790975,0.12980427311392936
IMaksim2010,2026-07-14,early,0.046328734756204575,0.13969075323799873,0.2032433665046213,0.12975428483294152
Glidzhian_Gor,2026-07-14,early,0.04331280677127939,0.14465153890323765,0.20126201941775984,0.12974212169742563
UNSTOPPABLE_LEGEND,2026-07-14,early,0.05142091173907446,0.12358014728362643,0.21416282897063468,0.1297212959977785
erlesfar,2026-07-14,early,0.05859903766845681,0.11708355374492413,0.21340836561563234,0.12969698567633778
feuervogel1000000,2026-07-14,early,0.0453786112244502,0.13977536615737127,0.20389901972985322,0.12968433237055824
Piriflillo,2026-07-14,early,0.04720667682153837,0.13612027985693564,0.2055853674068793,0.12963744136178443
Kirill_Kopenkin,2026-07-14,early,0.043936895338402907,0.14541301996115943,0.19952008148366446,0.1296233322610756
albi1999,2026-07-14,early,0.0616075403696166,0.12572230523633096,0.2015048256278438,0.12961155707793046
Orujov2008,2026-07-14,early,0.054146607394878817,0.12555607786684775,0.20908916404124736,0.1295972831009913
Robert_Chessmood,2026-07-14,early,0.03876390166812739,0.17912597320940818,0.1708857963815062,0.12959189041968058
RafalBRC,2026-07-14,early,0.04313625450292952,0.14927055696904182,0.19625406708060247,0.12955362618419128
ljm509,2026-07-14,early,0.05594783498787857,0.12332105634559205,0.20918802553421958,0.12948563895589674
IPAchess,2026-07-14,early,0.0683188559805098,0.11367395411499522,0.2064189602408865,0.1294705901121305
ErikBlomqvist,2026-07-14,early,0.055368573336408024,0.12440286463966478,0.20839997725183207,0.12939047174263496
PrimdeNuuk,2026-07-14,early,0.04447651677405894,0.15008992669521243,0.19359657422171167,0.12938767256366102
ypografos,2026-07-14,early,0.05029907790702104,0.1621966537450458,0.17561983412968413,0.12937185526058367
AcostaPablo,2026-07-14,early,0.041781209658179524,0.16359311759594503,0.1826786652979256,0.12935099751735005
EfrenRamos1,2026-07-14,early,0.045455286887976766,0.13757135782100505,0.20502412589461724,0.12935025686786636
alikfish,2026-07-14,early,0.04710501451385017,0.14264249902923962,0.1982933228375876,0.1293469454602258
ExchangeAB,2026-07-14,early,0.06588565621887049,0.11136302869906702,0.21060229937110012,0.1292836614296792
Nadtkins,2026-07-14,early,0.04826401353709307,0.13439599082090928,0.2051769491711041,0.12927898450970213
Man-Chuk,2026-07-14,early,0.04898640481841321,0.12824604214734336,0.2105087124631997,0.12924705314298543
ChinguunSu,2026-07-14,early,0.048935718015385515,0.13431022295581357,0.20432505663493497,0.129190332535378
IamSchrodingersCat,2026-07-14,early,0.06115873497975166,0.1234171891579369,0.2029117756665966,0.12916256660142839
Bastiandash,2026-07-14,early,0.055510636186660134,0.13879164068972982,0.19301527834195717,0.12910585173944902
DenielSafarov,2026-07-14,early,0.04517334775186747,0.14064472618745277,0.2013351282983557,0.12905106741255865
Glezcanow,2026-07-14,early,0.04477724246477792,0.1413296353019159,0.20095970463959076,0.12902219413542818
ChessArchitect64,2026-07-14,early,0.05698709227596978,0.11926073580796673,0.21080249645687632,0.1290167748469376
Christian_Jordan,2026-07-14,early,0.04149459552279726,0.16325285658031194,0.18227089309159494,0.12900611506490137
GMJustin,2026-07-14,early,0.06672674172031424,0.11627883293945433,0.2039820303941829,0.12899586835131716
chess_peak,2026-07-14,early,0.04701159298466147,0.15872896487869023,0.18120323001405933,0.12898126262580367
Thunderbolt135,2026-07-14,early,0.05790289940409337,0.1129349233845137,0.21603781008648187,0.12895854429169631
Barath1308,2026-07-14,early,0.04573905645751919,0.15116677608647308,0.18994278408694368,0.12894953887697866
MusicCityMaster,2026-07-14,early,0.0716864662444243,0.11370518633617975,0.20144711181132846,0.12894625479731084
sorch29,2026-07-14,early,0.05296563019337336,0.12231671632207622,0.21146878317740622,0.12891704323095193
Gabix_94,2026-07-14,early,0.04890756956227784,0.1264715475559785,0.21127123665070166,0.12888345125631934
DIMONBANAN,2026-07-14,early,0.0499896840484955,0.13396377457922745,0.20258648900723059,0.12884664921165118
Ajedrez_con_German,2026-07-14,early,0.059532386769441156,0.1140467109797551,0.2128374926596212,0.1288055301362725
Real_taiatai,2026-07-14,early,0.06624817717781835,0.12112716729842375,0.198735049487064,0.12870346465443536
jlmanzanares,2026-07-14,early,0.04421798006020981,0.14399902479885687,0.1978834921104733,0.12870016565651332
aot317,2026-07-14,early,0.04872887693836569,0.13310845936853255,0.20421670356786908,0.12868467995825578
Koalaskakistis,2026-07-14,early,0.050049041858223495,0.12864246844578112,0.20734559051219584,0.12867903360540014
VerdeNotte,2026-07-14,early,0.0569755455948116,0.11675906248756272,0.2122701122468201,0.12866824010973146
Predator0608,2026-07-14,early,0.05545140002789587,0.11299021066420402,0.2175174823041447,0.1286530309987482
Akhalkalakets_11,2026-07-14,early,0.04090496627804182,0.14258606799227333,0.20230006589813906,0.12859703338948472
Arigu07,2026-07-14,early,0.052896261995076486,0.12188598683620568,0.21091825181400636,0.1285668335484295
RamyresCoelho,2026-07-14,early,0.06780764483374031,0.11258978601800174,0.20529084307831252,0.12856275797668484
Vincent_Vega95,2026-07-14,early,0.05320359772266599,0.13149739107434577,0.2009839442186218,0.12856164433854453
abykhovsky,2026-07-14,early,0.04713235105100153,0.1308072070060535,0.2075967568666404,0.12851210497456514
leejunhyeok,2026-07-14,early,0.04214813201031595,0.16600986868905318,0.1773446955138352,0.12850089873773476
SebbyMeister,2026-07-14,early,0.038871136889730755,0.15224495222832785,0.19430342095683276,0.1284731700249638
Dragon_Dmitry,2026-07-14,early,0.05178013889592144,0.13455289279792523,0.19905015887279084,0.1284610635222125
MeesvanOsch,2026-07-14,early,0.05368040501878621,0.12038329630113423,0.21129775076567314,0.12845381736186454
kulik2007,2026-07-14,early,0.04167613252780955,0.15761111732564584,0.18606197448936118,0.12844974144760554
Mistango,2026-07-14,early,0.04631918581172487,0.1305755228634759,0.20840334307671796,0.12843268391730625
Yunker_Alisa,2026-07-14,early,0.043019160798483363,0.14649667025710927,0.19576327733527502,0.12842636946362254
GarayevKanan,2026-07-14,early,0.04655565733219777,0.1480085866419458,0.19067094966232598,0.12841173121215652
Sven_Tica,2026-07-14,early,0.04517978785206667,0.13731871953331365,0.2026281091138489,0.1283755388330764
tomasdanada,2026-07-14,early,0.0376694812236306,0.17088834270938605,0.17653778087764851,0.12836520160355505
Miguelito,2026-07-14,early,0.05602322391009886,0.11880342200822307,0.2102511702783859,0.12835927206556927
YouShallNotPass001,2026-07-14,early,0.0498242880991383,0.1290289873174934,0.2061954062115397,0.1283495605427238
js20000,2026-07-14,early,0.0627212909052266,0.10547319706710445,0.21682406383417985,0.12833951726883697
Rutvij09,2026-07-14,early,0.04521348740333035,0.15869696087653173,0.18109451640161167,0.12833498822715791
AC-008,2026-07-14,early,0.039918579014956115,0.17238380283640417,0.17263638123405514,0.1283129210284718
ChessicallyInclined,2026-07-14,early,0.04779608997167619,0.13442519473359393,0.20260576265575364,0.1282756824536746
JCVanDamme10,2026-07-14,early,0.044097564713551834,0.14606542690005714,0.194560247183842,0.12824107959915032
JSlaby,2026-07-14,early,0.05240563054406676,0.11729334853271281,0.2149558117097666,0.12821826359551539
AjedrezenMadrid,2026-07-14,early,0.06580034364751355,0.11428373850409744,0.2044661956160688,0.12818342592255993
YurasovMat-2012,2026-07-14,early,0.049157276426991386,0.11986094153540783,0.21546760913021717,0.12816194236420544
RomanianChessFighter2011,2026-07-14,early,0.04517352964554983,0.13801444888096917,0.2012766615531306,0.12815488002654987
familijatop71,2026-07-14,early,0.05192169009848039,0.13229367296840486,0.20024393417070854,0.12815309907919792
Ivan11Martic,2026-07-14,early,0.0654366806377947,0.11473734598138538,0.20427548725224232,0.1281498379571408
Golubovsky,2026-07-14,early,0.05292768638677463,0.12442055350379547,0.20709954404940384,0.12814926131332463
SONOFHOLYGOD,2026-07-14,early,0.057860264411591575,0.10993674905431693,0.2166418187534749,0.12814627740646115
Cxrjs,2026-07-14,early,0.04080947934766637,0.14727394944652186,0.19633810532258164,0.12814051137225663
brouetoscope,2026-07-14,early,0.047723327334457714,0.1411945823770024,0.1954680514343654,0.12812865371527518
Abdurakhmanovvvv,2026-07-14,early,0.047416987549094354,0.1289397478779653,0.20797590064814894,0.1281108786917362
AnnaChessChic,2026-07-14,early,0.04102963879016181,0.15800564790304505,0.1852102243890764,0.12808183702742773
imdarealist,2026-07-14,early,0.07165781670782588,0.10827308555699611,0.20427716595788328,0.12806935607423509
cristianserban1,2026-07-14,early,0.05395097783860452,0.11499455676489444,0.2150881468716244,0.12801122715837446
wagnerbi,2026-07-14,early,0.03647968895404111,0.15794813701727395,0.18959623702615025,0.1280080209991551
lu1860,2026-07-14,early,0.04835162512734057,0.13000898068095698,0.205617616486084,0.12799274076479386
Yurasova_Daria,2026-07-14,early,0.06374717954361862,0.11450896987888938,0.205697885885664,0.12798467843605735
BlackGod93,2026-07-14,early,0.058137178653369474,0.11015568766730152,0.21559136533441373,0.1279614105516949
KATPAH,2026-07-14,early,0.056031295683366865,0.1155187794451334,0.21230958843195455,0.12795322118681826
FXDon77,2026-07-14,early,0.04191170063207916,0.14432258338333073,0.1975058930575176,0.1279133923576425
theoneandonlydaaevik,2026-07-14,early,0.045403238740142945,0.13983139082860832,0.19849510444657326,0.1279099113384415
N4700000,2026-07-14,early,0.05308542280327177,0.11047822209779593,0.22002850571721347,0.12786405020609373
Partytime1126,2026-07-14,early,0.04701323295551218,0.1410311251913391,0.19554492522036962,0.1278630944557403
dziththaulydcc,2026-07-14,early,0.03993765209147395,0.17208961408702103,0.17149256806126392,0.1278399447465863
Antipov_Mikhail_Al,2026-07-14,early,0.05995520792962884,0.1086388902298129,0.2149013497828093,0.12783181598075036
Semen16,2026-07-14,early,0.04257078219411041,0.14881573429357456,0.19188908823383802,0.12775853490717434
STAYFlow,2026-07-14,early,0.045970778218484686,0.13613424771839647,0.2011481457573015,0.1277510572313942
finec2,2026-07-14,early,0.03968666951021412,0.15925181662820176,0.1842909261384656,0.12774313742562715
Sharafiev_Azat,2026-07-14,early,0.04518002668483343,0.13703329942987222,0.20086133080618507,0.12769155230696358
jaramsdal,2026-07-14,early,0.053139958770795484,0.12157966763849708,0.20834904843505472,0.1276895582814491
shambleschess06,2026-07-14,early,0.04473830057743196,0.13625603178844387,0.20193743821782562,0.12764392352790047
TangerineandLemon25,2026-07-14,early,0.055389290490836574,0.11258863941941324,0.21490322006439008,0.12762704999154664
KingCyber19,2026-07-14,early,0.05869547522551306,0.1140204185295745,0.2101048910515688,0.12760692826888545
dodoucb,2026-07-14,early,0.050160695554594265,0.12865253599966794,0.2039712317738376,0.1275948211093666
OriTaichman,2026-07-14,early,0.06502609782776682,0.11421938798922475,0.20350684357327992,0.12758410979675716
IdoBenArtzi,2026-07-14,early,0.04222558912802636,0.15933689835697518,0.1811560272387733,0.12757283824125829
jlf287,2026-07-14,early,0.057333981184822955,0.11423690337510488,0.21114352118701332,0.12757146858231372
The_glorious_Chesscular,2026-07-14,early,0.03819586796127845,0.16461628975629783,0.17956748410224968,0.12745988060660865
Kiborg95,2026-07-14,early,0.0747085788321728,0.10127890487541281,0.20636991180994596,0.12745246517251052
OlaaLa,2026-07-14,early,0.0527002570299237,0.12221955910807812,0.20722805158239666,0.12738262257346616
Mr_crow_ua,2026-07-14,early,0.043527282985028476,0.15509859063338896,0.18343065541380482,0.1273521763440741
FontVella8,2026-07-14,early,0.05195714445518837,0.12026341690289714,0.20983217465970075,0.12735091200592874
Evan_Attaker,2026-07-14,early,0.05236079724616381,0.12736794836495172,0.20232255713168665,0.12735043424760073
Chessmatus,2026-07-14,early,0.06054953176184755,0.1124097081205792,0.20907987122653943,0.12734637036965538
Airquake,2026-07-14,early,0.058081043992150305,0.12215566919305873,0.2017918123094313,0.1273428418315468
Gangster-accountant01,2026-07-14,early,0.044549684228547555,0.14469336074195174,0.1927372823747234,0.1273267757817409
kikoveiga,2026-07-14,early,0.06057704163841294,0.12052671462049695,0.20081705135906913,0.12730693587265968
Chessdreamer2001,2026-07-14,early,0.04831330497823452,0.13241501180700105,0.2009968785205139,0.12724173176858314
remyrushbrooke,2026-07-14,early,0.05368964271927284,0.11773144015937767,0.21015263045149482,0.12719123777671512
Bizhigitov_Zhangir,2026-07-14,early,0.04376075203608878,0.1593037566150473,0.1784508687551023,0.12717179246874613
Zenekritikus04,2026-07-14,early,0.04672040427824528,0.13563990487163288,0.19911386949477547,0.12715805954821788
TheNextLevelFan,2026-07-14,early,0.04194494478661504,0.14839656380507665,0.19096978681476656,0.12710376513548607
Ankit23201,2026-07-14,early,0.04225626712047863,0.14668778319090253,0.19214710085991504,0.1270303837237654
Taran2004,2026-07-14,early,0.06577323517091316,0.09905644796904622,0.21599098482707396,0.12694022265567778
dzilleruelo,2026-07-14,early,0.050295085323340705,0.12679019849758158,0.2036034314498716,0.12689623842359796
Gentlejimmy7,2026-07-14,early,0.06755545477210996,0.09337494553498105,0.2197473153103451,0.1268925718724787
Klendi,2026-07-14,early,0.04785259550382093,0.1318731149345781,0.2008702159737222,0.12686530880404043
HimalLama,2026-07-14,early,0.0468677536618183,0.13408515059766268,0.1995908873477758,0.12684793053575227
EnvigadoCity,2026-07-14,early,0.04167552212793804,0.15936452162404235,0.17941967315673005,0.12681990563623682
Nf3c5,2026-07-14,early,0.0661236619224419,0.11862429770939048,0.19561828480778828,0.1267887481465402
Honiex,2026-07-14,early,0.050304601427318615,0.12560083992598461,0.20443931818503547,0.12678158651277957
GatoRojo150,2026-07-14,early,0.05356672050936209,0.12745308159011218,0.19928326927865161,0.1267676904593753
Gabriel-Ledezma,2026-07-14,early,0.0366030207401991,0.1672368533838768,0.17644715933754132,0.12676234448720575
FMjchristie,2026-07-14,early,0.037591264602634206,0.1644893975612267,0.17818838878021925,0.12675635031469337
MessiKingdom,2026-07-14,early,0.06132822945767783,0.11448336948000165,0.20440200694514626,0.12673786862760858
CrimeFightingSpider07,2026-07-14,early,0.054395665616031895,0.12453020607357611,0.20124708592644214,0.12672431920535004
OneTrickPony_82,2026-07-14,early,0.04633530637590886,0.13206165623219576,0.20173509712429868,0.12671068657746776
Emp3rador,2026-07-14,early,0.051667722786767935,0.12723083104037847,0.20100789931754315,0.12663548438156316
Yurovskykh_Oleksandr,2026-07-14,early,0.0638226441323638,0.11466102660206828,0.20135079547225174,0.12661148873556127
crosky,2026-07-14,early,0.05331032578810609,0.12154781091974942,0.204942326055467,0.12660015425444085
toniv1,2026-07-14,early,0.058864971439434824,0.1171626379996459,0.2036923403896934,0.12657331660959137
ridnani1,2026-07-14,early,0.05048927189989163,0.11928130225210493,0.2097467517242858,0.12650577529209414
GenivanTruthfulPrince,2026-07-14,early,0.04336745816830285,0.15110784444904304,0.18499881997532217,0.12649137419755602
TAV_2009,2026-07-14,early,0.046043779585972174,0.14522652912058415,0.188199222213911,0.12648984364015578
pavel_skatchkov,2026-07-14,early,0.047834615303352895,0.1258050988576568,0.2058134730346661,0.12648439573189194
NikolozTsomaia,2026-07-14,early,0.036205809001305794,0.16526606596814689,0.1778839837461404,0.1264519529051977
ykam78,2026-07-14,early,0.050971117898454966,0.1296051748603611,0.19877028805452723,0.12644886027111443
Badlyplayed,2026-07-14,early,0.0711182690061609,0.10404106838435163,0.20408700145364114,0.12641544628138457
ChEsper99,2026-07-14,early,0.05200841800436772,0.12555179972503236,0.201646661773712,0.12640229316770402
Arash_Tahbaz,2026-07-14,early,0.06300243948308559,0.11119217244799859,0.20498896905061567,0.12639452699389994
maHmoUd-S-haddAd-M,2026-07-14,early,0.050974987386552366,0.1274099192353155,0.20078318706969359,0.12638936456385383
Schwarzschidl,2026-07-14,early,0.05102789392405311,0.12337079105525699,0.20475506619295383,0.12638458372408798
Erik1971,2026-07-14,early,0.05829015361664665,0.11533562860103629,0.20550131036264557,0.12637569752677616
Dubs123,2026-07-14,early,0.051516616848177044,0.12021443147070283,0.20736725297293354,0.12636610043060448
Grossboss19,2026-07-14,early,0.05352206204172101,0.11736943796891446,0.2079901742157517,0.12629389140879574
MunichMouse,2026-07-14,early,0.049412432251664085,0.12470140599065543,0.20475707772361448,0.12629030532197802
Pliukha_Mikhail,2026-07-14,early,0.04233007838795313,0.15536068267627506,0.18115656952392611,0.12628244352938478
zsoltkorpics,2026-07-14,early,0.05616648460315515,0.10954629377050401,0.21304872183309218,0.12625383340225046
dinujayakodithuwakku,2026-07-14,early,0.0439552004687542,0.15557568381529616,0.17910330914249328,0.12621139780884788
seasidesunset,2026-07-14,early,0.0463002077146137,0.13965013069132978,0.19257994394142636,0.12617676078245663
NightOfzero_on_fire,2026-07-14,early,0.034817865388901977,0.16449727680719073,0.1791484537167668,0.12615453197095317
zmarian,2026-07-14,early,0.04066010269397481,0.163336028027683,0.174455969142249,0.1261506999546356
cthulhuuu,2026-07-14,early,0.059527126872175685,0.11562956964474143,0.20326846783529892,0.12614172145073868
SlavenPastar,2026-07-14,early,0.04859557472723487,0.12200132507725543,0.20773207852772124,0.12610965944407052
granguerrerov,2026-07-14,early,0.04170118800009089,0.14832261739080818,0.18829531552880588,0.12610637363990165
Pertinhez76,2026-07-14,early,0.043674732198369905,0.131982328554608,0.20253665378351154,0.12606457151216313
dcremisi,2026-07-14,early,0.0578326502492254,0.11715918949451753,0.20310031111646099,0.12603071695340132
hawes33,2026-07-14,early,0.04610398280620084,0.12840298156778776,0.2035455859382622,0.12601751677075027
Chess_Diligent,2026-07-14,early,0.048965448783748006,0.12812384472681188,0.20088821467901075,0.12599250272985688
eltenedor,2026-07-14,early,0.049576731770509794,0.12512486032838524,0.20316413317251963,0.1259552417571382
DeyanKostov,2026-07-14,early,0.048617634861177435,0.1216980755156179,0.20743158955735827,0.12591576664471785
Mihaiionescu1,2026-07-14,early,0.04948370239689012,0.1278679974959082,0.20034448622530532,0.12589872870603455
WonderChampion,2026-07-14,early,0.08203168688539965,0.09381556687074667,0.20183883834743416,0.12589536403452684
outsider2012,2026-07-14,early,0.0401831315716777,0.11775460073517374,0.219741264087775,0.1258929987982088
Provotorov_Alexandr,2026-07-14,early,0.04319422610484852,0.13117467410696818,0.2032717679107643,0.125880222707527
toshali,2026-07-14,early,0.04481521666011605,0.1315104416112844,0.20128642355664503,0.12587069394268183
akinov-akinseye,2026-07-14,early,0.04379841343398659,0.14548449255489648,0.18831638012384322,0.1258664287042421
ilya2700,2026-07-14,early,0.05942209937899761,0.11726538013987572,0.2008802882793469,0.12585592259940673
Agent-JL,2026-07-14,early,0.062044826578248786,0.10404564991376225,0.21143308585513818,0.12584118744904974
RupeshReddyY,2026-07-14,early,0.044528022752042117,0.13563054239407352,0.19733103637397828,0.12582986717336464
SaqoChess_Twitch,2026-07-14,early,0.07149241177394128,0.09968110796526103,0.20627435260002047,0.12581595744640758
Grammnik,2026-07-14,early,0.04435440136816802,0.13065443409349928,0.20240947672050105,0.1258061040607228
AlphaGoosee,2026-07-14,early,0.04322832082953975,0.15133664268124872,0.18282978770582722,0.12579825040553858
Reality-Stone,2026-07-14,early,0.04076941023283221,0.1436283188332562,0.1928742025257397,0.12575731053060937
Marianta2013,2026-07-14,early,0.04627784857582439,0.15433355953281586,0.17661109588248064,0.12574083466370697
FM-DavidsonR,2026-07-14,early,0.03704224583040908,0.14698686607567923,0.1931849329718444,0.1257380149593109
Nadeev_Sergey,2026-07-14,early,0.04587425760033728,0.13926257419451482,0.19204986361845156,0.12572889847110122
ElenaPershina,2026-07-14,early,0.04353564449516933,0.15484931588602197,0.17878469189201884,0.12572321742440337
rynos0411,2026-07-14,early,0.05624514051898717,0.11028988718860215,0.21063152677071692,0.1257221848261021
krucki03,2026-07-14,early,0.051784593078039724,0.12084693376533406,0.20453490230396093,0.12572214304911158
champ2005,2026-07-14,early,0.06169166171795834,0.10970742699302737,0.2055831045049716,0.12566073107198575
menelao1986,2026-07-14,early,0.04249840774529297,0.15614514356491863,0.1782916322179716,0.12564506117606108
krasavetc,2026-07-14,early,0.049519520733583997,0.1152836403500844,0.2120593907697213,0.12562085061779657
VinzentSpitzl,2026-07-14,early,0.05263705953636538,0.12943869125123983,0.1947784536092489,0.1256180681322847
Armen_ChessMate,2026-07-14,early,0.03334416499249233,0.1668135383069286,0.17661422168086063,0.12559064166009384
epiclord678,2026-07-14,early,0.062337011315994714,0.10516850814892932,0.2092178850778772,0.12557446818093373
MaiqMaster,2026-07-14,early,0.05187100575977024,0.11435270110477183,0.2104160093585335,0.12554657207435851
Lily_Schirmbeck,2026-07-14,early,0.04643876785911647,0.14957232604740722,0.18038477967890948,0.12546529119514438
Vorobei1978,2026-07-14,early,0.044779391741996716,0.14794174654123307,0.18366402392654785,0.12546172073659254
Resignify,2026-07-14,early,0.06498079046092152,0.10715941604316508,0.20405875441469962,0.1253996536395954
ArmanGhevondyanchess,2026-07-14,early,0.056107094746778406,0.11008023854936581,0.20995307732216736,0.12538013687277053
ilm2034,2026-07-14,early,0.046964672777071684,0.141130974876429,0.1880279498032762,0.1253745324855923
Nikitaka16,2026-07-14,early,0.04069106450291624,0.13769988297692368,0.1977240605497733,0.1253716693432044
RodTwinkz,2026-07-14,early,0.03631031342534813,0.16985189332640466,0.1699484199299883,0.1253702088939137
RH152,2026-07-14,early,0.045721470496074765,0.13037807909193214,0.1999247057646917,0.12534141845089952
Eleyah,2026-07-14,early,0.035241193982885624,0.16562190098406407,0.17510877562466337,0.12532395686387102
MathiasWomacka,2026-07-14,early,0.06172335700865453,0.11235531321446998,0.20187622096816898,0.1253182970637645
Zgorl,2026-07-14,early,0.04310545267359251,0.15086941778943294,0.18185005683028774,0.12527497576443772
Raskolnikov6,2026-07-14,early,0.04243842498583584,0.15573941000587188,0.17762373521062153,0.12526719006744308
CDOEspiao,2026-07-14,early,0.05252474477592039,0.11843110285736301,0.20482645837041458,0.12526076866789934
leandrojimenez,2026-07-14,early,0.05244414242505895,0.11719568654303583,0.2061362199807465,0.1252586829829471
chess_sharparchitect,2026-07-14,early,0.04812300671448504,0.1232581040337115,0.20438055538532235,0.12525388871117296
monkins,2026-07-14,early,0.048327423308038304,0.12699919776309923,0.20039691247928093,0.12524117785013947
AlexMoscow2011,2026-07-14,early,0.04086650806900684,0.14457850964950558,0.190158182561032,0.12520106675984813
Batko_2010,2026-07-14,early,0.04517199005115913,0.14026763062370987,0.1901520347889118,0.12519721848792695
Bacyanide,2026-07-14,early,0.05675737429491101,0.10579293413189526,0.21303728544698763,0.12519586462459797
jjlai1111,2026-07-14,early,0.04760515449074799,0.14086712570012117,0.1870603370252829,0.12517753907205068
Kr1sjan1s_La2ars,2026-07-14,early,0.03921209502784189,0.1253983328257363,0.21087801220715924,0.12516281335357915
Gmedmundo,2026-07-14,early,0.0401546078337737,0.1392628013062846,0.19605417916874024,0.12515719610293286
DDTerziev04,2026-07-14,early,0.045324122093875166,0.1506059836205693,0.17953710626128314,0.12515573732524254
annazero,2026-07-14,early,0.04342725793743227,0.13445454477276664,0.19753374093508555,0.12513851454842814
Kingsman132,2026-07-14,early,0.047148910537619985,0.12431586584549069,0.20385600363628917,0.12510692667313328
Markov_Mikhail,2026-07-14,early,0.04138414596706762,0.15155162023226176,0.18233116199949212,0.12508897606627384
Kretinovich,2026-07-14,early,0.04913185323867233,0.13026506222514936,0.1958179137325028,0.12507160973210815
seorobert1971,2026-07-14,early,0.0674772947368353,0.10076035098710628,0.20694675587060882,0.12506146719818345
Taylanruzgar,2026-07-14,early,0.051896959745166636,0.11238292711413168,0.21088332947131466,0.12505440544353766
tvjosue,2026-07-14,early,0.055909485171343754,0.1079925772426503,0.21116250213351923,0.12502152151583776
D0Br0V01skiy,2026-07-14,early,0.04341917638379357,0.13058192904642602,0.20100238965433845,0.125001165028186
AlannaB01,2026-07-14,early,0.04191476852802443,0.13634660367370804,0.19666691618562648,0.12497609612911964
KacperKacprzak,2026-07-14,early,0.039790847509744515,0.16165323107610355,0.1734648188816036,0.12496963248915055
KRSilva,2026-07-14,early,0.05138639981634526,0.12112810738999126,0.20236999640799952,0.12496150120477867
udithj22,2026-07-14,early,0.043500235970122765,0.1483780497954787,0.18287307985567916,0.12491712187376021
ava1411,2026-07-14,early,0.04481700258273089,0.13010345108941265,0.19955496280754328,0.12482513882656228
Noki102,2026-07-14,early,0.06270062199052935,0.11073860038307994,0.20093026658655927,0.12478982965338951
JDDG,2026-07-14,early,0.03598178116675733,0.15164581514695258,0.18665466915000412,0.12476075515457134
kingside_rook,2026-07-14,early,0.04107277124858572,0.15617276303909686,0.17702175969515127,0.12475576466094462
Mmukka,2026-07-14,early,0.039887704616007574,0.14045335092308678,0.19391789257543554,0.1247529827048433
HopeChess64,2026-07-14,early,0.03988611176985414,0.14200466551615976,0.19233967573377592,0.12474348433992993
bojosi,2026-07-14,early,0.03854171514437863,0.1479982701675512,0.18757302336510834,0.12470433622567939
Kunalm64,2026-07-14,early,0.04599282611236783,0.12597717745085643,0.2020933057346358,0.12468776976595335
ZdorovEgor2011,2026-07-14,early,0.03742260351470688,0.14971727563251658,0.18691149732204973,0.1246837921564244
BeReceptive,2026-07-14,early,0.0397017684524775,0.16045700254281883,0.17371961477565667,0.12462612859031767
1stSecond,2026-07-14,early,0.04688938326141871,0.12236772712929436,0.2045637559692529,0.12460695545332197
HomeAlone20,2026-07-14,early,0.0858678183463052,0.12571088727714042,0.16223050882476137,0.12460307148273565
janhelmer03,2026-07-14,early,0.05045887487009913,0.11562029310961662,0.20758899604193598,0.1245560546738839
topce,2026-07-14,early,0.04711786499370518,0.12367262224936365,0.2027071877581218,0.12449922500039688
agvania123,2026-07-14,early,0.05153415326162646,0.11313787868404517,0.20865011557404123,0.12444071583990428
RZ0,2026-07-14,early,0.040399679333040735,0.14219952712928893,0.19065243884619537,0.12441721510284169
Too_Stupid_To_Play,2026-07-14,early,0.03605856990044911,0.15357043154187516,0.18359824854077852,0.12440908332770094
jimmy-schlumpf,2026-07-14,early,0.0450245300363916,0.13211601510478996,0.19586697912021372,0.1243358414204651
frequentblunders,2026-07-14,early,0.056911537687230215,0.11342942453723187,0.20266190895219638,0.1243342903922195
Imagine_Drag0n,2026-07-14,early,0.05679843250831845,0.10610678562632461,0.21000387536210252,0.12430303116558188
InadaC,2026-07-14,early,0.04377486489743574,0.13417571227642305,0.1949558150998346,0.1243021307578978
Boorchess,2026-07-14,early,0.05696743495086792,0.10170126672751953,0.2141969142674116,0.12428853864859968
Bykov_Egor,2026-07-14,early,0.04824922712477106,0.12371203207784642,0.2008822079443604,0.1242811557156593
TenisMaster,2026-07-14,early,0.04917944680083743,0.130058302278506,0.19353256401109076,0.12425677103014472
grandcoach,2026-07-14,early,0.048434253684102285,0.12236327399640032,0.20186541365229005,0.12422098044426422
GM_Crest,2026-07-14,early,0.0742970116896381,0.09968732685000994,0.19865447139383438,0.12421293664449413
ChempionBg,2026-07-14,early,0.04160048073400195,0.13463685988308544,0.19637283164330047,0.12420339075346261
Ze-Pequeno,2026-07-14,early,0.05858032311510818,0.09326968818319474,0.22070127105048637,0.12418376078292977
samidescalona2002,2026-07-14,early,0.03695908513580057,0.14792081236539054,0.18766655019193315,0.12418214923104143
SVijayalakshmi,2026-07-14,early,0.04521074222846752,0.1511458850794447,0.176166039489722,0.12417422226587808
UnoScaccoNelBuio,2026-07-14,early,0.04132252093040629,0.13914901278322708,0.19198599012516837,0.12415250794626724
Hugo-Berthier,2026-07-14,early,0.04434325389022122,0.1485265648103544,0.17958724698466522,0.12415235522841361
cukin84,2026-07-14,early,0.04886560266966,0.12045928268972028,0.20311752761362684,0.12414747099100237
FloMasterAAK,2026-07-14,early,0.041931627794611265,0.14433130144125336,0.18613701397646815,0.12413331440411092
Kazancev_Valerij_M,2026-07-14,early,0.045422371110111576,0.12976072709973674,0.19713581565840585,0.12410630462275139
Plimsol,2026-07-14,early,0.042608647940867314,0.13321580752867657,0.1961276475671651,0.12398403434556966
benignaaa,2026-07-14,early,0.0426912912705507,0.15531308735162058,0.17385230930785162,0.12395222931000764
Xiximinski,2026-07-14,early,0.046045748057744064,0.14548234262025553,0.18026540193100643,0.123931164203002
Irishchessman16,2026-07-14,early,0.06462057101612119,0.10324090224862933,0.20390095816927808,0.12392081047800955
AleOnSquares,2026-07-14,early,0.04463096790210367,0.12077440566839118,0.2063539573184561,0.12391977696298366
Chemim21,2026-07-14,early,0.04639860552292691,0.13726910235028783,0.1879680398872611,0.12387858258682527
jasonbolivar,2026-07-14,early,0.04726342363596467,0.11634978703793072,0.20800954806299632,0.12387425291229724
GianmarcoVaR,2026-07-14,early,0.06475384362093266,0.10513862418824789,0.2016746175680987,0.12385569512575974
attack2mateU,2026-07-14,early,0.05785132670100981,0.09875487370775736,0.21493867900799069,0.12384829313891928
4_ERG_Sakenova,2026-07-14,early,0.03233369131847201,0.17040716388370608,0.16876893306776225,0.12383659608998011
MeszarosGyorgy,2026-07-14,early,0.038702433269481626,0.1533656287614421,0.17933654108381575,0.12380153437157983
GMGrandFa,2026-07-14,early,0.04075491880799022,0.15030156299288297,0.18031139613360167,0.12378929264482497
sewlins,2026-07-14,early,0.04521995511166033,0.14539494384527676,0.1807006702674315,0.12377185640812287
gmcorrales,2026-07-14,early,0.05885384873230096,0.10986867312075718,0.20258172020913545,0.12376808068739786
Statham_01,2026-07-14,early,0.04868204298164132,0.1271650487975766,0.195445624386329,0.12376423872184898
Daaksboy,2026-07-14,early,0.04558333991312614,0.13262908495895628,0.1930222161898207,0.1237448803539677
Kargan90,2026-07-14,early,0.04163138648587376,0.14853790251673613,0.1810623225122065,0.12374387050493879
Vaporwaffle94,2026-07-14,early,0.04804405272188015,0.12093696274564252,0.20220515939627698,0.1237287249545999
EmilRisteski,2026-07-14,early,0.04315571753378878,0.12491225480512991,0.2030694978975631,0.12371249007882727
lrestevez,2026-07-14,early,0.059134265298451956,0.1033593715662664,0.20863673652082682,0.12371012446184838
Kaua18,2026-07-14,early,0.05881336929695105,0.10095069058493628,0.21130274277579297,0.12368893421922678
habadra,2026-07-14,early,0.04531280453071766,0.1383211104316452,0.18738218522931896,0.12367203339722728
SheraliPattnaik,2026-07-14,early,0.03720713537639251,0.149497177278487,0.18426737412547664,0.12365722892678538
Marcin,2026-07-14,early,0.05765108944636359,0.1010428855392295,0.21224221670826215,0.12364539723128508
Arun-kataria,2026-07-14,early,0.042340595970232896,0.1483833148948083,0.18015972487556753,0.12362787858020291
Billy_thekid30,2026-07-14,early,0.03710082092764143,0.14296909865195268,0.19079870159579637,0.12362287372513016
talaicito,2026-07-14,early,0.06005811639656046,0.10689442370569603,0.20382270643776895,0.12359174884667516
boguszp,2026-07-14,early,0.05978432827500518,0.10051330650622466,0.2104286696485319,0.12357543480992057
RRRntr123,2026-07-14,early,0.04473799121004509,0.13514372637027344,0.19081774279913208,0.1235664867931502
almaguerjm,2026-07-14,early,0.0525530381153362,0.11580912523244874,0.20224073722046199,0.12353430018941565
benedekisti,2026-07-14,early,0.03717506194481291,0.15331172189888811,0.1800910401201881,0.12352594132129636
Pomegranate988,2026-07-14,early,0.03886528399406193,0.16066419015194708,0.17093032128710067,0.12348659847770323
amelia91,2026-07-14,early,0.0497127640331866,0.12014512299152115,0.20049241662854903,0.12345010121775225
kngopal,2026-07-14,early,0.04015941256505181,0.15689155759016446,0.1732856401196664,0.12344553675829423
Chessmatenokk17,2026-07-14,early,0.03998021992242481,0.14951732705580972,0.18080835887533417,0.12343530195118957
1977Ivan,2026-07-14,early,0.04353211005204132,0.14317631894487587,0.18353676873581948,0.12341506591091223
Zorbos,2026-07-14,early,0.053643456831604014,0.10653217345353015,0.209891497909432,0.12335570939818873
jbking07,2026-07-14,early,0.05016793029615827,0.10909015455274762,0.21079383219898598,0.12335063901596395
DuleMudule,2026-07-14,early,0.04592588961063603,0.12308239855407667,0.2009930096912811,0.12333376595199792
SarochaChuemsakul,2026-07-14,early,0.049410478623526516,0.10942944122820493,0.21113729329616157,0.12332573771596433
Grukjr,2026-07-14,early,0.050101321969241046,0.14675853840437236,0.1730661998843488,0.12330868675265406
tactichunter08,2026-07-14,early,0.038983583624109586,0.13685330250978517,0.19406001195391642,0.12329896602927039
fatzl,2026-07-14,early,0.04490008770355931,0.14267095785755332,0.18230726530070007,0.12329277028727091
David_Arutinian,2026-07-14,early,0.05065995076600265,0.1380127987992266,0.18118553056926712,0.12328609337816547
paradise10,2026-07-14,early,0.07794431820238579,0.09244292817696124,0.1993376145439199,0.12324162030775565
Sylwester_Bednarek,2026-07-14,early,0.04121855535664832,0.11519708411260779,0.21318147900621118,0.12319903949182243
PeacefulWarrior888,2026-07-14,early,0.03652178340872644,0.1562067820451407,0.17686297607327348,0.12319718050904688
ferrufino64,2026-07-14,early,0.05592546745226337,0.10513288188325529,0.20851847179323726,0.1231922737095853
Austen48,2026-07-14,early,0.051301756233237766,0.11350797648249743,0.2047110970776602,0.1231736099311318
Nouali_Mohamed,2026-07-14,early,0.04709436495286887,0.1252512727123598,0.19697338287904217,0.12310634018142362
tjychess,2026-07-14,early,0.043286343502575646,0.12402933213015575,0.20191171227559943,0.12307579596944361
LoreleiCornelisse,2026-07-14,early,0.039384080589557974,0.15050740637542337,0.17932622208701132,0.12307256968399756
gabber2011,2026-07-14,early,0.047770535025947504,0.1492846706250434,0.17216193711810765,0.12307238092303285
FajnaFokaofficial,2026-07-14,early,0.036121092578961456,0.1393248549839018,0.19373431391359958,0.12306008715882094
angelrth,2026-07-14,early,0.04526516265936281,0.12323857893662436,0.2005888471463948,0.12303086291412733
awesomevishesh,2026-07-14,early,0.03812661506248838,0.1564656661990575,0.17448936189735811,0.12302721438630133
Binary010,2026-07-14,early,0.055063530309973144,0.10134085029863674,0.21263763240733805,0.12301400433864933
RahmanAdel,2026-07-14,early,0.05226643789790452,0.11537726339815883,0.20136540918464976,0.12300303682690437
thedjoker98,2026-07-14,early,0.048840144651044096,0.11722737607030462,0.20274511438453083,0.1229375450352932
Alfrechess24,2026-07-14,early,0.04153127497260563,0.14394406459329273,0.1833278897309327,0.12293440976561036
shanemelaughcm,2026-07-14,early,0.051574408165219084,0.11495118012345276,0.2022375078975404,0.12292103206207074
LewAnatol,2026-07-14,early,0.05660105348082962,0.10948171324899349,0.20266127511309429,0.12291468061430581
Herman-NY,2026-07-14,early,0.05058370075482916,0.11545621124063164,0.20267564610594113,0.12290518603380064
zsizsi99,2026-07-14,early,0.04893619768950676,0.11982265785047881,0.19992741292522379,0.12289542282173645
florianschwabeneder,2026-07-14,early,0.041911911446380255,0.13357411358226368,0.19311915199975357,0.12286839234279917
AlexTruskavetsky,2026-07-14,early,0.05293961946321403,0.1074152396530522,0.20822818446485974,0.122861014527042
Proteuo,2026-07-14,early,0.04153853333043756,0.13447477128743593,0.19250101412051282,0.12283810624612877
Artisticonline,2026-07-14,early,0.03955042113963678,0.1580477061218084,0.1707815665018728,0.12279323125443932
Lukianoo,2026-07-14,early,0.06288812047075425,0.09976637449043925,0.20565322629141441,0.12276924041753597
KuKu33Riya,2026-07-14,early,0.043062733959559917,0.15002688321957552,0.17514706684553827,0.1227455613415579
kyawmyataung2005,2026-07-14,early,0.04346142063650512,0.1453203678289795,0.17930730491170968,0.12269636445906477
bikbon,2026-07-14,early,0.045459378826616985,0.1382636974823234,0.1843651501490068,0.1226960754859824
a_dorrance,2026-07-14,early,0.03638180929830376,0.16145061999342394,0.17025518101140377,0.12269587010104382
rhungaski,2026-07-14,early,0.05429543307029884,0.1154555792308138,0.19832797967866597,0.12269299732659288
ZuraTqebuchava,2026-07-14,early,0.053939250295072745,0.0991732786349082,0.21493612731062808,0.12268288541353634
olderson,2026-07-14,early,0.040378481320065586,0.14042345835402345,0.18719075770410779,0.12266423245939895
Kolle05,2026-07-14,early,0.0499410004349954,0.12037059041711454,0.19762235336326095,0.1226446480717903
rionelG,2026-07-14,early,0.05955323807758375,0.10886484422885796,0.1994840598452805,0.12263404738390742
The_Chess_Coach,2026-07-14,early,0.04625226679929767,0.11991807110961757,0.20168816793478947,0.12261950194790157
AlbusSevresPotter,2026-07-14,early,0.04494809855169214,0.1234659558306306,0.19930864665460246,0.12257423367897506
Saxar85,2026-07-14,early,0.042909853641999784,0.1460829744431609,0.17869324655587784,0.12256202488034618
viviania,2026-07-14,early,0.04046214005041931,0.15126917918384572,0.17595193736882894,0.12256108553436466
ybruned,2026-07-14,early,0.045284367996030354,0.1340071585855368,0.18826554900045595,0.1225190251940077
PenguinIsANoob,2026-07-14,early,0.034800198524498484,0.15767698800395408,0.175079556338431,0.12251891428896118
ajedrez-facil,2026-07-14,early,0.05174441038914766,0.10081135863885987,0.21492713168735467,0.12249430023845408
Zhalmakhanov_Ramazan,2026-07-14,early,0.05170616770237667,0.1364593007538598,0.17930934277834554,0.12249160374486068
GeloBall98,2026-07-14,early,0.04201309989693791,0.14249027775585085,0.18291436870335687,0.12247258211871521
ODreamchess,2026-07-14,early,0.04419621656490763,0.1267658506359215,0.19641631099429607,0.12245945939837506
AmericanFighter_2010,2026-07-14,early,0.04521048983765394,0.12718417709904065,0.19494630457225803,0.1224469905029842
jerry_77,2026-07-14,early,0.05376702366628654,0.10287845626090517,0.21068308863376722,0.1224428561869863
bigmanevan,2026-07-14,early,0.03900878253710509,0.1585486559889671,0.16962257965585842,0.12239333939397688
TigranMukhutdinov,2026-07-14,early,0.04527758368808751,0.1418370282884854,0.18000537732125058,0.12237332976594117
Siniauski,2026-07-14,early,0.05078141223285965,0.11181723580190042,0.20450365035216553,0.12236743279564187
CaspiIsrael,2026-07-14,early,0.05502552828836368,0.09827571347316715,0.21370098088853998,0.12233407421669025
Nicolas_Chess10,2026-07-14,early,0.037958134914200733,0.1493929793019173,0.17960923227660008,0.12232011549757271
KChor05,2026-07-14,early,0.052361776163109774,0.12169619026811324,0.1928635834077629,0.12230718327966199
Artooooo,2026-07-14,early,0.041375892097788525,0.142217328992224,0.18323370245695497,0.1222756411823225
ArvinRasti,2026-07-14,early,0.049726617091733,0.1188909405300727,0.19820595777444294,0.12227450513208288
ElijahLogozarStudent,2026-07-14,early,0.04064770462844569,0.13624327906659456,0.18988168747493986,0.12225755705666004
Timur_Nurzhanov,2026-07-14,early,0.0477169663336065,0.1387667851960718,0.18002688193562316,0.12217021115510047
BestStelker,2026-07-14,early,0.04586590746289094,0.12357457626903047,0.19681261879899664,0.122084367510306
ChessRook_E,2026-07-14,early,0.0558474420488367,0.10246423048089168,0.2078954143159707,0.12206902894856636
GrigorGrigorov,2026-07-14,early,0.05420085566192985,0.10124678574109561,0.21069797706944202,0.1220485394908225
Alen_ChessMate,2026-07-14,early,0.039490069564977096,0.128086887203376,0.19855297813562686,0.12204331163465998
Ibon17,2026-07-14,early,0.03828947241178406,0.13435287924260927,0.1934390855167395,0.12202714572371094
Skybloues,2026-07-14,early,0.038482074548762304,0.14933817541200634,0.1781529933170992,0.12199108109262262
AlexanderMatlak,2026-07-14,early,0.04199658256370452,0.15830477931422746,0.16564907571091228,0.12198347919628143
scorpio199999,2026-07-14,early,0.03763158556616605,0.15525519653627504,0.1730150732427339,0.12196728511505833
SkippingLaptop,2026-07-14,early,0.05016967798000045,0.12448151994135187,0.19117615903133864,0.12194245231756366
Druid24,2026-07-14,early,0.06707787664394946,0.09339759671686863,0.20527540507372954,0.12191695947818254
WelshTiger,2026-07-14,early,0.05113162152505862,0.11333222197909616,0.20123163639420721,0.121898493299454
WiktorGolis,2026-07-14,early,0.04656003179757517,0.13405703047564346,0.18507126366423715,0.12189610864581861
IriBu,2026-07-14,early,0.04640718216857975,0.1290041685140193,0.1902724630154389,0.12189460456601264
CristhianPortalR,2026-07-14,early,0.04271801821259064,0.12329808736913823,0.19962851237650167,0.12188153931941019
HZMC92,2026-07-14,early,0.03901728132429003,0.15379788055471638,0.17280460865497363,0.12187325684466001
Ditman2007,2026-07-14,early,0.05749958433541925,0.09797999939164964,0.2100886211613995,0.12185606829615614
oogee,2026-07-14,early,0.05367455286721282,0.10886517762365916,0.2030257969143247,0.12185517580173222
SnekkerAndersen,2026-07-14,early,0.05168815457325538,0.09943757191105784,0.2142604963728536,0.1217954076190556
solofon,2026-07-14,early,0.04485446945853047,0.11941168463029883,0.20100996454589726,0.12175870621157552
Chesstrainer1,2026-07-14,early,0.0541201518162892,0.11195286314865405,0.1991682298058178,0.12174708159025367
motivated_bishop,2026-07-14,early,0.04818368035116913,0.12493336069714832,0.19210109796489785,0.12173937967107178
AnujShrivatri21,2026-07-14,early,0.038596708275094274,0.1503104065239155,0.17618041840657697,0.12169584440186225
Tobias_Koelle,2026-07-14,early,0.050371651901980896,0.1018174953074896,0.21289139466482884,0.12169351395809978
vasilisfragkos,2026-07-14,early,0.03906432537619215,0.1361083774147431,0.18986863804253645,0.12168044694449058
Cosi43,2026-07-14,early,0.03863301924244233,0.14525998954126612,0.18108272519752272,0.12165857799374373
Bodnar_Mykola,2026-07-14,early,0.0444789126505454,0.11843955816053939,0.20200885092250434,0.12164244057786304
RAlfaya,2026-07-14,early,0.040296970253397596,0.15036124628854208,0.17426130004785964,0.12163983886326644
Sjakkerntobi,2026-07-14,early,0.057168288040335684,0.09381254544227545,0.21391785703435268,0.12163289683898793
Stouuf,2026-07-14,early,0.039680991421884006,0.14658510974249847,0.17862743663629022,0.12163117926689089
Idiioteque,2026-07-14,early,0.04746742099775078,0.12816167200583237,0.18923948352010908,0.12162285884123074
wonderknight64,2026-07-14,early,0.04710853154370995,0.12008255481074293,0.19762028736486464,0.1216037912397725
klauser63,2026-07-14,early,0.0429026828060395,0.12589749693721194,0.19599648387354957,0.12159888787226701
valemava,2026-07-14,early,0.051931763550810424,0.10296144679280246,0.2099009335806782,0.1215980479747637
VD_coach,2026-07-14,early,0.05687421551240082,0.10633452846446234,0.2014308796494103,0.12154654120875781
arnash_bauyrzhan,2026-07-14,early,0.05412720658744915,0.11118208425178601,0.19912701985725118,0.1214787702321621
dapsay,2026-07-14,early,0.04306370416138205,0.12837318354069152,0.19296241141077392,0.12146643303761584
Diana_Omurbekova,2026-07-14,early,0.03929890126823636,0.1421897880184017,0.18285071126340835,0.12144646685001548
R2D2PTY,2026-07-14,early,0.05395482536850287,0.1005391703920762,0.20972672121988578,0.12140690566015495
hrawk007,2026-07-14,early,0.043608072667424995,0.13893230438031848,0.18165062631673873,0.12139700112149406
HeinichessPY,2026-07-14,early,0.04393661861174936,0.12255830294599265,0.1976502551087892,0.12138172555551041
Lector118,2026-07-14,early,0.04879032375724763,0.11135173712691525,0.2039698308240635,0.12137063056940879
ElefanteNegro,2026-07-14,early,0.036793484874299426,0.15553801286096702,0.17175608969338402,0.12136252914288348
Coach_Istvanovszki,2026-07-14,early,0.04325572322477308,0.14451348536333977,0.17630203067260294,0.12135707975357195
Kassimov_B,2026-07-14,early,0.04257925433236956,0.1419302890278027,0.17951515851519648,0.12134156729178958
Oneiros0201,2026-07-14,early,0.03727028864725822,0.1595124046333311,0.16722877308538517,0.12133715545532482
ChampArden,2026-07-14,early,0.037410017665386104,0.1393551391466393,0.1872406391335694,0.12133526531519827
Gora2812,2026-07-14,early,0.043986485229965275,0.14295200994045382,0.17703395021242296,0.12132414846094736
Dyadya81,2026-07-14,early,0.05174426828828677,0.11249259433594712,0.19972606010367325,0.12132097424263572
kinga2008,2026-07-14,early,0.05686780766885257,0.09439604645487745,0.21267871051377327,0.1213141882125011
Canal_Showdrez,2026-07-14,early,0.05087632008110837,0.11407894503617444,0.1989142974824907,0.12128985419992451
dorsa_gh2014,2026-07-14,early,0.04195395721233428,0.1230077630540269,0.19890266100332638,0.12128812708989585
DitmanSolo,2026-07-14,early,0.04491505609240164,0.13384049155353675,0.18494536062268693,0.12123363608954178
mostafa_sakha,2026-07-14,early,0.04382139857585719,0.12234206374394968,0.1975228822516105,0.12122878152380578
singenoirrr,2026-07-14,early,0.04245837973257965,0.14044327884701996,0.18077539206381196,0.12122568354780387
JesseFebruary,2026-07-14,early,0.04773439239006676,0.11150874272282718,0.20438366990840112,0.12120893500709835
Hunninn,2026-07-14,early,0.03926139874323107,0.1498210972341568,0.17453874069366748,0.12120707889035177
IakovUlivar,2026-07-14,early,0.040901754026761675,0.13815578498458508,0.18447688508703128,0.121178141366126
Paladin61,2026-07-14,early,0.057274357657076135,0.10437887267030183,0.20186873660333224,0.1211739889769034
Escanor89,2026-07-14,early,0.04478428498577768,0.11322827663498766,0.20546772984593312,0.12116009715556615
novocane,2026-07-14,early,0.06027800416509272,0.09364691771760236,0.2095313566448112,0.1211520928425021
JakubPulpan,2026-07-14,early,0.051107319061800015,0.1087806991234879,0.20353581546804864,0.12114127788444551
le-castor-faineant,2026-07-14,early,0.05437477049603713,0.10607101691632193,0.2028643668283894,0.12110338474691613
kasparicy,2026-07-14,early,0.044722884548158426,0.13724023295949042,0.1813460343119485,0.12110305060653244
NguyenHlb,2026-07-14,early,0.044467293277806866,0.13081603691139326,0.1880085030756138,0.12109727775493796
Artyom_ChessMate,2026-07-14,early,0.05256143096503759,0.10868497976572272,0.20201836518635247,0.1210882586390376
simaopdias,2026-07-14,early,0.05168347722517811,0.104418666369844,0.2071316798471839,0.121077941147402
Chess_Gainz,2026-07-14,early,0.04164035448136057,0.1423268634312998,0.17925841957993371,0.12107521249753135
marik_spb,2026-07-14,early,0.05370128000739753,0.10388123312253532,0.20555273079306183,0.12104508130766489
disciplinedbrat,2026-07-14,early,0.052842771456015056,0.11104768519688192,0.19923078439326816,0.12104041368205505
m-garcett,2026-07-14,early,0.05396318579482174,0.11035844371486965,0.19872533511105575,0.12101565487358239
aksuliini1,2026-07-14,early,0.04143862970502319,0.12506188474763144,0.1965429608234162,0.12101449175869028
omer1997,2026-07-14,early,0.04658282889380188,0.11294240915256286,0.20337340529201967,0.12096621444612814
LionelMessiFCB,2026-07-14,early,0.04531689008494799,0.1324321965185464,0.184849348540951,0.12086614504814847
hurricane7791,2026-07-14,early,0.05306284437300391,0.1003553120371555,0.20905118909004267,0.12082311516673401
HAMOOD-ALBUSAIDI,2026-07-14,early,0.043524029192407415,0.13489748350873057,0.18395240435094376,0.12079130568402725
unkiyto,2026-07-14,early,0.053485140703927424,0.10865506902561602,0.20005747869060675,0.12073256280671674
MeisterJabo,2026-07-14,early,0.05793116605956062,0.10800808288033141,0.19622496528803907,0.1207214047426437
JacksterThePro,2026-07-14,early,0.045606603841864476,0.1314547205829108,0.18510018165112696,0.12072050202530075
likeablewolf,2026-07-14,early,0.04024318734250628,0.14800920995483088,0.17375606400056978,0.12066948709930232
cancrushyou,2026-07-14,early,0.046595796649532485,0.11401142165010893,0.20138198151199105,0.12066306660387749
ahmedkandiliii,2026-07-14,early,0.05578926410219905,0.10397516798868983,0.20216193873576496,0.12064212360888461
brunomorado,2026-07-14,early,0.05605996167764389,0.09618485038075267,0.20953959748277512,0.12059480318039056
skoularikii,2026-07-14,early,0.05558697306501029,0.09613825784220345,0.20999944336961004,0.12057489142560791
DampFalcon,2026-07-14,early,0.049924431393774844,0.10708904788249062,0.2047031390336427,0.12057220610330273
ThePawnSmasher,2026-07-14,early,0.04605640400461817,0.1133497626365594,0.20230959217036987,0.12057191960384915
heavenlyview,2026-07-14,early,0.04376170226069845,0.11886883456790091,0.19893243793027554,0.12052099158629163
starworld123,2026-07-14,early,0.047973548434175235,0.09952422709427235,0.21403839289588106,0.12051205614144289
Sattarov_Bobur,2026-07-14,early,0.05663879333366616,0.08594183757299372,0.21890986872373103,0.12049683321013031
Aalessia,2026-07-14,early,0.04685769713838754,0.11039076194012627,0.20412335527747472,0.12045727145199618
Rital44,2026-07-14,early,0.05409553642195854,0.10055944338306083,0.20662343771415717,0.12042613917305885
Qvalda,2026-07-14,early,0.055433036372167316,0.09245213645923567,0.21334105421692237,0.12040874234944178
ChellyArt,2026-07-14,early,0.09232055766061241,0.10089442701796597,0.16798922111346765,0.12040140193068201
BlunderingPanda01,2026-07-14,early,0.047457581868442594,0.11846964527922756,0.19526251095765962,0.12039657936844327
WorriedEgg,2026-07-14,early,0.03555889579031998,0.15588669576588302,0.1697327543484012,0.1203927819682014
Zainullina_Nataliya,2026-07-14,early,0.059395274675871246,0.09779273756260978,0.20398373060786784,0.12039058094878297
flawian2008,2026-07-14,early,0.040644348209071424,0.12170427145082784,0.19880736484906658,0.12038532816965529
dpopadic,2026-07-14,early,0.042351258057177384,0.12613307549846237,0.19264840278515993,0.12037757878026656
IvanhoeLeo,2026-07-14,early,0.0435704820549808,0.11703990641328876,0.2005111842264858,0.12037385756491846
ansko1999,2026-07-14,early,0.04847710985293437,0.11390450218088698,0.1987386062028983,0.12037340607890655
AGUS2007,2026-07-14,early,0.04021263501660627,0.13054491561076262,0.19035466737324763,0.12037073933353885
Eltaj_Safarli,2026-07-14,early,0.04744065165730806,0.10850803838637467,0.20515075655223078,0.12036648219863784
WanderingPuppet,2026-07-14,early,0.054424368084328364,0.09569027758151964,0.21095530504718885,0.12035665023767894
agvega14,2026-07-14,early,0.055383972866576495,0.09237745886917566,0.21309416956506855,0.12028520043360691
b_6,2026-07-14,early,0.05212649647824556,0.10238752895484836,0.20632630921024858,0.12028011154778084
Kopylov_Alex,2026-07-14,early,0.052219889450955875,0.10880707555220062,0.19978644069702825,0.1202711352333949
Dontmesswithme_2,2026-07-14,early,0.03761641573391615,0.14151168129108813,0.18164602405898195,0.12025804036132874
yoolund,2026-07-14,early,0.03984453427001051,0.1460460488302517,0.17484886070586347,0.12024648126870856
Blackwhite017,2026-07-14,early,0.055981516160599536,0.1043013669425455,0.20034358025200227,0.12020882111838244
Mroziiu,2026-07-14,early,0.039309308914010084,0.1431450156200547,0.1781621089006083,0.1202054778115577
Sondremelaa,2026-07-14,early,0.04891990418787424,0.10775481794800792,0.20389438734480506,0.12018970316022907
mohsengabr2002,2026-07-14,early,0.04616983786671052,0.11594113505402588,0.19845743601540577,0.12018946964538073
PDS7603,2026-07-14,early,0.04603527379660902,0.11535755168335547,0.19915937804204287,0.12018406784066911
akanga001,2026-07-14,early,0.06402095212706951,0.09784000793517729,0.1986528040368346,0.12017125469969381
waltereador,2026-07-14,early,0.04653233296761385,0.11574818857188172,0.1982130223937714,0.12016451464442231
JM05C,2026-07-14,early,0.048600602766571445,0.10741613497490508,0.20442709140230608,0.12014794304792753
Kingstar70,2026-07-14,early,0.04311616906671327,0.135479140689444,0.18184675884713422,0.12014735620109718
dozer80,2026-07-14,early,0.05499337913303184,0.09587281074530223,0.20956939616224535,0.1201451953468598
BishopPairMasterr,2026-07-14,early,0.040687274995701087,0.12262060569854659,0.19712612931441917,0.12014467000288893
csati17,2026-07-14,early,0.05245510679345987,0.09729673062818865,0.21068201713768908,0.12014461818644588
TacticsWizards,2026-07-14,early,0.049843936756537165,0.11526322309112098,0.19529380301694466,0.12013365428820093
Tactictic,2026-07-14,early,0.06110890386885556,0.10061628892572597,0.19866572262070625,0.12013030513842926
coco_crc,2026-07-14,early,0.0473692847702872,0.1193318575599387,0.19360546863513672,0.12010220365512088
thox_xo,2026-07-14,early,0.042074039475132954,0.13547837226177536,0.18266771313548166,0.12007337495746333
chesstrainer2042,2026-07-14,early,0.03424887122171891,0.18171058310239752,0.1442436115600948,0.12006768862807042
DucksParadise,2026-07-14,early,0.07136214446079886,0.08929478347338925,0.19944794076611036,0.12003495623343281
olkarchess,2026-07-14,early,0.041723414134477464,0.1253716537401196,0.19291944092595614,0.12000483626685106
Karttunen,2026-07-14,early,0.06795058397505242,0.09120678271406138,0.20080693726157425,0.11998810131689601
Nekoo04,2026-07-14,early,0.05536802115533672,0.0931713161501718,0.21138072992939683,0.11997335574496844
shyam,2026-07-14,early,0.04263670365373899,0.13904372041164945,0.1782371589067216,0.11997252765737
szachmistrz2500,2026-07-14,early,0.06130274709625494,0.1072715868957856,0.19114650184528745,0.11990694527910932
Nikhiil_M,2026-07-14,early,0.04231464543763569,0.1368796661808378,0.1804180332000099,0.11987078160616112
BlitzWizard04,2026-07-14,early,0.05264561238720816,0.11175334193885317,0.19521280807914163,0.119870587468401
Winner_7777,2026-07-14,early,0.04640195547681983,0.1068314220071907,0.20624829236459985,0.11982722328287014
TatjanaVasilevich,2026-07-14,early,0.05014276581173073,0.09745583864758367,0.21184041921621982,0.11981300789184474
Grebnev_A,2026-07-14,early,0.042402781936220345,0.13380276734479304,0.18321438857483138,0.11980664595194827
glucolisis04,2026-07-14,early,0.04310213074155632,0.12204976984122835,0.1942653181531264,0.11980573957863701
elchechereche,2026-07-14,early,0.04170249371138469,0.1276222607166328,0.18996940741150475,0.11976472061317407
Aanna12,2026-07-14,early,0.04957942957124727,0.10575870794338686,0.2038904051442589,0.11974284755296434
RaneshRatnesan,2026-07-14,early,0.04161313058998088,0.14378885031059252,0.1738021836245473,0.11973472150837357
gmjoey1,2026-07-14,early,0.050099463858737654,0.11284213543782769,0.19622609743130703,0.11972256557595747
mikhailooooo,2026-07-14,early,0.04733259935012985,0.11939784301522555,0.1924031743227357,0.11971120556269703
Mikozovna,2026-07-14,early,0.043005674342287074,0.1434162540659097,0.17267570191338305,0.11969921010719327
Colombiano07,2026-07-14,early,0.05708126573263705,0.08753741003859217,0.2144696858810114,0.11969612055074687
Veleamater,2026-07-14,early,0.061166920611861714,0.09667256567757576,0.20114307040965484,0.11966085223303076
MarcSan95,2026-07-14,early,0.04439549524812674,0.13446687572669658,0.18004302002807634,0.11963513033429989
ChadBiryani,2026-07-14,early,0.05855460056830836,0.10603163526411026,0.1939813140476718,0.11952251662669681
Antek_Radzimski,2026-07-14,early,0.041361465527305,0.13027687497175947,0.18692182948143976,0.11952005666016807
Polstastisch,2026-07-14,early,0.0600351426993117,0.07883199542470341,0.21966041502200084,0.1195091843820053
Steven_Rojas,2026-07-14,early,0.03983904629185571,0.13012274952158404,0.1885294269975387,0.11949707427032615
aachess2006,2026-07-14,early,0.03428374374870724,0.1578577253856912,0.16632786755387446,0.11948977889609097
FleursBouquet,2026-07-14,early,0.03946597576313452,0.13761141058544332,0.1813757350944577,0.11948437381434518
HannahSayceStreams,2026-07-14,early,0.03919501336160612,0.1431747879884759,0.17605444577416374,0.11947474904141525
Sl4werThanYou,2026-07-14,early,0.05389675337232573,0.09552596356183451,0.20895992621904633,0.11946088105106885
UlisesHB,2026-07-14,early,0.043647069537305495,0.1208092870487691,0.19386246626779186,0.11943960761795548
OppieZippy,2026-07-14,early,0.04997779281898704,0.1085000551592966,0.1998337493729272,0.11943719911707028
volkanyirik,2026-07-14,early,0.049645973938842194,0.09993378392732051,0.20870168574169962,0.11942714786928743
SilverSwords13,2026-07-14,early,0.04192731228732591,0.12183835047251437,0.19446751894932698,0.11941106056972244
Thormento16,2026-07-14,early,0.05596996447640883,0.09393455795307343,0.20829712335546793,0.11940054859498339
joarprodhan,2026-07-14,early,0.041694675213819976,0.13595084852669323,0.18046550823265206,0.1193703439910551
Belka1989,2026-07-14,early,0.0419369573819912,0.13314089772971774,0.18299428144151073,0.11935737885107323
Joshukid,2026-07-14,early,0.06003902338401375,0.0858747027438003,0.21214623881684108,0.11935332164821838
Kushch_Nikolai,2026-07-14,early,0.04306128417757505,0.13407423834239837,0.18081438032251654,0.11931663428082999
Dreamer_01,2026-07-14,early,0.045223506358726476,0.12664287321925907,0.18577862501874198,0.11921500153224251
marekpolska,2026-07-14,early,0.04299848732281489,0.1396632855262124,0.1749125301293785,0.11919143432613526
ansprvt,2026-07-14,early,0.04041882505302243,0.1527727418705136,0.1643217219885344,0.11917109630402349
IANOV0007,2026-07-14,early,0.07133513137942926,0.09218796707178498,0.19397193742483584,0.11916501195868336
Donskov_AN,2026-07-14,early,0.05730483162374432,0.0925115468357973,0.20761807084685532,0.11914481643546565
Bertalan1126,2026-07-14,early,0.044684156585657483,0.1285624703107325,0.1841571159420783,0.11913458094615609
Mischuk_D,2026-07-14,early,0.05380136336052284,0.0922393130028809,0.2112544102007345,0.11909836218804608
h4parah5,2026-07-14,early,0.05418910380210994,0.09465887212277324,0.208386977586107,0.11907831783699674
manmanlai1,2026-07-14,early,0.045036161623032304,0.10255363644805121,0.20963539427818328,0.11907506411642227
HelvertHernandez,2026-07-14,early,0.04321731642734689,0.1351209805610137,0.17878098982813234,0.11903976227216433
KhazhatulyAlikhan,2026-07-14,early,0.04811954952914344,0.11591175929985875,0.19308509228586046,0.11903880037162089
Treasurechess777,2026-07-14,early,0.0433290357756357,0.11547078972361129,0.19826685833499766,0.11902222794474822
CixPer1968,2026-07-14,early,0.04807171041407587,0.10763221817871474,0.20133714010012219,0.11901368956430426
GorinDeshi,2026-07-14,early,0.039627355773623626,0.12312907376276222,0.19426190885104375,0.11900611279580986
YegoryoCh,2026-07-14,early,0.04528380010042238,0.1124523765384512,0.19927606031286232,0.11900407898391197
Hudijegszid,2026-07-14,early,0.04333404913297478,0.1139946468381557,0.19967906168064556,0.11900258588392536
Misha_Bilous,2026-07-14,early,0.036375631868247604,0.13991845492674254,0.18070645542407487,0.11900018073968834
CraiggoryC,2026-07-14,early,0.06009380074970853,0.09222691629850284,0.2046337198893767,0.11898481231252937
SultaiC,2026-07-14,early,0.042648183094047075,0.13040152720897427,0.18381336507232884,0.11895435845845008
marvelavengers4,2026-07-14,early,0.03778942974257396,0.13288655870016705,0.18616895816121348,0.1189483155346515
The_filthy,2026-07-14,early,0.06061996890094118,0.10057777509980435,0.19545618018195693,0.11888464139423416
Baronessa08,2026-07-14,early,0.05365440745671832,0.10048147230473431,0.20241373954695413,0.11884987310280226
Apocalyps999,2026-07-14,early,0.05137882537801835,0.1014315490449618,0.20373183771206688,0.11884740404501566
beast_20_20,2026-07-14,early,0.038761721595134475,0.1294069179479124,0.18832127946252505,0.11882997300185731
drragnar1,2026-07-14,early,0.04842243889933664,0.11889143011717597,0.18911168108686488,0.11880851670112584
kosmeg,2026-07-14,early,0.04536370990786527,0.11329417204525663,0.19776170695381878,0.1188065296356469
a-z30,2026-07-14,early,0.05780721183654683,0.08476403066876335,0.2136958032976666,0.11875568193432558
Alex_Terzi,2026-07-14,early,0.047727119671899014,0.10869527350349092,0.19975160613242235,0.11872466643593743
ineverlikedyou,2026-07-14,early,0.055418548702804805,0.09058488332396099,0.21012988293490553,0.11871110498722377
Vuk2000,2026-07-14,early,0.0520699710209812,0.10144998839960799,0.2026089604104007,0.11870963994366329
RichardLeyvaP,2026-07-14,early,0.04907779344545389,0.10230949208708028,0.20455100608544152,0.1186460972059919
Ash15K,2026-07-14,early,0.045639453914215936,0.11711291841233394,0.19311863122485434,0.11862366785046807
NTBT_DHS,2026-07-14,early,0.04137128752195776,0.12872730969285193,0.18574140684163887,0.11861333468548285
Fumitoks,2026-07-14,early,0.051675290324683855,0.10899085044596804,0.1950600826768749,0.11857540781584226
SidArun,2026-07-14,early,0.05509255118591319,0.09557345297574922,0.2050377574999365,0.1185679205538663
Dr_Rad87,2026-07-14,early,0.033329927048272825,0.1392923612028677,0.18299741233121483,0.11853990019411846
ri4mi,2026-07-14,early,0.05248199124520472,0.10803826732111313,0.1950356750612823,0.1185186445425334
diskeleven,2026-07-14,early,0.04306318884606228,0.12762128738169498,0.1846522420087622,0.11844557274550649
LLRChess,2026-07-14,early,0.055348226267167504,0.09625206492088165,0.2037291043464501,0.11844313184483309
VojtechPlat,2026-07-14,early,0.04394892287288836,0.11152582224922457,0.1998270846727479,0.1184339432649536
louis198,2026-07-14,early,0.04773252629723646,0.10410556166133816,0.20342123022933578,0.11841977272930347
XalmatovYakubjon,2026-07-14,early,0.03423552072788958,0.17612558969119027,0.14489423613501695,0.1184184488513656
Onischuk_V,2026-07-14,early,0.04906324865851881,0.09954100370998445,0.20664286428614534,0.11841570555154952
Dinosaurio_1975,2026-07-14,early,0.04995544009011276,0.10658596406559025,0.1986920348042696,0.11841114631999088
prakharbajaj21,2026-07-14,early,0.042449768024881034,0.12139688272611435,0.19132899607770715,0.11839188227623416
juniortay,2026-07-14,early,0.04840443035316282,0.13175896966499825,0.17478778265900888,0.11831706089238998
Zeitnot30,2026-07-14,early,0.038882261605638034,0.11829652940815487,0.1977190234264844,0.11829927148009244
AthanasiusLefebvre,2026-07-14,early,0.04850714759325539,0.1039694669773198,0.20239984998012484,0.11829215485023335
krstulov_alex,2026-07-14,early,0.06419350534684579,0.08438879525452936,0.2062827427311361,0.11828834777750374
orkinyo12345,2026-07-14,early,0.04212623504966708,0.12889945500570735,0.18382577572784023,0.11828382192773823
NasirAkylbekov,2026-07-14,early,0.04480345647637651,0.1265651209617471,0.1834516391362598,0.11827340552479448
soul_mortall,2026-07-14,early,0.04381534623017358,0.11926313358547208,0.1917408907295847,0.1182731235150768
RhythmChessmaster,2026-07-14,early,0.041308602005710585,0.12985602425402418,0.18365417736000506,0.11827293453991328
valorant64,2026-07-14,early,0.03306045231630717,0.1795496095655743,0.141979369731145,0.11819647720434216
Glaive_64,2026-07-14,early,0.05176214471324571,0.09203818625058434,0.2107754479332171,0.11819192629901572
Deuterio010,2026-07-14,early,0.04012563418510739,0.11923229596858431,0.19520072140558803,0.11818621718642658
N18player,2026-07-14,early,0.06232769357250355,0.08967170985898912,0.20240288231398484,0.1181340952484925
BozeKat,2026-07-14,early,0.05312485624838909,0.10044213963645196,0.20078571199615095,0.118117569293664
levqcq,2026-07-14,early,0.04725527245730714,0.11203395952564908,0.19503839386438115,0.11810920861577912
RaulPerezGuerra,2026-07-14,early,0.03337473688390784,0.16057146581762105,0.16031380094760977,0.11808666788304623
Kimkibo,2026-07-14,early,0.04160136399388261,0.131351100326385,0.18128933404231173,0.11808059945419312
Millerkallpa,2026-07-14,early,0.047973276646884395,0.11069213179945074,0.1954224912340996,0.11802929989347825
starplatinum2030,2026-07-14,early,0.049885387467100105,0.09829016435632619,0.20589554084193362,0.11802369755511997
fractal1234,2026-07-14,early,0.04206895871282678,0.12771411358581403,0.18427959426627485,0.1180208888549719
biveklama,2026-07-14,early,0.04550589010795606,0.12514587261299112,0.18340665312180632,0.1180194719475845
Bad4life,2026-07-14,early,0.039795738807661796,0.12449668570042499,0.18968937824614138,0.1179939342514094
ThanhNghia,2026-07-14,early,0.039852733205482486,0.12107721325159611,0.1930292669447249,0.11798640446726782
FrigidusSinapis,2026-07-14,early,0.04541138933693643,0.11572387171518858,0.19272883112939065,0.11795469739383856
Kowarenai,2026-07-14,early,0.041910600634917194,0.13103441291414827,0.18090774703313453,0.11795092019406667
FunnyDuck66,2026-07-14,early,0.05081779293255771,0.10549695914873582,0.19747960322095207,0.1179314517674152
Redbandit87,2026-07-14,early,0.040778483250341356,0.12110791686985595,0.1917925084518668,0.11789296952402135
NONmaster99,2026-07-14,early,0.04520768230020135,0.11937099452279006,0.1890766559894831,0.1178851109374915
divudis17,2026-07-14,early,0.04032712197463807,0.12260242899288913,0.19070702923587704,0.11787886006780142
watermelonattackk,2026-07-14,early,0.042970611134794265,0.12780694183812683,0.1827288063771806,0.11783545311670056
LikelyChess13,2026-07-14,early,0.031111263163580757,0.18003654260163543,0.1423530876763116,0.11783363114717593
danifv,2026-07-14,early,0.03630862716246895,0.15207753808602484,0.1650727548169045,0.11781964002179941
JeFumeDesClopes,2026-07-14,early,0.045397262555731004,0.12351805976037696,0.18453616577861992,0.11781716269824262
marvinguevara,2026-07-14,early,0.05420544651955561,0.09824238773778009,0.20090585507568995,0.11778456311100856
DonJuanEGenaro,2026-07-14,early,0.04901662627747567,0.10864679362822455,0.19565771763395964,0.11777371251321996
MarcoRiehle,2026-07-14,early,0.061302374362542426,0.09522877201412419,0.19676026900532848,0.1177638051273317
balack95,2026-07-14,early,0.05628949326553943,0.08861143978102894,0.20832354798990668,0.11774149367882503
hasagoodchesser,2026-07-14,early,0.042062219170743535,0.11544578670771226,0.19565679727339214,0.11772160105061598
Kamduki,2026-07-14,early,0.0376559515556247,0.14658752663626828,0.16883109550630987,0.11769152456606762
tabarex,2026-07-14,early,0.044658467602368225,0.10991300962822843,0.1984934804778054,0.11768831923613403
el_sporco,2026-07-14,early,0.061705737552291806,0.0853975390697563,0.20583330368701977,0.1176455267696893
Fonsofan,2026-07-14,early,0.04606575880825329,0.10229019308674972,0.20457560355158727,0.1176438518155301
rk12387,2026-07-14,early,0.050066894281878896,0.0933670234287608,0.2094448209431964,0.11762624621794537
Eesha-Karavade,2026-07-14,early,0.05033706052079099,0.09727906024818428,0.20525467807623834,0.1176235996150712
Eduard_Limonov,2026-07-14,early,0.0671439971244439,0.08370784924218984,0.20199502052666243,0.11761562229776538
Sebastian,2026-07-14,early,0.05704464256501067,0.09461520595200505,0.20115370529663731,0.11760451793788435
AbasovN,2026-07-14,early,0.040686292267922024,0.11217670870623789,0.19985610963612943,0.11757303687009646
MAAKASU,2026-07-14,early,0.04281131832215334,0.11733563735357783,0.19254565279300578,0.11756420282291231
ajedrezhoy,2026-07-14,early,0.05413638793445956,0.10050665212099376,0.19802793903902713,0.11755699303149347
marianokar,2026-07-14,early,0.05270230908593303,0.0933025639943076,0.20661764594623888,0.11754083967549317
aunqa,2026-07-14,early,0.03378554858392221,0.16335947089235708,0.1554259463984061,0.1175236552915618
Heinza9,2026-07-14,early,0.062289481856399584,0.08918917664908234,0.2010784565147998,0.11751903834009392
Lion_68,2026-07-14,early,0.04679513513706789,0.11394360079644801,0.19176080954531222,0.1174998484929427
Tramontanaaa,2026-07-14,early,0.051188228288485814,0.10341962787863762,0.19779609651333233,0.11746798422681859
SergeyShtyka,2026-07-14,early,0.07113889015611388,0.0860270145179115,0.19513538823287493,0.11743376430230011
theredking89,2026-07-14,early,0.04024403398671294,0.13431531050410297,0.17758734588640962,0.11738223012574185
Goi_Manne,2026-07-14,early,0.047214934360640705,0.09602725644895663,0.20883735166437478,0.11735984749132404
matagordo,2026-07-14,early,0.0547119380022211,0.0862913519749698,0.2109150608921333,0.1173061169564414
ExplosiveHamster228,2026-07-14,early,0.03290997206468243,0.17664384815558404,0.14234332692849244,0.11729904904958631
capatl,2026-07-14,early,0.04529515272893452,0.11567390376115644,0.1907001854090061,0.11722308063303237
Ryukchess81,2026-07-14,early,0.04928008519577023,0.09380442244845566,0.20847644404205756,0.11718698389542781
beatles_22,2026-07-14,early,0.045866114074060466,0.12734193563315882,0.17829155236684094,0.11716653402468674
Lagravesamuell,2026-07-14,early,0.03893492736271469,0.12289193149522569,0.18964419047091788,0.11715701644295275
fiddle99,2026-07-14,early,0.04067300159792924,0.12793173279187714,0.18271728097956227,0.11710733845645623
Dr_Pepper18,2026-07-14,early,0.04239401766674421,0.11210554130307267,0.19680572590631787,0.11710176162537826
kekic76,2026-07-14,early,0.04563790879236506,0.10517845375511624,0.20040615129480885,0.11707417128076338
ZayneElZein2011,2026-07-14,early,0.03428891985988768,0.1729082806847852,0.14399988124924784,0.1170656939313069
ShazilTheGOAT2006,2026-07-14,early,0.04726926874118462,0.09987051008195007,0.20402407786648688,0.11705461889654052
Chessgodisback2008,2026-07-14,early,0.04181340955071457,0.11476572495046038,0.19458342738662016,0.1170541872959317
nelsi,2026-07-14,early,0.042013148816934416,0.12865352574871974,0.18043667766624302,0.11703445074396572
Dmitry_Konenkin,2026-07-14,early,0.04172845672411133,0.1298677015020317,0.17947952051294627,0.11702522624636309
Illingworth,2026-07-14,early,0.03185648923796037,0.18009326468255865,0.13909151026964045,0.11701375473005315
Freefresh,2026-07-14,early,0.04559547594628453,0.10408263717594873,0.20129397567330884,0.1169906962651807
Stalri,2026-07-14,early,0.05090849939095814,0.09966446064200025,0.20036007853179857,0.11697767952158566
josmito10,2026-07-14,early,0.04805507642829712,0.103292532999158,0.1995616671863856,0.11696975887128025
VirtualCoach,2026-07-14,early,0.03998562757366765,0.11768953914444441,0.19323404601814861,0.11696973757875355
Boliviar,2026-07-14,early,0.04120882105286728,0.13158561633514856,0.1779512331068378,0.11691522349828454
yetzggs,2026-07-14,early,0.03638307448698469,0.1477095972060743,0.16633867784174963,0.1168104498449362
Aklan10n,2026-07-14,early,0.04052416523940473,0.1267568099094514,0.1831425991881485,0.11680785811233489
FuenfgegenWilly,2026-07-14,early,0.05139580663126579,0.10237648058476112,0.19657985236734696,0.11678404652779129
shineatchess,2026-07-14,early,0.0391068017395775,0.14648326085699118,0.16474710220272834,0.116779054933099
frankshar,2026-07-14,early,0.051793753371985746,0.08947220361899713,0.20897454022754583,0.11674683240617623
Dinosaurioyogurt,2026-07-14,early,0.03511782686696965,0.14591666769763345,0.169202516091907,0.11674567021883671
JonSnowNW1,2026-07-14,early,0.04403698155618763,0.11144949707975135,0.19471218683709052,0.11673288849100982
DobrivojPopovic,2026-07-14,early,0.03879325266820846,0.1174061933353989,0.19395030287176168,0.11671658295845634
EternalNight8,2026-07-14,early,0.0400316662907813,0.14396155615623146,0.16613417842970143,0.1167091336255714
AleksandrAleksikov,2026-07-14,early,0.051054961085206976,0.09667472490299855,0.2023866725688018,0.11670545285233576
LastGladiator1,2026-07-14,early,0.05145394126679354,0.10239932348511852,0.1962365827162759,0.11669661582272932
Petrakejzar96,2026-07-14,early,0.05222602023923543,0.10232485154906396,0.19550769691156944,0.11668618956662295
jocmil,2026-07-14,early,0.045073388411479655,0.10446068921996156,0.20040849086493895,0.11664752283212672
jaldjald,2026-07-14,early,0.054074689157399734,0.08322149613270763,0.21255595203919758,0.11661737910976833
ogpin,2026-07-14,early,0.0478164338369215,0.10014758736896383,0.20183252946660946,0.11659885022416494
UmutErdemGunduz,2026-07-14,early,0.03939246950571917,0.1319268000963533,0.17844187785562482,0.11658704915256575
Horokoskii,2026-07-14,early,0.04998918689353491,0.10764719982282311,0.19207648041801145,0.11657095571145648
Samatsa,2026-07-14,early,0.053705012390280644,0.09134354613196226,0.20465880158156435,0.11656912003460242
TovmasianVardges,2026-07-14,early,0.03290997206468243,0.17475918910034532,0.14203451310707232,0.11656789142403336
mjelcic,2026-07-14,early,0.046133288833041276,0.12686173919032748,0.17668370389559993,0.1165595773063229
Daniel_Salinas,2026-07-14,early,0.04631440861654078,0.10378435239734006,0.1995741090516309,0.11655762335517057
DACF2905,2026-07-14,early,0.04984142414836589,0.10086637145260491,0.1989006150725919,0.11653613689118758
mbchess97,2026-07-14,early,0.04010784795634594,0.11675434910049652,0.19261716036423657,0.11649311914035969
Killertoy,2026-07-14,early,0.045197818640296476,0.1322205623196892,0.17200904786019122,0.11647580960672564
kaanadayhamle,2026-07-14,early,0.05399723703128233,0.08749935991141235,0.2078910797496679,0.1164625588974542
chess2024rk,2026-07-14,early,0.03903592496067202,0.13156985161573137,0.1787526410533663,0.1164528058765899
teillery95,2026-07-14,early,0.03973528975165244,0.1276848243676737,0.18193439820221868,0.1164515041071816
Irena10,2026-07-14,early,0.040233772034658194,0.11606563995623738,0.19295635089484342,0.11641858762857966
IMVoja,2026-07-14,early,0.04195872882867287,0.10907546485714874,0.19818828869062294,0.11640749412548151
AlexKhripachenko,2026-07-14,early,0.05862220376281758,0.07491689351949253,0.2156292440553524,0.11638944711255417
VOneChess,2026-07-14,early,0.04113905165039184,0.12926530377288706,0.17872948768606087,0.11637794770311326
Juandiv_Chessmood,2026-07-14,early,0.04170515275526335,0.12636255864194976,0.18101959831068215,0.11636243656929841
Omk124,2026-07-14,early,0.04455296074795235,0.10955232574972588,0.19496729724654746,0.1163575279147419
goofypenguin96,2026-07-14,early,0.05468164833104698,0.09871730235360698,0.19562809686987545,0.11634234918484314
SirMittensofMittensville,2026-07-14,early,0.05384329519093002,0.081912959754057,0.21325276281783406,0.11633633925427371
whatisbynavshde,2026-07-14,early,0.03436579938176465,0.17050694218769372,0.14413184595642167,0.11633486250862668
Arifarsky,2026-07-14,early,0.04674206750498185,0.10078715516741373,0.20139407086436148,0.11630776451225235
kick-start-the-rhythm,2026-07-14,early,0.03400063539277032,0.17026267241157247,0.14463644405097573,0.11629991728510618
joppie2,2026-07-14,early,0.057045496912555976,0.07879998181259994,0.21303120681613671,0.1162922285137642
pauliukevicius,2026-07-14,early,0.04305334493170359,0.10591954900340926,0.19980851631598406,0.11626047008369896
thesupera12,2026-07-14,early,0.048307322803599305,0.11350192616242973,0.18691545158065978,0.11624156684889626
David_ATM,2026-07-14,early,0.05059056040718688,0.08880666137711256,0.2091641164213961,0.11618711273523186
Arysya,2026-07-14,early,0.0411870934509297,0.1150115609128208,0.1923432730755171,0.11618064247975586
JRenatoMaranhao,2026-07-14,early,0.05259462308104123,0.08979556648860425,0.20614801345342634,0.1161794010076906
Flora,2026-07-14,early,0.037448434204388974,0.13656813820645994,0.174431737898413,0.11614943676975398
taleslascando,2026-07-14,early,0.04310934299511885,0.12471418490600696,0.1805745335164132,0.11613268713917968
Priyansh_2011,2026-07-14,early,0.04602942087315371,0.1170079646728012,0.18527499112451465,0.11610412555682319
Glek_Igor,2026-07-14,early,0.04511626814818037,0.10197725411266755,0.20120903077753677,0.1161008510127949
WiseKing_08,2026-07-14,early,0.04741996043267741,0.1034494694369823,0.1974308265325176,0.11610008546739244
NikaVolkov,2026-07-14,early,0.03754261800123011,0.1375283643985802,0.17321877008967473,0.1160965841631617
New_otherland,2026-07-14,early,0.032683968745534385,0.16650238713912788,0.14909469865990435,0.11609368484818887
Italo-Zapata,2026-07-14,early,0.043907853308207484,0.10855074366739514,0.19578916650553777,0.1160825878270468
Abd-2025,2026-07-14,early,0.038371418894158064,0.13178310632520457,0.1778847585366136,0.11601309458532542
AtabayevSaparmyrat,2026-07-14,early,0.0432721915449067,0.1239683014583823,0.18069466023212719,0.1159783844118054
bogcsab,2026-07-14,early,0.044145779807105254,0.12276448996754477,0.18101577025419208,0.11597534667628069
BeardedNM,2026-07-14,early,0.04033985165584284,0.10872358366067816,0.19877536375741045,0.11594626635797715
KirAk47,2026-07-14,early,0.04856865912560481,0.10388768358045064,0.1953556521961214,0.11593733163405895
aranibos,2026-07-14,early,0.06802683123223631,0.08132801021494397,0.19844367886775754,0.11593284010497928
masenik,2026-07-14,early,0.04732246510380951,0.09877537703891719,0.20165509623045136,0.11591764612439269
FranklinAPalomo,2026-07-14,early,0.0418294059784542,0.12332986105360456,0.1825046737934897,0.11588798027518282
stoleriu,2026-07-14,early,0.054749071892884214,0.08418361929299492,0.20868992174448706,0.11587420431012208
bitter-cikolata,2026-07-14,early,0.04414562791802285,0.10373635493460605,0.19973325299547606,0.11587174528270165
Buzhizhebuguai,2026-07-14,early,0.04426367319977974,0.11697312457524935,0.18634195045912716,0.11585958274471875
VaglioSagan,2026-07-14,early,0.05181163876814718,0.0957111822044921,0.19980330297331023,0.11577537464864984
Qenzy10,2026-07-14,early,0.03752913400742128,0.11465709209619154,0.19510887342736588,0.1157650331769929
Anar_Aliakbarov,2026-07-14,early,0.04177131779755678,0.12476292798561939,0.18074348829842218,0.11575924469386611
sergiochess83,2026-07-14,early,0.06118884778989238,0.08670624331495447,0.19933233697620545,0.11574247602701743
Jimonios,2026-07-14,early,0.042268933578504,0.11030986705423897,0.1946228899944079,0.11573389687571696
RhettLangseth,2026-07-14,early,0.03920592813121592,0.13754157530414599,0.17044422923891525,0.11573057755809239
kleopl,2026-07-14,early,0.047329230735667326,0.09652749427634907,0.20328204751747234,0.11571292417649626
DanLowinger,2026-07-14,early,0.0423492009226202,0.10384832428363294,0.2009347667851208,0.11571076399712465
Chinni2250,2026-07-14,early,0.03768714443920544,0.13434951029921438,0.17490927364030223,0.11564864279290736
StockholmMissile,2026-07-14,early,0.043523180970460956,0.10830487244901206,0.19510989887082927,0.11564598409676745
Completely_Alien,2026-07-14,early,0.047161061756061884,0.10887101543069712,0.19088142924172988,0.11563783547616295
thealphalion86,2026-07-14,early,0.03698990826289898,0.13258223251724974,0.17731391613439387,0.11562868563818085
MrKooshaChess_Twitch,2026-07-14,early,0.051894754662932155,0.0868346587391611,0.20808243346428743,0.11560394895546022
leclash,2026-07-14,early,0.04537990801464009,0.10247020143068009,0.19890773221186744,0.11558594721906253
DonBroca,2026-07-14,early,0.057684952260979444,0.07834542380505567,0.2106368671490064,0.11555574773834716
Valio_M1948,2026-07-14,early,0.03940240877436703,0.1280164895611244,0.17922566794057584,0.11554818875868911
heytbeteacher,2026-07-14,early,0.04098479668990712,0.12826943574024388,0.1773900530808871,0.11554809517034603
supermoli2300,2026-07-14,early,0.04844854448230246,0.10028399071139645,0.19781146658455553,0.11551466725941813
TorFredrikKaasen,2026-07-14,early,0.05083868077761701,0.10028641404137781,0.1953555741446587,0.11549355632121784
kirillshevchenko,2026-07-14,early,0.038567221793551404,0.11472295168544702,0.19308802399105446,0.1154593991566843
StankovicIvan,2026-07-14,early,0.044075824665586155,0.09885506284832773,0.20343190843204467,0.11545426531531951
Phankhiem2007,2026-07-14,early,0.03237692913349685,0.1656529889704,0.14833277967070616,0.11545423259153435
Advik1B,2026-07-14,early,0.047931719408965144,0.13822956719273238,0.16017724356904864,0.11544617672358205
DrKiller67,2026-07-14,early,0.03644630857277507,0.13430183182190455,0.17554137137461612,0.11542983725643191
pankajfm,2026-07-14,early,0.0480400012694496,0.09860645985413535,0.19956917585073333,0.11540521232477276
FightingDragon84,2026-07-14,early,0.0433840143939301,0.10463257395257641,0.19818066258521264,0.11539908364390639
Kirillov_Andrey,2026-07-14,early,0.03413005180989734,0.16792880389946635,0.14397576846837246,0.11534487472591204
bilosuvenosu06,2026-07-14,early,0.04986343506126293,0.09771790214040638,0.19816245327999174,0.11524793016055368
kuanysh1981,2026-07-14,early,0.047405787000573,0.1015636743418449,0.19670027731613174,0.11522324621951656
VeraVujovic,2026-07-14,early,0.04585978298910335,0.0957397259484415,0.2039383424404648,0.11517928379266988
Aggressus,2026-07-14,early,0.04725974064144702,0.12677331883998985,0.17147758546023656,0.11517021498055781
Malhar9,2026-07-14,early,0.04215883050845347,0.12987356114680765,0.17345143290999088,0.115161274855084
ZlatFM2,2026-07-14,early,0.04541311600237675,0.09695910668360566,0.2031107139729262,0.11516097888630288
Hamisandwich,2026-07-14,early,0.052512247908719306,0.09322741643603522,0.19960634808806227,0.1151153374776056
TheOneTrapMan,2026-07-14,early,0.03995470798029323,0.10998635628494124,0.19534224515764465,0.11509443647429303
Attacker88,2026-07-14,early,0.03733833821002994,0.1402851181263492,0.16765148992463025,0.1150916487536698
Ratkovic_Miloje,2026-07-14,early,0.03793234503252879,0.12268966861614325,0.18460706867711646,0.11507636077526284
skzt,2026-07-14,early,0.04330281343454914,0.12751440619298066,0.17438942422918585,0.11506888128557187
JAAC2002,2026-07-14,early,0.041190659294680174,0.12062480272242178,0.1833722701799718,0.11506257739902459
KoningKobe,2026-07-14,early,0.03265849255617333,0.1689304692976606,0.14359753029635478,0.1150621640500629
renehp,2026-07-14,early,0.04960979625622724,0.08984626413017902,0.20571434243701045,0.1150568009411389
Galileo22,2026-07-14,early,0.052722479801984974,0.08613981868497418,0.20610902390979965,0.11499044079891961
Budisavljevic,2026-07-14,early,0.04865832730360521,0.09714912373881654,0.19908887019053556,0.11496544041098578
exoticprincess,2026-07-14,early,0.062191616950980175,0.0926344483091681,0.19005646142862048,0.11496084222958958
zouchen6,2026-07-14,early,0.045974742238546855,0.084957710141911,0.21388369431293847,0.11493871556446544
Er_is_geen_hoop_meer,2026-07-14,early,0.0423176515987435,0.1145343265809007,0.1878992691858904,0.11491708245517819
patrisiii123,2026-07-14,early,0.040650632836056994,0.11309357695391933,0.1909942866086184,0.1149128321328649
EgorYakovlev,2026-07-14,early,0.047449801337574274,0.10573557704857205,0.19133250887691766,0.11483929575435466
Matalon,2026-07-14,early,0.04645594681223883,0.10952319438188846,0.18849848653112022,0.11482587590841582
babbilator,2026-07-14,early,0.04653398730694015,0.1075196983709349,0.1904181599652334,0.11482394854770282
hmatyi07,2026-07-14,early,0.04456627513317326,0.10426203320195677,0.19562003624633248,0.1148161148604875
SmirnovTimofey2000,2026-07-14,early,0.04644886871910687,0.09883114262666462,0.19908092834253996,0.11478697989610381
BetonCarlsen,2026-07-14,early,0.056865959179882505,0.0897084353370949,0.19774876712687692,0.11477438721461812
ahmad_alkhatib11,2026-07-14,early,0.044155764209191845,0.10580537605877241,0.1943526361136322,0.11477125879386547
Snegokhod,2026-07-14,early,0.035265212032624046,0.13765641503685214,0.17125702445309862,0.11472621717419158
WizardOf64,2026-07-14,early,0.04039715765965991,0.1112610321940462,0.19251845964610872,0.11472554983327161
Sajith_Peiris,2026-07-14,early,0.047356558151956926,0.101340078396674,0.19534431713642747,0.11468031789501947
Axolotl_2015,2026-07-14,early,0.03707884684743381,0.11403792586561072,0.19291960231320956,0.11467879167541802
gilbert_gm,2026-07-14,early,0.05044632591641544,0.08796320553410401,0.20560953743866006,0.11467302296305985
GMFYHR1,2026-07-14,early,0.03968571087541664,0.1275481922845816,0.17678466343231108,0.11467285553076978
WinOrTilt,2026-07-14,early,0.04882004413569621,0.09918043028706662,0.1959935851836825,0.11466468653548179
nochewycandy,2026-07-14,early,0.04705010107107159,0.10088638808838926,0.19605713883240256,0.11466454266395447
BursaBBSatranc,2026-07-14,early,0.036804396123584715,0.13740282521848488,0.16976751463974424,0.11465824532727127
ArturoCaceres,2026-07-14,early,0.04112396552460577,0.11974870455347637,0.18305827392122553,0.11464364799976923
Haragas,2026-07-14,early,0.0448820449086504,0.10155395476103123,0.19740096826812178,0.11461232264593446
facillll94,2026-07-14,early,0.0362300057967009,0.14073266962862452,0.1667859038650345,0.11458285976345332
SamHeymann,2026-07-14,early,0.03272570978843943,0.16816174611377446,0.14276299134985004,0.11455014908402132
KINGoFattacK555,2026-07-14,early,0.03615281715727705,0.12412671026915573,0.18336488990318733,0.11454813910987338
Renatoforf,2026-07-14,early,0.04446512855769939,0.10134611098859507,0.1977460274770009,0.11451908900776513
traviscottofficial,2026-07-14,early,0.0446416220030426,0.10570406573124598,0.19320812914198995,0.1145179389587595
tianzel,2026-07-14,early,0.03314215872980204,0.1687697401129042,0.14163237792083888,0.1145147589211817
crazyluzhinTh3,2026-07-14,early,0.04367240246707256,0.1028584585348934,0.1969341401938093,0.11448833373192509
RaugintaBulba,2026-07-14,early,0.041502377277304825,0.11474708743993918,0.18721410416295572,0.1144878562933999
ACH19,2026-07-14,early,0.03541000531048801,0.12757479259617502,0.18047629296266077,0.1144870302897746
FERNANDEZL1983,2026-07-14,early,0.03748165404998283,0.13550419203533706,0.17047313891733049,0.11448632833421679
sakkikuska,2026-07-14,early,0.048521081634244796,0.09530856275263974,0.1995978837214591,0.11447584270278122
enestnrvrd,2026-07-14,early,0.050004244021272,0.09956134993757476,0.19383783075262692,0.1144678082371579
Jackalhead_Anubis,2026-07-14,early,0.04546354422013713,0.09243799708105843,0.20547371860479952,0.11445841996866501
gorgeous1083,2026-07-14,early,0.04437221174111761,0.11161120327589658,0.18738519692330663,0.11445620398010693
gmjlh,2026-07-14,early,0.03200092565508402,0.17360483877057845,0.13767139620550947,0.11442572021039066
TanitoluwaAps116,2026-07-14,early,0.07853221006251518,0.08767426343128229,0.17706199744336654,0.11442282364572133
Boudicca64,2026-07-14,early,0.04127752699329587,0.10713031028215889,0.19476371490490296,0.11439051739345257
Igrok3069,2026-07-14,early,0.040588706027047936,0.10656347719258316,0.19597983519506643,0.11437733947156585
WilsonPalencia21,2026-07-14,early,0.05707930456361864,0.08700028770665497,0.19899638534182706,0.11435865920403356
ALRS-SPS,2026-07-14,early,0.04810087518077276,0.09853262548990728,0.1963596792074394,0.11433105995937315
soupeOchoux,2026-07-14,early,0.04932962542518723,0.09032877213191579,0.20326241902979247,0.1143069388622985
Grande_Strategia,2026-07-14,early,0.04284473423563831,0.11866051229715185,0.18135423449561533,0.11428649367613515
leotobares,2026-07-14,early,0.03920169315978115,0.1255386350490692,0.17806229141606095,0.11426753987497044
Korosh2011342,2026-07-14,early,0.03790962041162149,0.1157321354107954,0.18915334704465483,0.1142650342890239
Tejas_Rama,2026-07-14,early,0.053580726085239054,0.09125892484003671,0.19790199376262266,0.11424721489596613
lgabi,2026-07-14,early,0.03265103025104098,0.1680656815707756,0.14194150203094674,0.11421940461758777
Alkhoori90,2026-07-14,early,0.04483261463572418,0.1049643574924461,0.1928264182989055,0.11420779680902526
KashishMJain,2026-07-14,early,0.03265103025104098,0.16809934938598733,0.14179186544526132,0.1141807483607632
Azalea95,2026-07-14,early,0.04406277733058364,0.12652322101168703,0.17179994059044887,0.11412864631090651
YaWaleriy,2026-07-14,early,0.04552749443699238,0.12106069341646224,0.17576134707369565,0.11411651164238341
paranoyak,2026-07-14,early,0.04342875770761949,0.11485515132150055,0.18391620206265444,0.11406670369725817
MalyDominator,2026-07-14,early,0.05390488913976811,0.08862751493723789,0.1993993812008416,0.11397726175928254
GM-MamaPenny,2026-07-14,early,0.04061904422686022,0.10741425209333422,0.19379678077349444,0.11394335903122961
NedJulpie,2026-07-14,early,0.03309338983348412,0.16653296192747422,0.1420998631555975,0.11390873830551862
Vi_Los,2026-07-14,early,0.031193875870225544,0.16535080419160492,0.14512900395436845,0.11389122800539964
Mvtuge,2026-07-14,early,0.03962075351094999,0.13539618148027605,0.16665101170460977,0.11388931556527859
publicaccountcze,2026-07-14,early,0.04660083490123937,0.10027853699705706,0.1947826839529857,0.11388735195042737
RadioactiveWalrus65,2026-07-14,early,0.04225924984392472,0.12373925663232563,0.1754384250681075,0.11381231051478595
WilliamAlfaroCaracas,2026-07-14,early,0.05577738105989183,0.08690515457901798,0.19870971360541398,0.11379741641477459
Mumtozbegim,2026-07-14,early,0.04549824902874594,0.10351927819675211,0.19234434006215456,0.1137872890958842
davidarenas1224,2026-07-14,early,0.04871424410513913,0.10828470182302026,0.18433413232547444,0.11377769275121126
GuyTaf,2026-07-14,early,0.03444015754065044,0.1346217796064068,0.17225925463194736,0.11377373059300154
GM_Schlaechter,2026-07-14,early,0.03547948280524088,0.13696812656150745,0.16886922977598268,0.11377227971424368
Moon_stone123,2026-07-14,early,0.04101647136737428,0.1063102803264989,0.19397691012797139,0.1137678872739482
LordIron,2026-07-14,early,0.037779215251225906,0.1270198544729352,0.17646259959183802,0.1137538897719997
BilicVladimir,2026-07-14,early,0.04482183057024142,0.10843436969046835,0.18796551740770578,0.11374057255613852
gisela_roque,2026-07-14,early,0.04945514719878848,0.0980270020360629,0.19372599538822213,0.11373604820769116
zaguer,2026-07-14,early,0.030603133590309792,0.15446133855918345,0.15610109426493024,0.1137218554714745
chesslh19,2026-07-14,early,0.06218481957272503,0.07110423253316153,0.20787270432818633,0.11372058547802429
Tryharder0,2026-07-14,early,0.031013874651570045,0.1719454113045496,0.13812541326797612,0.11369489974136526
MF_Malo,2026-07-14,early,0.043190521242545986,0.10301735551409959,0.1948682966179662,0.11369205779153725
mohammednx111,2026-07-14,early,0.036526348433340426,0.12302413907222738,0.18150450466570767,0.11368499739042515
almatyonelove,2026-07-14,early,0.03290997206468243,0.1667050414720166,0.1414192323935962,0.11367808197676506
Statham_l3,2026-07-14,early,0.03800898810429116,0.11060243987058858,0.1923887644831296,0.11366673081933647
ElTioPacifico,2026-07-14,early,0.03375758541805866,0.1290790271705108,0.17815531578176183,0.11366397612344377
ClauAmura,2026-07-14,early,0.038978187461776885,0.11521694190358585,0.1867885694359933,0.11366123293378534
KhBegmuratov,2026-07-14,early,0.05156573538898573,0.11684245389613918,0.17256165921381922,0.11365661616631471
Your-Mentor,2026-07-14,early,0.03265849255617333,0.16470611161870502,0.14355138402054252,0.11363866273180695
HittingRookBottom,2026-07-14,early,0.03258936050854363,0.1546055364957621,0.15360467007796436,0.11359985569409004
nikitadovbnya2008,2026-07-14,early,0.04541070894197762,0.08891547417094157,0.20634370429248325,0.11355662913513415
hightide,2026-07-14,early,0.04683505417682677,0.09592846670410994,0.19789251175787237,0.11355201087960302
honzaceka,2026-07-14,early,0.032054309824938385,0.15972744698234614,0.14886320054412006,0.11354831911713487
KantorGergely,2026-07-14,early,0.03799476666265895,0.12113820887364148,0.18147061790926095,0.11353453114852045
Fantastic_Power,2026-07-14,early,0.049599530221217276,0.09570694063371635,0.195289466167886,0.11353197900760655
Roberz12,2026-07-14,early,0.04553713830496977,0.09445540474988112,0.2005828918584354,0.11352514497109543
underdogchss,2026-07-14,early,0.044332945230265604,0.09500748800045508,0.20111911452740294,0.11348651591937453
Aash20,2026-07-14,early,0.04793457805827892,0.11651831210660976,0.17598259482030687,0.11347849499506518
Misterfox120,2026-07-14,early,0.04300087079731262,0.10816295951858686,0.18926212849468274,0.11347531960352741
Fore_Man,2026-07-14,early,0.054696474597965526,0.07606209667045738,0.20963735391330052,0.11346530839390782
Roosters19,2026-07-14,early,0.04205184018410406,0.10612642489308809,0.1922154502643984,0.1134645717805302
Yonousomodulo,2026-07-14,early,0.04592657467531105,0.09763533268584888,0.19682355103887683,0.11346181946667892
chandreyeehajra,2026-07-14,early,0.0436173689690514,0.12233257286507901,0.1744326749618577,0.11346087226532937
Kleyton_Lima,2026-07-14,early,0.04777084328278711,0.09060571568304455,0.20195595230552457,0.1134441704237854
maksimys18,2026-07-14,early,0.047120729502132114,0.09596293876289322,0.1971324844774316,0.11340538424748564
ImportedItalianMaple,2026-07-14,early,0.043682107089130416,0.10021052229037607,0.19627117224248278,0.11338793387399641
pr1105,2026-07-14,early,0.04766367415062052,0.09673084077320752,0.19576753217382922,0.11338734903255243
pamapseba,2026-07-14,early,0.031216596200575337,0.15794062416623295,0.15100431205364587,0.11338717747348472
Atousa,2026-07-14,early,0.04277803961857076,0.09942309857609366,0.19751578632072384,0.11323897483846275
TnTanggg,2026-07-14,early,0.04489865319599522,0.10060406852960149,0.19414155221878815,0.11321475798146162
chessuriel,2026-07-14,early,0.03829815611547246,0.12505935712741775,0.1762787025794081,0.1132120719407661
Mortred777,2026-07-14,early,0.03122102537710708,0.1740339421935117,0.1343318535397365,0.1131956070367851
Etoilegeniale,2026-07-14,early,0.05189909114553273,0.07716451658082644,0.21044837694259408,0.11317066155631776
BorchisChess,2026-07-14,early,0.034445477697292004,0.1347328311533449,0.17027036253245953,0.11314955712769881
Doraemon7,2026-07-14,early,0.05160247634537672,0.09149748147004837,0.196191039875673,0.11309699923036602
Incognizance,2026-07-14,early,0.041419285469864876,0.09895937668961542,0.19888380280934165,0.11308748832294065
ChrisSuleman,2026-07-14,early,0.033085319606326,0.13667000850520236,0.16941609755523213,0.11305714188892017
kai_nov,2026-07-14,early,0.05701341919858102,0.0819506131284134,0.2001580442824501,0.11304069220314816
Chesstar,2026-07-14,early,0.03780155617711359,0.1311462043495047,0.17015032399692884,0.11303269484118238
TomsKantans,2026-07-14,early,0.04255565343601108,0.12319630207797436,0.17332346791876688,0.11302514114425077
albano87,2026-07-14,early,0.059854866751571915,0.08013880119933534,0.19906200067735927,0.11301855620942218
Aamuktha-Guntaka,2026-07-14,early,0.034479584467418674,0.13582562943228738,0.1687335325790854,0.11301291549293048
mindprogress732,2026-07-14,early,0.04835681579989719,0.09329975895409758,0.19727222990669385,0.11297626822022955
Sarbalia,2026-07-14,early,0.03147116763066579,0.17283685824900138,0.13456395842111682,0.11295732810026134
rudyst06,2026-07-14,early,0.04210694532305485,0.11675597742864502,0.1799967573014091,0.11295322668436965
Philippians46,2026-07-14,early,0.06480219202810934,0.08714282703023243,0.18691445623219866,0.11295315843018015
FUNNY_MAN1234,2026-07-14,early,0.045511271957016805,0.1178658015074772,0.1754782962259215,0.11295178989680517
SCIM,2026-07-14,early,0.051375918044676186,0.0885399767520039,0.1988282020758897,0.11291469895752326
El_Matador12,2026-07-14,early,0.032179445600518955,0.16956722982115893,0.13689033726142935,0.11287900422770242
Suduvasachmatai,2026-07-14,early,0.04563352783945353,0.10975195779408603,0.18320420282948363,0.1128632294876744
Fan_Of_Chucky,2026-07-14,early,0.05002318794221204,0.08658199244274548,0.2019300680180862,0.11284508280101457
Veritolinda,2026-07-14,early,0.04774607204455698,0.0955615515205338,0.1951134994850028,0.11280704101669786
Suz-Arte,2026-07-14,early,0.035733348135634196,0.119044530434157,0.1836419258618608,0.11280660147721733
dinushkipremanath,2026-07-14,early,0.033219471759796906,0.1638911807583083,0.14130779935110346,0.11280615062306958
50Tugrik,2026-07-14,early,0.04003952296521784,0.11985727575891723,0.17851645371708838,0.11280441748040781
GolfBeforeChess,2026-07-14,early,0.04385508872377951,0.10719111407667213,0.18731804608741587,0.11278808296262251
Ticoluis,2026-07-14,early,0.05390755176954092,0.08723458843961619,0.1970572863180895,0.11273314217574887
joksijoksi,2026-07-14,early,0.05686992000064018,0.07927278461442817,0.2020123515311902,0.11271835204875286
antonusss,2026-07-14,early,0.03824554037320798,0.10895784652726948,0.1908556894629948,0.11268635878782408
Caleb_Klenoff,2026-07-14,early,0.040295284647610514,0.1002961155798493,0.19742340328299568,0.11267160117015183
Muifel,2026-07-14,early,0.04259854183216747,0.11603224493718427,0.17912485626542515,0.11258521434492563
Iudina-Veronika,2026-07-14,early,0.027928253250514498,0.17175126681103017,0.13807321718893642,0.11258424575016035
MasterofMasters2006,2026-07-14,early,0.04938899589183045,0.09267877000910463,0.19563222072958159,0.11256666221017221
chfsbr,2026-07-14,early,0.03880847638658807,0.12109898941277343,0.17779181638024472,0.11256642739320206
Flaming_Flare,2026-07-14,early,0.042739094894213424,0.09547721217890687,0.19948126146261494,0.11256585617857841
AlmasChampion1,2026-07-14,early,0.05772879523211175,0.09978989120444662,0.18011011641023367,0.11254293428226401
VM2027,2026-07-14,early,0.03930115232092346,0.12290636431092777,0.17536750768394158,0.11252500810526427
Dream2World_Number1,2026-07-14,early,0.04521563976742497,0.0996809128449414,0.1926546203524923,0.1125170576549529
Tassimo777,2026-07-14,early,0.030947021557821277,0.16792532967409807,0.13867060988479626,0.11251432037223853
EAtakishiyev11,2026-07-14,early,0.044671192269861465,0.09539294960213657,0.1974535976700665,0.11250591318068819
WinterVault,2026-07-14,early,0.03066395660778233,0.13145079796243883,0.17539093925233387,0.11250189794085168
quvnoq_muxlis,2026-07-14,early,0.04671518505057682,0.08368555793233896,0.20707614272623798,0.1124922952363846
RETURNOFTHELAGGER,2026-07-14,early,0.044700408982857924,0.09687705520764427,0.1958380409537387,0.1124718350480803
pheonixking2000,2026-07-14,early,0.04913736210918702,0.09580341074491468,0.19240479430561397,0.11244852238657188
nickmatta,2026-07-14,early,0.04238806292941865,0.09774522634088263,0.19697708467080666,0.11237012464703598
fm9714,2026-07-14,early,0.060983876202479616,0.08767223791974879,0.18845363825075118,0.11236991745765985
banjadvorovi,2026-07-14,early,0.04003853483631996,0.10242956055440068,0.19461924877914652,0.11236244805662239
MarlonJodar,2026-07-14,early,0.03992787939779301,0.1029957849811292,0.19414040366994656,0.11235468934962294
Fradi82,2026-07-14,early,0.04746714741193573,0.09166533049419477,0.19776930331039305,0.1123005937388412
arminmusovic,2026-07-14,early,0.05073525015289304,0.08863181714602754,0.19753333714654428,0.11230013481515495
alex1531,2026-07-14,early,0.03918159505623574,0.11681594866046419,0.18088950401311757,0.11229568257660583
ajeale2,2026-07-14,early,0.044371864307757844,0.09133851523127029,0.20113008239865693,0.11228015397922836
aridannie,2026-07-14,early,0.04145514713232647,0.11173088852984331,0.18359810360023532,0.11226137975413503
Nicolik,2026-07-14,early,0.039366230508341205,0.12771414434152817,0.16967704648590726,0.11225247377859221
VomDingJetztHer,2026-07-14,early,0.041154286104294786,0.11966452534464048,0.17589411213172898,0.11223764119355474
SebastianSchnell,2026-07-14,early,0.04029513599230627,0.10349517163191911,0.19292118637565653,0.1122371646666273
Hirna2005,2026-07-14,early,0.04431955781827172,0.12807568810325248,0.16426597888580038,0.11222040826910819
raloloit,2026-07-14,early,0.032179445600518955,0.16769474136845644,0.13676837678233622,0.11221418791710387
paladin_ll,2026-07-14,early,0.030654154928148606,0.160829296472249,0.14515883990088665,0.11221409710042808
ChampJiguur,2026-07-14,early,0.034017514236948515,0.15939047962153993,0.14322056931128876,0.11220952105659239
play1ngtheangel,2026-07-14,early,0.04316856373176952,0.10433811494189753,0.18907098612861745,0.11219255493409482
ElDivis,2026-07-14,early,0.054335279541934414,0.08815033282480336,0.19403272781596803,0.11217278006090194
LornerAcosta,2026-07-14,early,0.04569783593065008,0.10496685432927073,0.18582980728642048,0.11216483251544711
borocotoajua,2026-07-14,early,0.043688614470278817,0.10667124258319388,0.18610808840472629,0.11215598181939967
rushing_mane,2026-07-14,early,0.04261968610980498,0.09774138846112289,0.19609208056208843,0.11215105171100544
lamomiablanca,2026-07-14,early,0.03552200088169419,0.11724223212361565,0.1836573726776608,0.11214053522765688
Blagorod,2026-07-14,early,0.036582650734701724,0.1304829758830633,0.16930693181235237,0.11212418614337245
Tagliata,2026-07-14,early,0.04599867163386245,0.0828210901495784,0.20754766545572698,0.11212247574638927
ProChessWICTH,2026-07-14,early,0.04240536057352278,0.11356076935096263,0.1803922075166593,0.11211944581371491
greengrass100,2026-07-14,early,0.033214557137351185,0.16265847179068366,0.14046564743383713,0.11211289212062399
QuintilianoR,2026-07-14,early,0.04524997174040083,0.08726251526683275,0.20369327301860424,0.11206858667527926
FMCarmona,2026-07-14,early,0.04446059368631725,0.10344805703003614,0.18820349375839474,0.11203738149158271
ZeyDuru2012,2026-07-14,early,0.03277172889246079,0.16199904703552664,0.14133519940473613,0.11203532511090786
davigator,2026-07-14,early,0.04612282466324014,0.08985495314571673,0.20009680043244313,0.11202485941379998
gabriel_pereyra,2026-07-14,early,0.03732703461518885,0.12546367512989365,0.1731535714601179,0.11198142706840013
kingandqueen2017,2026-07-14,early,0.04088512532830309,0.0964465470482058,0.19859636612537723,0.11197601283396204
LoydBlankenship,2026-07-14,early,0.046587437460440535,0.08796917146091042,0.20135353251677507,0.11197004714604201
AhmadzadaA,2026-07-14,early,0.05170547725516693,0.09192016985988131,0.19224334546094984,0.11195633085866603
DrDreBeats,2026-07-14,early,0.041804045827871776,0.12472091182755235,0.1692420687387413,0.11192234213138848
Pastore1978,2026-07-14,early,0.04563035035821082,0.10783090963736942,0.18218373402802424,0.11188166467453482
cthake,2026-07-14,early,0.057339267910344036,0.08304353391366501,0.1952504543927558,0.11187775207225494
mangochessgo,2026-07-14,early,0.03650400130639539,0.13250769821666367,0.1665840715155307,0.11186525701286325
volodja49,2026-07-14,early,0.036282854196962984,0.13260427688895973,0.16670826083120047,0.11186513063904106
Legit,2026-07-14,early,0.0449220644181758,0.08712023580488262,0.2035468889835015,0.1118630630688533
klifus,2026-07-14,early,0.041338925192896295,0.11309607449032971,0.18110091499227107,0.11184530489183235
RodokininEV,2026-07-14,early,0.044595577687571455,0.08343659780418927,0.20747961913477467,0.11183726487551178
Chocolate_pieces,2026-07-14,early,0.03410127443627664,0.12312327573312526,0.1782351489108143,0.1118198996934054
RNG2200,2026-07-14,early,0.033214557137351185,0.16164476141493325,0.14057947698423826,0.11181293184550756
UnknownMagician,2026-07-14,early,0.03892851435134963,0.11820666654272975,0.17823159078436657,0.11178892389281532
elcala,2026-07-14,early,0.044410942125217685,0.0962775359933894,0.19455518801458516,0.11174788871106407
jguerramzllo,2026-07-14,early,0.04181280788113986,0.11113854808361369,0.18221164918227795,0.11172100171567717
suneebaker,2026-07-14,early,0.03890903913906578,0.11164509937102711,0.18450799303444876,0.11168737718151389
DinaBelenkaya,2026-07-14,early,0.04822287885539424,0.08618025248740603,0.200584572961167,0.11166256810132243
Coachpoker,2026-07-14,early,0.051196490343551934,0.09286211220208043,0.1908654833142227,0.11164136195328501
KSho99,2026-07-14,early,0.04626514877255119,0.09040951642809951,0.1982026880113418,0.11162578440399751
mkllnd1517,2026-07-14,early,0.0337636775445046,0.15824632465330618,0.14279482427547588,0.11160160882442889
Haykoooo0o,2026-07-14,early,0.05628587092412401,0.07919519636148172,0.19928047366372184,0.1115871803164425
RuperezA,2026-07-14,early,0.04550298049911805,0.10070218470589717,0.18853249738771047,0.1115792208642419
ernestina08chess,2026-07-14,early,0.044103271206015406,0.10392223195994034,0.18665043935433195,0.11155864750676257
Elessar16,2026-07-14,early,0.03496171404535855,0.12852221490822843,0.17118880484482332,0.11155757793280345
kurganchess45,2026-07-14,early,0.03680906115807361,0.12546355187677571,0.1722586968374413,0.11151043662409688
IwkooO,2026-07-14,early,0.054020038377173944,0.07068341943323533,0.2097961757091662,0.11149987783985849
BaDi50,2026-07-14,early,0.04343685970018477,0.09482745267045785,0.19622367309191463,0.11149599515418575
Igorbarbashin,2026-07-14,early,0.057886404397125654,0.08305064616111836,0.19346259544564987,0.11146654866796463
Morphozis,2026-07-14,early,0.03185510914112657,0.16500932018848957,0.13737280764833826,0.1114124123259848
Leo_C,2026-07-14,early,0.0537213147809891,0.06859261701528546,0.21192060390340792,0.11141151189989416
schackspelaren,2026-07-14,early,0.04120769086685066,0.11503142179369115,0.1778620749027227,0.11136706252108818
MelihKaanCan,2026-07-14,early,0.04843243918099056,0.09207608286258726,0.19352400896464367,0.1113441770027405
Undisputed92,2026-07-14,early,0.06106564902280431,0.08960295382410521,0.18334552286624803,0.11133804190438586
Ishowmoves57,2026-07-14,early,0.04064302696865252,0.1020242420390076,0.1913324749418152,0.11133324798315845
Championnn-9,2026-07-14,early,0.034898121247838094,0.12465070460314187,0.1744281581342882,0.11132566132842271
cochess777,2026-07-14,early,0.03701553859840921,0.10931843965943507,0.18758230262546205,0.11130542696110211
eragon02,2026-07-14,early,0.04447197627495491,0.08862564395061083,0.20079740329626783,0.1112983411739445
losageless,2026-07-14,early,0.041216016905455066,0.11099489805247632,0.18166869214564754,0.11129320236785963
dianamirza,2026-07-14,early,0.05388858156767722,0.07996302779337348,0.19987423176653532,0.11124194704252867
IljaZaragatski,2026-07-14,early,0.0462670729327896,0.10706383271593009,0.18033148227378185,0.11122079597416719
reymannnathan,2026-07-14,early,0.03347944855661386,0.13894974404394345,0.16108252503874848,0.11117057254643525
RatkovicPetar,2026-07-14,early,0.04340696975976628,0.10074991591469312,0.18929549404370102,0.11115079323938681
CrgKrishna,2026-07-14,early,0.038908434818893174,0.11653046442775274,0.17794921611138978,0.1111293717860119
Dino_Ballecer,2026-07-14,early,0.04536480917433656,0.11088196703455015,0.17713702276787793,0.11112793299225487
Fischerev7,2026-07-14,early,0.03916035681729145,0.11016923681472889,0.18385616913356498,0.11106192092186178
Juwen,2026-07-14,early,0.041239315359352796,0.10955190692052746,0.18238075812044646,0.1110573268001089
dmschess2024,2026-07-14,early,0.03695091421840359,0.1083286180168708,0.1878554844317147,0.11104500555566303
tk161,2026-07-14,early,0.03133787565866823,0.16790758159952276,0.13383594347984215,0.11102713357934439
MateusViageiro,2026-07-14,early,0.043635416294054576,0.09841741801249485,0.1910133152483721,0.1110220498516405
JuniorJumper,2026-07-14,early,0.04387074749798005,0.08724706259563902,0.2019439372925496,0.11102058246205622
YoungMegaMind,2026-07-14,early,0.040802024371779815,0.11319774056129997,0.17885438440557022,0.11095138311288333
M_One1126,2026-07-14,early,0.04371303971882055,0.1092472726673741,0.17988302636838915,0.11094777958486128
lolo9292,2026-07-14,early,0.05152252381801512,0.07314963098899575,0.20807816065343843,0.11091677182014976
DonPreuss,2026-07-14,early,0.03461150327562174,0.12626619769035619,0.17186809898507502,0.11091526665035097
raisingspartans,2026-07-14,early,0.03389352042292216,0.15603903972569547,0.14278607461712595,0.1109062115885812
CalmdownCalabreso,2026-07-14,early,0.045054966330220006,0.08827464454855874,0.19934540095167158,0.11089167061015011
Klavdia_Nik,2026-07-14,early,0.04413347730970683,0.09738992941050362,0.1910872175349584,0.11087020808505628
talman67,2026-07-14,early,0.04248391961394027,0.08955599345307245,0.20039406656077058,0.11081132654259444
collonut,2026-07-14,early,0.035476569661724446,0.1286897986897024,0.16822816798913312,0.11079817878018665
AdvanceGuard4,2026-07-14,early,0.041358550172979604,0.10714557208244506,0.18381978573340552,0.11077463599627672
Ray_Yang,2026-07-14,early,0.03210380584956258,0.1643336409025844,0.1357635170122928,0.11073365458814659
chucksterf10,2026-07-14,early,0.05126523909939804,0.08250171734392127,0.19842610089750642,0.11073101911360857
Thee-Chessboy,2026-07-14,early,0.03474735436867394,0.12713925249506847,0.17028156714813988,0.11072272467062742
Alblooshi_Hamad,2026-07-14,early,0.047548438776549,0.08214531471163158,0.20241603596705726,0.11070326315174595
ketrabluwos,2026-07-14,early,0.04714236295951232,0.0998476804268228,0.18509272100440013,0.11069425479691175
TreinadorBR,2026-07-14,early,0.049139902180846524,0.09417305641408293,0.18869904725827866,0.11067066861773604
Bestromano,2026-07-14,early,0.043043665324150514,0.09144883658654107,0.19751068326761292,0.11066772839276817
FMOlexandrProhorov,2026-07-14,early,0.06148807466203346,0.08037136765299492,0.19000657986314082,0.11062200739272306
claudio2006,2026-07-14,early,0.046433234292283715,0.09960690116290756,0.18578682460515952,0.11060898668678361
HalfIsCrayfish,2026-07-14,early,0.05881078061225182,0.07504617137881643,0.1978927947872968,0.11058324892612169
schubakov,2026-07-14,early,0.030706828718642727,0.15897468928663658,0.14197483503074118,0.1105521176786735
CADMartin,2026-07-14,early,0.05480314996198453,0.0691607717535641,0.20756583733096176,0.11050991968217012
Marcus_Harvey,2026-07-14,early,0.04765046818913819,0.08988800681287187,0.19393605078671455,0.11049150859624153
JosephRyan,2026-07-14,early,0.04724382811481989,0.08909608519283276,0.1951308609691137,0.11049025809225545
DCacheiro,2026-07-14,early,0.03970175293865738,0.11377025475418447,0.177906754123409,0.11045958727208362
RobertJFischer71,2026-07-14,early,0.04313762179581016,0.10301565683447685,0.1851693435388903,0.11044087405639243
futbolvic,2026-07-14,early,0.033660932289771746,0.13496613918755707,0.16266100397104516,0.11042935848279133
Paralinch,2026-07-14,early,0.045633298671789446,0.11842105804816604,0.16720251130870215,0.11041895600955254
Flameboard08,2026-07-14,early,0.051203808319097995,0.0896655479242701,0.19028113591535523,0.1103834973862411
Nancy11111,2026-07-14,early,0.03208384709837425,0.15021960846776333,0.14882046422522247,0.11037463993045334
karaivosa,2026-07-14,early,0.034615793659701306,0.11956670797540614,0.17694130257810786,0.1103746014044051
Rakesh,2026-07-14,early,0.04283239792305309,0.0927425085463719,0.19547843292761527,0.11035111313234676
Artem_Sadovsky,2026-07-14,early,0.05387298585139266,0.06359083669259515,0.2135183467046274,0.11032738974953842
ChessVegaAcademy,2026-07-14,early,0.03954055445495241,0.12063672229711313,0.17069256281523942,0.110289946522435
MIM06,2026-07-14,early,0.03303765579265218,0.15671081105707974,0.14111366644488835,0.1102873777648734
nhn_08,2026-07-14,early,0.032032842555000364,0.16195026486872843,0.13679849915542763,0.11026053552638548
alexkous2000,2026-07-14,early,0.06662719869081997,0.07106983311905309,0.19308351748512564,0.1102601830983329
YessssssDoooooThat,2026-07-14,early,0.04449168700649781,0.0812738203648949,0.20498724986840178,0.1102509190799315
Moultino06,2026-07-14,early,0.045901936598518406,0.09067172416171249,0.19409728315271885,0.11022364797098323
Capablanca_Oujda_2021,2026-07-14,early,0.045944409982236964,0.09527207386298402,0.18943809546005685,0.11021819310175929
Abdimalik_Abdisalimov,2026-07-14,early,0.03834078464323776,0.11586564237777347,0.17642793816971156,0.11021145506357426
Ramil_Faizrakhmanov,2026-07-14,early,0.03942968358448832,0.1074031156897943,0.18368054769476555,0.11017111565634939
sindarovjr,2026-07-14,early,0.03613071667975777,0.11084798700812895,0.18349887225609557,0.11015919198132744
faraone99,2026-07-14,early,0.042208354961637023,0.10808856807338764,0.18012910239790905,0.11014200847764459
MaestroG,2026-07-14,early,0.0408515318089078,0.11547791706733257,0.17408961192154707,0.1101396869325958
denizozen,2026-07-14,early,0.0405064388707733,0.11411650470421927,0.1757927337427746,0.11013855910592239
TRadjabov,2026-07-14,early,0.03893395787462875,0.11542840544334508,0.17590617662504943,0.11008951331434108
QashashviliAlexandre,2026-07-14,early,0.05750721697673401,0.07764772323315754,0.1950848866726801,0.11007994229419055
Morscas,2026-07-14,early,0.03958225682526289,0.11023757380056892,0.1802997390796125,0.11003985656848143
emiliochess,2026-07-14,early,0.043858472275133516,0.10563632472235689,0.18057013181219866,0.11002164293656302
ikhasu,2026-07-14,early,0.050642017512686446,0.08760993574955166,0.1918038422036293,0.11001859848862246
SanQui14,2026-07-14,early,0.04023647238603929,0.09516875433420242,0.1946424958162536,0.1100159075121651
FredddieCroderg,2026-07-14,early,0.05758795662245148,0.07319012246565167,0.19923305881541722,0.1100037126345068
arturoelcrack,2026-07-14,early,0.04168355743141149,0.11638225455961085,0.17192324013026072,0.10999635070709435
Kumi29,2026-07-14,early,0.04386105179253872,0.09424682326697242,0.19188097046283697,0.1099962818407827
They_Not_Like_Me-KL,2026-07-14,early,0.03289665205977513,0.14954870221490885,0.14752535682854676,0.10999023703441024
s-dshubin,2026-07-14,early,0.04087969614118896,0.11278493981246501,0.176288623447218,0.10998441980029065
MattyDPerrine,2026-07-14,early,0.04218564299128923,0.09805476329055707,0.18970595705716892,0.10998212111300508
michechess89,2026-07-14,early,0.061066333591681406,0.08636170195277008,0.18250604953423127,0.10997802835956093
ilovejokes555,2026-07-14,early,0.03230216183311877,0.16191220324685193,0.13566689352132344,0.10996041953376472
AngeloGM,2026-07-14,early,0.041754737671447086,0.09403047811198387,0.19400820157746845,0.1099311391202998
Cambek64,2026-07-14,early,0.05835454669513996,0.07225335788465727,0.19917682416130472,0.10992824291370067
Krakozia,2026-07-14,early,0.043648187409589576,0.07800039919569934,0.20812671172854486,0.10992509944461126
english_player_89,2026-07-14,early,0.048560582147845734,0.09216719446058101,0.1889368080027656,0.10988819487039746
skyethestar,2026-07-14,early,0.03795556701537375,0.10512087814420416,0.18640152474776917,0.10982598996911569
secretworker2027,2026-07-14,early,0.05551145252965534,0.07770452669386027,0.1962276323453786,0.10981453718963141
Demyan7777,2026-07-14,early,0.03483012325246606,0.12058740621869943,0.17401448721066548,0.10981067222727699
nindjaxx8,2026-07-14,early,0.04305326728978083,0.09400258800560098,0.19233445064766638,0.10979676864768273
Adham_Fawzy,2026-07-14,early,0.054025061887229414,0.08586667334718576,0.18947371967355692,0.10978848496932403
FabianoCarlsen,2026-07-14,early,0.029084323992753725,0.16592671353506844,0.13435413569947013,0.1097883910757641
tdf98pantani,2026-07-14,early,0.05039071772382617,0.0905220202980156,0.18843528941007506,0.10978267581063894
Tutanero97,2026-07-14,early,0.03887939028743309,0.09759540306418558,0.19279610347073184,0.10975696560745017
Yanidze,2026-07-14,early,0.032218058776272686,0.15442189773423964,0.14250931152701807,0.1097164226791768
DrCeltic,2026-07-14,early,0.048728978768803305,0.08161176195806527,0.1987733172070588,0.10970468597797578
KiyotakaAyanokouji2008,2026-07-14,early,0.03378231988432987,0.13474909701579416,0.1605477012260557,0.10969303937539325
Hambardzumyan_Yuri,2026-07-14,early,0.039109899750943755,0.117242102237007,0.17261218686888335,0.1096547296189447
JohnWhite1952,2026-07-14,early,0.04222753521874777,0.09260725797442122,0.1941234132712538,0.10965273548814092
NeoTerNemo,2026-07-14,early,0.03363544480477608,0.15501827606523064,0.14029561012984199,0.10964977699994956
Rawnsdale,2026-07-14,early,0.046780150084801485,0.08392727393138798,0.19811078491311002,0.10960606964309982
Caracal3000,2026-07-14,early,0.04884383385760271,0.08389960218314418,0.1960592310840527,0.10960088904159987
woodhy,2026-07-14,early,0.0459356351337978,0.09135294380833592,0.19150486478990608,0.10959781457734659
Good_Knight_Kiss,2026-07-14,early,0.053118181821286435,0.08469512436460441,0.19095565666862968,0.10958965428484017
Shtembuliak,2026-07-14,early,0.03572318092717701,0.11764077036801068,0.175338366040998,0.1095674391120619
Stormtrooper90,2026-07-14,early,0.037154744344273266,0.10715112717941076,0.184260649642543,0.10952217372207566
J36225,2026-07-14,early,0.0275466067285835,0.16768113286960773,0.13325207249849527,0.10949327069889551
Supelyel,2026-07-14,early,0.03564239235686732,0.12154042325634812,0.17127556465647384,0.1094861267565631
kamB2R,2026-07-14,early,0.031978835555943136,0.1591987190646779,0.13727974020774594,0.10948576494278899
Morocewich64,2026-07-14,early,0.03139386316670233,0.16285342491193744,0.13418837010105675,0.10947855272656552
rdarruda,2026-07-14,early,0.06289609210136052,0.08033506895299607,0.18508203988603902,0.10943773364679854
kachsona,2026-07-14,early,0.05126620759942697,0.08950511007917863,0.18753213344102726,0.1094344837065443
QueenOfTactics90,2026-07-14,early,0.041785876171984884,0.0969537513111147,0.1894218336691733,0.1093871537174243
Pelusiansky,2026-07-14,early,0.04086611083887309,0.08719077990392604,0.20009570710837415,0.10938419928372443
NAVAK2009,2026-07-14,early,0.03846115768700752,0.114846984543296,0.17477233038577708,0.10936015753869355
YuryGarifulin,2026-07-14,early,0.031047267794914932,0.1592824430915656,0.13773897460445975,0.10935622849698008
kacprekt,2026-07-14,early,0.05222116290776035,0.08004435878071979,0.19577337891005733,0.10934630019951248
olakenn,2026-07-14,early,0.048604717713117494,0.08351658402836604,0.19587626533641714,0.10933252235930023
chessamical,2026-07-14,early,0.03990538310120788,0.09900430046148537,0.18899407325179227,0.10930125227149516
ITheOnlyME,2026-07-14,early,0.038307396745230746,0.10400468060730798,0.18553401989124285,0.10928203241459385
kripri,2026-07-14,early,0.05056495063769109,0.08258555203940791,0.19469172326580275,0.10928074198096725
Pendos666,2026-07-14,early,0.04224880327454359,0.1046383337832849,0.18084047046878066,0.10924253584220305
evangelia2012,2026-07-14,early,0.030044927023003067,0.148140794194012,0.14940087533707547,0.10919553218469684
Amec24,2026-07-14,early,0.03585892825374684,0.12618555293678463,0.16550604120764478,0.10918350746605876
AlexZambrano,2026-07-14,early,0.03588672207815236,0.118230752424133,0.17342789877362924,0.10918179109197153
tantaan,2026-07-14,early,0.03689919881797461,0.10737506703049671,0.18322476677690205,0.10916634420845779
patzersame,2026-07-14,early,0.04224164123440388,0.08056746218783295,0.20465227968197974,0.1091537943680722
Ykow2,2026-07-14,early,0.03457127434346293,0.11951191532586772,0.17337546927036548,0.10915288631323206
binhminh2000,2026-07-14,early,0.03054478459097151,0.15081578906304238,0.1460662290423108,0.10914226756544158
yuki_chess123,2026-07-14,early,0.05202984381270223,0.08632857276569657,0.18903846574026376,0.10913229410622087
03revilo,2026-07-14,early,0.0428500581148204,0.09166261702339268,0.1928751793920501,0.10912928484342106
Moonoo19,2026-07-14,early,0.03389222367476216,0.151109267945558,0.14231937159025343,0.10910695440352454
glebus008,2026-07-14,early,0.06030298336396896,0.06828393625110414,0.1986599690166832,0.10908229621058545
chessS1r,2026-07-14,early,0.04394450038692957,0.08889018781742067,0.1943435551557354,0.10905941445336187
dynamike123,2026-07-14,early,0.031141573386029117,0.16333185907481743,0.1326914143037104,0.10905494892151897
Diego_FloresQ,2026-07-14,early,0.03850935177234763,0.11358894193716926,0.17502662451730636,0.10904163940894107
gympod,2026-07-14,early,0.04440101533244918,0.08094937751983278,0.20154463154909663,0.10896500813379285
SyrBatman,2026-07-14,early,0.03806520160123998,0.10689080153210617,0.18192023213621616,0.1089587450898541
BurningggIce,2026-07-14,early,0.04187180766184234,0.10623826741794896,0.1787387481437345,0.10894960774117528
Lavandum24,2026-07-14,early,0.04316113432894031,0.10286387188816194,0.1807698228601613,0.10893160969242117
DarkStorm64,2026-07-14,early,0.037042385215668695,0.12389566377845924,0.16585616093215128,0.10893140330875974
andriipalchuk,2026-07-14,early,0.03724481094711791,0.09982431744061909,0.18971695840140368,0.10892869559638023
karmada123,2026-07-14,early,0.03147116763066579,0.16134372930642174,0.13385220626127403,0.10888903439945385
knightmareprodigy,2026-07-14,early,0.031261109421679464,0.16235088668180297,0.1330372761175321,0.1088830907403382
JEHUBNER,2026-07-14,early,0.04405601254901866,0.08828241858203134,0.19430442427033795,0.10888095180046264
threemind,2026-07-14,early,0.047133833117503174,0.08746733382281849,0.19201916138968353,0.1088734427766684
EdenDzung06,2026-07-14,early,0.03818690361309858,0.11089987157382555,0.17746241718992514,0.1088497307922831
ELECTRODYNAMIC_DRACULA,2026-07-14,early,0.04855495356471021,0.09039338198270228,0.187586719715071,0.10884501842082783
Sharan_Rao,2026-07-14,early,0.04038069351349093,0.08984688834580985,0.19627733853382245,0.10883497346437442
topin8,2026-07-14,early,0.04500026044543894,0.08582738354811786,0.195615108000443,0.1088142506646666
Tacticusbd,2026-07-14,early,0.032935962008303336,0.15306287269075072,0.14031727935575738,0.10877203801827047
AyelenChess,2026-07-14,early,0.03074666185481717,0.1298324387707237,0.1657359431664948,0.10877168126401189
RonitLevitan,2026-07-14,early,0.04093601281779297,0.10414049227755923,0.18112565221255328,0.1087340524359685
Train_Your_Dragon,2026-07-14,early,0.04520022195606203,0.08535060431825274,0.19562835975029466,0.10872639534153648
jonady1,2026-07-14,early,0.03411614345231578,0.124764907889008,0.16724378095895173,0.10870827743342516
oneshot007,2026-07-14,early,0.04739820201952972,0.07891161315301227,0.19976744646823213,0.1086924205469247
Carow-Kann,2026-07-14,early,0.03966559845984282,0.11257455965070123,0.1738327390544342,0.10869096572165941
axvesik,2026-07-14,early,0.04945008662922066,0.07903370602730546,0.19758256269409838,0.10868878511687484
littleozy,2026-07-14,early,0.03270969079066364,0.153457601507121,0.13988331187834832,0.10868353472537766
krzysztofszczurek,2026-07-14,early,0.031155891334761824,0.160294492912051,0.13457319960102085,0.1086745279492779
ChesscularGodofchess,2026-07-14,early,0.04130120755855666,0.10325950438425581,0.18145045006965443,0.10867038733748897
leoduarte,2026-07-14,early,0.045046659551802,0.09028303711757574,0.1906468824746587,0.10865885971467881
sudtirolese06,2026-07-14,early,0.041786813284996165,0.08471702175080129,0.19946823270066427,0.1086573559121539
NikolaGry,2026-07-14,early,0.047669430885727414,0.0829996808961086,0.1953029162855259,0.10865734268912064
Artem_Koval,2026-07-14,early,0.04190772489912285,0.08815099953642913,0.19589272783643275,0.10865048409066158
HandKnit,2026-07-14,early,0.03344933342851014,0.1231647864224661,0.16929580821128976,0.108636642687422
MohMoh75,2026-07-14,early,0.048333230434490476,0.07958476497250389,0.19798660876124224,0.10863486805607887
GreenPeach24,2026-07-14,early,0.04581392600897946,0.11019396874693169,0.1698901022877883,0.10863266568123316
lapleutrerie,2026-07-14,early,0.03289665205977513,0.14608127198731113,0.1469196573386936,0.10863252712859328
SanchezKelvin,2026-07-14,early,0.047270755058141996,0.07909157576786059,0.19950262886647688,0.1086216532308265
Panchenko_Dmitry,2026-07-14,early,0.04039395668162458,0.10434828154405319,0.18110361453010282,0.10861528425192686
LeonardoL2005,2026-07-14,early,0.042064700910764405,0.10134521206515408,0.1823587728028,0.10858956192623949
micke12a,2026-07-14,early,0.04715998611771275,0.08637282606857839,0.1922042102604187,0.10857900748223663
KuzuevDanil,2026-07-14,early,0.034015249278766334,0.15047419391291184,0.1412335402824474,0.10857432782470851
Bulatova_Kamaliya,2026-07-14,early,0.046058325923554036,0.10501096597804306,0.17463640728922034,0.10856856639693914
JustinTime4GM,2026-07-14,early,0.03388335571545673,0.12660260803543763,0.16520249139896698,0.10856281838328712
OK97,2026-07-14,early,0.046658643344506215,0.09239965669360423,0.18659353878139395,0.1085506129398348
xspiderwoman,2026-07-14,early,0.032730795258575224,0.1526579333447376,0.14025747584951306,0.10854873481760863
samandar004,2026-07-14,early,0.026719626802498467,0.16792593451837842,0.13099447721778504,0.10854667951288732
Inepton_Fermion,2026-07-14,early,0.04737868433630279,0.08602830889705775,0.1922030418005258,0.10853667834462877
GMMatamoros,2026-07-14,early,0.030998742658318618,0.1537337707330055,0.1408347371582682,0.10852241684986412
MrMatesM,2026-07-14,early,0.043184391643493296,0.10147531183433993,0.18090410939199802,0.10852127095661042
Th3_Hound,2026-07-14,early,0.04533600452160584,0.08894356010477406,0.19121703345304142,0.10849886602647378
KrolPawel92OnTwitch,2026-07-14,early,0.05825088319347533,0.08331788743703943,0.18390860414843913,0.1084924582596513
kereswasbest,2026-07-14,early,0.041234438238309495,0.08725956840918862,0.19695991355278766,0.10848464006676191
ZakinIlay2306,2026-07-14,early,0.038655140997207675,0.09896827805576597,0.18776550813322104,0.10846297572873158
GGmiszczu,2026-07-14,early,0.038306661559000144,0.09968025174683916,0.1872226391256198,0.1084031841438197
The_Princess_Moon,2026-07-14,early,0.05035837407508548,0.08620803033922214,0.18861682384564227,0.1083944094199833
TrulyHumbledUnderGod,2026-07-14,early,0.03238841422415219,0.14477082903263244,0.14789624166879206,0.10835182830852556
Vanych,2026-07-14,early,0.04030967812720493,0.09404016696015532,0.19065035680076398,0.10833340062937474
renathy,2026-07-14,early,0.03384574357705228,0.12314093907225243,0.16798964678802883,0.10832544314577786
sirinbaba33,2026-07-14,early,0.040679770365731324,0.10043096558355602,0.18386504349857677,0.10832525981595471
Tesla17,2026-07-14,early,0.03101488932947017,0.15954527231040294,0.13428997745371435,0.10828337969786249
CMButgood,2026-07-14,early,0.04881771746743808,0.0840394986736515,0.19192633159646696,0.10826118257918553
NigelDwarf,2026-07-14,early,0.04756823918342063,0.08889492510834518,0.18825672609721633,0.10823996346299404
Colchonero64,2026-07-14,early,0.03933267153305749,0.1195186206588924,0.16586349354607097,0.1082382619126736
becemix,2026-07-14,early,0.04784704193322147,0.07892887434551324,0.19788975171828743,0.10822188933234071
Debooshzilla,2026-07-14,early,0.031741439432360324,0.15104317300474182,0.14185356564463125,0.10821272602724447
DreamDestroyer228,2026-07-14,early,0.03294056583982759,0.15318763781194583,0.13850851607794804,0.10821223990990714
Flopezin,2026-07-14,early,0.05216137883065827,0.06444645624524484,0.2080270772048744,0.10821163742692584
GMTalks_Youtube,2026-07-14,early,0.04345850485862095,0.09686946037759074,0.18428499247333438,0.10820431923651536
mistrzemi,2026-07-14,early,0.04697963561128088,0.08245699160825723,0.19514241444810237,0.1081930138892135
Trovita84,2026-07-14,early,0.05090898497381529,0.06755711134857446,0.20608536639351843,0.10818382090530272
Myshakov_Fedor,2026-07-14,early,0.058799799968445116,0.08760710813020359,0.178063845255839,0.10815691778482923
LUISMIGUELOV,2026-07-14,early,0.056493850671470676,0.07340860090387386,0.19453474054053183,0.10814573070529211
gabduschew,2026-07-14,early,0.05117336126470889,0.07401814641500379,0.19923464412649025,0.10814205060206765
Dr_MorbiusBat,2026-07-14,early,0.03491265317880151,0.12403907851845904,0.16541270745232733,0.1081214797165293
TheCastleHunter,2026-07-14,early,0.046749841549309654,0.09576144185122983,0.18175940183376024,0.10809022841143323
SRDR8290,2026-07-14,early,0.03357898649688742,0.1486588238447932,0.14193944082521173,0.10805908372229744
Joachim100x,2026-07-14,early,0.041704890081362786,0.09182150418709542,0.1906262620755268,0.108050885447995
PropellerBoy01,2026-07-14,early,0.04406055179486254,0.12371543582188738,0.15633078305879597,0.10803559022518196
Langua_Chess,2026-07-14,early,0.05891611151356158,0.06820803583473566,0.19690378199863065,0.10800930978230931
idvidal,2026-07-14,early,0.03090672461872568,0.15890188340510797,0.13418399774638334,0.107997535256739
guineo59,2026-07-14,early,0.043405455907152904,0.08506216962546093,0.1954977009698008,0.10798844216747154
RafaJumps,2026-07-14,early,0.031261109421679464,0.15894428129418037,0.13373156624180907,0.1079789856525563
DMotos,2026-07-14,early,0.033239348104415554,0.1280539289182557,0.16248533428651563,0.10792620376972896
DejaVu-69,2026-07-14,early,0.03227949162014034,0.15008338223369322,0.14136039001565093,0.10790775462316149
GulenayAydin,2026-07-14,early,0.04631020368514413,0.07159577752313294,0.2058166235187925,0.1079075349090232
GradualismUnleashed,2026-07-14,early,0.04269000637159088,0.10468641194653812,0.17633562668495886,0.1079040150010293
rednova1729,2026-07-14,early,0.04080466845284159,0.0942405720254645,0.18865107107830098,0.10789877051886902
sebastianmarinp,2026-07-14,early,0.04250239190585772,0.08925242433048515,0.1918810273638688,0.1078786145334039
Pullakuski,2026-07-14,early,0.03389222367476216,0.14771947863109422,0.1419266490580099,0.10784611712128876
Nurelina12,2026-07-14,early,0.03210380584956258,0.1561628898566526,0.13520661292303124,0.1078244362097488
luminous9888,2026-07-14,early,0.04086101429495387,0.10395598743748251,0.1785805948827204,0.10779919887171892
Vrashank_Chouhan,2026-07-14,early,0.03344662504019967,0.1476238708196614,0.14223414061344086,0.10776821215776732
youngdinousaur,2026-07-14,early,0.055771592833130754,0.08061302653918952,0.18690893195840663,0.1077645171102423
AjaySanthosh,2026-07-14,early,0.03377463093241046,0.14935062255400194,0.1401589281031271,0.10776139386317984
CarlosAlbornoz,2026-07-14,early,0.042711703419218865,0.08511740350520793,0.19544722412921867,0.10775877701788182
DiogenesSinopeus,2026-07-14,early,0.04263077162947052,0.09194083388020934,0.1886489058410717,0.10774017045025053
domithebest,2026-07-14,early,0.05046335288980896,0.07481476854958036,0.19785792704651406,0.1077120161619678
xozr,2026-07-14,early,0.042179565349950696,0.09682820898947862,0.1841114226261454,0.10770639898852491
horpereyra17,2026-07-14,early,0.04130990867623351,0.12526260876847164,0.1565155284231647,0.10769601528928996
bascheyaro,2026-07-14,early,0.054656878295780885,0.07266215520366567,0.19570649537505344,0.10767517629149999
IndianSchoolOfSuffering,2026-07-14,early,0.04915515917963011,0.07768077105779309,0.19610511391643148,0.10764701471795157
BornaFranc007,2026-07-14,early,0.041348614279683726,0.09180657504765218,0.18978515952150155,0.10764678294961248
farzadbfd,2026-07-14,early,0.04959357118665587,0.08086567147527488,0.19246749316273096,0.10764224527488724
Mikayel99,2026-07-14,early,0.04539097243145636,0.08424883359548722,0.19325278464988815,0.10763086355894391
Fraler15,2026-07-14,early,0.04396814365326247,0.07637766466022465,0.20254612049186213,0.10763064293511641
igordubrovich,2026-07-14,early,0.036623654960615246,0.10398327783800562,0.18227909779330229,0.10762867686397437
Orphanator2009,2026-07-14,early,0.04921963257248881,0.08630343713924395,0.1872822155433604,0.10760176175169771
Metadast,2026-07-14,early,0.04942790554954245,0.07246576936754986,0.20090937141298368,0.10760101544335866
Bjorn_Holm,2026-07-14,early,0.03159127101271574,0.1577341006382449,0.1334630536340153,0.10759614176165866
vihaandumir596,2026-07-14,early,0.031022637594666527,0.15765552985552353,0.13408989646830657,0.10758935463949888
WildTricks,2026-07-14,early,0.04720897545856031,0.083714537437626,0.19165748252266443,0.10752699847295026
maciejbrzeski128,2026-07-14,early,0.04159249281585775,0.10878336233411294,0.17218948808291593,0.10752178107762889
flaviorcb,2026-07-14,early,0.03829873184033589,0.10748659229010389,0.17674952542843989,0.10751161651962655
Akiba182,2026-07-14,early,0.03306146466144824,0.14993083746211508,0.1395311606568826,0.10750782092681531
belligham2023,2026-07-14,early,0.03577365495708581,0.11344132535974195,0.17328183654914306,0.1074989389553236
blank0923,2026-07-14,early,0.04615147034272865,0.08176957179474578,0.19455166411560207,0.10749090208435884
Giorgi-Sibashvili,2026-07-14,early,0.039967092670515805,0.09736951618729646,0.18513372848950063,0.1074901124491043
spiritof_stlouis,2026-07-14,early,0.0352083049484677,0.11571512809342692,0.1715028330078419,0.10747542201657884
TheSodabread,2026-07-14,early,0.04200397657519563,0.1108429756909771,0.16953073046977957,0.10745922757865077
Anna_ChessMate,2026-07-14,early,0.04860033182315471,0.07671829236204214,0.19702812086953625,0.10744891501824437
AndrewMaco,2026-07-14,early,0.0393507345257465,0.10577938251685184,0.17717340209991786,0.10743450638083873
felipelobo,2026-07-14,early,0.04209666912338723,0.10775226156399643,0.1723547542090393,0.10740122829880766
AlessiaSanteramo,2026-07-14,early,0.046334757349696616,0.09968705472292318,0.1760493342037702,0.10735704875879666
rocket10jan,2026-07-14,early,0.03100227732848361,0.15743469496332552,0.13360126144988327,0.10734607791389746
Chessexplained,2026-07-14,early,0.04976919608997824,0.07426195424308059,0.19797883495887011,0.10733666176397631
Doudou2015,2026-07-14,early,0.0488073102655655,0.08354537563812542,0.18960372710265413,0.10731880433544834
Practice_Tailung,2026-07-14,early,0.03651631258633193,0.10545977991837281,0.17996513630864475,0.10731374293778317
Practical-Play,2026-07-14,early,0.046941047360844874,0.07437601431993171,0.20062412937498147,0.10731373035191934
7ChessAce,2026-07-14,early,0.033315808118712306,0.12358471970679072,0.16488564503138864,0.10726205761896389
sjoerd893,2026-07-14,early,0.04183625025846217,0.08489300131505213,0.19505173886477242,0.10726033014609558
Grem_Lin,2026-07-14,early,0.029526612398894297,0.15315027728423744,0.13907873043064442,0.1072518733712587
Cherone,2026-07-14,early,0.03132768690795343,0.15656375924314508,0.13379033309173421,0.1072272597476109
Boris_Plotnikov,2026-07-14,early,0.03494332218465114,0.11041758495879221,0.17631710179361554,0.10722600297901963
Sem1901,2026-07-14,early,0.04275939166093903,0.09111069868146035,0.18778386881368359,0.107217986385361
nicolasbatista3,2026-07-14,early,0.037067941932844024,0.10935669478228424,0.17509846768131776,0.10717436813214869
HowTo2Draw,2026-07-14,early,0.04090430798291974,0.08859655069690833,0.19200716586287336,0.10716934151423381
Partytime1180,2026-07-14,early,0.031178387819844177,0.1580213552840472,0.13230172554162178,0.10716715621517105
semchik73,2026-07-14,early,0.060262476208648504,0.06653655718655158,0.19468465306669333,0.10716122882063113
joshdaruca,2026-07-14,early,0.03167730762331163,0.12708191360084636,0.16270387281456794,0.10715436467957533
Jungle_Jaguar,2026-07-14,early,0.044872354321627374,0.10092632151570015,0.1756204664714565,0.107139714102928
vlad10898,2026-07-14,early,0.031049404030779187,0.1571024230985158,0.1332174532431068,0.10712309345746725
BarloNadera,2026-07-14,early,0.0434128607925702,0.10078179284266736,0.1771141884590341,0.10710294736475723
GAZZAN_3000,2026-07-14,early,0.05199136834031641,0.07467022816477925,0.1946438163779533,0.10710180429434966
Nils_03,2026-07-14,early,0.04571629773605026,0.0882891997329732,0.1872427775830665,0.10708275835069665
GriffinMac,2026-07-14,early,0.05846222578233091,0.078546655625922,0.18421650963335215,0.10707513034720169
VqquyenCFT,2026-07-14,early,0.031373938163642374,0.15614512172083453,0.13369853562705852,0.10707253183717846
mariofs,2026-07-14,early,0.041464708611824774,0.08097685645012234,0.19877561831715196,0.1070723944596997
New_Player_0010,2026-07-14,early,0.036762283889875666,0.0999105781966533,0.18440717628807005,0.10702667945819966
KIEV-1,2026-07-14,early,0.04370963106847295,0.08099015408137243,0.1963300765574012,0.10700995390241552
morfius,2026-07-14,early,0.03942429200397457,0.08699637086652333,0.19448747715584433,0.10696938000878076
joselito22,2026-07-14,early,0.03494179020456778,0.1217349455703801,0.16387588449660712,0.10685087342385167
angryspacevoid,2026-07-14,early,0.04344867317407759,0.08447859273166551,0.1925577301568605,0.10682833202086787
Zeck_CH,2026-07-14,early,0.0347498629708901,0.10892090020062618,0.17677940730813094,0.10681672349321573
Gerasimenyuk_Miha,2026-07-14,early,0.041079711719209044,0.10148472566713657,0.17771549988359478,0.10675997908998014
BaylavChess,2026-07-14,early,0.03540010769259134,0.09995245555231824,0.18487209743541097,0.10674155356010684
ccoppola,2026-07-14,early,0.029793557848548258,0.15651906199476082,0.13389531634727117,0.10673597873019341
Willychess95,2026-07-14,early,0.041507556631438035,0.08522694753751486,0.19336890220647338,0.10670113545847543
treadstone_71,2026-07-14,early,0.04378934501875089,0.07332795593649312,0.20297799597828994,0.10669843231117798
thisjuan,2026-07-14,early,0.031118555608852856,0.15664533330707917,0.13232354634132792,0.10669581175241998
may_goose,2026-07-14,early,0.058799799968445116,0.08002283864444552,0.18119939516600145,0.10667401125963068
Masterisback04,2026-07-14,early,0.05148289404997362,0.08343467625839093,0.1850182156889037,0.10664526199908941
visa,2026-07-14,early,0.040357518706069274,0.08959717014360047,0.18992109446716565,0.10662526110561181
ChessSG1,2026-07-14,early,0.04328020184212642,0.10935287730881005,0.16722636535157143,0.10661981483416931
muchojogo,2026-07-14,early,0.04893619768950676,0.07101491942054125,0.19984934111956268,0.10660015274320356
ChessEnthusiastOne,2026-07-14,early,0.05860478170830219,0.08474135778391208,0.1764032779169478,0.10658313913638735
Enchanter14,2026-07-14,early,0.034633036635440685,0.10915499887309478,0.17592335059342046,0.1065704620339853
Henryk_S,2026-07-14,early,0.04355014585330319,0.09744756252564814,0.17865694328367668,0.10655155055420933
cyrdap,2026-07-14,early,0.0341874635501427,0.10419318800038366,0.18125900351201718,0.10654655168751452
Talcrifice,2026-07-14,early,0.03873603102206888,0.09863565424206626,0.18226397804892397,0.10654522110435304
Camilla_Lee,2026-07-14,early,0.035717391362767234,0.09307314448547659,0.1908351738069235,0.10654190321838912
Kristof_08,2026-07-14,early,0.03252052380145771,0.1392490184326786,0.14784295531410765,0.10653749918274798
Davidalhesa2007,2026-07-14,early,0.045253210025707924,0.08603452987989461,0.1883205088004049,0.10653608290200249
PlotnikovPavel,2026-07-14,early,0.05131974144388306,0.07156842353145709,0.19661032236270493,0.10649949577934836
Rokis13,2026-07-14,early,0.031735008633246437,0.15224444604725607,0.13548380537681914,0.10648775335244054
Love7Unicorn,2026-07-14,early,0.04690364016649157,0.08722181036748652,0.1853261198281742,0.1064838567873841
TiltedRizzler_5,2026-07-14,early,0.03973205705494247,0.08444484665313873,0.19527042151781374,0.10648244174196497
AlejandroPacheco29,2026-07-14,early,0.05834088204891281,0.08249189537470832,0.1785762271677329,0.106469668197118
JuanLloretRamis,2026-07-14,early,0.03215025591201412,0.15247478632544148,0.13476712797932155,0.10646405673892571
BallottiLuca,2026-07-14,early,0.039379050485069546,0.10846893093703495,0.1715199227297709,0.10645596805062514
dmitrijiIM,2026-07-14,early,0.04873963454532449,0.06216049721269382,0.20844033914623988,0.10644682363475273
Francisco_Ferrari,2026-07-14,early,0.046441484970117006,0.08848486218216582,0.1844000757802142,0.106442140977499
ACollins05,2026-07-14,early,0.04380523968415257,0.08672609102212052,0.18876459280923016,0.10643197450516777
M_asp009,2026-07-14,early,0.04011561864487957,0.10121561776322767,0.1778879690347588,0.10640640181428869
Oreonly,2026-07-14,early,0.047211596537679396,0.0850670242283882,0.18688711874301434,0.10638857983636064
IfanRJ,2026-07-14,early,0.029425219533203432,0.15502505661773477,0.13459139661157693,0.10634722425417172
Fettucinii,2026-07-14,early,0.03784185193162617,0.09385086577422667,0.1873143285002381,0.10633568206869698
Unmerciful_life,2026-07-14,early,0.03445935109468847,0.11490247050743824,0.16959619879731413,0.10631934013314696
Fighter008,2026-07-14,early,0.03090817502164513,0.15444917151431514,0.13359939241106797,0.10631891298234275
Baku_Boulevard,2026-07-14,early,0.044568888040135084,0.07514085967345142,0.19915046331610906,0.1062867370098985
Argentino1,2026-07-14,early,0.02902936872804809,0.14283585213116115,0.14698776417406598,0.10628432834442507
NathanHoover,2026-07-14,early,0.030955973044491006,0.130550003219979,0.15728926768187423,0.10626508131544808
Sassy_Strawberry,2026-07-14,early,0.03863514709987215,0.09719035821106499,0.18295805345732874,0.10626118625608862
Storne89,2026-07-14,early,0.03188896312362162,0.1387467797727256,0.14813741112928325,0.10625771800854349
crushernt,2026-07-14,early,0.04283537205555693,0.08593959948846604,0.18998830960820817,0.10625442705074371
MrChampion_Coach,2026-07-14,early,0.049010947087339024,0.06911964209230592,0.20055804820417744,0.10622954579460746
LoonsDeKoeben,2026-07-14,early,0.043253412008520266,0.08273720068115827,0.19268473194851418,0.10622511487939756
Kratos031,2026-07-14,early,0.04055960927647124,0.09980314406922167,0.17828355547859925,0.10621543627476404
PonyQueen07,2026-07-14,early,0.04402435362734004,0.10090818538816447,0.17366979267993293,0.10620077723181248
Kensei26,2026-07-14,early,0.04120332637457582,0.10633873604393036,0.17104255478233818,0.10619487240028146
JustusJBargsten,2026-07-14,early,0.03282909563581265,0.13808196791956956,0.14767317141748143,0.10619474499095455
caropawn10,2026-07-14,early,0.046700577289825455,0.08642625087662129,0.18538827036537303,0.1061716995106066
NovikovaGalina,2026-07-14,early,0.05637012029719893,0.0634126825451696,0.19872423196896513,0.1061690116037779
Cecile-Haussernot,2026-07-14,early,0.04488388570120106,0.09107220756213488,0.18249491014741193,0.10615033447024928
Fractingale,2026-07-14,early,0.03669524269519772,0.10869296167136698,0.1729832386228197,0.10612381432979479
kasun_bole,2026-07-14,early,0.043046806360079855,0.09661746297063688,0.17870689087782657,0.10612372006951443
kushagramohan,2026-07-14,early,0.04595774111282019,0.10091385956638647,0.17148801292971272,0.10611987120297313
3Ke31-0,2026-07-14,early,0.03561457615368437,0.11601877953253625,0.16664760446130086,0.10609365338250716
kibromNNN,2026-07-14,early,0.03541479555271006,0.10239597748691621,0.18041727720353454,0.10607601674772027
Valy02chess,2026-07-14,early,0.039275244168459324,0.10597451986633279,0.17297486535273449,0.10607487646250886
Aliso4ka_pirozhok,2026-07-14,early,0.03892739653468902,0.09999658747835026,0.17924428728979827,0.10605609043427917
Gogogogogogogogo5,2026-07-14,early,0.04053343390104711,0.10078776141857171,0.1768033985408203,0.10604153128681304
NCchamp,2026-07-14,early,0.041339115681178054,0.09049894192546523,0.18626190920150765,0.10603332226938365
Marielchessy,2026-07-14,early,0.03881157843574265,0.08866544391113554,0.1906048524583726,0.10602729160175027
Ganziitoo,2026-07-14,early,0.03749190484122274,0.10275605659605797,0.17776668591696862,0.10600488245141644
gedizov,2026-07-14,early,0.040230816867776194,0.11874894232444907,0.1589794950389558,0.10598641807706037
hblanco,2026-07-14,early,0.04906112879830287,0.07297111012901475,0.19577750378521647,0.10593658090417803
gtnamfrq,2026-07-14,early,0.041949068636644535,0.08779265610028004,0.18806221684669755,0.10593464719454071
NovakCabarkapa,2026-07-14,early,0.04913498979794257,0.08314375704949693,0.18549382519878915,0.10592419068207622
atwalcb,2026-07-14,early,0.046899294930186804,0.0850084459863126,0.18579124679604359,0.10589966257084767
Twinstulle,2026-07-14,early,0.04244949747151837,0.0923272469256546,0.1829048208268257,0.10589385507466621
ajedrez1101,2026-07-14,early,0.030756299378235725,0.1466336338866267,0.14010585860912336,0.10583193062466194
matihalac,2026-07-14,early,0.03559391258743515,0.12549144928254782,0.15633292395011517,0.10580609527336604
jokers20184061,2026-07-14,early,0.033269780120977865,0.12256182891479878,0.16136868237858665,0.10573343047145443
GodDMuhammad,2026-07-14,early,0.040817521721803265,0.09798298622499473,0.1782839610823195,0.10569482300970583
InvisibleWarrior2252,2026-07-14,early,0.03650400130639539,0.11373700306656824,0.1667843296197916,0.1056751113309184
KnobbedHornbill,2026-07-14,early,0.043735102660269386,0.07267339366469758,0.20055861841630993,0.10565570491375897
Manon-reja,2026-07-14,early,0.0406952255521105,0.09851962247799598,0.1777285509002798,0.10564779964346209
Albertopierce,2026-07-14,early,0.03725918071436081,0.10778290167096971,0.17190070852491077,0.10564759697008042
Lupul_Cenusiu,2026-07-14,early,0.042669833728605305,0.08115318206122174,0.19309506311491748,0.10563935963491485
HenryHoInHei,2026-07-14,early,0.02749780739785927,0.15279421871317717,0.13661542960475018,0.10563581857192887
VitorBronson,2026-07-14,early,0.053461383193639585,0.0882961407444364,0.17514868297915331,0.10563540230574309
coach_jacob,2026-07-14,early,0.0394642790628044,0.09502588557032443,0.18240187954963896,0.10563068139425592
mfwagnerpeixoto,2026-07-14,early,0.04195751008639445,0.07803408563318802,0.19689689680049316,0.10562949750669187
CheckThis4,2026-07-14,early,0.04653013405413381,0.07627797281401003,0.19407171417872693,0.10562660701562358
agustinv04,2026-07-14,early,0.03802580643840088,0.11074255644214274,0.1679827828807906,0.10558371525377808
riddhi_07,2026-07-14,early,0.0332621876396401,0.1410419396119744,0.14244689662227114,0.10558367462462855
MFBerna,2026-07-14,early,0.048362366499498044,0.07617052534078754,0.19212325560559537,0.10555204914862698
josmito80,2026-07-14,early,0.04296140966944666,0.10041226520267173,0.17327929051480276,0.10555098846230704
Egorov_Pavel,2026-07-14,early,0.031091290560054323,0.15225285050676649,0.13329880871014396,0.10554764992565492
Sprinc1,2026-07-14,early,0.031073537052920742,0.14935460943160844,0.13614764161752343,0.1055252627006842
Bayramov_Serdar,2026-07-14,early,0.0336028913581708,0.1407677289821457,0.1421370131744107,0.10550254450490908
teju0607,2026-07-14,early,0.03404703713396576,0.1413379648539453,0.14094489231214516,0.10544329810001873
WoolworthsManly,2026-07-14,early,0.041597275461768043,0.08481009642764696,0.18991962051026326,0.10544233079989275
Bardur_Orn,2026-07-14,early,0.029453287638196206,0.15407979989037626,0.13269414923355638,0.10540907892070961
GulamaliRises,2026-07-14,early,0.03800342121301481,0.08787961315339642,0.19032059601153992,0.10540121012598373
MikhailBLR,2026-07-14,early,0.03145685008173864,0.15184531181921326,0.1328299363530653,0.10537736608467241
Brown_Bear_MGL,2026-07-14,early,0.031150448344258334,0.15357746901475428,0.13135649502205077,0.1053614707936878
vladjianu,2026-07-14,early,0.03984407162317104,0.10417331020627112,0.17203908103272292,0.10535215428738835
Pawnpusher1245,2026-07-14,early,0.04678548927580526,0.09576023223819576,0.17344707237117002,0.10533093129505701
kuruhuru,2026-07-14,early,0.04508238886261209,0.09264846178744053,0.1782521717494145,0.10532767413315569
EvilMorty23,2026-07-14,early,0.0539554905637671,0.07692751460659637,0.18504113429504337,0.10530804648846896
QGlen,2026-07-14,early,0.031483228374926425,0.14849996194521178,0.13580914703551433,0.10526411245188418
christianallen359,2026-07-14,early,0.03881319149980496,0.1252534786987521,0.15171884814949543,0.10526183944935084
figuroto,2026-07-14,early,0.030970765795474968,0.15256561085267706,0.13220070979239956,0.10524569548018387
Grind2Glory,2026-07-14,early,0.03277379161730864,0.1352919860125882,0.14755131032378355,0.10520569598456013
dkfdkqhrlglaemfwl,2026-07-14,early,0.031178387819844177,0.15247408949689478,0.1319518764637626,0.10520145126016718
broskolis,2026-07-14,early,0.049596007368296564,0.07660731144249777,0.1893286001990835,0.10517730633662596
Reinaldovera,2026-07-14,early,0.04193263356655368,0.08460236890340525,0.18899309148832452,0.10517603131942782
Tunahan_Makaraci,2026-07-14,early,0.05378571486860197,0.07500861187447219,0.18666186116534245,0.10515206263613887
ColErranMorad,2026-07-14,early,0.0325244560510289,0.10708413564265576,0.17583395174631164,0.10514751447999877
venturov,2026-07-14,early,0.048876669615867396,0.0724147846400035,0.19411831793868564,0.10513659073151886
Bulldog167,2026-07-14,early,0.04367838428769734,0.0843900633877683,0.187322592339856,0.10513034667177389
AlexLongson,2026-07-14,early,0.03247976066074779,0.13780910496864496,0.14508978919293183,0.10512621827410819
Ermito2020,2026-07-14,early,0.04266353756745323,0.077142049623186,0.19550650867095648,0.10510403195386524
Smirnov_Pavel,2026-07-14,early,0.042039536563631436,0.0804982648033485,0.1927022715203847,0.10508002429578821
Chuchofrio1,2026-07-14,early,0.0436946874469502,0.07859894341410018,0.19284941508027909,0.10504768198044316
garfield_pg,2026-07-14,early,0.04286827057691033,0.08421534228735206,0.187978215932475,0.10502060959891246
javierfreilemartin,2026-07-14,early,0.047491757541861905,0.0693008055110559,0.19820957411868928,0.1050007123905357
Freecs56,2026-07-14,early,0.032910979958797236,0.1436100641552855,0.13845473087369817,0.10499192499592697
EggLoser,2026-07-14,early,0.041556186396856105,0.07665264017044676,0.196765632959948,0.10499148650908363
Vusatiuk_Vladimir,2026-07-14,early,0.06166091235324588,0.0669103422498866,0.18626376813250226,0.10494500757854491
secrethawk,2026-07-14,early,0.031151258670916573,0.15025440823668793,0.133427012671714,0.10494422652643949
codapbg94,2026-07-14,early,0.030875205121145,0.15156503585558834,0.13236464463617323,0.10493496187096885
MinaWael23,2026-07-14,early,0.039926873318242496,0.0944675766881766,0.1803168491080782,0.10490376637149908
Lanshou,2026-07-14,early,0.04099706612924402,0.10749444988907325,0.1661951831192395,0.10489556637918558
Chess2010kingAlex,2026-07-14,early,0.035656470821105596,0.10469967915517633,0.1741926722916708,0.10484960742265091
chess_mad35,2026-07-14,early,0.039499871697450874,0.08084468182402245,0.1941411974487635,0.10482858365674559
GasconJR,2026-07-14,early,0.05011097698270191,0.07017290763614338,0.19418802800325782,0.10482397087403438
JERO-8914,2026-07-14,early,0.05165817146900677,0.06599688446232044,0.19671060622226946,0.1047885540511989
onnoelgersma,2026-07-14,early,0.04397410208457415,0.07662800319806996,0.19363116373404568,0.10474442300556326
Clown-Master_64,2026-07-14,early,0.02715703404130958,0.16315825098600242,0.12390319561096827,0.10473949354609342
Xadrez_Logic,2026-07-14,early,0.07507622236471388,0.1116582686826154,0.12747549609986278,0.10473666238239736
topalovkramnik,2026-07-14,early,0.03549653537612437,0.10722937157568635,0.17143833287203303,0.1047214132746146
Kgutierrez95,2026-07-14,early,0.03797130331509275,0.09478541340722785,0.18133237052521026,0.10469636241584361
undisputed29,2026-07-14,early,0.03035385222537051,0.15189616899562658,0.1317603046132737,0.1046701086114236
copanchess,2026-07-14,early,0.04706100575127789,0.08702934216389965,0.17981790389602179,0.10463608393706643
Dexter_Dyke,2026-07-14,early,0.042339390973131046,0.0790910941288901,0.1924048696926023,0.10461178493154115
Dale,2026-07-14,early,0.0440380637446943,0.0967540015942594,0.17301684896097036,0.10460297143330803
EngineerSpock,2026-07-14,early,0.0308990579018816,0.1360587346600914,0.14679058718091834,0.10458279324763047
Spartakus1975,2026-07-14,early,0.056877647445352945,0.09056687912976763,0.16622780059670844,0.10455744239060967
xJOHNTITORx,2026-07-14,early,0.05217832821580448,0.0870720153492104,0.1743913807388428,0.10454724143461923
oykuince,2026-07-14,early,0.031297960016963985,0.15052804894034633,0.13178735767690772,0.10453778887807268
124chess,2026-07-14,early,0.03125072351216094,0.14977200684160094,0.1325404638571377,0.10452106473696653
zano2023,2026-07-14,early,0.04399766210428424,0.07734833914356597,0.19220044417069848,0.1045154818061829
Klassimo18,2026-07-14,early,0.030863819257090436,0.149699831381015,0.13280503513553446,0.1044562285912133
TheKnightOfBosnia,2026-07-14,early,0.042058416964119265,0.08700727573006216,0.18416353518071238,0.10440974262496461
besarquis,2026-07-14,early,0.04459100401183241,0.08758177668592773,0.18084672692583204,0.10433983587453073
ejalmedina,2026-07-14,early,0.04282595393559665,0.08711916748676504,0.1830329674718587,0.1043260296314068
fahad,2026-07-14,early,0.031182753897132084,0.15057008309938436,0.1311570026069618,0.1043032798678261
eltrain1971,2026-07-14,early,0.0570157011331893,0.08675058596253896,0.16895528764170067,0.1042405249124763
Zemerovv,2026-07-14,early,0.03339342630350999,0.13656195737629295,0.14272004671517505,0.10422514346499268
PSvidler,2026-07-14,early,0.03339297029233076,0.13848393851688895,0.1407949093182824,0.10422393937583403
ZuchBolt,2026-07-14,early,0.04484111117893125,0.0784841640207146,0.18928714368141766,0.10420413962702117
GilbertoHernandezAmura,2026-07-14,early,0.030467579609906387,0.11868529773276791,0.16341986845554818,0.10419091526607416
grandemestregringo,2026-07-14,early,0.04343060659023618,0.06392401061739958,0.2050838730220761,0.10414616340990394
CalculatedRhysks_Youtube,2026-07-14,early,0.03599978451253579,0.1175799317697569,0.15883749774130107,0.10413907134119793
ozen_metehan,2026-07-14,early,0.04142090407744624,0.07174718134263469,0.19923050849631085,0.10413286463879727
Unskibidirizzler11,2026-07-14,early,0.03664511290349761,0.09505798456363287,0.18063662692448382,0.10411324146387142
EloquentSpeaker2010,2026-07-14,early,0.03624431607583859,0.0992151095378908,0.17681084195609517,0.10409008918994152
AndrewB92,2026-07-14,early,0.04426447458884337,0.07419755077339363,0.1936919225332686,0.10405131596516853
Siemba,2026-07-14,early,0.04988910949015665,0.07630291056706913,0.18596109635722835,0.10405103880481804
Eliwood44,2026-07-14,early,0.05432099537834239,0.06775930229423646,0.19003073234289894,0.10403701000515926
Prizant_academy,2026-07-14,early,0.04027033829258138,0.12995852611973135,0.14178670569270757,0.10400519003500676
VALPARAISO37,2026-07-14,early,0.04606821742036299,0.07718282657933125,0.18874273367061536,0.1039979258901032
Maestro-Fermin,2026-07-14,early,0.03391792444300166,0.13638511444936405,0.141668625245265,0.10399055471254355
IrI_Cheetah,2026-07-14,early,0.033038300923776666,0.11242207061647558,0.16650198324754636,0.10398745159593287
TheGandhiOfChess,2026-07-14,early,0.04153083507451581,0.08728116500559333,0.1830687706836909,0.10396025692126669
DerKnipser,2026-07-14,early,0.03909448161969137,0.09684002572358981,0.17592446399278536,0.10395299044535551
losersgame,2026-07-14,early,0.031918559543040355,0.13924603101977984,0.1403603362370666,0.10384164226662891
anon102030,2026-07-14,early,0.05071657261084386,0.07613682002743812,0.18464179851836984,0.1038317303855506
DuDaKi,2026-07-14,early,0.04014593024880995,0.07533125663194735,0.19586214930754192,0.10377977872943307
Fandorin779,2026-07-14,early,0.04792098769751425,0.07618111397896224,0.1872351218490503,0.10377907450850893
HappyUshindi,2026-07-14,early,0.031442599542118095,0.14804566098599917,0.13181889267436386,0.10376905106749372
tmr88,2026-07-14,early,0.029699131076273658,0.13934683617810412,0.14216563747875774,0.10373720157771182
tamarozi99,2026-07-14,early,0.04195439201610579,0.08289333217703938,0.18634838552266103,0.1037320365719354
matecontomate123,2026-07-14,early,0.04079532048840615,0.09703530156301483,0.17330426574472546,0.10371162926538215
Roenko_Artur,2026-07-14,early,0.041535575840978084,0.09646256038640477,0.17303142174247005,0.1036765193232843
Chessy222222,2026-07-14,early,0.03188002683649798,0.14533388943143696,0.13379871093482593,0.10367087573425364
ncofre98,2026-07-14,early,0.04863516400783623,0.07485996916418308,0.18741487809697727,0.10363667042299886
abeljusto,2026-07-14,early,0.037015121513929515,0.10001453802522926,0.17387959487834276,0.10363641813916717
ragnaroek66,2026-07-14,early,0.04120540857835273,0.08522687062676582,0.1844331849668306,0.10362182139064972
Vahe_Danielyan,2026-07-14,early,0.04064311838277964,0.07306619149119743,0.19714355111039797,0.103617620328125
StoreySniper,2026-07-14,early,0.03933473212245349,0.0976262933148654,0.17388543296524908,0.10361548613418932
Artem_Sadovskii,2026-07-14,early,0.03593139472523402,0.1052635436058218,0.16953395783069636,0.10357629872058405
AleksandraMilovic,2026-07-14,early,0.04445592693312585,0.06715945303270941,0.19898651138648532,0.10353396378410686
avenakhenjoyer,2026-07-14,early,0.03328529301345674,0.1345531176088152,0.142723007056576,0.10352047255961598
KChor05TTV,2026-07-14,early,0.04838805436317231,0.06771032938696278,0.194421110963278,0.10350649823780438
Vyacheslav_N,2026-07-14,early,0.035997423896757384,0.10540071358447343,0.16904805760484995,0.10348206502869357
qqwow,2026-07-14,early,0.05571180335610425,0.07085539975139846,0.18385906355801776,0.10347542222184014
Judit041024,2026-07-14,early,0.03383834116606342,0.1357809641799221,0.1408038516338274,0.10347438565993765
Andrej2004,2026-07-14,early,0.04627682771390951,0.07245636177740387,0.19165978341259282,0.10346432430130208
Carlitus2004,2026-07-14,early,0.050242819537068044,0.07586194973338908,0.18428597843565914,0.10346358256870543
Hans_L4145,2026-07-14,early,0.03148883837375308,0.14591758622344586,0.13291317125622512,0.10343986528447469
Cocoguette23,2026-07-14,early,0.032721027795439915,0.1391903335649912,0.13840377624234673,0.10343837920092595
SamCopeland,2026-07-14,early,0.04113947922918431,0.09287810961794922,0.1762128469663783,0.10341014527117061
swimmerchess,2026-07-14,early,0.048666488248237987,0.09914772563810058,0.1624142499256084,0.10340948793731565
gemarin,2026-07-14,early,0.05600466117388237,0.06416691902091158,0.19004239945724152,0.10340465988401182
purush64,2026-07-14,early,0.03127019415061191,0.14765864652666705,0.13125486165707242,0.1033945674447838
maxip32,2026-07-14,early,0.03586421242765171,0.10143694481760683,0.17286308633742348,0.10338808119422734
Smaug914,2026-07-14,early,0.03404703713396576,0.13528884290980314,0.14078826110239165,0.10337471371538685
Dark_Night180,2026-07-14,early,0.03334535202634886,0.11822601572697862,0.15850717396066416,0.10335951390466387
ArrestingPieces,2026-07-14,early,0.039233260477404615,0.08699155595370865,0.18377048433514911,0.10333176692208745
gmatingo,2026-07-14,early,0.030711654654505746,0.14762657634141646,0.13161941962917315,0.1033192168750318
nicolai1950,2026-07-14,early,0.03745234765159411,0.08599509322103242,0.18649033776821664,0.10331259288028105
albayo,2026-07-14,early,0.04939117590410428,0.07397427376457504,0.18651405407303656,0.1032931679139053
Hsper248,2026-07-14,early,0.040788968991603794,0.0715903084909618,0.1974877580842386,0.1032890118556014
grzechu96,2026-07-14,early,0.04769268416598447,0.0929894373854332,0.16912492680063157,0.10326901611734973
MikaelyanArman,2026-07-14,early,0.053811301160112394,0.06824858330746982,0.18774015424942572,0.10326667957233597
Rainbow2014,2026-07-14,early,0.03911960700994491,0.08841647661522299,0.18223084861923572,0.10325564408146787
DinaraHuseynova,2026-07-14,early,0.030965628799993608,0.14809178359052974,0.130678816562366,0.10324540965096311
Biranidun,2026-07-14,early,0.03807319662295193,0.07371747839603272,0.1979396734501468,0.10324344948971048
GreenViper2025,2026-07-14,early,0.031735008633246437,0.1435344422260827,0.13444085291578683,0.10323676792503866
AndreGVH,2026-07-14,early,0.05674618145062789,0.08696184323605188,0.1659552686058657,0.10322109776418183
superfer98,2026-07-14,early,0.03530500526038784,0.1049744529575195,0.1693539239060431,0.10321112737465014
LuizTFelizola,2026-07-14,early,0.03485813351572644,0.1055386128590246,0.1692137929378151,0.10320351310418872
lokomotiv777,2026-07-14,early,0.031141573386029117,0.14732053907300974,0.1311255211385013,0.10319587786584672
RrainlessBobot,2026-07-14,early,0.03558345295553117,0.11378486751221562,0.16016167612551344,0.10317666553108673
Zeitnot593,2026-07-14,early,0.037005030832585085,0.1042841200834891,0.1682348031198844,0.10317465134531952
RATNAKARAN,2026-07-14,early,0.03391792444300166,0.13443708290497483,0.14111334823231952,0.10315611852676533
Sic_Transit_GM,2026-07-14,early,0.04305121987711478,0.07877168979622058,0.18763634714617666,0.103153085606504
picturesquecheck,2026-07-14,early,0.04642298128484248,0.09212978303353661,0.17088365768149422,0.10314547399995777
ellatambien,2026-07-14,early,0.049083757608628056,0.06709253025553161,0.1932593078434907,0.10314519856921679
FREZZY23,2026-07-14,early,0.042318743346728735,0.08182813814417919,0.18519944272228556,0.10311544140439782
AttackSparrow,2026-07-14,early,0.041552585752397175,0.08336663921117725,0.18441600284971524,0.10311174260442989
michaelskie11,2026-07-14,early,0.03959355037566776,0.0961252362460187,0.17361254772516688,0.10311044478228444
nfds,2026-07-14,early,0.04089599772295501,0.08877664827765643,0.17963611585172498,0.10310292061744547
2Slow2Old,2026-07-14,early,0.029265796030411004,0.14720568869022208,0.1328016574858755,0.10309104740216953
Kazan28,2026-07-14,early,0.03848196942198217,0.08419701534066677,0.1865310763899558,0.10307002038420159
sean1223,2026-07-14,early,0.031022637594666527,0.14609321301473654,0.13204195873013552,0.10305260311317954
Swiss_Fighter,2026-07-14,early,0.058837350055507796,0.06402693473926181,0.18628177066141213,0.10304868515206057
garicardi,2026-07-14,early,0.029254441994513773,0.13030268330811737,0.14958202024624356,0.10304638184962489
Eternauta2400,2026-07-14,early,0.04195174612459845,0.07230995748044272,0.1948265595306255,0.10302942104522222
Emeraldddd,2026-07-14,early,0.04676860926986713,0.05926919388229174,0.2030059248312872,0.10301457599448204
kingapolak,2026-07-14,early,0.039968139175538625,0.09666303144465341,0.17235446085780445,0.10299521049266551
ntmh281,2026-07-14,early,0.030828951770224114,0.14666575873593057,0.13147776757647975,0.1029908260275448
VladimirBelous,2026-07-14,early,0.032939105944916516,0.12625097275331576,0.1497785713239348,0.10298955000738902
Mata_ratas,2026-07-14,early,0.04104297225524221,0.09563022573891591,0.17223158639838004,0.10296826146417938
db-banana,2026-07-14,early,0.04255460160618965,0.07446468509268431,0.19183970942819534,0.1029529987090231
DeTimmerman,2026-07-14,early,0.04280605548469171,0.09664712947163792,0.1693866147568633,0.10294659990439765
MBA_CHESS_2021,2026-07-14,early,0.04535515979616769,0.058689794824129414,0.2047765392007362,0.10294049794034443
MrRooke6,2026-07-14,early,0.03391792444300166,0.13319902217981427,0.141668625245265,0.10292852395602697
sotochess,2026-07-14,early,0.0440178753755562,0.08521058063692961,0.17951849280826765,0.10291564960691783
elizabethcastaneda,2026-07-14,early,0.037513593058434984,0.09778653816220571,0.1733756908803537,0.10289194070033147
PIwan,2026-07-14,early,0.03194296709974882,0.13158503392354254,0.1451111859731357,0.102879728998809
electrosaw,2026-07-14,early,0.039685248351623535,0.10331322382465413,0.16563375848559178,0.10287741022062315
vozlo,2026-07-14,early,0.04447196707750715,0.06918108875644492,0.19489906226762915,0.10285070603386041
Zhans_2014,2026-07-14,early,0.031089740971089887,0.12179191230628963,0.1556626208615602,0.10284809137964657
koziororo,2026-07-14,early,0.04411871653016098,0.08236769368116766,0.18192964340770496,0.10280535120634453
ril1997,2026-07-14,early,0.041939026404870614,0.08346810241965198,0.18296983494907684,0.10279232125786648
TienTranManh,2026-07-14,early,0.032786029182388,0.13657261339293134,0.13900585249088296,0.10278816502206745
manipun1,2026-07-14,early,0.042252496135419565,0.08260053373179231,0.18348924865272093,0.10278075950664427
TrickyFortem,2026-07-14,early,0.05676415265686449,0.08990276234648938,0.161654905334197,0.10277394011251695
pinguino120,2026-07-14,early,0.042613819885050995,0.07823222838339794,0.18743863292092272,0.10276156039645723
Jenia84,2026-07-14,early,0.0466806280496512,0.07572421112055268,0.185746082798188,0.10271697398946396
Benek77,2026-07-14,early,0.031131286920170764,0.14650386896137585,0.1304989427083388,0.10271136619662846
theblitzchamp,2026-07-14,early,0.035067703895660315,0.10435411254851677,0.16870099043518785,0.10270760229312165
vaniavindy,2026-07-14,early,0.042643769001002425,0.09461426844576701,0.17083768035975214,0.10269857260217385
TheCavemanChess,2026-07-14,early,0.046820410820758364,0.0757730781496417,0.1854856269224014,0.10269303863093382
evgchess5,2026-07-14,early,0.03929302952360605,0.08775653826162513,0.18100195710857647,0.10268384163126922
Alexandr_Predke,2026-07-14,early,0.03531912670667757,0.09477498757854172,0.1779485037050078,0.10268087266340903
garfield000,2026-07-14,early,0.07333093432351295,0.09330718656728512,0.14139701257835635,0.10267837782305149
APOKALIPSA13,2026-07-14,early,0.04791681735460779,0.06314290280121011,0.1969625809494033,0.10267410036840707
lagedema,2026-07-14,early,0.04045837306352533,0.08722043425649864,0.18033087573095885,0.1026698943503276
malginati,2026-07-14,early,0.032910979958797236,0.13677361732190352,0.1382933422852612,0.102659313188654
Fernando_Offermann,2026-07-14,early,0.03875220218225558,0.09188983225195445,0.1772830350560883,0.10264168983009943
Allion2017,2026-07-14,early,0.035822246686213075,0.11288825178149926,0.15919162699767975,0.10263404182179736
luggevoila,2026-07-14,early,0.04990330511944893,0.06698716311379248,0.19097612212476023,0.10262219678600054
HElissalt,2026-07-14,early,0.044347633598556015,0.07268384724293976,0.19069443519771984,0.1025753053464052
zenitushka,2026-07-14,early,0.045221067205610525,0.07798844878185657,0.18441058446713035,0.1025400334848658
thenewfiredragon,2026-07-14,early,0.039034484002221724,0.08716081223247994,0.18142172841142512,0.1025390082153756
ajian,2026-07-14,early,0.04923894545201607,0.07045583760644351,0.18789367220167105,0.10252948508671021
Suleiman777,2026-07-14,early,0.03030831871579251,0.14086033846841872,0.13629435649632257,0.1024876712268446
PoXerStar,2026-07-14,early,0.05090756108173258,0.0713216075513749,0.18522141681855347,0.10248352848388698
Piggu,2026-07-14,early,0.03200927900749297,0.1300387594741792,0.14537105674754724,0.10247303174307314
Yuruultei,2026-07-14,early,0.036299514009244985,0.10242238380386653,0.1686270904184473,0.10244966274385293
HackingKid98,2026-07-14,early,0.03951007595367394,0.07040710225517917,0.19736007459857072,0.10242575093580793
Jahonas,2026-07-14,early,0.03535444554763179,0.12478938681610999,0.14710041341885083,0.10241474859419752
KazakhFighter04,2026-07-14,early,0.03863192866110704,0.07707512382853214,0.19151345881897666,0.10240683710287195
VoicelessFeather,2026-07-14,early,0.03737076514757824,0.10668184729412236,0.16314301626903815,0.10239854290357958
SaranyaDeviNarahari,2026-07-14,early,0.03298406647882108,0.1137197891851588,0.1602814454193509,0.1023284336944436
lukazz029,2026-07-14,early,0.03639678371308352,0.11383357670357536,0.15660343227894383,0.10227793089853425
MIJulienSong,2026-07-14,early,0.030620968195083424,0.13213273640967269,0.14406575592989904,0.10227315351155171
Johnnyyy_Bravo,2026-07-14,early,0.02740873264019766,0.14785872167618758,0.13148531823384024,0.10225092418340849
ptsdzzq,2026-07-14,early,0.031911878687291055,0.13183067334136275,0.142984726004453,0.10224242601103561
kobemagic,2026-07-14,early,0.047628527714846304,0.07886085975926904,0.18017530512549954,0.10222156419987162
Lavrov_Maxim,2026-07-14,early,0.03193014049457523,0.14108538569178128,0.1335276292619102,0.1021810518160889
GensUnaSumus,2026-07-14,early,0.040529327061712375,0.07887063350717946,0.18713831413780216,0.10217942490223132
Taktikmonster,2026-07-14,early,0.04040047705675855,0.08114926707134416,0.18497043781276723,0.10217339398028998
Ladislav1969,2026-07-14,early,0.055167026662254016,0.0835891115880243,0.1677638495339789,0.10217332926141909
ChessMavenYeti,2026-07-14,early,0.03628135011249513,0.08903060000494523,0.1811898538415677,0.10216726798633602
AlanZhang,2026-07-14,early,0.03246998473146658,0.11098308980289202,0.16272743335098597,0.10206016929511486
GoValya,2026-07-14,early,0.040747915333100015,0.07460299084652736,0.19076850719495744,0.10203980445819494
RealJerusalem,2026-07-14,early,0.04203071983486574,0.0883693726495494,0.175709034822316,0.10203637576891038
TacticalSam94,2026-07-14,early,0.03106265351234964,0.13505176632109056,0.13998595559942095,0.1020334584776204
cukricek,2026-07-14,early,0.038668451030215746,0.07942179529795024,0.18797547240194554,0.1020219062433705
IgnacioCavadini,2026-07-14,early,0.03242164952428085,0.13343150963039518,0.14016774243709995,0.10200696719725866
laurent2003,2026-07-14,early,0.03952551640805463,0.07838403194996822,0.18808178938847156,0.1019971125821648
stevis5,2026-07-14,early,0.047404815107871076,0.07867902287263814,0.1798687850645851,0.1019842076816981
knighthunter2024,2026-07-14,early,0.08026370601451065,0.08234649184003721,0.14330823233680373,0.10197281006378385
Enrica007,2026-07-14,early,0.030826973067470446,0.12885723742947527,0.14622253414199643,0.10196891487964739
Maect19,2026-07-14,early,0.040162006334276266,0.08276600044614309,0.18297583475881107,0.10196794717974349
Petrovic_Aleksa,2026-07-14,early,0.04907706138725931,0.057641711324445385,0.19914349094093184,0.10195408788421217
Chaldon,2026-07-14,early,0.03316412006789285,0.12940812988937844,0.14325487208796364,0.10194237401507832
Alimpic,2026-07-14,early,0.04828262780904213,0.06728208243223932,0.1901619318695118,0.10190888070359776
alexgo05,2026-07-14,early,0.037092062865418496,0.1057951966446733,0.16283854281135152,0.10190860077381443
peonrojo150,2026-07-14,early,0.051013735362054106,0.0743772127638071,0.1802854289387533,0.10189212568820483
MunduYungi,2026-07-14,early,0.031150076955603304,0.14377415208181615,0.13067584143218894,0.10186669015653611
DrMamaliga,2026-07-14,early,0.05179594501382266,0.06752750713235849,0.18624990461918053,0.10185778558845389
Ali_rastbod,2026-07-14,early,0.05379481605033618,0.07318855770222897,0.178569396409445,0.10185092338733671
GGuseinov,2026-07-14,early,0.04083641598553993,0.08265423362092611,0.18202557677211284,0.10183874212619297
Saylormoon,2026-07-14,early,0.03826902509886836,0.08496580879491625,0.18226226908766943,0.10183236766048469
JUMPINGJAC2,2026-07-14,early,0.03486973952640383,0.10043935601661538,0.17009571092250572,0.10180160215517498
Yahisalem,2026-07-14,early,0.03792531074315592,0.08046720254550419,0.18697342970315955,0.10178864766393987
Kwisatz_HaderachSN,2026-07-14,early,0.03088368703645873,0.14265345889185704,0.13176018190733862,0.10176577594521813
Firegrizzly,2026-07-14,early,0.03228065114579788,0.13414416779144184,0.13880670483682855,0.10174384125802276
hayderserfa,2026-07-14,early,0.03053845056737123,0.1436295914382577,0.13099961233286292,0.10172255144616395
GMVignirVatnar,2026-07-14,early,0.03992430866460201,0.08605239256657964,0.17917012002010563,0.10171560708376243
PEACE_POWER,2026-07-14,early,0.047073506359546005,0.07816487064084053,0.1798308719986169,0.10168974966633448
VTDULMH,2026-07-14,early,0.02980788994464216,0.13910773162286103,0.13614004202145874,0.10168522119632063
cakeuvdort,2026-07-14,early,0.034942345125155476,0.11506484796817007,0.1550267415804238,0.10167797822458312
sar2007,2026-07-14,early,0.032786029182388,0.13351450102361637,0.1387092971313444,0.10166994244578292
chessydotcom,2026-07-14,early,0.04266828047623671,0.07794048878752123,0.18432129768439698,0.10164335564938498
ASKA538,2026-07-14,early,0.033435726836202405,0.13079002241963839,0.1406099862633433,0.10161191183972802
BenchGM,2026-07-14,early,0.04206073611511288,0.07692015542779765,0.18584794810408553,0.10160961321566535
AdrianaPalao,2026-07-14,early,0.03638849298863054,0.0970781680158995,0.1712211929490767,0.10156261798453559
Kev4444444444,2026-07-14,early,0.04240222604298448,0.07675198068131048,0.18545968915195146,0.10153796529208214
Silent_killer63,2026-07-14,early,0.02677683765260127,0.14879254491457472,0.1288146303545977,0.10146133764059123
GMMikhailKazakov,2026-07-14,early,0.04368227744968291,0.07961226480702258,0.18107297950019585,0.10145584058563378
JEIGOTH,2026-07-14,early,0.030062237682230524,0.1300023645459079,0.14430251073692268,0.10145570432168705
Sariedrez,2026-07-14,early,0.030893810221987845,0.1387076021192386,0.13466915517444045,0.1014235225052223
Redzishchess,2026-07-14,early,0.047547224913283316,0.06701579905742633,0.18970276910404846,0.10142193102491937
kaponerde,2026-07-14,early,0.03984266885144023,0.08860396227513934,0.17578229032905657,0.10140964048521205
lcmil,2026-07-14,early,0.03960599869662969,0.06845537040303397,0.19616630166099228,0.10140922358688531
kakarot_001,2026-07-14,early,0.042981192313248956,0.08582955178586418,0.17539264121762163,0.10140112843891158
Smile2005,2026-07-14,early,0.046924303634339526,0.07160202917005978,0.18564612174193343,0.10139081818211092
ValeriyGrinev,2026-07-14,early,0.049001061079383436,0.06056565273225503,0.19460198960275676,0.10138956780479841
Artur_Hoghmrtsyan,2026-07-14,early,0.035719148605267766,0.10708331703206161,0.1612142237098101,0.10133889644904648
binbin239,2026-07-14,early,0.04355878497228679,0.09406661722702324,0.16637664794361537,0.10133401671430846
Fdpo95,2026-07-14,early,0.039428578744291,0.08998220610367065,0.17454152740456005,0.10131743741750725
SiBearwood,2026-07-14,early,0.03054298172693757,0.14125275095632575,0.13207903742203322,0.10129159003509884
shoels,2026-07-14,early,0.03645782586524381,0.10063341627573147,0.16674054456516926,0.10127726223538151
HK1974,2026-07-14,early,0.031036199140630258,0.1408751723972309,0.13190991391299733,0.10127376181695284
Dragon-Sword,2026-07-14,early,0.038259279123473766,0.09058037682251631,0.17497252580782202,0.10127072725127069
goshachai2010,2026-07-14,early,0.032047673734857375,0.1152245145561842,0.1565089295032153,0.10126037259808562
MatiLandi84,2026-07-14,early,0.03706180995703941,0.10165922033771915,0.16503326641225502,0.1012514322356712
ajkom197,2026-07-14,early,0.042477592441211666,0.06783616736746582,0.19340812910671187,0.10124062963846313
KAIOVCFR,2026-07-14,early,0.03116345679608704,0.11916199556237567,0.15329940520213334,0.10120828585353202
ElCoachRene,2026-07-14,early,0.05085250177167461,0.06296739151161844,0.1897894246524936,0.10120310597859555
DoubleTactic,2026-07-14,early,0.031595723222116213,0.1268093000942091,0.145196850363531,0.1012006245599521
TV27,2026-07-14,early,0.038168784016288475,0.07844052115937541,0.18693443238677707,0.10118124585414699
Bullhouse14,2026-07-14,early,0.03969670688679739,0.08470546513609405,0.1790836294092772,0.10116193381072287
Tashik,2026-07-14,early,0.03732032413598077,0.07804980038564306,0.18808483126874223,0.10115165193012203
KbzasDavid16,2026-07-14,early,0.032948823015429736,0.1319919152120295,0.13849497651968234,0.1011452382490472
Treacherous_horse64,2026-07-14,early,0.05256987417884174,0.07265160564491571,0.17820468590243257,0.10114205524206334
Bugcrusher,2026-07-14,early,0.04677748528030397,0.06861245347053611,0.18803284324947328,0.10114092733343778
anon6121824,2026-07-14,early,0.05028006686813673,0.0626888566161282,0.19042070206276826,0.1011298751823444
Sargis_06,2026-07-14,early,0.04371745711367469,0.1045937134866641,0.15507711849796554,0.10112942969943478
hoshiboshi,2026-07-14,early,0.038214368236562345,0.08920621451722063,0.17593602456105084,0.10111886910494461
infinitegiantkiller,2026-07-14,early,0.0541522250838909,0.06390262744352612,0.1852272887490444,0.1010940470921538
senecacrane,2026-07-14,early,0.030762427640286936,0.1414889434113196,0.131029840314678,0.10109373712209484
pepechess12,2026-07-14,early,0.028110706077415542,0.1376390991028014,0.13728952174002348,0.10101310897341347
megachessplayer2,2026-07-14,early,0.030828951770224114,0.1410693775782327,0.1311343767851386,0.10101090204453182
SoLuckyThough,2026-07-14,early,0.03166845859626425,0.1292179773817672,0.14210677751205175,0.10099773783002775
Tander95,2026-07-14,early,0.03268014544854043,0.09242871458209184,0.17787781987959253,0.10099555997007492
cristiancamilosoto,2026-07-14,early,0.04342054784677738,0.07939922788395253,0.18013072681135472,0.10098350084736156
enriquetejedor,2026-07-14,early,0.03625088540966422,0.08426518451911692,0.18234259115592483,0.10095288702823531
tigurones,2026-07-14,early,0.034174007800303406,0.09935095736343867,0.16926676664007892,0.10093057726794034
WhoTellYouStop,2026-07-14,early,0.030546274837429305,0.12541625971252773,0.14656399304607234,0.10084217586534312
biesiadnik,2026-07-14,early,0.040101538007746095,0.0753449061761573,0.18695254140100892,0.10079966186163743
turayev_shahruh17,2026-07-14,early,0.045113344224014904,0.06752741563528913,0.18975356082200165,0.10079810689376856
Malev212,2026-07-14,early,0.05181876499031177,0.07811890988317474,0.17244120425077633,0.10079295970808762
Pikku_Myy73,2026-07-14,early,0.03148699408136442,0.1371520080108787,0.13372583950129466,0.10078828053117928
SchachmattTV_Tobi,2026-07-14,early,0.037632227976011075,0.09141239259018048,0.1732902100327352,0.10077827686630891
dharichess,2026-07-14,early,0.03233223138277884,0.12536179417015714,0.14462884635826334,0.10077429063706644
Lavalitahumana,2026-07-14,early,0.0318560857933888,0.13681974579806527,0.13362410911220912,0.10076664690122106
KosalaSandeepa2007,2026-07-14,early,0.03233042523557889,0.12292510174426452,0.14696326448448255,0.10073959715477532
Tocras,2026-07-14,early,0.03170337876973552,0.13590559391714055,0.13460092847812222,0.1007366337216661
cottage_cheese,2026-07-14,early,0.04026454634375992,0.08400666001560801,0.17789862710646848,0.10072327782194547
KhalilMousavi98,2026-07-14,early,0.03560507559973367,0.09307308042885748,0.17348051201522435,0.10071955601460518
Dahamdi_Sanudula,2026-07-14,early,0.03233223138277884,0.12536644307988073,0.14441000154027298,0.10070289200097753
JezozwierzeJedzaWieze,2026-07-14,early,0.040441186388033644,0.08896012186737748,0.1726636940107519,0.10068833408872102
MolecularChemist,2026-07-14,early,0.039267570785629646,0.08525501010785386,0.17754019621334255,0.10068759236894202
Maksimus1998,2026-07-14,early,0.04461132508110922,0.06168514629007492,0.19575157707854168,0.10068268281657528
Skat2704,2026-07-14,early,0.05374628223345485,0.0883369817174901,0.15992365930194632,0.10066897441763041
Azoulas1,2026-07-14,early,0.049316625646870706,0.06635805118720299,0.18630133061423573,0.10065866914943648
harkerchess,2026-07-14,early,0.03242164952428085,0.12880741938881946,0.14067270895367878,0.10063392595559302
konzip22,2026-07-14,early,0.04092726696272955,0.07724205443847854,0.183708880115892,0.1006260671723667
Senn71,2026-07-14,early,0.03306146466144824,0.13033721497345693,0.13844777937911434,0.1006154863380065
kubal123,2026-07-14,early,0.0424596038258034,0.08444958153045426,0.1749362133480512,0.1006151329014363
arna,2026-07-14,early,0.031105025491124826,0.14076081785372774,0.12996326853168258,0.10060970395884505
Sophist4Life,2026-07-14,early,0.03260388555284115,0.12517879529624748,0.14400301519705164,0.10059523201538008
Sardaukar-2,2026-07-14,early,0.03878537491798258,0.10421593371547835,0.15878268757543543,0.10059466540296547
Orassahh,2026-07-14,early,0.031036199140630258,0.13928318024287578,0.13144806272778048,0.10058914737042884
Neimar24,2026-07-14,early,0.031131286920170764,0.13999399332611215,0.1304989427083388,0.10054140765154057
oggy1984,2026-07-14,early,0.038786768280817,0.08520703496500302,0.17763037629804973,0.10054139318128992
cstevens1,2026-07-14,early,0.048412516770416296,0.08030304188178423,0.1727573865323749,0.10049098172819182
Gulbirra9,2026-07-14,early,0.036644644353074705,0.09038100579328412,0.17442090216465242,0.10048218410367042
sau6on,2026-07-14,early,0.04326110429904023,0.0688424960590458,0.1891947275542349,0.10043277597077364
stamatolog13,2026-07-14,early,0.03735204732659013,0.09293277134638847,0.1708829386290575,0.10038925243401203
JordanLoyd2020,2026-07-14,early,0.04927919360722728,0.0641074951795464,0.18776068720500763,0.1003824586639271
Hui_Li_Macau,2026-07-14,early,0.043097836171053026,0.0711116731903467,0.1869280420621218,0.1003791838078405
Chempiblinka,2026-07-14,early,0.049830085150375326,0.06297804459943718,0.18826835927461688,0.1003588296748098
EpicWarrior2015,2026-07-14,early,0.030703143318679446,0.13608837348162323,0.13422602619442286,0.10033918099824185
Piotrek1979,2026-07-14,early,0.045633182050066994,0.059586773981275765,0.19579476745718882,0.10033824116284386
SupremeShadowDragon,2026-07-14,early,0.03162700557125162,0.13536115882752295,0.13401999974682868,0.10033605471520109
tinnakrit,2026-07-14,early,0.0311905846555458,0.13915895093973887,0.13064540365793356,0.10033164641773941
deibittowers,2026-07-14,early,0.045184884817268414,0.07654246885826642,0.17926176817434697,0.10032970728329393
vidavi,2026-07-14,early,0.05383280418421179,0.0640454889146765,0.1830743291053613,0.10031754073474985
Francesco_Bernoulli,2026-07-14,early,0.04194534922219855,0.08621230182376535,0.1727910488311485,0.10031623329237081
MlYAGl,2026-07-14,early,0.04803269391721147,0.06950600400819669,0.183369734972042,0.10030281096581672
smotherhubbard,2026-07-14,early,0.03692044226994134,0.09099448643817332,0.17289513445637908,0.10027002105483125
kaisermafra,2026-07-14,early,0.039110564537911466,0.08908041513570271,0.1726068836975316,0.1002659544570486
simplerXiao,2026-07-14,early,0.04481557850196534,0.07879940768691723,0.17712062918742855,0.10024520512543704
DrRiebert,2026-07-14,early,0.03375478778143246,0.11297938448687729,0.15398116361652125,0.10023844529494368
georgpapi,2026-07-14,early,0.04135892871241661,0.08274929916474595,0.17646238368480163,0.10019020385398807
katchesskat,2026-07-14,early,0.03290890458374253,0.12361471432249273,0.14400301519705164,0.10017554470109563
HakanTooGood,2026-07-14,early,0.028193189882612046,0.13123883846340767,0.1410298105864614,0.10015394631082704
catzapto,2026-07-14,early,0.051506350795227626,0.07155883433686137,0.1773860230358104,0.10015040272263313
ricaurtelopezj1955,2026-07-14,early,0.04695959553845586,0.06328801533374069,0.19009156602336053,0.1001130589651857
esteban062000,2026-07-14,early,0.048370992387341064,0.061557453700768774,0.19039341031760554,0.1001072854685718
SameerMujumdar,2026-07-14,early,0.04926669049375741,0.0696397455925281,0.18129442242167176,0.10006695283598577
samolo,2026-07-14,early,0.035769547194946766,0.08448321178371379,0.1799389022966752,0.10006388709177859
binobike64,2026-07-14,early,0.03168642752022129,0.10716152484903878,0.16110285396532967,0.0999836021115299
Matviy2009,2026-07-14,early,0.02550409365333466,0.15927075881620403,0.11511109190151299,0.09996198145701723
tolimachess,2026-07-14,early,0.04456327974122612,0.06864067828183372,0.18666361938862278,0.09995585913722754
Papa12341234,2026-07-14,early,0.03275338721554783,0.12812315435453303,0.13895905325529218,0.09994519827512434
Titus369,2026-07-14,early,0.04130441869231763,0.07999628915159465,0.17847367416410279,0.0999247940026717
Elodosia,2026-07-14,early,0.03221636249204848,0.11231803668271727,0.15520282125266627,0.099912406809144
Szczor,2026-07-14,early,0.04089939997491797,0.08839836894752469,0.17041228134134356,0.09990335008792874
nurgyulsalimova,2026-07-14,early,0.04341679094568535,0.06870559890416315,0.1874633713735282,0.09986192040779224
chesspilot01,2026-07-14,early,0.039539433204157086,0.07901262571817708,0.18100584724082783,0.09985263538772067
VovenRogel,2026-07-14,early,0.036589035954112836,0.09170081548041577,0.17124549187086813,0.09984511443513223
ProphetReborn,2026-07-14,early,0.0429852848725501,0.0609276346257103,0.19559174161482656,0.09983488703769565
yesilikeorangejuice,2026-07-14,early,0.034829594033675776,0.09867703260916051,0.16595099828445614,0.09981920830909748
Frogo47,2026-07-14,early,0.033527765115685226,0.11744443236957983,0.1484511081817982,0.09980776855568775
Mexpaisano,2026-07-14,early,0.0310820338610874,0.13707172948022425,0.13122045104528637,0.09979140479553268
Caradhrast,2026-07-14,early,0.039014220474271104,0.08905807643269634,0.17128629788753583,0.09978619826483442
panter1307,2026-07-14,early,0.032887854658865956,0.0877627241393665,0.17868650406954634,0.09977902762259294
theblindman1980,2026-07-14,early,0.032643260409993144,0.12161548400345956,0.1449643103431461,0.09974101825219961
elmusmolamas,2026-07-14,early,0.03952725325674717,0.07899064299517548,0.1806519236013386,0.09972327328442043
NtcPou,2026-07-14,early,0.04142040411927609,0.06816604066011235,0.18955027004148492,0.09971223827362445
redchurch,2026-07-14,early,0.03126267551346233,0.13513513639942654,0.1327282012098107,0.09970867104089987
OYAcosta,2026-07-14,early,0.045620204374385624,0.0575795747752355,0.19591654045180104,0.09970543986714071
Ajedrecista3000,2026-07-14,early,0.044222044162911506,0.06540952056434098,0.18928203561409235,0.09963786678044828
TigranHH,2026-07-14,early,0.04078893637098204,0.08253989076456729,0.17555005877245486,0.09962629530266805
astaneeen,2026-07-14,early,0.031952096882499545,0.12378648063906406,0.14313885947203447,0.09962581233119937
Penafiel-Josselyne02,2026-07-14,early,0.0366979822884003,0.09219591530829094,0.16995487298141576,0.09961625685936899
Formidable_1207,2026-07-14,early,0.03097022131755322,0.13747156748432374,0.1301885562562915,0.09954344835272282
Magic-Nelwyn,2026-07-14,early,0.043456728612276604,0.06964180392904958,0.1854957879752149,0.09953144017218037
En-Quosantt,2026-07-14,early,0.03830392085945323,0.08480600967513875,0.1753283565812068,0.09947942903859959
AsterPhoenix,2026-07-14,early,0.0362918085133419,0.07835953205663722,0.18375601553502682,0.09946911870166864
EdgarAndreasyan2008,2026-07-14,early,0.04032689883828768,0.10301213606783372,0.1550516505328949,0.09946356181300543
Denmark2015,2026-07-14,early,0.03887925316214544,0.07467772058204919,0.1847939489325008,0.09945030755889848
muthaiahchess,2026-07-14,early,0.030258567160586832,0.13743068145086174,0.1306375763979457,0.09944227500313142
MadheshKumar,2026-07-14,early,0.030069099171734393,0.12438686667914108,0.14382808250648665,0.09942801611912071
SilverCat1992,2026-07-14,early,0.037374626178571096,0.08513429507323876,0.17565249453160142,0.09938713859447042
randy296,2026-07-14,early,0.04212681551601862,0.06469028914343132,0.19124204728606167,0.09935305064850386
lili_ani,2026-07-14,early,0.031150448344258334,0.13653499745397923,0.13035701217646584,0.0993474859915678
supreme-supplements,2026-07-14,early,0.028983513851831403,0.13673602029464826,0.13222199112321345,0.09931384175656437
Piccadilly123,2026-07-14,early,0.03274776376906663,0.11273083130483932,0.15240632152132433,0.0992949721984101
norwaytoadog,2026-07-14,early,0.04779352207120629,0.06302178516336815,0.18700626539998744,0.09927385754485396
SpeedofLight0,2026-07-14,early,0.05543651662654873,0.06401717285258818,0.1783024055648294,0.09925203168132209
Khnykin_Nikolay,2026-07-14,early,0.030851762154346145,0.13680429256591098,0.13008877026582327,0.09924827499536014
elvistecso,2026-07-14,early,0.0366784374589064,0.09697645846634884,0.16406996120933356,0.09924161904486294
x-5963514717,2026-07-14,early,0.05009871127872787,0.06030571528770995,0.18727530814149707,0.09922657823597829
ZOQTE,2026-07-14,early,0.03687554339493407,0.08870578315046783,0.17204223531361926,0.09920785395300706
KamlaPasand,2026-07-14,early,0.040566926224856116,0.06669711645106349,0.19031573802362278,0.0991932602331808
fen_fire,2026-07-14,early,0.043526723465890746,0.05952953962069944,0.19448409227250596,0.09918011845303205
elcandado,2026-07-14,early,0.03385279684376618,0.10591636557954258,0.15764068992670274,0.09913661745000384
transagenda,2026-07-14,early,0.031154695949212267,0.13571910657729286,0.13048882715172694,0.0991208765594107
allejam,2026-07-14,early,0.02986149404776695,0.1303177841177535,0.13714330559145485,0.09910752791899176
vesalhamedinia,2026-07-14,early,0.035708314351509035,0.08758150183454744,0.17397884294472019,0.09908955304359222
JD_chess_Academy,2026-07-14,early,0.03406833438494421,0.10991162502945545,0.15327014661156446,0.09908336867532137
jero888,2026-07-14,early,0.040513302452227735,0.07916807236192004,0.17747076613283405,0.09905071364899394
MdSharifHossain,2026-07-14,early,0.032858604392551054,0.12648066759749857,0.1377992874704966,0.09904618648684875
WZAWZDB-AFCA1900,2026-07-14,early,0.029703957130585816,0.1315262571789705,0.1356650443898,0.09896508623311878
UKR_Master,2026-07-14,early,0.050532917469370976,0.07088602841914887,0.1754651844879737,0.0989613767921645
nadiafawaz,2026-07-14,early,0.03200190663018866,0.1326933037598371,0.13214055667159177,0.09894525568720584
Ralfwin,2026-07-14,early,0.04350669842621006,0.06770373479041904,0.18562195753840505,0.09894413025167804
Ilia_Jude,2026-07-14,early,0.05290693132979384,0.08308807261924941,0.1608143117533543,0.09893643856746585
IranianCheetah,2026-07-14,early,0.03882227370864037,0.0812889227147297,0.1766541454734971,0.09892178063228906
Richy_94,2026-07-14,early,0.029879551046195385,0.10711529930446428,0.15976773688336648,0.09892086241134206
kiwibobo,2026-07-14,early,0.04205671562257441,0.08685189652721485,0.16784154600621393,0.0989167193853344
TartineDeNutella,2026-07-14,early,0.0321642034434162,0.12427020167996859,0.14030361868698327,0.09891267460345603
Hooded_Old_Man,2026-07-14,early,0.04529595080562314,0.06897852700845782,0.182463498231565,0.09891265868188198
XxPetroffsxX,2026-07-14,early,0.03181012166882481,0.11796408998298999,0.1468240019877384,0.0988660712131844
Lather42,2026-07-14,early,0.031297409972625326,0.13511250911658304,0.1300429295044201,0.09881761619787616
brunoo2003,2026-07-14,early,0.050204799762207236,0.05341041858617714,0.1928355793790352,0.09881693257580652
Timurist,2026-07-14,early,0.04433061249058702,0.07424491610046917,0.17787124500179655,0.09881559119761758
GamayevOleg,2026-07-14,early,0.03909442938305522,0.10064662970156125,0.15670522858375657,0.09881542922279102
AC_20,2026-07-14,early,0.035141219406125794,0.09093255312708014,0.17035771670374583,0.09881049641231725
samehsadek,2026-07-14,early,0.030959928961495863,0.13463377349798872,0.13081592900100403,0.09880321048682954
Rumpel-VK,2026-07-14,early,0.03795226465956947,0.0795176560164595,0.178885736938586,0.09878521920487165
Chessjester21,2026-07-14,early,0.028010809268271587,0.12685861593541833,0.14144660384103866,0.09877200968157619
cukus,2026-07-14,early,0.04621409762174433,0.06260816199331697,0.187492986632949,0.09877174874933677
KuybokarovTemur,2026-07-14,early,0.03235024888593446,0.11900838675350356,0.14491803152438013,0.09875888905460606
Chebupelka52,2026-07-14,early,0.03389222367476216,0.12135036017915493,0.14102175005000664,0.09875477796797456
azcryr,2026-07-14,early,0.030733898097946216,0.1350733470733643,0.13045201024361439,0.09875308513830831
Komal_Kishore_Pothuri,2026-07-14,early,0.036301598279021616,0.08869623937822055,0.17119022492588157,0.09872935419437458
malkalmardgh,2026-07-14,early,0.03609209204032438,0.08765095786336109,0.1724316919830842,0.09872491396225656
The_Straightforward_Rook,2026-07-14,early,0.04901083247561972,0.07542271242685082,0.17173425365506387,0.09872259951917813
EREBUNI91,2026-07-14,early,0.040140130831070694,0.07574845188989275,0.18027540368978925,0.09872132880358424
kaktus71,2026-07-14,early,0.03412911958865521,0.08279545305149627,0.1791733797669789,0.09869931746904347
BlackWidow515,2026-07-14,early,0.0318560857933888,0.13068525922666807,0.133499735554651,0.0986803601915693
Lalitsahu,2026-07-14,early,0.033459836973932074,0.11036358042278333,0.15218048914395385,0.09866796884688973
martinez_95,2026-07-14,early,0.04373639590308546,0.07371748619248557,0.17854789880251937,0.09866726029936346
ETTrainer,2026-07-14,early,0.04769799356434756,0.05680860311389843,0.19144563934855985,0.09865074534226863
FeketeBarika,2026-07-14,early,0.046121842121684964,0.06471335740552582,0.18508804464579012,0.09864108139100031
iJueles,2026-07-14,early,0.04097405217552283,0.07273862176077484,0.18215682407856398,0.09862316600495387
DelhiGM,2026-07-14,early,0.02986149404776695,0.12885813106328153,0.13714330559145485,0.09862097690083445
LaKeRrSs,2026-07-14,early,0.030959928961495863,0.13407590441888856,0.13081592900100403,0.09861725412712948
Petukhov_Dmitry,2026-07-14,early,0.04904075705212006,0.06079838070525899,0.18600793191901302,0.0986156898921307
GMharikrishna,2026-07-14,early,0.031515268084262596,0.09998171143923794,0.16434009187419238,0.09861235713256429
Sir_Killalot,2026-07-14,early,0.03837514999271307,0.09128412097830153,0.16605571702212277,0.09857166266437911
IMSlavin,2026-07-14,early,0.046124540763534984,0.056501723640872366,0.19308624249406844,0.09857083563282526
AlexOstrovskiy,2026-07-14,early,0.03909311705518378,0.08013452897386365,0.1764491926636586,0.098558946230902
Predo63,2026-07-14,early,0.03391792444300166,0.12028998463802651,0.14145636075889437,0.09855475661330752
XeresLt,2026-07-14,early,0.03888061739347757,0.0790187350466524,0.17774459554778752,0.09854798266263916
Nobodyjeroen,2026-07-14,early,0.03749378052102167,0.10780612628931238,0.1503298837821229,0.09854326353081899
IC3S2,2026-07-14,early,0.03758426051955871,0.08347663894126824,0.17450351958708768,0.09852147301597154
TimurGareyev,2026-07-14,early,0.04694891463164396,0.06240117690083328,0.1862036276315417,0.09851790638800632
superfast64,2026-07-14,early,0.03453743818058796,0.07760651748667208,0.18337868943296123,0.09850754836674043
Matsanovic,2026-07-14,early,0.031735008633246437,0.12956425265859403,0.13418851037054988,0.09849592388746346
Licancabur,2026-07-14,early,0.04169370031341612,0.06870113896202427,0.18505819938277596,0.09848434621940545
KennethAlex,2026-07-14,early,0.03187149941518738,0.10297944311158648,0.16053840520874094,0.09846311591183828
Bobbybunny,2026-07-14,early,0.042146984434822225,0.07925470753440161,0.17380338593690428,0.09840169263537606
IlyaGrigorjev,2026-07-14,early,0.039895697668017725,0.07573105482431557,0.17953763997516045,0.09838813082249791
geordie_derraugh,2026-07-14,early,0.0458350775208024,0.05996822917925584,0.1893408914964331,0.09838139939883045
komikaoxid,2026-07-14,early,0.03314486192026514,0.09840346854781074,0.16358914782699072,0.09837915943168886
mamey78,2026-07-14,early,0.036560538855042304,0.08585589546955733,0.17270293804998044,0.09837312412486003
workhard91,2026-07-14,early,0.03978491149213108,0.07793433597762785,0.1773549547558113,0.09835806740852342
johnathan113,2026-07-14,early,0.039239630412515464,0.07720068399307285,0.1786244966564441,0.09835493702067748
Ready4abattle,2026-07-14,early,0.045476100564463114,0.06485173332648035,0.1847288696198086,0.09835223450358403
VladimirBugayev,2026-07-14,early,0.040017659241315486,0.06819352584463952,0.18684318895477892,0.09835145801357797
DaRk_KiNg_30,2026-07-14,early,0.030998742658318618,0.1240174537229308,0.14002015975354978,0.09834545204493306
Zakaryan_David,2026-07-14,early,0.03782808308822497,0.07540337924461485,0.1817920973218784,0.09834118655157274
okriak,2026-07-14,early,0.03818675029462258,0.09128362112081814,0.16550537443500854,0.09832524861681642
SergeiAza,2026-07-14,early,0.049177341677595444,0.09398135001947147,0.15181448219669558,0.09832439129792082
avinashramesh4,2026-07-14,early,0.03847842164882216,0.10002241122695484,0.1564622715784457,0.09832103481807423
toog,2026-07-14,early,0.044717475502091174,0.06708976109860341,0.18311103382760574,0.09830609014276677
ReyGto,2026-07-14,early,0.031129080250652554,0.10779118351386915,0.15598502231118985,0.09830176202523717
jeloma,2026-07-14,early,0.04664893708368471,0.07990541561476187,0.16834269359422704,0.09829901543089122
MartinBezuch_YouTube,2026-07-14,early,0.028193189882612046,0.12539457739133997,0.14130401161302042,0.09829725962899082
Supe4Chess,2026-07-14,early,0.030998742658318618,0.12414548746899953,0.13974000334491363,0.09829474449074393
fm24601,2026-07-14,early,0.03277044630636349,0.09435976618841972,0.16770884050783214,0.09827968433420513
rational_believer,2026-07-14,early,0.03088419377563578,0.13433678543409006,0.12960639337019406,0.09827579085997329
SerGo055,2026-07-14,early,0.03780456631300234,0.08072878538425818,0.17623455643620484,0.09825596937782177
AIROPITO7,2026-07-14,early,0.04135202749466972,0.09624374942573913,0.15715896721022082,0.09825158137687656
Fawolizzo,2026-07-14,early,0.03050934737847572,0.11934208591605155,0.14488807045696775,0.09824650125049834
SirParistonHill,2026-07-14,early,0.055785125071985936,0.05686215378917375,0.18208844987394474,0.09824524291170149
cedchass2006,2026-07-14,early,0.038659349289397356,0.07853418897043515,0.17749934503392992,0.0982309610979208
chesspreceptor,2026-07-14,early,0.041250694277650164,0.07733848702276301,0.1760346209519619,0.09820793408412502
Lancelot120376,2026-07-14,early,0.03227920231675741,0.10207569995416059,0.16015134814753484,0.09816875013948428
Real_OceanStorm,2026-07-14,early,0.03751696576875743,0.0823733078053378,0.17452119955002565,0.09813715770804028
TedBelanoff,2026-07-14,early,0.039056133016914366,0.07874252253845244,0.17652526326290463,0.09810797293942382
Matrix3x3a,2026-07-14,early,0.03521782642937372,0.0881583179089345,0.17092813903190965,0.09810142779007262
Xeniya2005,2026-07-14,early,0.03391792444300166,0.11891461651864842,0.14137792982200478,0.09807015692788495
MrEscacs,2026-07-14,early,0.034665172216710845,0.08803948078147417,0.17143030452859712,0.09804498584226069
anderson2361,2026-07-14,early,0.03425362458858594,0.0865555669012762,0.17327276743090358,0.09802731964025524
igorknyazev,2026-07-14,early,0.039400442284181575,0.07372135035773089,0.18089351979949503,0.09800510414713583
jucAxx,2026-07-14,early,0.038780043611090394,0.09257588969432597,0.1626029392936168,0.0979862908663444
KejJaj,2026-07-14,early,0.04083946787087608,0.07473960556257549,0.17833067565191535,0.09796991636178898
elmuthalleth,2026-07-14,early,0.02916528519192209,0.13335965944559258,0.13137637424979315,0.09796710629576927
Radislav_Atanasov,2026-07-14,early,0.03687497314349725,0.08356795803900982,0.17344528937221448,0.09796274018490718
chessland2004,2026-07-14,early,0.0318560857933888,0.12860750243734484,0.13338590600424985,0.09794983141166118
AyMitecK,2026-07-14,early,0.0405061923357902,0.05745774119165085,0.19588090138050152,0.09794827830264752
PoAslan,2026-07-14,early,0.052383602011070785,0.06247991608591244,0.1789050826324767,0.09792286690981998
Roland_Garros_2024,2026-07-14,early,0.034496533665611534,0.08251980380772737,0.17675089255883614,0.097922410010725
SindarovI,2026-07-14,early,0.027493839229290606,0.13795420463782154,0.1282574761167793,0.09790183999463048
Goughfather,2026-07-14,early,0.038746552356317306,0.07989455023340082,0.17505275066547238,0.0978979510850635
Alexander_Zubov,2026-07-14,early,0.03207249906233805,0.12607638841390692,0.1354432876327375,0.09786405836966083
kimonji,2026-07-14,early,0.0259158795109545,0.1458705817173177,0.12168366684072059,0.09782337602299761
LostWanderer1,2026-07-14,early,0.03644010526166484,0.10486924495777261,0.15196188189064108,0.09775707737002619
Ol_Bilych,2026-07-14,early,0.04858456416446236,0.05883563171031792,0.18573882957562607,0.09771967515013545
Frolyanov_D,2026-07-14,early,0.037163334134648354,0.10398050902596034,0.15200312719531878,0.09771565678530915
evgenyermolaev,2026-07-14,early,0.03263449261827625,0.08866855607965117,0.17179094867275313,0.09769799912356018
Rud_2008,2026-07-14,early,0.0342624792729147,0.10074831303003012,0.1579844179777496,0.0976650700935648
nastypanda,2026-07-14,early,0.03239062209954357,0.11014784656710097,0.15045032166979966,0.09766293011214806
Svandik49,2026-07-14,early,0.030649457356227174,0.11608271468452036,0.14622454551680605,0.0976522391858512
VolodinAlexandr,2026-07-14,early,0.03440781773628036,0.10355752430759148,0.15491579698383245,0.0976270463425681
Demeter39,2026-07-14,early,0.03660199482864739,0.09423678970336805,0.16198467282042017,0.09760781911747855
amiralfio,2026-07-14,early,0.035179515335786685,0.09760503340390654,0.15999552918083973,0.09759335930684432
SilverCityIndigo,2026-07-14,early,0.04777005690623949,0.06183209961831744,0.18310035845639658,0.09756750499365117
MariaFominykh,2026-07-14,early,0.03359224257014093,0.10924686435014247,0.1498451275591936,0.097561411493159
1800_strength,2026-07-14,early,0.04458041227516506,0.07297019524788265,0.1749393023859759,0.09749663663634121
ibutterurbread,2026-07-14,early,0.035106508942401624,0.092198477024485,0.16516453720888222,0.0974898410585896
munozmiguelangel1982,2026-07-14,early,0.03807294842276563,0.08725296095046993,0.16704512217436115,0.09745701051586557
ravengelic,2026-07-14,early,0.03377463093241046,0.11819788422143955,0.14035585846082343,0.09744279120489115
bipe137,2026-07-14,early,0.05045099134675445,0.06544096803326195,0.17641312146506974,0.09743502694836204
danigol71,2026-07-14,early,0.03050738804814971,0.12869507091879698,0.13309264799147433,0.09743170231947366
R1CK-GR1MES,2026-07-14,early,0.029378603581344222,0.11174454738893475,0.15116692399777695,0.09743002498935198
Marianov_Podstavnikov,2026-07-14,early,0.03781633173827301,0.0697104565209678,0.18471014558209542,0.0974123112804454
weshaIlwin,2026-07-14,early,0.043552543085226526,0.09905824619209037,0.14961030938507222,0.09740703288746304
Isajevsky_Anton,2026-07-14,early,0.037782542054189856,0.08101759147122746,0.17336559693921644,0.0973885768215446
Bullet_Jachym08,2026-07-14,early,0.032886296085826126,0.12128131260234955,0.1379751601715987,0.09738092295325812
HusainNakara,2026-07-14,early,0.031427493826366275,0.09622624274493893,0.16448757713249948,0.09738043790126823
assezde36,2026-07-14,early,0.03910374684495495,0.09723006107759656,0.15571661415703558,0.0973501406931957
konstantin_yayloyan,2026-07-14,early,0.02871347673053301,0.12574977104141288,0.13752164650726534,0.09732829809307042
dcann0n88,2026-07-14,early,0.044316076000526464,0.06187974563611156,0.18578295353758012,0.09732625839140603
Hatsummei,2026-07-14,early,0.0335781258563128,0.11663408619933062,0.1417645642062638,0.0973255920873024
PatrykB8,2026-07-14,early,0.03424071582977839,0.08946543507918996,0.1682289887426469,0.0973117132172051
gafkens,2026-07-14,early,0.03391792444300166,0.11669074778335395,0.14131027859001585,0.09730631693879048
MerryRam,2026-07-14,early,0.03072929891686474,0.12254102065218284,0.13859616082427562,0.0972888267977744
aakankshachess,2026-07-14,early,0.04061507185232434,0.09177800856755289,0.15946367420443136,0.09728558487476953
Engima32,2026-07-14,early,0.0298797315568723,0.09845470839444367,0.16346195447618705,0.09726546480916769
ThunderChariot,2026-07-14,early,0.03085551582415538,0.1291316232562423,0.13178251900047905,0.09725655269362558
M_Bozorov,2026-07-14,early,0.04852493078510174,0.0844209919744624,0.15876476691114869,0.09723689655690426
brainbuzz08,2026-07-14,early,0.03200190663018866,0.1264893312752469,0.13321739538052862,0.09723621109532139
dawid498,2026-07-14,early,0.04452099795198354,0.06663154809478455,0.18055247872300306,0.09723500825659039
Tenamu,2026-07-14,early,0.05091521638799819,0.08357003897334507,0.15719234774877677,0.09722586770337334
Exploring_Chess,2026-07-14,early,0.03718925726657195,0.07519337751275254,0.1792183591713932,0.0972003313169059
Orishuas,2026-07-14,early,0.031036199140630258,0.1295195715653318,0.1310003659725984,0.09718537889285349
Merci_Anna,2026-07-14,early,0.03393207986196358,0.0951097959360664,0.16247499966831225,0.09717229182211407
Pearl1988,2026-07-14,early,0.03306146466144824,0.12028317781503939,0.1381698893897545,0.0971715106220807
ChessGiantYouTube,2026-07-14,early,0.039258744065888945,0.07711349633209327,0.1751066552977033,0.09715963189856185
david_gomez,2026-07-14,early,0.03181210359481842,0.11669024336660687,0.14295399924959115,0.09715211540367215
FMLarry,2026-07-14,early,0.026258226057652434,0.14384101725214585,0.12130224974906816,0.09713383101962214
sara_olendo,2026-07-14,early,0.032910979958797236,0.12015867132638652,0.1382933422852612,0.09712099785681498
Evandro_Barbosa,2026-07-14,early,0.04516531464736018,0.06278244811951449,0.18334492569782276,0.0970975628215658
qwertz618,2026-07-14,early,0.031154695949212267,0.12924636263363856,0.1308903299204901,0.09709712950111364
czasnaszachy,2026-07-14,early,0.046071888681568925,0.06857888001681284,0.1765988563148617,0.09708320833774782
Piluso1984,2026-07-14,early,0.03271528990727557,0.11415650270315207,0.14434358899672373,0.09707179386905046
Thjop,2026-07-14,early,0.05626808412432747,0.06187726013434927,0.17304768390171218,0.09706434272012965
OnurCinarEngin7,2026-07-14,early,0.03136047379983888,0.10828268264019643,0.151540470108264,0.0970612088494331
Fuzesabonyilaci,2026-07-14,early,0.03572588321239127,0.0992313555661237,0.15622014191199157,0.0970591268968355
Roland_inho,2026-07-14,early,0.0310820338610874,0.13031873631031146,0.12975224339455202,0.09705100452198363
Hugo_BD,2026-07-14,early,0.030419160209478966,0.10981453191548358,0.1508434009275465,0.09702569768416969
scrambleyourbrain,2026-07-14,early,0.04222347677245073,0.075697662780787,0.17314931764017616,0.09702348573113796
rrgchessmaster05,2026-07-14,early,0.042975912641609305,0.054122328504543064,0.19395422180524688,0.09701748765046642
MdImranCM,2026-07-14,early,0.0389403740794659,0.09508328979492561,0.15702287384519223,0.09701551257319459
Burgsvik,2026-07-14,early,0.03775350458289555,0.08967099203045652,0.16356942778432507,0.09699797479922571
xberli,2026-07-14,early,0.04087655463732074,0.06873512428145366,0.18137611585173016,0.09699593159016819
YatoroRen,2026-07-14,early,0.03110177943366198,0.12879984837578623,0.13077212585058523,0.09689125122001115
zivicd,2026-07-14,early,0.03871350794851909,0.06948721154825525,0.1824052300635856,0.09686864985345332
vanyakuba,2026-07-14,early,0.041775424522827585,0.06925343881275275,0.17949663438248478,0.09684183257268837
TheFutureStar2005,2026-07-14,early,0.0532183194966622,0.07897526798491705,0.15828371764043384,0.09682576837400436
BreatheChessAlways,2026-07-14,early,0.040940398897581796,0.062455629276150636,0.1870200231066451,0.0968053504267925
rostovmaxim,2026-07-14,early,0.0320004329953958,0.09967331990667468,0.1586825170154159,0.0967854233058288
RichardShtivelband,2026-07-14,early,0.047066118934489136,0.05839000032360091,0.18489641355139322,0.09678417760316109
Nanditha_Chess,2026-07-14,early,0.0314261217518713,0.1258671049154549,0.13304113633618503,0.0967781210011704
frozenschool,2026-07-14,early,0.031077425294796786,0.1298064372478275,0.1294151166840803,0.09676632640890152
TheBigBoss04,2026-07-14,early,0.04399685190758857,0.0631807078410466,0.18308671388437836,0.09675475787767118
Aariow,2026-07-14,early,0.03692326791558779,0.06418189713322743,0.18913549159757193,0.09674688554879572
Chaitanya1932,2026-07-14,early,0.0314261217518713,0.12552665919432188,0.1332706975771251,0.09674115950777278
Whiz_X47,2026-07-14,early,0.030412415546015346,0.13058047656705143,0.1292009531413729,0.0967312817514799
AEMEffi,2026-07-14,early,0.04505931673030987,0.06274841974093354,0.1823750080543385,0.0967275815085273
goodluck06,2026-07-14,early,0.038141226801199614,0.07111145647328716,0.18087792965624522,0.096710204310244
ELPRIMO0O0,2026-07-14,early,0.04257321640087854,0.06628193236098068,0.18115970373301363,0.09667161749829095
SimplyDevina,2026-07-14,early,0.03801512081445102,0.07738913768542935,0.17453328882418492,0.09664584910802176
Obito24,2026-07-14,early,0.045350756689504335,0.0663594739646846,0.17819316143886377,0.09663446403101757
RJRA94,2026-07-14,early,0.048207397217052875,0.05341992294390319,0.18827170652123468,0.09663300889406358
benny_aizenberg,2026-07-14,early,0.042731551752731294,0.06391256253887648,0.1832547925800354,0.0966329689572144
PoptonesPIL,2026-07-14,early,0.031154695949212267,0.12802644571170854,0.1307038106130598,0.0966283174246602
GMSAGOR,2026-07-14,early,0.03110177943366198,0.12796803401558618,0.13077212585058523,0.09661397976661112
kidzchessacademy,2026-07-14,early,0.03097022131755322,0.12878019561994175,0.1299695214842852,0.09657331280726006
Ritual2003,2026-07-14,early,0.03066761097571534,0.09824695774571945,0.16075402561159075,0.09655619811100852
dumbunnyfish,2026-07-14,early,0.030752463390211572,0.1295908337843393,0.1292974377847873,0.09654691165311273
MrChessSponge,2026-07-14,early,0.04656084355102714,0.06088288690112158,0.1821142173933897,0.09651931594851282
charlescandycampbell,2026-07-14,early,0.040416960761487083,0.07857850516921865,0.17047449182521873,0.09648998591864148
KonstantinB_1983,2026-07-14,early,0.050725495567330296,0.08676213792840287,0.15196794682250625,0.09648519343941314
univio,2026-07-14,early,0.030903593424110445,0.11642559673311992,0.14201868759771125,0.09644929258498054
kamikazeheinz,2026-07-14,early,0.05057188634692808,0.08341488456676868,0.15533520424194788,0.09644065838521487
IljaJoke,2026-07-14,early,0.053945996205946256,0.06738749642945147,0.16787545025212708,0.09640298096250827
thechesscorner64,2026-07-14,early,0.04240140673162061,0.06351885432878882,0.1832612690698893,0.09639384337676622
rezi_chkuaseli,2026-07-14,early,0.02822659534426387,0.13340456344411217,0.1275109443813151,0.09638070105656371
Orange_Ghost,2026-07-14,early,0.04543313350773404,0.060660116824528446,0.18294107355939596,0.09634477463055281
hsmile,2026-07-14,early,0.030702975696503067,0.12506939203796338,0.13324401131917926,0.09633879301788191
BulajaNS,2026-07-14,early,0.03689507794216736,0.08828244384721427,0.16372653841550378,0.09630135340162847
bocah_gila,2026-07-14,early,0.030541678845500516,0.12798439019076321,0.13031737464662307,0.09628114789429561
ApoIogiA,2026-07-14,early,0.039526854708432764,0.07764135589601492,0.17167416753196485,0.09628079271213752
Rafael_Ventura,2026-07-14,early,0.037695269108467815,0.07554268118086457,0.1755170362182607,0.09625166216919771
Tibmat,2026-07-14,early,0.034189538062440204,0.07916299875654552,0.17534937921006968,0.09623397200968513
Narek_Ghimoyan,2026-07-14,early,0.039535485158076845,0.07943368746567181,0.16963748928670241,0.096202220636817
Phuzer,2026-07-14,early,0.03344662504019967,0.11356830253574217,0.14143158812555226,0.0961488385671647
A_Morgunov,2026-07-14,early,0.029900327891494792,0.12646326827052107,0.132025236005631,0.09612961072254896
TengisChess,2026-07-14,early,0.050383376931972264,0.08161014720795576,0.15626641251529447,0.09608664555174083
Jesusesmifuerza,2026-07-14,early,0.040505983224133374,0.05526204551817673,0.19247992579662118,0.09608265151297708
Silvederione,2026-07-14,early,0.03404703713396576,0.11291274199665967,0.14126308144944785,0.09607428686002444
Blitzstream,2026-07-14,early,0.045495998984250934,0.06546480476452389,0.17715252363912623,0.09603777579596702
AktilekAskarovich,2026-07-14,early,0.042614579796557236,0.06258614411780654,0.18291254962930098,0.09603775784788826
TheCount,2026-07-14,early,0.03646796038921709,0.07713674723191688,0.17435612684011045,0.09598694482041481
northridgehawk,2026-07-14,early,0.038325120244398554,0.07572615534195916,0.17381896109138265,0.09595674555924678
drinbet,2026-07-14,early,0.04269738062653566,0.0728383064239151,0.17227757987640774,0.09593775564228617
quietsunset,2026-07-14,early,0.03657880781799122,0.07824513266103139,0.17298165651889075,0.09593519899930446
DanikPrazak,2026-07-14,early,0.03175797351735614,0.11312862375734477,0.14289663387976126,0.09592774371815405
bobo_panda,2026-07-14,early,0.03395867766263826,0.08851639683200746,0.1652973658282524,0.09592414677429939
elisak43,2026-07-14,early,0.035486982947242236,0.08157863623506434,0.17057166982063635,0.09587909633431431
pifion,2026-07-14,early,0.036054016857042,0.07969456192358598,0.1718320847974452,0.09586022119269105
IK_TARASOV,2026-07-14,early,0.026887515761422755,0.1331322721535442,0.12755743946206174,0.09585907579234292
PeterJackson04,2026-07-14,early,0.031352286154644735,0.08962426666895795,0.1665539037093282,0.09584348551097698
rfelgaer,2026-07-14,early,0.02895913413582668,0.12627827844897127,0.13228636074867292,0.09584125777782364
harshu27,2026-07-14,early,0.033404774281530845,0.08475547633224126,0.16934206115199285,0.09583410392192165
BatboldNyamsuren0919,2026-07-14,early,0.039100657734528796,0.09281403030319801,0.15553379390529015,0.09581616064767233
KashJinx,2026-07-14,early,0.03140943485897476,0.12163414952174649,0.13436702224976885,0.0958035355434967
StiffMaster1,2026-07-14,early,0.031879127605615905,0.09336277723824513,0.1621161795150262,0.09578602811962907
Rhys-Arnold,2026-07-14,early,0.031952096882499545,0.1136202454720451,0.14174255801970886,0.0957716334580845
josephtolima,2026-07-14,early,0.029697333175200416,0.11678569975820206,0.1407063809264595,0.09572980461995399
navnp04,2026-07-14,early,0.03978574803136443,0.07051921430380566,0.17686997878472366,0.09572498037329791
BegmuratovKh2010,2026-07-14,early,0.05039933155803751,0.0631565392494127,0.17350645067352832,0.09568744049365951
rose107,2026-07-14,early,0.03941126772917448,0.07049151387595497,0.17690587726453708,0.09560288628988885
DenishevM,2026-07-14,early,0.044994588512066704,0.0714741726049856,0.17033053332145884,0.09559976481283705
xhembulla,2026-07-14,early,0.036428147961791876,0.07715471831335789,0.1732024230106018,0.09559509642858384
svilson23,2026-07-14,early,0.04341623693292387,0.07635994937463203,0.16697475989535654,0.09558364873430414
Vlad_Lukiianchuk,2026-07-14,early,0.0339679719636328,0.08274197507164309,0.16998066262353823,0.09556353655293803
King_19772009,2026-07-14,early,0.029051649633545874,0.126255228146757,0.13129448282193507,0.09553378686741265
Kyrko_Gamba,2026-07-14,early,0.03250306402598419,0.113538076764648,0.14055122188989788,0.09553078756017669
LightningDragon8,2026-07-14,early,0.03242164952428085,0.11416283805273093,0.13988985244774008,0.09549144667491728
londonkid,2026-07-14,early,0.04284390007978932,0.06061147118113059,0.1830040339886008,0.09548646841650692
bilelou,2026-07-14,early,0.04082786198649366,0.0631136412491587,0.182490793792965,0.09547743234287247
ibove,2026-07-14,early,0.04574175135765421,0.06308394739261815,0.1775924447253117,0.09547271449186134
Kozlov_Roman,2026-07-14,early,0.03110177943366198,0.12446283389113308,0.13084938266138432,0.09547133199539314
Frankie_Badacsonyi,2026-07-14,early,0.04202252457706967,0.06560437589193303,0.17877825148965132,0.095468383986218
jayden960,2026-07-14,early,0.030959928961495863,0.12430586356060952,0.13109856369432582,0.09545478540547707
Ykow,2026-07-14,early,0.04807593220012149,0.05581341813893806,0.18246900254751852,0.09545278429552602
Thenightmare_2903,2026-07-14,early,0.07341795522594524,0.09164743806889512,0.1212735078856814,0.09544630039350727
nycjack1,2026-07-14,early,0.02913546803515301,0.12196327295618337,0.13521341757478159,0.095437386188706
TormiKull06,2026-07-14,early,0.030942438598197588,0.12643884626511812,0.12893025568511554,0.0954371801828104
bodhiknight,2026-07-14,early,0.03154926377835806,0.1061900925823406,0.14850407931426818,0.09541447855832229
hamzaNdar123,2026-07-14,early,0.030752463390211572,0.12631505530610135,0.1291408065750338,0.09540277509044891
lucabieging,2026-07-14,early,0.03172626535662043,0.10446141417852749,0.1499629231721716,0.09538353423577317
LukasLeBakken,2026-07-14,early,0.04196119826457025,0.09629026442180978,0.1478975670272796,0.09538300990455321
Ellaijio_B,2026-07-14,early,0.044111960072778324,0.05669107797224894,0.18520887056290974,0.09533730286931234
Campelov,2026-07-14,early,0.02990102951282217,0.10937761298909214,0.14672329023237216,0.09533397757809547
chakruchess,2026-07-14,early,0.041002212968694954,0.06740990040484052,0.17757124466612312,0.09532778601321952
RedWolf03,2026-07-14,early,0.031178387819844177,0.12340437895131919,0.1313379043556386,0.09530689037560065
salzikis,2026-07-14,early,0.0314261217518713,0.12207507662501813,0.1324088423295211,0.09530334690213683
Jonas_Hacker,2026-07-14,early,0.03063999319291022,0.12488317928484699,0.13035153405455596,0.09529156884410439
SharkBlueKing9879,2026-07-14,early,0.036712630220436804,0.07907314779616484,0.17006965151626377,0.09528514317762181
shav3184,2026-07-14,early,0.0389403740794659,0.09117148896609904,0.1557282103102236,0.09528002445192951
Refrigerator1955,2026-07-14,early,0.03185136623042598,0.12141321770461193,0.13252405075664586,0.09526287823056127
duongvuanh,2026-07-14,early,0.02986149404776695,0.11885040631660057,0.13691950008813905,0.09521046681750218
JoJoZP,2026-07-14,early,0.03540168244365846,0.08664306689718888,0.16357185605146193,0.09520553513076975
fm_magua,2026-07-14,early,0.03080193239597885,0.12369190434451492,0.131093939102905,0.09519592528113292
ErtenKerem,2026-07-14,early,0.03094216408963286,0.12025375768733242,0.13438130236559195,0.09519240804751909
muncettin,2026-07-14,early,0.027426292621837472,0.13006143783718835,0.1280861874824672,0.09519130598049767
gmpeter008,2026-07-14,early,0.04484153028775313,0.06935805693118348,0.1713706238068732,0.0951900703419366
Emily_Dawn,2026-07-14,early,0.039197215450239055,0.08675172180532209,0.15958088543047805,0.09517660756201307
Tactrics64,2026-07-14,early,0.031005243468551477,0.12252711636496545,0.13191883308693217,0.0951503976401497
sachiniranasinghe,2026-07-14,early,0.030824379534902503,0.12538219783758434,0.12918766475611287,0.09513141404286657
IM_Alex_Ivanov,2026-07-14,early,0.030533571818412396,0.10805199030493295,0.1467362526812129,0.09510727160151942
gammagramma,2026-07-14,early,0.030865951101656634,0.1231177061212703,0.13130186339333735,0.09509517353875478
ezkybel,2026-07-14,early,0.03570979903695101,0.0899521991487301,0.15961504941728566,0.09509234920098893
KnightSlasher2020,2026-07-14,early,0.03153834867905739,0.10191339384737481,0.15180162830195162,0.09508445694279462
BeReal24,2026-07-14,early,0.032270131133007286,0.10797850473202038,0.144936590831209,0.0950617422320789
CuteSheepCloud,2026-07-14,early,0.04318989626605224,0.06395369753960659,0.17802894099484085,0.09505751160016655
CoDobrego,2026-07-14,early,0.03043193230937035,0.1106311983211116,0.14409823555732598,0.09505378872926933
Babbelbox,2026-07-14,early,0.03905107893289616,0.0696419639444885,0.17628410981820802,0.09499238423186422
Agentxya,2026-07-14,early,0.029388876064644964,0.12413975403938961,0.13140100075822148,0.09497654362075202
CzechmVIII,2026-07-14,early,0.04568825229053939,0.06220389841716092,0.17702534977669163,0.09497250016146397
ChuckPhil,2026-07-14,early,0.04223825753772856,0.055125199179583584,0.18750300478847315,0.0949554871685951
MatthewChess268,2026-07-14,early,0.03572792758213427,0.08481271617357028,0.16431970106909424,0.09495344827493295
Hanging_pointer,2026-07-14,early,0.03392266071970567,0.11053694498618649,0.14035585846082343,0.09493848805557187
chess_dragons_IvanSt,2026-07-14,early,0.03945289490245069,0.06840326056512834,0.17691423369456158,0.09492346305404686
adricalderon8,2026-07-14,early,0.043720673495815335,0.06966136016446871,0.17134479260522426,0.09490894208850276
Hurricane_Morphy,2026-07-14,early,0.033226835596427265,0.10432228895009074,0.1471721301490698,0.09490708489852928
chipmunknau,2026-07-14,early,0.03811790912351162,0.06772031145110335,0.17882099985254196,0.09488640680905232
RobertDowneyJr0111,2026-07-14,early,0.03350953528257618,0.10997196633899245,0.14117171735114073,0.09488440632423645
Eeleyah,2026-07-14,early,0.04586954696205277,0.05824034858873631,0.18049490004220473,0.0948682651976646
catkeson,2026-07-14,early,0.031369674058027604,0.09315024885800663,0.1600768047587101,0.09486557589158144
SilentKnight1410,2026-07-14,early,0.028820325020889492,0.1192682939078161,0.13650508911022696,0.09486456934631086
Tacticus_Severus,2026-07-14,early,0.04208157508448621,0.06556632460426896,0.1769278742625272,0.09485859131709413
CM-JorgeTobar,2026-07-14,early,0.029526612398894297,0.11807683256501851,0.13693945708296829,0.09484763401562703
HiHaruka,2026-07-14,early,0.03260650551157809,0.11293692187940184,0.13888086764490407,0.09480809834529465
TonySoprano8,2026-07-14,early,0.030993132884585686,0.12410669947432265,0.12922111841649317,0.09477365025846718
Rhesh29,2026-07-14,early,0.03097022131755322,0.12307826124285234,0.13024690850787082,0.09476513035609213
miracmelihtopuz7,2026-07-14,early,0.03756334189686849,0.07372189724375233,0.17300983081432886,0.09476502331831656
dragos420,2026-07-14,early,0.04965587538567567,0.062854676395924,0.1717786887414792,0.09476308017435962
dark_chess_SMG,2026-07-14,early,0.03638033021351172,0.07063498711762274,0.17715852008490868,0.09472461247201437
CamiC96,2026-07-14,early,0.030824379534902503,0.1243142705427636,0.12902380812279898,0.09472081940015503
Pokemon0227,2026-07-14,early,0.03862692142845105,0.07376261543154453,0.1717378722688361,0.09470913637627722
chesszeror,2026-07-14,early,0.027261870127504712,0.12898005248259234,0.12785968429634761,0.09470053563548157
fugadelafuga,2026-07-14,early,0.04085514855768374,0.07374845766239148,0.16946688439088672,0.09469016353698732
JulbeNn,2026-07-14,early,0.03756258391295111,0.0686117515778009,0.177803816813269,0.09465938410134034
pavlitas17,2026-07-14,early,0.031297409972625326,0.12235940577935547,0.13025791296575295,0.09463824290591126
matenitian,2026-07-14,early,0.02795206114829019,0.11838431255971088,0.13745458499820454,0.09459698623540187
Knightmare1014,2026-07-14,early,0.03383834116606342,0.10907392819307742,0.14084415078177023,0.0945854733803037
Mary_Bru,2026-07-14,early,0.031154695949212267,0.12169706232218234,0.1308903299204901,0.09458069606396158
LH84,2026-07-14,early,0.028338244096361046,0.11939900970426823,0.13600430633613836,0.09458052004558921
Maikrosoft63,2026-07-14,early,0.0367263242561181,0.08187053076708217,0.16509633278648436,0.09456439593656156
DAVIDHDZSTS,2026-07-14,early,0.04465953070474093,0.05933750034923553,0.17965906421596778,0.09455203175664807
Tiqr777,2026-07-14,early,0.03656227388789247,0.0712345789367869,0.1756676653251653,0.0944881727166149
estelar25,2026-07-14,early,0.03075702529661702,0.12248055656705523,0.1301100571723998,0.09444921301202402
laysa_latifah,2026-07-14,early,0.030422359333417096,0.1227699990445514,0.1301100571723998,0.09443413851678943
nss13,2026-07-14,early,0.036964638271166285,0.09269116519541616,0.153591568999059,0.0944157908218805
Bodhanas,2026-07-14,early,0.03441941707416393,0.07532651546775741,0.17342566839760706,0.09439053364650947
Guzman70,2026-07-14,early,0.04744256363901476,0.046503595285765545,0.18920939814932303,0.09438518569136778
G10De_Arrascaeta,2026-07-14,early,0.03128281591896125,0.10718662846886398,0.14463702737450607,0.0943688239207771
Mindhunter08,2026-07-14,early,0.04287639140921868,0.06220436855796201,0.1780058867264133,0.09436221556453132
quizden37,2026-07-14,early,0.03210707264667439,0.10984132948050047,0.14104598350739667,0.09433146187819051
Radzio1987,2026-07-14,early,0.03294056583982759,0.11145551993303886,0.1385629292590818,0.09431967167731609
WFM_Sara_Adel,2026-07-14,early,0.037710370617203726,0.08959322920046846,0.1556521308947598,0.09431857690414398
Mugiwara2b,2026-07-14,early,0.03770555380583779,0.06494821380380804,0.18030006695694328,0.0943179448555297
NinoMaisuradze,2026-07-14,early,0.03183264799323806,0.10911096085477151,0.14199208116274564,0.09431189667025175
BakaPG,2026-07-14,early,0.0309700019297508,0.12046441611574288,0.13148078080077943,0.09430506628209105
playingWhileSick,2026-07-14,early,0.02976701713158996,0.11600477565499764,0.13711963030092564,0.09429714102917108
PaimpolExpress,2026-07-14,early,0.03810040576530519,0.07533266400977846,0.16943032094476254,0.09428779690661541
Mr_November18,2026-07-14,early,0.03922316984404761,0.06517755987174738,0.17845323817748746,0.09428465596442748
ngn_hklnh,2026-07-14,early,0.030916308068514333,0.09768944824937752,0.15419336916726095,0.0942663751617176
kingofchesss17,2026-07-14,early,0.029902744721230154,0.11629476729457386,0.13656800969783423,0.09425517390454607
Sbellinc,2026-07-14,early,0.030534055826002004,0.12332435129707352,0.12886928361968927,0.0942425635809216
Sergey_Kasparov,2026-07-14,early,0.03234596964572596,0.10541481141879251,0.14495878818220814,0.09423985641557553
grozdanovic_a,2026-07-14,early,0.03268760748012025,0.08643859174510546,0.1635433164488711,0.0942231718913656
RoseMoon90,2026-07-14,early,0.03088419377563578,0.12229723713092557,0.1294734689356596,0.09421829994740698
remi04,2026-07-14,early,0.043468000505176005,0.05674875483237029,0.18243595566369727,0.09421757033374785
dodorox,2026-07-14,early,0.04230364977014023,0.06858741729398368,0.1717568928069787,0.09421598662370086
FreeGirll,2026-07-14,early,0.030591661164074385,0.12335097918894512,0.12868911040173192,0.09421058358491714
petroniy_arbitr,2026-07-14,early,0.029877665249678526,0.11631162783254755,0.1364385874365185,0.09420929350624818
TOCANTINS_TO,2026-07-14,early,0.04064775660454019,0.0704843093691104,0.17146665148617354,0.09419957248660804
Cuajada_Zero,2026-07-14,early,0.03188029349122548,0.11697113118266957,0.13373941286815283,0.09419694584734929
Qnmeng,2026-07-14,early,0.03985581212921271,0.08204020862415477,0.16068285798475962,0.09419295957937569
JonasGallasch,2026-07-14,early,0.04122921136666846,0.07605298141673482,0.16509210694889556,0.09412476657743295
TheAlienParty,2026-07-14,early,0.040466820647233566,0.05750914397924141,0.1843384305391619,0.09410479838854563
Richard-Scheftlein,2026-07-14,early,0.030541678845500516,0.1211710475001793,0.1305323581079559,0.09408169481787858
DenizG123,2026-07-14,early,0.042813072416706115,0.06946032250729615,0.16993572450632585,0.09406970647677604
Soltan49,2026-07-14,early,0.03970496139000693,0.06392264075425144,0.17854477107219777,0.09405745773881873
ExceptionallyDubious,2026-07-14,early,0.028081061790334687,0.12408114330520847,0.130000648594849,0.09405428456346406
Omranalhosani21,2026-07-14,early,0.04006985157311509,0.0609098096420164,0.1811785704601499,0.09405274389176048
Vladislav_Voitovich,2026-07-14,early,0.028809379894696115,0.11192086789478731,0.1413859273760705,0.09403872505518464
yeahbuddy143,2026-07-14,early,0.027822731114290795,0.11551073359566288,0.13869536370495142,0.09400960947163502
rkracht,2026-07-14,early,0.040160484067985974,0.07500700438432067,0.16685839509768524,0.0940086278499973
Back1nBusiness,2026-07-14,early,0.03876773559233021,0.07801108576561484,0.1652354942918695,0.09400477188327151
sanyukina,2026-07-14,early,0.030071144193812255,0.12355630921348464,0.1283666713858679,0.09399804159772158
jecdii,2026-07-14,early,0.029761573342557406,0.1220897960440991,0.13012308311579643,0.0939914841674843
promising_talent,2026-07-14,early,0.0318560857933888,0.11758145537776664,0.13252405075664586,0.09398719730926709
iliachess2007,2026-07-14,early,0.028828439987194386,0.12633406805661118,0.12673283996132015,0.09396511600170858
Marcan2b,2026-07-14,early,0.03714498361245308,0.06548897475144938,0.17923609300056434,0.0939566837881556
LuckyTiger,2026-07-14,early,0.030602586220204297,0.11402967968029284,0.13723044320443578,0.09395423636831098
amanmuhammethommadov,2026-07-14,early,0.04559434940356665,0.06099582444088105,0.17524745293196284,0.09394587559213685
PeterJJackson,2026-07-14,early,0.035004096846981636,0.07772223511081593,0.16907486869850785,0.09393373355210181
TzoumpasAnastasis,2026-07-14,early,0.030824379534902503,0.12152810994635938,0.12942129704342048,0.09392459550822745
kharposh,2026-07-14,early,0.03785146199390176,0.07484603125706439,0.1690374465453898,0.09391164659878531
vangulio,2026-07-14,early,0.03433924950544108,0.08740117458442644,0.1599581107628795,0.09389951161758232
arturdailima,2026-07-14,early,0.0374802046633618,0.05705015642522088,0.18714749938042377,0.09389262015633548
ILvip11x02,2026-07-14,early,0.04098759004820508,0.08471812922427858,0.15596527373472344,0.09389033100240236
SobZahmati,2026-07-14,early,0.031178387819844177,0.11917431006543251,0.1312842472889288,0.09387898172473515
Qowcrazy,2026-07-14,early,0.031611147194006095,0.1177547272205565,0.13226078575826722,0.09387555339094326
leykunmesfin,2026-07-14,early,0.030537806693814014,0.12292261052322405,0.12814007146558612,0.09386682956087473
Beletko,2026-07-14,early,0.03614421877073064,0.07667080821661149,0.1687638439012828,0.09385962362954164
DamianSchualle,2026-07-14,early,0.02742361312015668,0.1245965551114459,0.12950229832657376,0.09384082218605878
AlphaZero-31,2026-07-14,early,0.02745187230240041,0.12078945048067516,0.13327999059697387,0.09384043779334982
4empechement,2026-07-14,early,0.049423859105858434,0.07497190916254451,0.1569790583405546,0.0937916088696525
emiliocordova,2026-07-14,early,0.03646243810291886,0.06627473119628023,0.1785835069573557,0.09377355875218492
Rogarcia1,2026-07-14,early,0.03208542553012421,0.10422265131084348,0.14500424206319792,0.09377077296805521
Tartody,2026-07-14,early,0.03753361580734842,0.062284062702090796,0.1814794742439499,0.09376571758446302
anon481216,2026-07-14,early,0.04422726066840755,0.07317774697765998,0.16383882814672757,0.09374794526426504
lavr92,2026-07-14,early,0.03787440628818992,0.07788546655674976,0.1654340526454151,0.09373130849678495
ericovski,2026-07-14,early,0.0363615501505947,0.07786668922380072,0.16690825896961647,0.09371216611467063
gm3t,2026-07-14,early,0.02916618278174148,0.11527159357047918,0.1366958166546287,0.0937111976689498
Fivetrick,2026-07-14,early,0.030710600137917234,0.11207496263264284,0.1383473214078252,0.0937109613927951
Blackmind96,2026-07-14,early,0.03838521052628067,0.08435863995954947,0.15833285207448744,0.09369223418677253
Austin_Chen,2026-07-14,early,0.02720693840282983,0.11447832824188826,0.1393128119789658,0.09366602620789462
Janosik,2026-07-14,early,0.03279995336654779,0.10951978105404875,0.1386007066000431,0.09364014700687988
atigerman,2026-07-14,early,0.04505289566731044,0.04945870124795543,0.18636651856041375,0.09362603849189322
ymoy,2026-07-14,early,0.048252781389012026,0.0704740273185116,0.16211560548593795,0.09361413806448719
garicradomir,2026-07-14,early,0.03996286504300868,0.06739373168370495,0.1734623066702629,0.09360630113232553
STT170116,2026-07-14,early,0.029966326334572527,0.10655773503808184,0.14426871923292764,0.09359759353519399
Armin_khajavii,2026-07-14,early,0.027140556314335398,0.13099566989972766,0.12263963417507366,0.09359195346304557
michaelq2d5,2026-07-14,early,0.030545750344477714,0.11229691406695338,0.1379284727548994,0.0935903790554435
Phelathegreat,2026-07-14,early,0.031297409972625326,0.11891437188293581,0.13053529998933855,0.09358236061496657
TheRealGmochey,2026-07-14,early,0.03543011604464023,0.07633867295119774,0.16897597364881176,0.09358158754821659
rookpower2004,2026-07-14,early,0.03193014049457523,0.11514021387763348,0.13366043676763384,0.09357693037994752
Boninknights,2026-07-14,early,0.038890090546660885,0.07130949318850192,0.17052194601865803,0.0935738432512736
SteP007,2026-07-14,early,0.03272212903929013,0.08619052148813382,0.1618049036299767,0.09357251805246687
GMMelik,2026-07-14,early,0.03202263276834838,0.10395558749792824,0.14469891740779658,0.09355904589135773
GMHess,2026-07-14,early,0.04506225105525925,0.06017211970056103,0.17536529166812811,0.0935332208079828
bere_acqua,2026-07-14,early,0.03188029349122548,0.11449431087348692,0.134216930104525,0.0935305114897458
AmanteDeMoi,2026-07-14,early,0.03557636243675659,0.06723656134669653,0.1777048571506002,0.09350592697801778
LastHeroJr,2026-07-14,early,0.04030965688844098,0.058188314221161636,0.18195256629505482,0.09348351246821913
Rybka1989,2026-07-14,early,0.03701201732386704,0.06914265938091357,0.1742857682323268,0.09348014831236913
aqibjbutt,2026-07-14,early,0.040758133426048546,0.05802703610268396,0.1816294012999432,0.09347152360955857
EliteChess0967,2026-07-14,early,0.04003762660004117,0.07284587616668664,0.16749893520582146,0.09346081265751642
ailime26,2026-07-14,early,0.03272595048562149,0.11016578548561955,0.13742294366411512,0.09343822654511873
Sevenstar82,2026-07-14,early,0.03066836896077361,0.11870123921347947,0.13091266153869982,0.09342742323765096
Devil_of_chess777,2026-07-14,early,0.02696177536039203,0.1188498762789585,0.1344169586212771,0.09340953675354254
viniciusrego,2026-07-14,early,0.03599082152831176,0.06096476434570697,0.18327016276552796,0.09340858287984889
Z_Chess6,2026-07-14,early,0.02976701713158996,0.11380540907248006,0.13663334716285072,0.09340192445564026
TosicSrecko,2026-07-14,early,0.03646306733112438,0.0886822787603918,0.1549487731057045,0.09336470639907357
JoeAssaad,2026-07-14,early,0.027399957039637896,0.11754997166714015,0.1351133542198162,0.09335442764219809
chessculator16,2026-07-14,early,0.032910979958797236,0.10870739369278852,0.13841758288592834,0.09334531884583804
Ankit_ChessNeurons,2026-07-14,early,0.029093509990336587,0.11421681252262188,0.1366958166546287,0.09333537972252907
Speed-O-Sonic,2026-07-14,early,0.044103257486384745,0.05226545163386293,0.18362950586489735,0.09333273832838167
Moncler08,2026-07-14,early,0.041535336444767375,0.07178887453617781,0.16654335476063992,0.09328918858052837
vraghav2010,2026-07-14,early,0.029379613856206827,0.12143670868954642,0.12903993822780527,0.09328542025785284
RBKaissa,2026-07-14,early,0.03539499579593048,0.06647201753317637,0.1779689068559172,0.09327864006167469
Grifo2003,2026-07-14,early,0.03049815216967938,0.10619029247748847,0.14312504548384217,0.09327116337700332
esskeettit,2026-07-14,early,0.040708781868035386,0.07127266618845973,0.1677917878905114,0.09325774531566884
selvas123,2026-07-14,early,0.030893810221987845,0.11398701744519388,0.1348841386357733,0.09325498876765166
nau64,2026-07-14,early,0.03879260766637405,0.06349472488301433,0.1773830822026272,0.0932234715840052
Anjum004,2026-07-14,early,0.03091497806572116,0.11960182811794666,0.12914523914644838,0.0932206817767054
Xrtvilak,2026-07-14,early,0.030446826731004486,0.11806285253768081,0.13112169017538,0.0932104564813551
Sid_98,2026-07-14,early,0.02901344232027008,0.10796345198302094,0.14258371805642084,0.09318687078657062
AungTZ,2026-07-14,early,0.04515601728114566,0.07044539433488514,0.16394852472873292,0.09318331211492124
ivanooob,2026-07-14,early,0.03079008600556455,0.11802694389149124,0.13071253132591323,0.09317652040765634
MarcelWildi,2026-07-14,early,0.07672201808247528,0.08370069041237983,0.11910222184844173,0.09317497678109894
fks_stal_mielec,2026-07-14,early,0.03907255474095919,0.06563061079294397,0.17480011502750878,0.09316776018713731
Divljasvinja14,2026-07-14,early,0.03568720847595311,0.08536274696762806,0.1583658313533692,0.09313859559898346
TrenerChos,2026-07-14,early,0.03741754708891767,0.05899488465012124,0.18299121114372102,0.09313454762758665
olawsson,2026-07-14,early,0.04055504477408571,0.059366577588144676,0.17947160799208878,0.09313107678477306
mataMNsMS,2026-07-14,early,0.027318435678362604,0.11749148133566366,0.13456017358866926,0.09312336353423184
RIPOL,2026-07-14,early,0.035996835599833105,0.06404235129477996,0.17928543910713948,0.09310820866725085
Sebastian_Almagro,2026-07-14,early,0.032998148628606234,0.0859597487340384,0.16027276405037366,0.09307688713767277
dmosesov,2026-07-14,early,0.031971965001528393,0.11358038763205457,0.13359295191855805,0.09304843485071368
andeev,2026-07-14,early,0.04793933038498797,0.08254808638878489,0.14853327088412643,0.09300689588596643
KrolPawelTV,2026-07-14,early,0.030789404240902186,0.11646539213983331,0.13169293428679016,0.09298257688917522
GolDeNeymar,2026-07-14,early,0.02980788994464216,0.11274150170739175,0.1363417021725266,0.09296369794152017
Europe03,2026-07-14,early,0.030486623375837827,0.10461304970452923,0.14373020949088525,0.09294329419041743
L4ncer,2026-07-14,early,0.03230335845289958,0.10747613813149288,0.13897392217822105,0.0929178062542045
ErenEYM11,2026-07-14,early,0.031568559273875495,0.08744884297286523,0.15963415572323253,0.09288385265665776
GilbertElroy,2026-07-14,early,0.030333781252052848,0.11776240781979484,0.1304250824329175,0.09284042383492173
DrKerfuffle,2026-07-14,early,0.03815613675507848,0.06397181671580646,0.17629828286475133,0.09280874544521207
vesgath,2026-07-14,early,0.030525903738896902,0.10261942692421756,0.1452607070524136,0.09280201257184269
totoro9,2026-07-14,early,0.029647486333437802,0.10643519267219606,0.1422813558343959,0.09278801161334327
a_off,2026-07-14,early,0.03097022131755322,0.1171356428497141,0.13024690850787082,0.09278425755837938
Blitz_Monster2910,2026-07-14,early,0.027205559748241483,0.12316843549686261,0.1279006522572148,0.0927582158341063
ARMQUEEN,2026-07-14,early,0.032730795258575224,0.10723572145869766,0.13821074225940166,0.09272575299222485
Crasmus,2026-07-14,early,0.0318560857933888,0.11255467390553747,0.13371531473832204,0.09270869147908278
ShMat92,2026-07-14,early,0.03064205519445188,0.11645924625067261,0.13091266153869982,0.0926713209946081
aguss_ok5,2026-07-14,early,0.03029222317751831,0.1042018294323507,0.1434866192580687,0.09266022395597924
scabies1,2026-07-14,early,0.036379558070021405,0.06779480139051072,0.17376257980326,0.09264564642126405
Chessgod9oninsta,2026-07-14,early,0.034263462760844285,0.06653864703660142,0.17712988082438041,0.09264399687394204
elextranjero00,2026-07-14,early,0.031191284457960818,0.11607574201703794,0.13062246504590022,0.09262983050696633
19912131712118,2026-07-14,early,0.03600787331289632,0.05829202370804946,0.1835578769036857,0.09261925797487715
VSanduleac,2026-07-14,early,0.03080193239597885,0.11612963959783582,0.13092155996259341,0.09261771065213603
boo786,2026-07-14,early,0.030679801040494146,0.10956586621304441,0.13754234438755122,0.09259600388036326
SacSacMate,2026-07-14,early,0.03568572511855409,0.08409309441432002,0.1580055326012696,0.09259478404471456
ModernRambo1,2026-07-14,early,0.03126691692878217,0.10084061146208378,0.14567496930606946,0.09259416589897847
zeitnotakrobat,2026-07-14,early,0.03391722125864639,0.1034688428495166,0.14036388769381794,0.09258331726732698
gau_npukyputb,2026-07-14,early,0.03357667376092642,0.1031295629559977,0.1408858587123319,0.09253069847641866
polpeboss,2026-07-14,early,0.031047620099770367,0.0944113840765328,0.15208538173800665,0.09251479530476993
HLuis7,2026-07-14,early,0.029526612398894297,0.11154360645674877,0.13644768187985765,0.09250596691183356
alfredoaguilera3000,2026-07-14,early,0.027293156259459665,0.11580311252962845,0.13430790064381706,0.09246805647763506
Bkmzzzzz,2026-07-14,early,0.03637904969424206,0.06634348232562567,0.17465829530466542,0.09246027577484439
WynnZawHtun82,2026-07-14,early,0.03272152004103193,0.10164816982290693,0.1430111314561557,0.09246027377336485
Lovinski,2026-07-14,early,0.04157646778690388,0.054448789914122935,0.18134909362883417,0.09245811710995366
Koutsin,2026-07-14,early,0.03539281937667905,0.08672112981887929,0.15523041563476186,0.09244812161010674
Tactrics,2026-07-14,early,0.04731199406294144,0.05759373826500276,0.1723054943272066,0.0924037422183836
Sawatdeekhrap,2026-07-14,early,0.02796848715119591,0.11360490885865604,0.1354916147188085,0.09235500357622013
omeganebulapegasus,2026-07-14,early,0.032241830681415,0.10400841343020435,0.14077843903403947,0.09234289438188627
mouseroom44,2026-07-14,early,0.0359889795893242,0.08057883247146866,0.1603874612245272,0.09231842442844003
Pomberito2,2026-07-14,early,0.04179671912675993,0.05445236821537808,0.1805777542630996,0.09227561386841254
dancesar,2026-07-14,early,0.03340553616375855,0.08959324220772077,0.15366418417696923,0.09222098751614953
FernandoArauzAlonso,2026-07-14,early,0.0900869401509757,0.05383420511951762,0.13268798404923607,0.09220304310657645
VitaliyChayka,2026-07-14,early,0.04071065328777956,0.05744262813427202,0.1784501292665094,0.09220113689618699
GMZaven,2026-07-14,early,0.030638560295792722,0.10823778203986797,0.1373695694586339,0.0920819705980982
skilledassassin4,2026-07-14,early,0.028545788006626136,0.09979111137275301,0.14789081253917352,0.09207590397285088
ninjatrick,2026-07-14,early,0.03475689962729757,0.09633669585359779,0.14498920013935873,0.09202759854008469
DNextEpisode,2026-07-14,early,0.03766734478508161,0.0645750575264723,0.17383157198365906,0.09202465809840432
alfianasybullina,2026-07-14,early,0.03843885655861467,0.06291584185178294,0.17467710408113438,0.09201060083051066
Tekushka,2026-07-14,early,0.04679892996993674,0.08533919946784688,0.14387246203395682,0.09200353049058015
NeathanP,2026-07-14,early,0.026682886151690996,0.11255758973430473,0.1367225836588648,0.09198768651495352
nemanjavukcevic,2026-07-14,early,0.027141850198548156,0.121650487210078,0.12710620861971125,0.0919661820094458
IMDT02,2026-07-14,early,0.038419209875288816,0.0518366077839908,0.18564117788433168,0.09196566518120376
Air-Conditioner07,2026-07-14,early,0.036142228975774404,0.08765077628542711,0.1519782799653183,0.09192376174217327
ClauSanLuis,2026-07-14,early,0.03227966756263853,0.103265744120402,0.14019848637904603,0.09191463268736218
mc4chess,2026-07-14,early,0.03442340848089446,0.09091360631807036,0.1503698441141988,0.09190228630438786
rumo_a_3200,2026-07-14,early,0.03492678421382729,0.08663515317593279,0.1541397221281268,0.09190055317262896
Yolosz,2026-07-14,early,0.0342534355055575,0.07043040345766331,0.17093749615771306,0.09187377837364463
Allrounder2007,2026-07-14,early,0.03110177943366198,0.11362853783756842,0.13084938266138432,0.09185989997753824
maestroza,2026-07-14,early,0.03321705039322929,0.09068488924816162,0.15148558677160084,0.09179584213766391
Felixto2010,2026-07-14,early,0.046605852263981964,0.08570758153830997,0.14299719156088309,0.09177020845439167
goldihouse,2026-07-14,early,0.03627182796142326,0.06635837897928765,0.17267995856856122,0.09177005516975738
HrairSimonian,2026-07-14,early,0.027555042901488566,0.1110016427895771,0.1367255281452408,0.09176073794543549
ilimchess2,2026-07-14,early,0.0318560857933888,0.10979231176970938,0.13353979442843644,0.09172939733051155
loverischess,2026-07-14,early,0.03141606649298692,0.10437733504302033,0.13938791619320007,0.09172710590973576
I-Mesquita,2026-07-14,early,0.037285416528559094,0.07479032208868788,0.16306439422592117,0.0917133776143894
Bond_7_7_7,2026-07-14,early,0.03054233776085502,0.11490414364717787,0.12959831647202283,0.09168159929335191
stefan_95,2026-07-14,early,0.033767039601676485,0.0709223696164065,0.17031406408845443,0.09166782443551247
allvim,2026-07-14,early,0.04642758960567829,0.04969150403873826,0.17882647492356132,0.09164852285599262
Bogdan_Bodnar,2026-07-14,early,0.03144935964506803,0.11103597796467074,0.1324088423295211,0.09163139331308663
MaryanKyrychenko,2026-07-14,early,0.03415255997972843,0.06553056327348714,0.1751610000818715,0.09161470777836235
JeRoma71,2026-07-14,early,0.03275338721554783,0.10295719433734833,0.13912604038153265,0.09161220731147628
akirafm,2026-07-14,early,0.03548417994744798,0.07756916402386177,0.16177992796622767,0.09161109064584581
Xtrmntr78,2026-07-14,early,0.029583613130028576,0.10952697364404394,0.13570343803167814,0.09160467493525022
Babas,2026-07-14,early,0.03110177943366198,0.11263132348669178,0.13104631301908065,0.09159313864647815
chess_cryptoworld,2026-07-14,early,0.04098179069736427,0.06381958635263935,0.16995880021530496,0.09158672575510285
YoungMarcus03,2026-07-14,early,0.038135123031162,0.08654636286894159,0.15007244713170034,0.09158464434393465
Oxygen64,2026-07-14,early,0.029453287638196206,0.11313344299089163,0.13212272308184006,0.09156981790364264
TheSlowhandSpecial,2026-07-14,early,0.034285448794689956,0.08593247537247876,0.1544630520260491,0.09156032539773928
Nimrod_Veinberg,2026-07-14,early,0.0277126421394466,0.11237923093066636,0.13456471711377738,0.09155219672796344
SoCalJuniorChess,2026-07-14,early,0.03917644066587256,0.05261165737362454,0.18284275130228864,0.0915436164472619
VB84,2026-07-14,early,0.046411531028396465,0.08615425035161235,0.14204316240888898,0.09153631459629925
MoreChessJulia,2026-07-14,early,0.03599211022272666,0.06932498890698992,0.1692584449300722,0.09152518135326293
vankyo02,2026-07-14,early,0.026948372665978854,0.1204659698539851,0.12710620861971125,0.09150685037989174
Hurghada,2026-07-14,early,0.03306146466144824,0.10281326759184461,0.1386447097368107,0.09150648066336786
rinky12,2026-07-14,early,0.035923834793884536,0.07635299917637815,0.16220040986324913,0.0914924146111706
hristos03,2026-07-14,early,0.03726069925714193,0.05927322352030838,0.1778662100657695,0.09146671094773993
Darko-Dimitrijevic,2026-07-14,early,0.03671338450599215,0.0750772734863154,0.16260012392183187,0.09146359397137982
Lukas2010,2026-07-14,early,0.02841798712083839,0.1102359834098448,0.13563913685085663,0.09143103579384661
schachlana,2026-07-14,early,0.03960601071611854,0.058061452986057964,0.1766217186957585,0.09142972746597833
DopplerCharlotteDeWitte,2026-07-14,early,0.03438628805948894,0.06862423388787536,0.17119629143040171,0.09140227112592202
GlennTipton,2026-07-14,early,0.031971965001528393,0.10919806649581924,0.1329768966473596,0.09138230938156906
lildoggo2007,2026-07-14,early,0.031297409972625326,0.1120734348611492,0.1307322303470349,0.09136769172693648
waspofborneo,2026-07-14,early,0.03383834116606342,0.09931407787224329,0.14084415078177023,0.09133218994002563
AsortaFairytale,2026-07-14,early,0.04350158054732587,0.08072781405138406,0.1497609149548988,0.09133010318453623
Arnaldofdelavaramulet,2026-07-14,early,0.046937658316973316,0.05592837814150003,0.17110406926359026,0.0913233685740212
StelaSfw,2026-07-14,early,0.03290000270272322,0.09884851585304857,0.14221938410596105,0.09132263422057763
josemoramoron,2026-07-14,early,0.04034248422720162,0.0762886335054313,0.15727242554102386,0.09130118109121893
Ket_Cha,2026-07-14,early,0.03797455455956423,0.0988915041289192,0.13694116861093925,0.09126907576647421
OdaSkramstad,2026-07-14,early,0.035796278997443205,0.07057175780072994,0.16742464556430414,0.09126422745415909
Maestro1986,2026-07-14,early,0.03678977289045196,0.06752826781012114,0.16931543757191123,0.09121115942416143
PrianshDas000,2026-07-14,early,0.02858619340491136,0.10934726792893658,0.1356789916921319,0.09120415100865993
Sandstad,2026-07-14,early,0.03754692018746725,0.06168503053520994,0.17437026723892265,0.09120073932053328
LosXodos,2026-07-14,early,0.039316791578844684,0.06121320933865956,0.1730498783660106,0.09119329309450495
IMJonathanCarlstedt,2026-07-14,early,0.02870556605392906,0.10025398199077692,0.1446199197092029,0.09119315591796963
saparyag,2026-07-14,early,0.03097022131755322,0.11233345377728496,0.13024690850787082,0.09118352786756967
Alopekos,2026-07-14,early,0.04360196991432759,0.07994532960978364,0.14996775558142553,0.09117168503517892
fviana,2026-07-14,early,0.0447474732560524,0.05507750994550766,0.17357733440350592,0.09113410586835531
Dont_be_a_C0unt,2026-07-14,early,0.03831155829286834,0.0725821248659671,0.16246683161953232,0.09112017159278925
Tugrik1969,2026-07-14,early,0.036278272036512425,0.06338536675551555,0.17369198195009983,0.09111854024737594
IvanSoriano1,2026-07-14,early,0.030135832663545165,0.09980127663976468,0.1433923385770086,0.09110981596010614
1npac3,2026-07-14,early,0.027321797315586514,0.11616953936716876,0.1298362384692556,0.09110919171733696
coalescenet,2026-07-14,early,0.03368556809744617,0.08401694716062472,0.15561272873627968,0.09110508133145019
NicolleM13,2026-07-14,early,0.03046996084211827,0.1064813645623396,0.13635440756877507,0.09110191099107763
JSMastropiero,2026-07-14,early,0.029428519811591117,0.11574355388986879,0.1280259647047864,0.0910660128020821
iAspet,2026-07-14,early,0.029312421893757986,0.11193457920270886,0.13192545282208218,0.09105748463951635
zacachess,2026-07-14,early,0.03450233831657324,0.06621368650411863,0.17243065825979073,0.09104889436016088
tolia123,2026-07-14,early,0.03200805196099786,0.09931457502400617,0.14177076762417434,0.09103113153639279
Matic_Nareks,2026-07-14,early,0.031297409972625326,0.1110149251042091,0.1307322303470349,0.09101485514128978
TGRoyalChess,2026-07-14,early,0.029416371340419457,0.10822825377067394,0.1353969202138396,0.09101384844164433
Liljon_chess,2026-07-14,early,0.04770683132043813,0.06873911775946707,0.15649158968030275,0.090979179586736
julsz08,2026-07-14,early,0.032511702864838427,0.08566744793076014,0.15474313635371828,0.09097409571643895
dasatcu90,2026-07-14,early,0.035270632134562135,0.07485672228484068,0.16275184838889384,0.09095973426943221
Ridethesky89,2026-07-14,early,0.02963784805362064,0.08895563282666567,0.15424643845786662,0.09094663977938432
pavelmartynov,2026-07-14,early,0.03454263409775695,0.06874088371324896,0.16955240883813866,0.09094530888304819
Chaos_Magic,2026-07-14,early,0.038238443567119536,0.060344915014098305,0.17425050496194694,0.09094462118105491
JetLeoChess,2026-07-14,early,0.03057221258726471,0.08072181645410512,0.16151340948039206,0.09093581284058729
dawtonlms,2026-07-14,early,0.03656750686048671,0.07193677140388584,0.16422347826245,0.09090925217560752
JM2005GM,2026-07-14,early,0.04303148520556032,0.04418716831344105,0.1855055475392976,0.09090806701943299
Tormoz,2026-07-14,early,0.03518249902723717,0.09284366051396918,0.14469404380994455,0.09090673445038362
Mykola-Bortnyk,2026-07-14,early,0.04595937106536217,0.04704673732213887,0.17970924905565508,0.0909051191477187
Iustin106,2026-07-14,early,0.03658004855552707,0.08864396902367323,0.14746893424896135,0.09089765060938722
Guriempire,2026-07-14,early,0.0359162943886193,0.07310152541794776,0.16352733604734898,0.09084838528463868
MojarritaDinamita,2026-07-14,early,0.02745112942292064,0.1141930001489983,0.1308970112713669,0.09084704694776195
CyrilFelrodTelesforo,2026-07-14,early,0.03075702529661702,0.11165834196353146,0.1301100571723998,0.09084180814418275
random_mango,2026-07-14,early,0.03071777962284785,0.11095276736365102,0.13078018255790216,0.09081690984813368
tuka9292,2026-07-14,early,0.031191284457960818,0.11081124966156994,0.1304223348331137,0.09080828965088149
VMikhalevski,2026-07-14,early,0.03196197960662732,0.08740575961280725,0.15303573194297637,0.09080115705413698
mertcan-sevig,2026-07-14,early,0.02861495279880459,0.10809538717778262,0.1356789916921319,0.09079644388957304
SacrificeSavant07,2026-07-14,early,0.03565021805436301,0.10556242597870497,0.13111094719856026,0.09077453041054274
EloquentEnigma,2026-07-14,early,0.03097022131755322,0.1113968181336572,0.1299368906010415,0.09076797668408398
skinerd6,2026-07-14,early,0.031154695949212267,0.11028807581736022,0.1308507138878434,0.09076449521813863
vmulay,2026-07-14,early,0.03126691692878217,0.09396469386054057,0.14705990337854588,0.09076383805595621
djogrodek1,2026-07-14,early,0.03580149480222633,0.07434648055005633,0.1620702418289194,0.09073940572706736
Infernal_XaM,2026-07-14,early,0.04413416183713496,0.06929996610547531,0.15877215585570312,0.09073542793277112
Nyameba,2026-07-14,early,0.03324777203575912,0.07697054493661158,0.16195452671571808,0.09072428122936294
slimshady,2026-07-14,early,0.035633896984388874,0.0633574695077637,0.17312913004540845,0.09070683217918701
FelixBlohberger,2026-07-14,early,0.03997095278441768,0.06356416997743919,0.16856983739491363,0.09070165338559016
Bekkedahl,2026-07-14,early,0.030469227504402722,0.0928898845673196,0.14859177643621874,0.09065029616931368
goldenspine,2026-07-14,early,0.03941403423130176,0.06637077564826344,0.16615437573690386,0.09064639520548969
MrBad74,2026-07-14,early,0.031297409972625326,0.10988760597750187,0.1307322303470349,0.09063908209905402
Goran_Vajic,2026-07-14,early,0.031886416237919935,0.09768130458716225,0.14233336970479438,0.09063369684329219
fshora,2026-07-14,early,0.028478224327745365,0.11722071251282706,0.12618432371618946,0.09062775351892062
alex_c31,2026-07-14,early,0.030882100433706768,0.09785866293869734,0.14313137617693908,0.09062404651644773
BredReimagined,2026-07-14,early,0.029758023827725164,0.0969940389956284,0.14506098904071554,0.09060435062135637
dontcatchmeifyoucant,2026-07-14,early,0.03200190663018866,0.10630632929929305,0.13341432573822495,0.0905741872225689
demon64fields,2026-07-14,early,0.03778117177455489,0.07976463856240226,0.1540832820617074,0.09054303079955485
MarekFizer,2026-07-14,early,0.027560872620213898,0.11146638062636385,0.1325751852845604,0.09053414617704604
friesnielsen2302,2026-07-14,early,0.041152308324551495,0.06938754086142272,0.16100139750234077,0.09051374889610499
CrazyAdvenTures,2026-07-14,early,0.03292372946334837,0.10416352418792083,0.1344512676734372,0.0905128404415688
milenapn,2026-07-14,early,0.03695022592832273,0.061324977535723926,0.1732559476533066,0.09051038370578442
purpurice,2026-07-14,early,0.03571893136976912,0.07368576074027419,0.16198324709171072,0.09046264640058467
EpicPlayz282,2026-07-14,early,0.03543997655273256,0.05669957720346812,0.17904076702430521,0.09039344026016864
dumbernugget,2026-07-14,early,0.03547493787502156,0.06442723703508423,0.17125708718225666,0.09038642069745413
nanGM,2026-07-14,early,0.030513861675947145,0.09524350343870452,0.14529793493872395,0.09035176668445855
Knetterbernd69,2026-07-14,early,0.029713717677751383,0.10745698164919057,0.13384749713423372,0.09033939882039188
KNCP_719,2026-07-14,early,0.031645941499300785,0.09703063002851957,0.14231821911857184,0.09033159688213073
a_kandil,2026-07-14,early,0.03681511676917622,0.06815383141628564,0.1659951808408195,0.09032137634209379
AurumO,2026-07-14,early,0.03875228979845251,0.0674567401919953,0.16472214336481966,0.09031039111842248
rendrexchess,2026-07-14,early,0.027321797315586514,0.11376867891980316,0.1298362384692556,0.09030890490154841
adiosabu,2026-07-14,early,0.03628579352050317,0.06479867584084116,0.16981748077188732,0.09030065004441055
ftorodent,2026-07-14,early,0.037178818459286056,0.059492861794414605,0.1741813810656242,0.09028435377310828
COLNZHE,2026-07-14,early,0.026388742636749365,0.11292251579986921,0.1314628087734909,0.09025802240336982
Blue_Capybara,2026-07-14,early,0.03166360012994783,0.08751759496966859,0.1515852417684371,0.09025547895601783
Grebeniuk-S,2026-07-14,early,0.03196678627995559,0.08483494715993126,0.15394512855422396,0.09024895399803694
LOVEVAE,2026-07-14,early,0.03586841981806887,0.09209879642846122,0.1427647495370789,0.09024398859453635
Mastroskaki,2026-07-14,early,0.02903352921419393,0.10515096163067685,0.13648690588473344,0.09022379890986808
chessdude,2026-07-14,early,0.030585353942626195,0.10872999312326824,0.13131862053307633,0.09021132253299025
OldweakGM,2026-07-14,early,0.03504835889426724,0.07618429230220111,0.15939614641459804,0.0902095992036888
grnic1,2026-07-14,early,0.028234362582812433,0.10482930513354047,0.1375233170646797,0.09019566159367753
Ivano12,2026-07-14,early,0.03077355340060446,0.10382842516513772,0.1359771946274681,0.0901930577310701
Leo_EFIM77,2026-07-14,early,0.02970520784886342,0.10532335143250246,0.1354565682940539,0.09016170919180659
titledsquirrel2007,2026-07-14,early,0.03149563860288342,0.10558989247560491,0.13331957136356756,0.09013503414735197
mgl_2009,2026-07-14,early,0.030412415546015346,0.11005003969386773,0.12992988395444244,0.09013077973144183
fandebobbyfischer,2026-07-14,early,0.03507661111101153,0.07049654991075296,0.164777545830493,0.09011690228408582
Hauptsache_Gambit,2026-07-14,early,0.03361557973514196,0.09523337388577227,0.14148308317830588,0.09011067893307338
vovasev,2026-07-14,early,0.03257206531448679,0.09380291737435215,0.14379467749000818,0.09005655339294905
Soledadense88,2026-07-14,early,0.027740859006464263,0.10410008589771012,0.1383063846550378,0.09004910985307073
MOZZY1995,2026-07-14,early,0.028698733200399285,0.10079571298271277,0.14060154430985425,0.09003199683098877
OkkotsuYuta03,2026-07-14,early,0.03488515280567005,0.07598563834675527,0.15917538705291334,0.09001539273511289
Gzucaritas,2026-07-14,early,0.036149677309334674,0.06852296511756081,0.16528871876162454,0.08998712039617335
andrejljepic,2026-07-14,early,0.03491801416457382,0.07465565958227109,0.16038150502449586,0.08998505959044693
NailBashirli,2026-07-14,early,0.07961217327137034,0.07083998362891647,0.11947155519075996,0.08997457069701559
raviteja81293,2026-07-14,early,0.04513248257730284,0.08556172876402712,0.13921812612082118,0.08997077915405038
JesusChristMyLivingHope,2026-07-14,early,0.03283844953873445,0.08601766482872486,0.15104405526569487,0.08996672321105138
GM_Levan_Pantsulaia,2026-07-14,early,0.03083007039727236,0.10701799042897502,0.13197944935817538,0.08994250339480758
Marina_Chess_Rus,2026-07-14,early,0.046780924333039736,0.07914220993826211,0.14387246203395682,0.08993186543508623
SteinSuperGM,2026-07-14,early,0.040411655275726946,0.06448700298359984,0.16485894880196994,0.08991920235376556
GodzillaChessYoutube,2026-07-14,early,0.0310915157041408,0.07887408118024897,0.15976180998705428,0.08990913562381468
Aureliano-Buendia,2026-07-14,early,0.03616174063474367,0.06659149466964649,0.1669518488696553,0.08990169472468183
AlivodicDario,2026-07-14,early,0.036518809243190835,0.05948069102772148,0.17360172332592236,0.08986707453227823
Yeremyan_ChessMate,2026-07-14,early,0.03292372946334837,0.1006489360570185,0.13598582109053228,0.08985282887029972
Moeinzai_khoshhal,2026-07-14,early,0.029652497298851582,0.10562536260104255,0.13424761353284376,0.08984182447757931
Lasallechess,2026-07-14,early,0.028330392676134294,0.1090688988598197,0.13204535154301875,0.08981488102632425
JoakimVonAnd,2026-07-14,early,0.04118573358738291,0.05863316958669895,0.16959264711078417,0.08980385009495534
cristhiancruzsanchez,2026-07-14,early,0.043485692683691915,0.07972859784530588,0.1461371470466211,0.08978381252520629
Hamidrezatahmasebii,2026-07-14,early,0.027176669527346816,0.1172661332073856,0.12472818713687844,0.08972366329053695
EugeneRougon,2026-07-14,early,0.0383006440388279,0.08364946279519889,0.14720906347454982,0.08971972343619221
lemures27,2026-07-14,early,0.03077355340060446,0.10261325376044454,0.13575815985546183,0.0897149890055036
1b31-O,2026-07-14,early,0.038086464326164304,0.05857282524127977,0.17247646825447124,0.08971191927397178
Marks1420,2026-07-14,early,0.03939710075230886,0.06145745106414573,0.16828032694116055,0.08971162625253837
Kate1606,2026-07-14,early,0.03815381069182772,0.0560446114954269,0.17479167351752328,0.08966336523492598
oganromchess,2026-07-14,early,0.03326710906726562,0.0933311957847057,0.14218393040225283,0.08959407841807472
lilyzhou2002,2026-07-14,early,0.028660045677484338,0.10484471498443539,0.1352111605350339,0.08957197373231789
fmAguilar1,2026-07-14,early,0.04110084022411414,0.06286019768552585,0.16470879876148864,0.08955661222370954
palombie,2026-07-14,early,0.03029523637074293,0.10190677521142151,0.1364424588374924,0.08954815680655227
mgoxana,2026-07-14,early,0.04656420611296521,0.07689989962031735,0.14517712765911556,0.08954707779746603
BrokenFritz,2026-07-14,early,0.02856643043416573,0.08501239132651668,0.15497495990238266,0.0895179272210217
MomchilPetkov,2026-07-14,early,0.030863819257090436,0.10468343456765013,0.13289181902561012,0.08947969095011689
JonaszBaum,2026-07-14,early,0.031182753897132084,0.10634308730499123,0.130910856527368,0.08947889924316377
Alexander_Khlebovich,2026-07-14,early,0.030242561562466894,0.08117945158479331,0.15693763090916735,0.08945321468547585
orackbbama,2026-07-14,early,0.029651875718877403,0.1034724431137461,0.1351877217646164,0.08943734686574663
Yosha_Iglesias,2026-07-14,early,0.035904763729884534,0.08729565776159938,0.14499184255921274,0.08939742135023221
Paff_Morris_Twitch,2026-07-14,early,0.030538586354036782,0.10733612750529385,0.13030698753009612,0.08939390046314226
RestartingChess,2026-07-14,early,0.0354186724684456,0.07167276466557893,0.1610787121720828,0.08939004976870245
LubovMarkelova,2026-07-14,early,0.032687160719975204,0.09725514827843866,0.13818612358293456,0.08937614419378281
RookandRoll1606,2026-07-14,early,0.02795206114829019,0.102165144143399,0.1379060138519002,0.08934107304786314
AlejandroArias,2026-07-14,early,0.03728758008307786,0.06763812657100728,0.16309359000916573,0.08933976555441696
mhebden,2026-07-14,early,0.04513248257730284,0.08489327209568089,0.13796626661476766,0.08933067376258379
GMLazaroBruzon,2026-07-14,early,0.044063483153868446,0.0881245462846524,0.1357810008346388,0.08932301009105321
LouieKov2022,2026-07-14,early,0.032663039061040004,0.09711549186030233,0.1381885449084025,0.08932235860991494
BeyondMadness,2026-07-14,early,0.029594254674688892,0.0967625075362104,0.14160398953029685,0.08932025058039872
swayamsm,2026-07-14,early,0.03678483797794258,0.0653693012265258,0.16575509144904343,0.08930307688450394
Quetia_Pin,2026-07-14,early,0.030525903738896902,0.09556244109237864,0.14181826565451253,0.08930220349526269
ISAAC2906PER,2026-07-14,early,0.030737996163643276,0.10220334369347206,0.13490171945751134,0.08928101977154224
messiboca,2026-07-14,early,0.03376058121293363,0.06441518097743272,0.1696549958983769,0.08927691936291442
PaparovGR,2026-07-14,early,0.03508413269203905,0.07085670373678303,0.16187357264815913,0.08927146969232706
carlsenCamacho,2026-07-14,early,0.033219060330330584,0.08158180485961809,0.15301337715353547,0.08927141411449473
KerryStead,2026-07-14,early,0.037139900043387346,0.060509379839356045,0.1701586080474679,0.08926929597673709
RemyAlAsmar,2026-07-14,early,0.027005305784553256,0.1142919889190162,0.12645933683344007,0.0892522105123365
Theytookourjobs,2026-07-14,early,0.03753333681211387,0.07176401660286909,0.15840510565555846,0.0892341530235138
Antik5,2026-07-14,early,0.03227966756263853,0.09522348748490865,0.14019848637904603,0.08923388047553106
Ankudinova_Yelena,2026-07-14,early,0.03633671771437234,0.08339850629413323,0.147909852185568,0.08921502539802452
ZeGood_ZeBad_ZeUgly,2026-07-14,early,0.03413112837503286,0.09249742297219764,0.140921606536489,0.08918338596123983
Dinamo3,2026-07-14,early,0.035283129280645587,0.06043637915288276,0.17181973791578994,0.0891797487831061
XilacOrigami,2026-07-14,early,0.0289259642185393,0.1136224400942871,0.12491612338139067,0.08915484256473903
AmartuvshinGanzorig,2026-07-14,early,0.030747719498977276,0.10584185948406238,0.13078692283787016,0.08912550060696994
GainfulDot,2026-07-14,early,0.027033283816948594,0.10496166344053824,0.13523227257672454,0.08907573994473712
Machteld145,2026-07-14,early,0.040208998249884775,0.04724832130215356,0.17970738464037975,0.0890549013974727
verdest,2026-07-14,early,0.03764801727547841,0.07332380190927122,0.15619051478960552,0.08905411132478507
stefansachy,2026-07-14,early,0.02831848100188292,0.10864768706797866,0.13018221884794634,0.08904946230593598
andyhousesmx,2026-07-14,early,0.034993790529434125,0.07587031791910039,0.15622815923630903,0.08903075589494784
Kombinator01,2026-07-14,early,0.03977954476062725,0.060723053750115566,0.1664877548865158,0.08899678446575288
LawrenceTrent,2026-07-14,early,0.035111815495638986,0.06509798579596648,0.16674540956493344,0.08898507028551299
Elshan1985,2026-07-14,early,0.03350280228973962,0.08010905262996437,0.15333139113644992,0.08898108201871797
kyawlayhtaik8,2026-07-14,early,0.030983818684818414,0.10536301877752381,0.13046662814379356,0.08893782186871192
queenazo,2026-07-14,early,0.026255056210026943,0.10350241498686176,0.13704170957736592,0.08893306025808488
Azzaro25,2026-07-14,early,0.03398570389112447,0.0961405158379823,0.13663548254096505,0.08892056742335726
MartinMatthiesen,2026-07-14,early,0.03315849382295592,0.09670995444773399,0.13685682507686617,0.08890842444918536
Batica1984,2026-07-14,early,0.031106135127507834,0.10495863894792061,0.13062246504590022,0.08889574637377622
Bad_left_hook,2026-07-14,early,0.03472493155115323,0.09415608600782223,0.13775215443318395,0.08887772399738647
MrVenky,2026-07-14,early,0.031178387819844177,0.10409928332341006,0.13133470450054838,0.08887079188126752
Kaiyrbekov,2026-07-14,early,0.03652269961818727,0.08419524010690292,0.14588800692430234,0.08886864888313084
nevmenko,2026-07-14,early,0.03735121829019997,0.059184254351123886,0.1700418692455995,0.08885911396230778
Gannibal53,2026-07-14,early,0.029708696683473593,0.09621326507658928,0.14062768614951973,0.08884988263652753
tortorchess,2026-07-14,early,0.03759453693740134,0.050535668924001916,0.1782643660560176,0.08879819063914028
Kasabian,2026-07-14,early,0.029569906248166637,0.10167825915419544,0.13505558592916192,0.08876791711050801
VishButNotAnand,2026-07-14,early,0.0344836828374239,0.06353278092801594,0.1682722762837904,0.08876291334974341
keopki,2026-07-14,early,0.037358432718140655,0.06897168603824895,0.1598516644095723,0.08872726105532064
Rodchenkov_Vitalij,2026-07-14,early,0.049092097731146964,0.0597521317582219,0.1573244118782238,0.08872288045586423
dhammiko,2026-07-14,early,0.028478224327745365,0.11048944542578888,0.1271174403609014,0.08869503670481188
Tania_S,2026-07-14,early,0.045302283010011664,0.08186214548176526,0.13891996802473094,0.08869479883883595
tyczka123,2026-07-14,early,0.037793378539232515,0.05638868843526454,0.17187845564254736,0.08868684087234813
martinbitel,2026-07-14,early,0.03832292690377789,0.05350331170280402,0.17420506987069953,0.08867710282576048
fin,2026-07-14,early,0.027797581859260095,0.10028490447792444,0.13791329139262717,0.08866525924327058
beautifulbird07,2026-07-14,early,0.029344411906640215,0.10013777048094087,0.13643666787836747,0.08863961675531618
TheShreggIsBack,2026-07-14,early,0.030691503510780562,0.09111104355198121,0.14409256003583343,0.0886317023661984
Predatoru,2026-07-14,early,0.030959928961495863,0.10370093319229454,0.13122784282003322,0.08862956832460787
EstudiandoAjedrezRD,2026-07-14,early,0.03489732222764741,0.065631847274506,0.16533698235869618,0.08862205062028321
SereneSalmon,2026-07-14,early,0.03547591371566821,0.05441075975299779,0.17589814050199737,0.08859493799022111
Bongcloudtransvestit,2026-07-14,early,0.04096795068808265,0.04861343900758409,0.17612617672226316,0.08856918880597664
CarrotsandPizza,2026-07-14,early,0.04096326818349908,0.058793338603193794,0.1659338413438218,0.08856348271017156
F-Ghaith2021,2026-07-14,early,0.0383120716949235,0.0601584113624084,0.16720207028325795,0.0885575177801966
Ruprecht_der_Knecht,2026-07-14,early,0.03505449704094343,0.07867043342139894,0.1519279207879255,0.08855095041675597
Phantom671,2026-07-14,early,0.0406933413673842,0.07150511553386832,0.15343831200200936,0.08854558963442062
valdenicio,2026-07-14,early,0.03896211115439947,0.057319270297804224,0.16929806807910577,0.08852648317710315
owl_towel,2026-07-14,early,0.029474446640568162,0.10199454025889361,0.1340863189190345,0.0885184352728321
czechbul17,2026-07-14,early,0.031297409972625326,0.10373032207128471,0.13050266910609484,0.08851013371666831
Hotella,2026-07-14,early,0.031150076955603304,0.10434183558681506,0.12998878042977963,0.088493564324066
elohunter1999,2026-07-14,early,0.03742939780104992,0.049481048393317746,0.1785325593625176,0.08848100185229509
ClaudiaSof,2026-07-14,early,0.03200190663018866,0.09998079648835279,0.13341432573822495,0.08846567628558881
Horned_Lark,2026-07-14,early,0.02800230613688872,0.11233984206487233,0.1250252824407248,0.08845581021416195
marianacadilhac,2026-07-14,early,0.032920704041491215,0.08571661093503147,0.1467187584248396,0.08845202446712076
AntonovaNadezhda,2026-07-14,early,0.042433251602346504,0.05234158102646949,0.17049511056834799,0.08842331439905467
TheOneAndOnlyHedgie,2026-07-14,early,0.04502781246333111,0.07994139321882414,0.14028914295709138,0.08841944954641555
d4ismine,2026-07-14,early,0.03554670205715035,0.08405803357788608,0.1456423539373364,0.08841569652412429
ChessFunMaker,2026-07-14,early,0.03274612553898419,0.0767179120383535,0.15574924730575077,0.08840442829436283
Pellegrino_Chess,2026-07-14,early,0.02633481311812007,0.0985164485388538,0.1403590081350709,0.08840342326401492
qx4z,2026-07-14,early,0.03419784205217098,0.09039682625849342,0.14060129873087426,0.0883986556805129
M-Mar04,2026-07-14,early,0.04378503639583228,0.07503016273065084,0.14637482047003347,0.08839667319883887
econpower,2026-07-14,early,0.03352027931347003,0.07588024854140336,0.1557049539163631,0.0883684939237455
profofchess,2026-07-14,early,0.03355715974029738,0.09054223097041923,0.14100099507586608,0.08836679526219422
MishkaFighter,2026-07-14,early,0.029519103031982807,0.09680851511216328,0.13871654274136522,0.08834805362850377
Rashad_Zeynalli,2026-07-14,early,0.03620315547689273,0.055935136789342,0.1727242941410948,0.08828752880244317
luksona14,2026-07-14,early,0.0354894682442636,0.06549434584330655,0.1638612461959427,0.08828168676117094
bushrashuaibi,2026-07-14,early,0.030420936294669774,0.09929210517955815,0.13509783442430873,0.0882702919661789
BartSimpson24,2026-07-14,early,0.03143167992131842,0.08914312377947195,0.1442100606192637,0.08826162144001803
NuAthena,2026-07-14,early,0.03565864612186755,0.0961874873550244,0.13284641755380824,0.08823085034356674
rookoco,2026-07-14,early,0.03842379681485765,0.06348853479683618,0.16273690893596574,0.08821641351588654
argentum049,2026-07-14,early,0.03265763806480738,0.07556107461134842,0.1563844327321686,0.08820104846944148
DanilovVladimir,2026-07-14,early,0.029106056670910013,0.09910846098592752,0.1362867756719469,0.08816709777626149
Synctel,2026-07-14,early,0.037173481081823376,0.05425371405987801,0.17306253413035108,0.08816324309068417
drillovsky,2026-07-14,early,0.03200190663018866,0.09934522235039307,0.13313693871463936,0.08816135589840703
dr_tatiana,2026-07-14,early,0.02727599926936572,0.10058887848093678,0.13658858148238837,0.08815115307756362
Jdjwjsikdkfjxj,2026-07-14,early,0.02706870568544817,0.11129706397617073,0.12606232647809912,0.08814269871323933
Yaryi_sergey,2026-07-14,early,0.042847074023465506,0.07586703477079916,0.14565807376425347,0.08812406085283937
Romkachess,2026-07-14,early,0.03792439146160571,0.06109687748764524,0.16530259129630473,0.08810795341518522
afgano29,2026-07-14,early,0.04415211118302416,0.08619390548154363,0.1339745218894489,0.08810684618467224
jimis98,2026-07-14,early,0.03429271228131173,0.051451273058708995,0.17853401872297975,0.08809266802100017
etesungam,2026-07-14,early,0.028125435288243815,0.0982009277526862,0.1378466154746446,0.08805765950519155
PawnStorn,2026-07-14,early,0.034325765272664115,0.08761695358848194,0.14216863410600733,0.0880371176557178
Ncatt,2026-07-14,early,0.03567316497829651,0.0683666362973612,0.16001847508362738,0.08801942545309503
inneremptiness,2026-07-14,early,0.030973102438457172,0.10069203059672109,0.13232604052055674,0.08799705785191166
Sveta10,2026-07-14,early,0.029725662219431178,0.09645287962700178,0.13780623627214314,0.08799492603952537
Karacsonyi_Gellert,2026-07-14,early,0.039917109374159376,0.05734664842574476,0.16670974796239402,0.08799116858743272
Grindaveci,2026-07-14,early,0.033140773715764654,0.05746148743590156,0.17329422223006902,0.0879654944605784
gunslinger222,2026-07-14,early,0.03423962821799028,0.06602400126202251,0.16361887840851022,0.087960835962841
TheRigos,2026-07-14,early,0.03967512912488246,0.0476146985216357,0.1764578909468301,0.08791590619778274
Halk1ng,2026-07-14,early,0.034152637968560946,0.057171025042401506,0.17233335887385892,0.08788567396160712
gxbg2000,2026-07-14,early,0.031020075635712258,0.088519814079436,0.14410838438882193,0.08788275803465673
AlhosaniOmran1,2026-07-14,early,0.039727339095680776,0.04770235140401822,0.17613543475837112,0.08785504175269004
Sosat98,2026-07-14,early,0.03064205519445188,0.1015356304765681,0.13138111485174067,0.08785293350758688
Daniel_Recker07,2026-07-14,early,0.0317323734217667,0.0795359078417721,0.1522732087456251,0.08784716333638798
bpm_90,2026-07-14,early,0.033644907274370583,0.07668652363724678,0.15320634960827856,0.0878459268399653
Sinquefield,2026-07-14,early,0.03663197990907174,0.0653890886153868,0.16149498274051977,0.08783868375499276
Hubbery,2026-07-14,early,0.029381072513982393,0.10164060480310537,0.13237311308421326,0.08779826346710033
goodnigth,2026-07-14,early,0.03061884358106975,0.10362450869734847,0.1291010242207611,0.08778145883305977
deathkni_g_ht,2026-07-14,early,0.03605985305747159,0.0682017318157488,0.15893004720161572,0.08773054402494536
GregLeBarbare,2026-07-14,early,0.03462493161800176,0.08991063638292317,0.13861783997483496,0.08771780265858663
AnnaberdiyevSerdar,2026-07-14,early,0.030258567160586832,0.10362578650733634,0.12922599771383708,0.08770345046058675
AAponteR,2026-07-14,early,0.0441190097680645,0.08097033643480282,0.13797470161052833,0.08768801593779856
nickVet,2026-07-14,early,0.026157128398268316,0.11736266394831661,0.11945953508117842,0.08765977580925445
doublesik,2026-07-14,early,0.03346547234863653,0.07424659742311066,0.15523042393612094,0.08764749790262272
WisdomGame,2026-07-14,early,0.04357870415407269,0.06949493537567107,0.1497609149548988,0.08761151816154751
promen1999,2026-07-14,early,0.04032941240240602,0.05243746815468202,0.16993528611651215,0.08756738889120007
elRope,2026-07-14,early,0.026871189089009952,0.11269586745419367,0.12312499936620873,0.08756401863647079
Tolya2,2026-07-14,early,0.036285260344060544,0.06313207528010517,0.16326170282925395,0.08755967948447323
Darkdefense16,2026-07-14,early,0.027593805770323596,0.10267644427796421,0.13240702002235272,0.08755909002354684
Saraisitave,2026-07-14,early,0.0416614918937705,0.05209121796156058,0.16889989072298817,0.08755086685943975
SouS007,2026-07-14,early,0.031187215585452347,0.07012073273772011,0.16131632370982957,0.08754142401100068
Mouse-Sleep,2026-07-14,early,0.031735008633246437,0.09637610414206037,0.1344818658749983,0.08753099288343502
gvanna,2026-07-14,early,0.04164997311450897,0.08394973980485843,0.1369754836052014,0.0875250655081896
thesmallergreek,2026-07-14,early,0.027273319039543706,0.1060052931143095,0.12918507488448452,0.08748789567944593
jek59,2026-07-14,early,0.02901607170775789,0.09486393369277371,0.13857440451214062,0.08748480330422408
esapunov,2026-07-14,early,0.047822421518696034,0.05377783665522935,0.1608310911084093,0.08747711642744489
Iuckyducky,2026-07-14,early,0.03752424470450824,0.06019584107602818,0.16463935912066469,0.08745314830040037
McWzPk,2026-07-14,early,0.029187639265809372,0.09991527228289973,0.1332420824675183,0.08744833133874247
powermove,2026-07-14,early,0.0421332892197095,0.05298425289072565,0.16720827706583502,0.0874419397254234
leepday,2026-07-14,early,0.030412415546015346,0.10173596093795405,0.13012681431213877,0.08742506359870272
Stewie_89,2026-07-14,early,0.03156105215600426,0.09658290157802149,0.1340922994393341,0.08741208439111996
Cybrog_Naruto,2026-07-14,early,0.030596199969621617,0.10236333179735521,0.1291169024932809,0.0873588114200859
JonahWillow,2026-07-14,early,0.043665617989298036,0.07628576097852027,0.14207779939375553,0.08734305945385795
mosthonestman,2026-07-14,early,0.03348829386976522,0.08659890856999373,0.1419139427604416,0.08733371506673353
Gauravthegm,2026-07-14,early,0.033189508533962166,0.09209002280697025,0.13667937302262362,0.08731963478785203
hyuslin,2026-07-14,early,0.028554707084344762,0.10432602704025273,0.1290485147452466,0.08730974962328136
King_Deded4d5,2026-07-14,early,0.03546182886882969,0.06618737413390222,0.1601627040571932,0.08727063568664171
Nannn9,2026-07-14,early,0.035280285722850094,0.0670403987817057,0.15948740082056223,0.08726936177503934
garcho08,2026-07-14,early,0.03348811480073602,0.0936905781187332,0.13460409845570623,0.08726093045839182
TimKett,2026-07-14,early,0.04649793154149158,0.06961581596622073,0.1456573907470678,0.0872570460849267
chessdiamant,2026-07-14,early,0.031178387819844177,0.09952372269591024,0.13105731747696278,0.08725314266423907
chesswizard393939,2026-07-14,early,0.029106056670910013,0.09661956378822609,0.13597527203283527,0.08723363083065712
KinKaiser,2026-07-14,early,0.032087383871864716,0.0864838521260505,0.1430874008340561,0.0872195456106571
BrainNet,2026-07-14,early,0.030434927412694122,0.10207370911381085,0.1291010242207611,0.0872032202490887
mfschulz,2026-07-14,early,0.031687369096016535,0.06703577983905552,0.16281219553838228,0.08717844815781811
SebaSpector,2026-07-14,early,0.029375507647173407,0.09898892823125542,0.13313557673200338,0.08716667087014407
kamblefy,2026-07-14,early,0.04431839438822723,0.08128769898834104,0.13588022159537844,0.08716210499064891
AsadliVugar,2026-07-14,early,0.03612563993795299,0.058095138152238504,0.16720256871652722,0.08714111560223958
prochn,2026-07-14,early,0.035397076500198583,0.06604749811766872,0.15995182717441608,0.08713213393076114
FMCASTE,2026-07-14,early,0.03156105215600426,0.09622807154622787,0.13348982528582062,0.08709298299601757
tomobeast,2026-07-14,early,0.037304410446435364,0.06398937615465577,0.15996434004800628,0.0870860422163658
bq895,2026-07-14,early,0.03085777994717888,0.09025107303376856,0.14013011425472166,0.08707965574522303
Sergey_70,2026-07-14,early,0.027483046969047173,0.10537079769718001,0.12831262851326844,0.08705549105983186
Baby_Legs,2026-07-14,early,0.029441749513604717,0.09937559741803259,0.13225520206263766,0.08702418299809167
mouniouboun,2026-07-14,early,0.03024273672065188,0.09170811799061501,0.13909407517180192,0.0870149766276896
volcanoexplorer,2026-07-14,early,0.03530433745796831,0.06314335495425043,0.16258753774911225,0.08701174338711033
Battlecruiser_Operational,2026-07-14,early,0.03624885609018011,0.04927154664357421,0.1754810161802917,0.08700047297134866
harperchesstt,2026-07-14,early,0.033700637488392485,0.0758803296758703,0.15141932791136736,0.08700009835854339
ShadowKing71,2026-07-14,early,0.029244222899315806,0.0984164409230222,0.13315087940397485,0.08693718107543762
Er_ChessMate,2026-07-14,early,0.02929454187186089,0.09920022920611778,0.1322843912475911,0.08692638744185659
Agnes66678,2026-07-14,early,0.04287753646529556,0.06406912643882853,0.15375062924397226,0.08689909738269878
IshviAggarwal,2026-07-14,early,0.031177739598458817,0.09952160134244753,0.12998878042977963,0.08689604045689532
Andrakhanova,2026-07-14,early,0.03719898923613976,0.0688901143570577,0.1545867064732257,0.08689193668880772
tuschessCM1,2026-07-14,early,0.029514180273582494,0.08990480982970983,0.14123838274645925,0.08688579094991718
victormago,2026-07-14,early,0.03606595924832953,0.053592951156616726,0.1709623050483343,0.08687373848442685
Guachiney,2026-07-14,early,0.033949628928305935,0.09204452507102255,0.13460409845570623,0.08686608415167824
jhedigm,2026-07-14,early,0.03111394726298708,0.09854460767316367,0.13076892599549506,0.0868091603105486
Mariia89,2026-07-14,early,0.03983642678313617,0.052650699649921445,0.16789223686934865,0.0867931211008021
dlbdlbdl,2026-07-14,early,0.028653790449786835,0.09596569687199334,0.13575656472352132,0.08679201734843384
Herminiah,2026-07-14,early,0.029103136592433753,0.09135087343935988,0.1398405187661848,0.08676484293265947
Machidon,2026-07-14,early,0.03786837176314484,0.06073084196034497,0.16167475312378202,0.0867579889490906
jodarmarlon1985,2026-07-14,early,0.029773994223173752,0.06864047909437684,0.161855689805879,0.0867567210411432
Kirill-2008,2026-07-14,early,0.02849534115332822,0.10025928336833223,0.13144877903294103,0.08673446785153383
Monmoransy,2026-07-14,early,0.04506528191980386,0.07733442360809042,0.13775215443318395,0.08671728665369276
turtlein,2026-07-14,early,0.04415120552078127,0.07965365175702714,0.13632884196040818,0.08671123307940554
Philos_85,2026-07-14,early,0.03349715064259913,0.08562983247924316,0.14100099507586608,0.0867093260659028
Amurath,2026-07-14,early,0.04156521349049523,0.08105608894380072,0.13740620074955134,0.08667583439461575
Nicolas_DeLaColina,2026-07-14,early,0.03629030807669715,0.04979317578180069,0.17394043720760163,0.0866746403553665
StellarChessPro,2026-07-14,early,0.03814437753338654,0.046799008055108816,0.1750637606484603,0.08666904874565189
likantrophuss,2026-07-14,early,0.03663444723431719,0.054894864267134795,0.16842484068049973,0.08665138406065058
nuadvaga,2026-07-14,early,0.03193650708914708,0.08532248006630337,0.14257164845752832,0.08661021187099292
shrek4life02,2026-07-14,early,0.03297515212212008,0.058378229858842466,0.16846533846496262,0.08660624014864171
dorpato,2026-07-14,early,0.03541391728373303,0.05994111256862987,0.16443912261116927,0.0865980508211774
JoachimBN,2026-07-14,early,0.03084353558153903,0.09763267717685256,0.13131414348241865,0.08659678541360342
Black_Biker,2026-07-14,early,0.0319757928018351,0.0918736770752076,0.13583735034157463,0.08656227340620577
Shiirav,2026-07-14,early,0.03378243294505752,0.09224172791470577,0.13359370530581244,0.08653928872185856
khoipham,2026-07-14,early,0.0421517010831051,0.04478206207089958,0.17245372382927254,0.08646249566109242
JoelynLi,2026-07-14,early,0.04509868084362944,0.07295561631053803,0.14124400928082098,0.0864327688116628
Thebigsqueeze,2026-07-14,early,0.03065980460782488,0.09850523547471074,0.13007742628915606,0.08641415545723057
Ryanmito,2026-07-14,early,0.030622207202033142,0.09181113285725728,0.13678777379747328,0.08640703795225457
ViratKohl_i,2026-07-14,early,0.03061695121465391,0.09740314628760612,0.1311861415522787,0.08640207968484624
lupta_robin,2026-07-14,early,0.042306245788265286,0.050242372300743576,0.16659797209820354,0.08638219672907081
Smyslovsfan,2026-07-14,early,0.03069133595013897,0.08511627928761106,0.1433096630489642,0.0863724260955714
OlegKrivonosov,2026-07-14,early,0.032261602546775375,0.09622105226179799,0.13062246504590022,0.08636837328482454
Kovalyov_Eduard,2026-07-14,early,0.031297409972625326,0.09725897449588282,0.13045484332344928,0.08633707593065247
Ticondriul,2026-07-14,early,0.03333643337109136,0.06059962287609947,0.16501443131886898,0.0863168291886866
DavitSantryan02,2026-07-14,early,0.03077355340060446,0.09299304242704508,0.13517369163144347,0.08631342915303102
CiricPX,2026-07-14,early,0.028812629652324676,0.09775569698291145,0.13236785793628225,0.08631206152383945
1lec,2026-07-14,early,0.027194578636668923,0.10015577234866353,0.13140151797588223,0.08625062298707158
HenriL,2026-07-14,early,0.03027338795638641,0.08737298383949527,0.1409753887233145,0.08620725350639873
Michelangelo111,2026-07-14,early,0.02887797506622977,0.09439109704633393,0.13533133753310753,0.08620013654855707
Zallio,2026-07-14,early,0.03354651080540305,0.0672369458879964,0.15781221596489797,0.0861985575527658
jlucasvf,2026-07-14,early,0.03069339953494687,0.06509755632328688,0.16277057178211443,0.08618717588011605
MFguimaraes,2026-07-14,early,0.031737552172894874,0.06347876226332988,0.1632913260626864,0.08616921349963706
Pragmatist237,2026-07-14,early,0.03075664038365771,0.09823212797501542,0.12949022607539862,0.08615966481135724
s_stefi,2026-07-14,early,0.030729339513031136,0.09824961413620675,0.12949022607539862,0.0861563932415455
Quaide7,2026-07-14,early,0.032664277111633624,0.0701232847758485,0.1556114084847197,0.08613299012406728
JahandarAzadaliyev,2026-07-14,early,0.03755711650780277,0.0759493919774491,0.14485056253632422,0.08611902367385871
Abduzhaparov,2026-07-14,early,0.03641809066728823,0.05693896372790077,0.16498803822897984,0.08611503087472294
Onthequiet,2026-07-14,early,0.03339157111502335,0.06636366972923698,0.15857678860628094,0.08611067648351374
MerryPoppies,2026-07-14,early,0.03295667704712864,0.0890665532090077,0.1362958451326669,0.08610635846293442
elfranco,2026-07-14,early,0.03393789901736955,0.08391339045031894,0.14046333826322127,0.08610487591030325
CruzWilliam,2026-07-14,early,0.033357945981692755,0.07566566102628935,0.1492624142931051,0.08609534043369575
nicoderboss24,2026-07-14,early,0.043964777913602635,0.059898051473177484,0.15437519080553794,0.08607934006410602
shailendrabajpai,2026-07-14,early,0.031615832324981163,0.09347237031186972,0.1331360604524019,0.08607475436308426
eZaRiX,2026-07-14,early,0.04395344025049051,0.07711791646588931,0.13713288312660343,0.08606807994766108
RealKevinQin,2026-07-14,early,0.034175834470190486,0.0721439403456922,0.15188192802953482,0.08606723428180584
rainlofichess,2026-07-14,early,0.028515592527567885,0.08906146440116788,0.14058482587067264,0.08605396093313615
Naruto-K,2026-07-14,early,0.03057208511827001,0.06572682117967638,0.1618472807044919,0.08604872900081277
ShadyH9,2026-07-14,early,0.028548320777098183,0.09471552689832494,0.13479267893603367,0.08601884220381893
Time2Pretend,2026-07-14,early,0.030478334931476718,0.09054862576686255,0.1370133323503025,0.0860134310162139
insatiable27,2026-07-14,early,0.035887998205150956,0.0677136003743084,0.15440061352999618,0.0860007373698185
BUFFYPIZZA,2026-07-14,early,0.03494567870297021,0.0613184727899756,0.16167853580718705,0.08598089576671096
Bushonica,2026-07-14,early,0.03177713259162442,0.09324931582791618,0.13289949299356116,0.08597531380436725
AbdulovOrkhan,2026-07-14,early,0.027902903400620477,0.09236446756410613,0.1376247520086777,0.08596404099113476
Starozhil,2026-07-14,early,0.031266091327931636,0.07902178605813917,0.14759505420913818,0.085960977198403
Josetricks,2026-07-14,early,0.04027344565364526,0.056015417578137015,0.16158607351113072,0.08595831224763767
ELGOAT010,2026-07-14,early,0.032983171762915056,0.06066656481033416,0.1641928626306841,0.08594753306797777
lularobs,2026-07-14,early,0.03142146382179639,0.09379704448103751,0.13260577268721746,0.08594142699668379
Deadmold,2026-07-14,early,0.030774947788084882,0.09347860807952023,0.13355477122727677,0.0859361090316273
Rjmcl1,2026-07-14,early,0.027964071983709666,0.09960832510845831,0.13023259167336973,0.08593499625517924
laimis61,2026-07-14,early,0.03399433323494514,0.08893565887980188,0.13484940138532436,0.0859264645000238
pedro_gines,2026-07-14,early,0.03751452059571895,0.05536951882835856,0.16488999395398526,0.08592467779268759
juandiv,2026-07-14,early,0.034710453105455286,0.052592597989093576,0.17046554236694347,0.08592286448716412
brendan174,2026-07-14,early,0.03688008785679852,0.08061358063434666,0.14026694560609226,0.08592020469907914
tgpgoat,2026-07-14,early,0.030621222092958988,0.07955747196084771,0.14756370369050578,0.0859141325814375
MarceloPlaya,2026-07-14,early,0.0288259773270604,0.09737167642773441,0.13148064051481137,0.0858927647565354
Oligan22,2026-07-14,early,0.03176668999414866,0.0845474527262954,0.14135103878406824,0.08588839383483743
chessprincesa1,2026-07-14,early,0.033452736075957605,0.06388834812025079,0.16024398380522606,0.08586168933381148
AriseSoldier,2026-07-14,early,0.029503705438690044,0.09574338375259997,0.1323071602416128,0.08585141647763428
ega2006,2026-07-14,early,0.02926314093137707,0.0895821989313988,0.13855889750639733,0.08580141245639106
NoboaKevin1999,2026-07-14,early,0.035767867928324676,0.0481557985722839,0.1734595189059158,0.08579439513550813
elegant285,2026-07-14,early,0.033639929558426124,0.08815988302879486,0.13553430826023397,0.08577804028248498
serhanberat_ozdemir,2026-07-14,early,0.04244030523716971,0.05549989982517332,0.1593697140463804,0.08576997303624113
Kshetrapala_of_Chess,2026-07-14,early,0.02660124463987705,0.0921888864003647,0.13842061498844682,0.08573691534289618
BuenaventuraVillamayor,2026-07-14,early,0.044170129610859844,0.07861536821480963,0.134291537541566,0.08569234512241182
Pax-Pramana,2026-07-14,early,0.033564617432287336,0.09035272764163063,0.13314763705041036,0.08568832737477611
DFeco,2026-07-14,early,0.03624932532979437,0.05641019510850388,0.16437065951203983,0.08567672665011268
ShahxaibKhan,2026-07-14,early,0.03662791496306782,0.04390397173305865,0.17635399912209165,0.08562862860607272
vlajkovicS,2026-07-14,early,0.032257090443117004,0.0936582836146702,0.1309690562082816,0.08562814342202292
UgarteCesar,2026-07-14,early,0.030003313865391887,0.06851351454906646,0.15835667284756427,0.08562450042067421
Bwert2602,2026-07-14,early,0.030682493801857676,0.09690948175858705,0.12928119743871846,0.08562439099972106
PierrotFace,2026-07-14,early,0.034802079746346276,0.05673397409366642,0.16530899856744147,0.08561501746915139
GrigorDilanyan,2026-07-14,early,0.03233130613826875,0.07499780369981342,0.14951264053781396,0.08561391679196538
MustafayevFarid2004,2026-07-14,early,0.03177541775771615,0.06993692032724964,0.15511221307459472,0.0856081837198535
regenda,2026-07-14,early,0.030993132884585686,0.09640640139932823,0.1294180487741895,0.0856058610193678
ridnani2021,2026-07-14,early,0.03505742867837804,0.07119135805763124,0.15051172313669334,0.0855868366242342
Antonis2056,2026-07-14,early,0.04757825121744169,0.052931869375720905,0.15623301439863715,0.08558104499726658
VishnuPrasanna,2026-07-14,early,0.032114160242705136,0.09310070000187162,0.13149879375103368,0.0855712179985368
mohssenbinaddi,2026-07-14,early,0.03730757234408137,0.044899087996680784,0.17446290316138235,0.08555652116738151
sim06,2026-07-14,early,0.03027338795638641,0.08594142889368887,0.14035707823892996,0.08552396502966841
Limelight2727,2026-07-14,early,0.03054170226659402,0.08983127616762661,0.13617467313324558,0.08551588385582205
BeneCyrill,2026-07-14,early,0.028752553005202908,0.0935133703202343,0.13427401297920405,0.08551331210154707
WeAintSurePal,2026-07-14,early,0.03659826818377573,0.042008538899539476,0.1778153817362096,0.0854740629398416
TitanChess666,2026-07-14,early,0.034229229863719624,0.061055753209843286,0.16112180960424916,0.08546893089260403
Khayala13,2026-07-14,early,0.04356329830878015,0.07491766955958921,0.1378820323661529,0.08545433341150743
Naruna_Chan,2026-07-14,early,0.035644057383500655,0.06970270749304781,0.1510146188100101,0.0854537945621862
Talent-OF-Slovenia,2026-07-14,early,0.0326185868421901,0.06070577669812527,0.16288918343707245,0.08540451565912928
contrerasfiorella,2026-07-14,early,0.029041223418736738,0.08631308615110145,0.14084677798102463,0.08540036251695426
Lerry0525,2026-07-14,early,0.03551967365757163,0.08846231674059908,0.13219700325770167,0.0853929978852908
HeroRubiksCube,2026-07-14,early,0.028051691176931362,0.09357370482637183,0.13453469429575518,0.0853866967663528
ShadowJolteon,2026-07-14,early,0.03406957609262224,0.06512791981442823,0.1568656607739422,0.08535438556033088
kunaevchess,2026-07-14,early,0.030983818684818414,0.09433686220316274,0.13069618938473362,0.0853389567575716
IAgrest,2026-07-14,early,0.03097022131755322,0.09456284783317889,0.13031253401086007,0.08528186772053074
flomarechot,2026-07-14,early,0.030828951770224114,0.09458915527891669,0.13041445625155443,0.08527752110023175
Jasonliu02,2026-07-14,early,0.032193584594062526,0.07371197236080679,0.1498159479670311,0.08524050164063346
GodDanielM,2026-07-14,early,0.028661872538750854,0.09210637460934921,0.13492443822767805,0.08523089512525937
Potosino1970,2026-07-14,early,0.030178881488266182,0.08857194702044933,0.13687976986261094,0.08521019945710882
ChrisTool2,2026-07-14,early,0.027212801687159623,0.10029971836175496,0.12808504902027523,0.08519918968972995
dzil,2026-07-14,early,0.03265686829405357,0.08926072563229276,0.13363071495519796,0.08518276962718142
JaviChuela2789,2026-07-14,early,0.03673682220766587,0.058218361010672494,0.16058348279701973,0.08517955533845271
AnnaChessLook,2026-07-14,early,0.030596199969621617,0.09508933206436512,0.12979524682971919,0.0851602596212353
YoungUzbek,2026-07-14,early,0.04369950018265372,0.07700923198879285,0.13477060768474503,0.08515977995206386
chessajedrezz2020,2026-07-14,early,0.04158035365232637,0.04117563436430479,0.17271497489244517,0.08515698763635877
piinuma,2026-07-14,early,0.04163905357424577,0.07553068500436252,0.13820820809826298,0.08512598222562377
KirbyDownA,2026-07-14,early,0.03202991601413793,0.08020888709467468,0.14313742791696885,0.08512541034192715
aidannoo,2026-07-14,early,0.02689339800973538,0.10364131425716112,0.12483889551735602,0.08512453592808418
FEKKET-ESZTER,2026-07-14,early,0.04362505729242061,0.07482319507763234,0.13692347928098111,0.08512391055034468
2008king,2026-07-14,early,0.033344667327613875,0.06693290706990954,0.15497667934495474,0.08508475124749271
natelleka,2026-07-14,early,0.04172395721765391,0.07638322224717746,0.1371215657740799,0.08507624841297041
pedroSuareZ,2026-07-14,early,0.026972407986887544,0.09688516931803197,0.13133203868547821,0.08506320533013258
GobiQuanvo,2026-07-14,early,0.027039178182976655,0.10145831957215712,0.1266404600185868,0.08504598592457353
WinnerCM2014,2026-07-14,early,0.027878496000476875,0.09577585044564359,0.131472892512033,0.08504241298605116
AndreyNeves,2026-07-14,early,0.03311445935511998,0.06997391772453657,0.15194622780796327,0.08501153496253994
Darkdefense15,2026-07-14,early,0.02727257796993411,0.09986176278802002,0.1278076619966896,0.08498066758488125
TalyaKid07,2026-07-14,early,0.02708924754710405,0.09424365016882907,0.13359028601710224,0.08497439457767846
ThePeacefulPanda,2026-07-14,early,0.04528772975367572,0.04403552709419229,0.16545663688852993,0.084926631245466
Patzel09,2026-07-14,early,0.030781978941818895,0.08764671361740617,0.13631359578014224,0.08491409611312244
rududuyk,2026-07-14,early,0.03823438128533382,0.048107503898810015,0.1683933255681433,0.08491173691742904
bteillet,2026-07-14,early,0.030993132884585686,0.0943181842764287,0.1294180487741895,0.08490978864506797
IMGC,2026-07-14,early,0.037279395749406,0.04735397345411681,0.16993052881441464,0.08485463267264581
petr577,2026-07-14,early,0.03684279588419189,0.053654762277388836,0.16396617003560265,0.08482124273239446
Cha_ChaRealSmooth,2026-07-14,early,0.03505407544537895,0.06800990718851377,0.1513894058128129,0.08481779614890188
conscientiousconscious,2026-07-14,early,0.03266341858492877,0.0693625183038386,0.1523900973834675,0.08480534475741164
THE_PLAYER6,2026-07-14,early,0.030614172808499058,0.09029961656296095,0.1334657857402162,0.08479319170389206
Shahaliyev,2026-07-14,early,0.03331085710325034,0.07140272119113981,0.149611959812209,0.0847751793688664
Pawngobblerx2000,2026-07-14,early,0.039354188696698975,0.05740147123100676,0.15754033772913462,0.08476533255228012
SulfatoFerroso,2026-07-14,early,0.030965628799993608,0.09390945993396346,0.1294180487741895,0.08476437916938219
Krlence,2026-07-14,early,0.0303358501471597,0.08356406953129732,0.14030676774256334,0.08473556247367346
Erebuni_is_back,2026-07-14,early,0.03978610858022882,0.07177009927264173,0.14258468555706746,0.084713631136646
MikeKorovin,2026-07-14,early,0.030235837655113184,0.08687866390157016,0.1370133323503025,0.08470927796899529
realburq,2026-07-14,early,0.03746696641186274,0.06268682603853358,0.1539393465103966,0.08469771298693096
HarryCun,2026-07-14,early,0.04387817911720527,0.07460367299498531,0.13559183011391066,0.08469122740870043
Aleksey_Sorokin,2026-07-14,early,0.03487885906678417,0.06997611433618905,0.14921235064931834,0.08468910801743053
ticokiller,2026-07-14,early,0.028372338682655384,0.08674491842909074,0.13888191502419464,0.08466639071198025
NastyChess74,2026-07-14,early,0.030488820054456987,0.09020475311534673,0.13330265428335544,0.08466540915105307
bom-dia,2026-07-14,early,0.04011650158491222,0.0742885413223815,0.13958674850306177,0.0846639304701185
Joker_Gumble,2026-07-14,early,0.04028089388127954,0.07153744002938481,0.14216134137282724,0.08465989176116386
MYMChessAcademy,2026-07-14,early,0.03732391296535104,0.057166025163344375,0.1594824196329517,0.0846574525872157
Rhinos1,2026-07-14,early,0.027068703743920116,0.10003760156918427,0.12686081877715893,0.08465570803008778
Tesla37,2026-07-14,early,0.030371959511776504,0.09263101905194593,0.13092941867843882,0.08464413241405376
GilliganslastStand,2026-07-14,early,0.029652497298851582,0.09130637981371428,0.13293501535421043,0.08463129748892544
Arman-Subaste,2026-07-14,early,0.04369659911292671,0.07458112989017103,0.13559183011391066,0.08462318637233612
Orlov_Oleg,2026-07-14,early,0.033550548193166795,0.08593260242131484,0.13437610428281066,0.08461975163243078
Milana-Alex,2026-07-14,early,0.026516843957722403,0.09678943623490535,0.1304935232000727,0.08459993446423349
roxannyzoldyck,2026-07-14,early,0.03421496053594233,0.061552870683372445,0.15803077886254202,0.08459953669395226
prxcess_brownie,2026-07-14,early,0.03143845935752863,0.06256402865435036,0.15971794642902062,0.08457347814696654
Zubrrr,2026-07-14,early,0.031245591151511702,0.08023851444970204,0.14220515664081312,0.08456308741400896
Cipy77,2026-07-14,early,0.03422937342999519,0.0497340278398191,0.1696985195044391,0.08455397359141781
ventdelest,2026-07-14,early,0.0343985047010103,0.05938008733908537,0.15981946606131112,0.08453268603380226
Takate20,2026-07-14,early,0.02614641591400114,0.1010081866898677,0.1263496332399446,0.08450141194793781
Mayo_Neighs,2026-07-14,early,0.04342741164771458,0.07237749151920464,0.13761050941080838,0.08447180419257587
Vladislav_Chizhikov,2026-07-14,early,0.029367911467948867,0.08202282323853344,0.14202398629093846,0.08447157366580693
Shodikulov_Jamshid1990,2026-07-14,early,0.03200805196099786,0.08031160787800418,0.14109402937504092,0.08447122973801431
DIM90,2026-07-14,early,0.030412415546015346,0.09282890136517635,0.13012681431213877,0.08445604374111015
Riku-gan,2026-07-14,early,0.03185758184618927,0.08850325362054655,0.13297139061840685,0.08444407536171422
chessmause,2026-07-14,early,0.033761044808326625,0.0824715707006341,0.13709433184185787,0.08444231578360621
Niteshch,2026-07-14,early,0.027092991764457418,0.09869945423798906,0.12751812243874044,0.08443685614706231
Ceejay271,2026-07-14,early,0.029246431416501968,0.08275978787709015,0.1412998920656641,0.0844353704530854
lhavas,2026-07-14,early,0.030850961299632905,0.08596314063044007,0.13641902633184538,0.08441104275397278
Lion_DL,2026-07-14,early,0.03337832686671956,0.06284150643866139,0.15698612675075727,0.0844019866853794
MaxiW2006,2026-07-14,early,0.03222861481501512,0.08132274043103074,0.1396354801924035,0.08439561181281645
rubix_time,2026-07-14,early,0.028234362582812433,0.08719471826775285,0.1376693992335582,0.08436616002804116
probablybad04,2026-07-14,early,0.03240612493769109,0.0689785178711452,0.15169771625329445,0.08436078635404358
wisdomboy,2026-07-14,early,0.03312855810736788,0.06889586966214294,0.15098314876041333,0.08433585884330803
supertfc,2026-07-14,early,0.03330367381866367,0.08320925845294715,0.1364336070318758,0.0843155131011622
zuzannaklara,2026-07-14,early,0.029894853492848983,0.07586788887310972,0.1470451725998423,0.08426930498860034
Semen_Khanin,2026-07-14,early,0.037885456947299626,0.0454216281340556,0.1694797431863081,0.0842622760892211
Pantata007,2026-07-14,early,0.03476401421176869,0.06905077550918635,0.14896972672512437,0.08426150548202647
beccrajoy,2026-07-14,early,0.033517051121135656,0.08529015216904406,0.1339188751863525,0.08424202615884407
sheldons73tshirt,2026-07-14,early,0.02677683765260127,0.0977393037915003,0.12816616756367363,0.08422743633592507
neistoviupryam,2026-07-14,early,0.032033641568626724,0.07100938939389871,0.1495951081307994,0.08421271303110828
archess2,2026-07-14,early,0.033171695528328306,0.06819822632358559,0.15119457539109707,0.08418816574767034
Aevengho,2026-07-14,early,0.0319183044546448,0.08656946279584482,0.13407105517291007,0.08418627414113322
Teidi96,2026-07-14,early,0.039351496914901654,0.05189165098994401,0.16126043116501868,0.08416785968995477
Borsuk_Konstantin,2026-07-14,early,0.030161431656135076,0.09003826560502118,0.1322548621605762,0.08415151980724415
MAHanif,2026-07-14,early,0.02939574187109844,0.08709281930779986,0.1359461317899248,0.08414489765627436
dinesh501,2026-07-14,early,0.03362878076619865,0.08307520543493684,0.13573063552634723,0.08414487390916091
NicholasTakano,2026-07-14,early,0.027118367521362742,0.10062899558912126,0.1246742759302762,0.08414054634692007
Javadovvv,2026-07-14,early,0.029249794768822057,0.08122130990932108,0.14193278601360285,0.08413463023058199
lelajavakhishvili,2026-07-14,early,0.03046996084211827,0.0850413881772389,0.1368543726565216,0.08412190722529293
Seinw1,2026-07-14,early,0.030412415546015346,0.09176163540751726,0.13012681431213877,0.08410028842189045
nagsark,2026-07-14,early,0.03370163655254743,0.07240589809762184,0.1461386104511116,0.08408204836709361
Aqib-20,2026-07-14,early,0.02911624418036774,0.08625762403844973,0.13685028397654272,0.0840747173984534
TurboSteen,2026-07-14,early,0.035358529826317014,0.046530308719604764,0.17028788775817005,0.08405890876803061
OnslowChess,2026-07-14,early,0.02713462719037944,0.09515278850584175,0.12985403183646496,0.08404714917756205
Gold_Ocean,2026-07-14,early,0.0320973150071051,0.06931445014924449,0.15060813541262866,0.08400663352299276
underthebridge1999,2026-07-14,early,0.031236893222783557,0.06748568203147258,0.15328287311565184,0.08400181612330265
merinasian,2026-07-14,early,0.03471737367615393,0.05755382297340987,0.15970373439199717,0.08399164368052033
noret,2026-07-14,early,0.03021906749749827,0.08143498112476458,0.14026702481601436,0.08397369114609239
ashookk,2026-07-14,early,0.03863723802601979,0.06139030914673723,0.15187917331551634,0.08396890682942444
Mbneu,2026-07-14,early,0.034092923256448804,0.059291269837267194,0.15851211373207993,0.08396543560859865
bobbyfischeristhegoat1,2026-07-14,early,0.03347243173096728,0.07025092466756072,0.14816617671536117,0.08396317770462973
Grillojuancruz,2026-07-14,early,0.025933678649519617,0.10451818757362709,0.1213715982096534,0.08394115481093338
Cubitas,2026-07-14,early,0.03215346472728176,0.0759120461544354,0.143714853782951,0.08392678822155607
Danny_Billiards,2026-07-14,early,0.03508775600304122,0.04615934725194137,0.17044452149123696,0.08389720824873985
Gazaman_Empire,2026-07-14,early,0.03348195024542044,0.08435009797897373,0.13384805446813863,0.0838933675641776
2k28Lakers,2026-07-14,early,0.031123364486541644,0.050327566711122644,0.17022028864773048,0.08389040661513159
RasSanti,2026-07-14,early,0.030280968702282286,0.09274366217971859,0.12862669922109585,0.08388377670103224
RAMBO1STBLOOD,2026-07-14,early,0.030281421110293583,0.08085072288916638,0.14035707823892996,0.08382974074612998
ApacheSVD,2026-07-14,early,0.04206818297895118,0.04038011833072197,0.16902596807560627,0.0838247564617598
Riccardo_Alaimo,2026-07-14,early,0.027040481171881514,0.09103839231331835,0.1333757615858936,0.08381821169036448
Talibovv06,2026-07-14,early,0.02683315994689939,0.09382970212309573,0.13067255386255397,0.08377847197751637
x-4605984566,2026-07-14,early,0.044045074315567166,0.0727155638609605,0.13457047747195844,0.08377703854949536
Rakhimzhan_Alen,2026-07-14,early,0.033175710411302566,0.0827185637194463,0.13537855431804302,0.08375760948293064
thisunaa,2026-07-14,early,0.0439122758721054,0.07035950771480234,0.13697392117406826,0.08374856825365867
dynkshell,2026-07-14,early,0.027053095425200218,0.08293634879443618,0.1412447593566811,0.08374473452543917
Yuwono,2026-07-14,early,0.03630819279442427,0.056252588745209664,0.15865546627241964,0.08373874927068452
Ryan_Sowa,2026-07-14,early,0.02826075975343864,0.07902019051024085,0.14390643284689933,0.08372912770352627
RTchess367,2026-07-14,early,0.038578643180245495,0.05343474891183641,0.15916510073297896,0.08372616427502029
dvglko,2026-07-14,early,0.027084489536158406,0.09876618991631193,0.12528467047786335,0.08371178331011124
Xqswdc,2026-07-14,early,0.02875806997477926,0.08757126314719006,0.13479232551123022,0.08370721954439986
Firatian,2026-07-14,early,0.029251376639730504,0.0891394857780983,0.13270798395517394,0.08369961545766758
AlphaPerseii,2026-07-14,early,0.03525251837413488,0.05661208626716538,0.15920015027591464,0.08368825163907163
YandaRus,2026-07-14,early,0.028551479307179026,0.08894904456458162,0.13355652074233898,0.0836856815380332
mjbacojo,2026-07-14,early,0.02753682917504675,0.09175152956505063,0.1317541629453343,0.08368084056181056
lucliasco,2026-07-14,early,0.03473343183588682,0.05789701521235895,0.15828662956568762,0.08363902553797779
Young_Catalan_Player09,2026-07-14,early,0.03556354244057624,0.052070196847208615,0.16325830724735202,0.08363068217837895
adjorno,2026-07-14,early,0.04384686292247043,0.06990487895496675,0.13710766811806638,0.08361980333183451
slowdumbb,2026-07-14,early,0.04376092456103491,0.07230849115121074,0.13477060768474503,0.08361334113233022
MetallChessBullet,2026-07-14,early,0.03213352945361285,0.07127977135968888,0.14741862554898824,0.08361064212076331
RizaBregu,2026-07-14,early,0.03193733513096606,0.05738606477377404,0.16149715665682252,0.08360685218718754
JS2606,2026-07-14,early,0.028333609805382,0.09870513436314245,0.12377415373593163,0.08360429930148537
ChessVigoa,2026-07-14,early,0.02860229036804069,0.08821448232625288,0.1339656648326348,0.08359414584230947
VFernandezB,2026-07-14,early,0.03576413669336712,0.07752179184261321,0.137487970565069,0.08359129970034977
goldenpuppy,2026-07-14,early,0.033078250497494244,0.06549627661595157,0.1521372778302186,0.08357060164788814
poseidon5191,2026-07-14,early,0.029018349325456723,0.0878976572687553,0.1336280641458722,0.08351469024669474
volunteers1998,2026-07-14,early,0.04379789837474963,0.050958957263641795,0.1557419252244211,0.0834995936209375
chescomhuynya,2026-07-14,early,0.036419701521773,0.045796368245226295,0.16828187948813486,0.08349931641837804
Topblitz,2026-07-14,early,0.03843278482210127,0.06888557129718711,0.14317913301219898,0.08349916304382914
Khuslen2008,2026-07-14,early,0.03189995165453612,0.08843900636675095,0.13007742628915606,0.08347212810348104
Houdinovic,2026-07-14,early,0.028541808138531584,0.07144259609302639,0.15033464198460866,0.08343968207205554
vinodchess1981,2026-07-14,early,0.04366382360120051,0.06863297411450553,0.13792889054723204,0.08340856275431269
aRk_iN,2026-07-14,early,0.03061884358106975,0.09048470364142576,0.1291010242207611,0.08340152381441888
iliaguevnisim,2026-07-14,early,0.03922534892490656,0.044266044232393,0.16665984269537593,0.08338374528422517
medinapazmiguel1968,2026-07-14,early,0.03363146144255305,0.05953334982196432,0.15698372711761993,0.0833828461273791
indfraeng,2026-07-14,early,0.03086514997111443,0.08899715024932843,0.13018444868435672,0.08334891630159987
Y0ung_Capablanca,2026-07-14,early,0.033096767146158244,0.05085861763076587,0.16607786277609202,0.08334441585100538
plumalka,2026-07-14,early,0.030000572636561897,0.07939861281519835,0.14059437331448,0.08333118625541341
Niclox,2026-07-14,early,0.045563236634592726,0.05140233967459499,0.15298836658499715,0.0833179809647283
abhijeetgupta,2026-07-14,early,0.03473056435335944,0.06071532601351136,0.1544912834595519,0.08331239127547423
Katuducha,2026-07-14,early,0.03322037574347677,0.07191677086263655,0.14479509634368035,0.08331074764993122
Madre_Jedi,2026-07-14,early,0.043861245514820624,0.07034198647676583,0.13559183011391066,0.08326502070183238
Illustradochess,2026-07-14,early,0.02686355602590021,0.09833177274142844,0.12458589105638294,0.08326040660790386
rend1987,2026-07-14,early,0.04369950018265372,0.07123049141783264,0.13477060768474503,0.08323353309507713
Walter_White_Poland,2026-07-14,early,0.03950628836283312,0.04829393642713191,0.16182113330217845,0.08320711936404783
domalchukjonasson,2026-07-14,early,0.03850085735128605,0.07431861584561703,0.13673050127375294,0.08318332482355201
Valera_B5,2026-07-14,early,0.03171445189153049,0.07108688841997304,0.14672579682471742,0.08317571237874032
tapu2,2026-07-14,early,0.03547744669809672,0.06544665307887558,0.1485959049282047,0.08317333490172567
j_coca,2026-07-14,early,0.031441357191645404,0.08183571260526089,0.13623101864732223,0.08316936281474284
knightpromotor,2026-07-14,early,0.03358505605666201,0.08002638751398466,0.13578078042095204,0.0831307413305329
Romadk,2026-07-14,early,0.03233017732847984,0.060876633402378644,0.15612808045045667,0.08311163039377172
pariasortega,2026-07-14,early,0.029912357332579024,0.07968441302205807,0.13968620854684244,0.08309432630049318
sacdaruck,2026-07-14,early,0.02763333173295037,0.08425015906714972,0.1373789056569899,0.08308746548569666
thewinninguy,2026-07-14,early,0.027975884867102136,0.09338925702738497,0.12788799114752206,0.08308437768066972
Cirky,2026-07-14,early,0.028206458317712693,0.0950778505880162,0.1259436236539098,0.08307597751987957
OMGCovid-19,2026-07-14,early,0.03187127090111116,0.08785544581334037,0.12949022607539862,0.08307231426328339
El_ultimo_Pablo,2026-07-14,early,0.03428937014268968,0.077484008436385,0.13744072947290967,0.08307136935066145
IECS12,2026-07-14,early,0.03023839100173842,0.07684183574898491,0.14205298130069013,0.08304440268380449
ZivkovicN,2026-07-14,early,0.047813868153899035,0.03662936250989032,0.1645846857152304,0.08300930545967326
leopato,2026-07-14,early,0.03243511587814286,0.06523366957800136,0.15133827723168727,0.08300235422927717
Akhayan,2026-07-14,early,0.032683999359175486,0.06347936323144146,0.15279938053002637,0.08298758104021443
German_Bazeev,2026-07-14,early,0.0422698777154673,0.03989470070851181,0.16664390143445293,0.08293615995281069
Portugalskaya-Raketa,2026-07-14,early,0.025986298272945837,0.09842580079590475,0.12436760928648105,0.08292656945177722
RoelandPruijssers,2026-07-14,early,0.03046593425679844,0.08126093211582401,0.1370509179339149,0.08292592810217912
Maxterlopez,2026-07-14,early,0.03163546303633147,0.08507930790164854,0.1320349944727433,0.0829165884702411
combidharma,2026-07-14,early,0.03240102620493386,0.06760823060227965,0.14873404200407145,0.08291443293709498
LegenDaDaDa,2026-07-14,early,0.027092991764457418,0.0941247627973716,0.12751812243874044,0.08291195900018981
TargetA,2026-07-14,early,0.04368420535137792,0.0679107378570894,0.13710766811806638,0.0829008704421779
Dhaydon19,2026-07-14,early,0.03070365019412839,0.07482382359327444,0.14316683348504322,0.08289810242414869
Ulasevich_Sergei,2026-07-14,early,0.038265095890856735,0.06937207711982717,0.14105090979697485,0.08289602760255292
MaineManFM,2026-07-14,early,0.034432217051229605,0.07214058327773656,0.1421112343743753,0.08289467823444717
No_t_ime_to_die,2026-07-14,early,0.045037265747402605,0.055704282998094844,0.1479155487750553,0.08288569917351758
Valuebet2000,2026-07-14,early,0.04360323106336207,0.06330076793876309,0.14173811952324977,0.08288070617512498
Nathan_Filgueiras,2026-07-14,early,0.03888997406242861,0.054663803666998426,0.15502170894437517,0.08285849555793406
Kubas1010,2026-07-14,early,0.029925873674706758,0.0650291220042242,0.1536064774394536,0.08285382437279486
DubiousM0ves532,2026-07-14,early,0.02787745374711935,0.08451711231825475,0.13614309791448487,0.08284588799328632
Galyamov_Vildan,2026-07-14,early,0.028164820236439174,0.08703445455141828,0.13330866409554615,0.0828359796278012
the-do0on,2026-07-14,early,0.030591661164074385,0.0888342600553317,0.12895296764950723,0.08279296295630444
jb2mix,2026-07-14,early,0.027027314520816376,0.09774836290432212,0.12347763473177746,0.08275110405230532
Loy_Konstantin,2026-07-14,early,0.043861245514820624,0.06862026438825301,0.13573791228278917,0.08273980739528759
chigorin28,2026-07-14,early,0.027218508681633245,0.09285679502279122,0.12813012814105476,0.08273514394849307
sqmorr,2026-07-14,early,0.031799236786635376,0.08631319987361503,0.13007742628915606,0.08272995431646883
KnightOutpostOP,2026-07-14,early,0.03249346620876424,0.051439252847503475,0.1642516992587124,0.0827281394383267
W1lly_Wonka,2026-07-14,early,0.027932918855678585,0.0782700471139629,0.1419774973904467,0.0827268211200294
nobodyperfect13,2026-07-14,early,0.02949871885317172,0.07800981305445166,0.14066653885025532,0.08272502358595957
SergioMoralesG,2026-07-14,early,0.03750285650096042,0.044518147166434534,0.16614844551594257,0.08272314972777918
Volcanator,2026-07-14,early,0.030695031679321253,0.08323208615312809,0.13424033698301266,0.08272248493848733
Jovidon91,2026-07-14,early,0.0316544000542154,0.07288842561314426,0.14359410926273752,0.08271231164336573
Amithpal,2026-07-14,early,0.03332825228614836,0.07938879425256869,0.13540781694049817,0.08270828782640506
SwordBilledHummingbird,2026-07-14,early,0.028562489458627015,0.08555255914042403,0.1340006581375489,0.08270523557886665
chessmateto,2026-07-14,early,0.03233921563621668,0.06824449750940753,0.14750291366411022,0.08269554226991148
Shemka2006,2026-07-14,early,0.030382219248989952,0.07612872370965074,0.14153549840591592,0.08268214712151888
psakhislev,2026-07-14,early,0.03539195814401768,0.07558130154328871,0.1370527183806571,0.0826753260226545
MergenKakabaev,2026-07-14,early,0.0351169774959088,0.05126913500808486,0.161578570965228,0.08265489448974056
chalomoro,2026-07-14,early,0.02846792419384394,0.08645938594872651,0.13302667846495153,0.08265132953584066
RodriQA,2026-07-14,early,0.0317578915372303,0.06130433961833013,0.15485209067701977,0.08263810727752673
lagarto93,2026-07-14,early,0.027604640289653398,0.08922047014409987,0.1310332438147258,0.08261945141615969
Andrii_Prydun,2026-07-14,early,0.041226213869523104,0.04288180622982182,0.16370453088586448,0.08260418366173647
Doomking,2026-07-14,early,0.026292807636815192,0.09794519721675118,0.12356544916721837,0.08260115134026158
morozcoma,2026-07-14,early,0.03134339744380648,0.05582096141640576,0.16057294849104067,0.08257910245041764
MithrandirJunior,2026-07-14,early,0.03642708039416833,0.07009518778993194,0.14112880085369625,0.08255035634593218
Milchone1,2026-07-14,early,0.026718189822181795,0.07702881130780583,0.14389424588245267,0.0825470823374801
TheChessKitchenTwitch,2026-07-14,early,0.03054233776085502,0.08729800613760348,0.12979524682971919,0.08254519690939256
Brian_Dew,2026-07-14,early,0.04366382360120051,0.06672005869268358,0.1372497611087655,0.0825445478008832
draksbg,2026-07-14,early,0.039519029251169326,0.055863579814634176,0.1521652548569884,0.08251595464093063
Chaubunagungamaug1,2026-07-14,early,0.038037626881705214,0.05077977747250081,0.1586996215988024,0.08250567531766947
Amadeus2006,2026-07-14,early,0.025542014793056903,0.10526384505864324,0.11670820117071144,0.08250468700747053
prachiti01,2026-07-14,early,0.029198834789576893,0.08537067741328258,0.13292296741650678,0.08249749320645543
pedro_nascimento85,2026-07-14,early,0.030071144193812255,0.08855755620101713,0.12883942544886987,0.08248937528123308
Fiona,2026-07-14,early,0.04365743357578722,0.0668895700947621,0.13690310045585435,0.08248336804213456
Chamal_Gedgafov,2026-07-14,early,0.043497877255201094,0.05985927889337158,0.14401812116391166,0.08245842577082811
daro94,2026-07-14,early,0.03665627505604537,0.044198149213071226,0.16651620013841412,0.08245687480251024
canhhuan,2026-07-14,early,0.030710218512270234,0.07982518793962168,0.13681188767870295,0.08244909804353162
GM_RobertoMogranzini,2026-07-14,early,0.03568165784536273,0.04561739585838071,0.16601346670348605,0.08243750680240983
PinaSoprano,2026-07-14,early,0.031899552909017984,0.08587579942605182,0.12949022607539862,0.08242185947015614
Dr_crypt,2026-07-14,early,0.03099061688027653,0.06002238945572511,0.15614743267267314,0.08238681300289159
gaby_przz,2026-07-14,early,0.029652497298851582,0.08370970538852678,0.1337726436470238,0.08237828211146737
chesselephant,2026-07-14,early,0.03475249461344144,0.05862361574127251,0.1537267460942519,0.08236761881632194
Sandpacer,2026-07-14,early,0.02938793655257458,0.0813932878373928,0.13629419549337313,0.08235847329444683
Saif_Malek04,2026-07-14,early,0.028340803705690622,0.0854845544389388,0.13322939075327114,0.08235158296596685
ChessSharkz,2026-07-14,early,0.0315898640696798,0.058308966318287116,0.15713988119571623,0.08234623719456105
WcmDominicToretto,2026-07-14,early,0.027005305784553256,0.0917603754251442,0.12825546285365264,0.08234038135445003
GMZinnai,2026-07-14,early,0.028551479307179026,0.08572911077336173,0.13268106885151787,0.08232055297735287
MarkusRagger,2026-07-14,early,0.029751679877233234,0.06815788411320362,0.1490155166098681,0.08230836020010164
Chesscoach_Golichenko,2026-07-14,early,0.03029523637074293,0.07949286652356838,0.13705450286930815,0.08228086858787315
Misticpikachu,2026-07-14,early,0.03495703819992115,0.04783152868546746,0.16400887834548503,0.08226581507695788
thechessnoob12345,2026-07-14,early,0.036054411908685594,0.08457805966266527,0.12613649836817653,0.0822563233131758
CM_rui,2026-07-14,early,0.03930649083912876,0.046959018983708724,0.1604724739597383,0.08224599459419192
Maybe00,2026-07-14,early,0.03443278637758563,0.059155190339379264,0.1530661952883782,0.08221805733511436
Ruslan_Kurayan,2026-07-14,early,0.030845531994588532,0.07754952382324323,0.1382107078414046,0.08220192121974546
gahryman,2026-07-14,early,0.03346574439929696,0.05567037185798116,0.15742549163519187,0.08218720263082334
LobachevYury,2026-07-14,early,0.03575885952757691,0.07611112450029797,0.13469110804972,0.08218703069253162
laraine12,2026-07-14,early,0.043695702367158806,0.06586402655197152,0.13690310045585435,0.08215427645832822
Alexandercs432,2026-07-14,early,0.028551479307179026,0.08494390922474626,0.13296678041573043,0.08215405631588524
INDIAN-ELEPHANT,2026-07-14,early,0.03596453167013109,0.0701549160371791,0.14027982735205557,0.08213309168645526
Wisdomin,2026-07-14,early,0.03161271985915781,0.08382277613017064,0.13092857369649866,0.08212135656194237
Gakov06,2026-07-14,early,0.027559663022908503,0.07508413984296669,0.14369043204326265,0.08211141163637929
MrAnnihilation,2026-07-14,early,0.033485404714862936,0.057312271427445514,0.15544706959365365,0.08208158191198738
F1-Herakles,2026-07-14,early,0.035133801533833366,0.06012731238062248,0.15098314876041333,0.08208142089162306
xiaoxuan2012,2026-07-14,early,0.03481007965644845,0.08275912270606448,0.12861083162897857,0.08206001133049716
Jaka_Brilej,2026-07-14,early,0.034223775882732496,0.04617040302527076,0.16576058049450032,0.0820515864675012
Sleepless_Knightmare,2026-07-14,early,0.030398679640207548,0.08022654830908381,0.13550974824333792,0.08204499206420976
chessablanca,2026-07-14,early,0.0387262402955581,0.04504506481461498,0.16235066098516573,0.08204065536511294
SunStorm0720,2026-07-14,early,0.027964071983709666,0.08815648499665744,0.12998167718554432,0.08203407805530381
willcab71,2026-07-14,early,0.027068703743920116,0.09221044257131993,0.12681079169424617,0.0820299793364954
Komiagina_Maria,2026-07-14,early,0.04356329830878015,0.06564883886028446,0.1367486541632044,0.08198693044408967
spaski2004,2026-07-14,early,0.027068943308828912,0.09023918657731693,0.12862828799059497,0.0819788059589136
Alexandr_Kholin,2026-07-14,early,0.030850961299632905,0.07877942635285659,0.1362324772367438,0.0819542882964111
the,2026-07-14,early,0.033890881127058875,0.05589855828827374,0.15605075459491322,0.08194673133674861
Ryyuzh,2026-07-14,early,0.0300447005126596,0.07527386954647668,0.1404740071421289,0.0819308590670884
DavidStevanic,2026-07-14,early,0.035962054473574284,0.06085337261822143,0.14896241988952905,0.08192594899377492
Sweafty,2026-07-14,early,0.03732848878839947,0.04436302769646108,0.1640502289331308,0.08191391513933045
oskariot,2026-07-14,early,0.03697610519611802,0.051129510582957956,0.15756718350508853,0.0818909330947215
Chenitha201583,2026-07-14,early,0.027124740700892852,0.09508787232883995,0.1234417355803601,0.08188478287003097
MarcLonoff,2026-07-14,early,0.03128039833828002,0.06382737215233433,0.15054406097915815,0.0818839438232575
Elaisaz,2026-07-14,early,0.0337568654076738,0.051134900064411674,0.16050281468287547,0.08179819338498699
Suspenser17,2026-07-14,early,0.02988396511951641,0.06773426602749856,0.14777216462946932,0.08179679859216143
Academia3,2026-07-14,early,0.025915960829481433,0.09491321995105939,0.12447877163016358,0.0817693174702348
th3d4rkness,2026-07-14,early,0.033845089846955764,0.05319070813378728,0.1580754661948049,0.08170375472518264
i_like_explosions,2026-07-14,early,0.03205463159340803,0.059617468873486165,0.15334917605567286,0.08167375884085569
Switzerlamb,2026-07-14,early,0.030710218512270234,0.07741051987424875,0.13681188767870295,0.08164420868840731
Kopfverletzung,2026-07-14,early,0.026346745401821817,0.08925238985859288,0.12925959340544715,0.08161957622195394
Slowbeast01,2026-07-14,early,0.027756769296205734,0.0860250221693318,0.13101227948012203,0.08159802364855319
Kmpk,2026-07-14,early,0.02793511488461348,0.08170905376846357,0.1351246790405435,0.08158961589787352
vnamb,2026-07-14,early,0.03554520126048349,0.07216148035932754,0.13679374795611093,0.08150014319197399
Tehni4arce,2026-07-14,early,0.038040883007877196,0.040893724952129985,0.16556034785321258,0.08149831860440658
ellennilssen,2026-07-14,early,0.02936742738734828,0.08225576727114288,0.1326934061755667,0.08143886694468595
Langusto,2026-07-14,early,0.028437548951086883,0.08243091670591095,0.13342918446079824,0.08143255003926536
Mitul,2026-07-14,early,0.028448543308701474,0.08838500113980383,0.1274627514769461,0.08143209864181714
Zaro1309,2026-07-14,early,0.030169660995146196,0.0820067694493001,0.1320379682052406,0.08140479954989564
Sviridov_Valery,2026-07-14,early,0.03812962029010547,0.06736400218974427,0.13869489803725396,0.08139617350570123
foxmanoban,2026-07-14,early,0.03191021179727153,0.0627317625597039,0.14953172435208095,0.08139123290301879
AdrianoNunesFX,2026-07-14,early,0.026907505974958515,0.08721264083188283,0.1299828288552912,0.08136765855404418
morte-negra,2026-07-14,early,0.03366517859584921,0.048356294544680045,0.16206692599290995,0.0813627997111464
pooh2012,2026-07-14,early,0.03755571871866505,0.04726156135863436,0.1592252907885258,0.08134752362194174
zaid-chaseb,2026-07-14,early,0.029005184214711516,0.07569051564392473,0.13927401624459135,0.08132323870107587
ssgm49,2026-07-14,early,0.03009264775535531,0.08365861614563672,0.1301957455506219,0.08131566981720464
leonidsh29,2026-07-14,early,0.02742277892218334,0.08637951236729072,0.13013718388545217,0.08131315839164208
Jean-Claude_Vandal,2026-07-14,early,0.03539195814401768,0.07100859961542243,0.13743033619285105,0.08127696465076371
AliNiknaddaf,2026-07-14,early,0.029396846063890147,0.08184841557310439,0.13256526961537987,0.0812701770841248
fahmiaac,2026-07-14,early,0.038381936822401215,0.06939318398089078,0.13579906674647416,0.08119139584992205
Black_Swan1502,2026-07-14,early,0.026803661143834794,0.09172427114850584,0.12498269153279411,0.08117020794171158
c_minusminus,2026-07-14,early,0.03502910182883801,0.07428340299164325,0.1341591486778368,0.08115721783277269
ploddingpawn,2026-07-14,early,0.036049644211748715,0.053710498090613235,0.1536941304985767,0.08115142426697955
Josechessgg,2026-07-14,early,0.02938793655257458,0.07852593192454059,0.13550696053813246,0.08114027633841588
foldesmarci2009,2026-07-14,early,0.02960747298582132,0.07172131304082761,0.1420023109482102,0.08111036565828637
ElephantChessGenius,2026-07-14,early,0.03329332617343296,0.054462753270809995,0.1555589305328724,0.08110500332570512
GCamachoMartinez,2026-07-14,early,0.028228137224583772,0.08420789605358843,0.1307913018863494,0.08107577838817387
horakio,2026-07-14,early,0.02975286715992449,0.08207891661808929,0.13137827587384213,0.08107001988395197
pedromartinez91,2026-07-14,early,0.04167107445477575,0.036435582402929205,0.16510187494512876,0.08106951060094457
Lali-Rustavi,2026-07-14,early,0.02733420532784835,0.08398965343252517,0.1318010618767862,0.08104164021238656
hermionegrangermagic,2026-07-14,early,0.04103238253785742,0.035873096705672,0.16621813294533877,0.08104120406295606
chess4ever007,2026-07-14,early,0.028445598540140914,0.08206209245526994,0.1326013316279891,0.08103634087446665
SergioTrigo,2026-07-14,early,0.03525364171856168,0.0725042534043735,0.13532769628646013,0.08102853046979844
ProfTerrieux,2026-07-14,early,0.04332087755019578,0.05944823167463065,0.14027266808198158,0.081013925768936
Temirlan_Baltabaev,2026-07-14,early,0.03061885717722683,0.058839464790799864,0.15355982247717487,0.08100604814840053
Izoria123,2026-07-14,early,0.04438276783221329,0.040316938319183475,0.1582010538619206,0.08096692000443913
Nesty_Javi_Chess,2026-07-14,early,0.04324426053687342,0.05763736176680829,0.14193876998240537,0.08094013076202904
alejandro841221,2026-07-14,early,0.028767213038079387,0.08091767582766252,0.13309614008089116,0.08092700964887768
Crasyhealer,2026-07-14,early,0.033014866765197055,0.052319412686375404,0.15735183867722247,0.0808953727095983
WCM-Mexicana,2026-07-14,early,0.02805963372363381,0.0763230849579565,0.1381711012506278,0.08085127331073937
barbosean,2026-07-14,early,0.027092991764457418,0.08746810018262648,0.12778964539408497,0.08078357911372296
j2806,2026-07-14,early,0.04014212653322584,0.041025364045269,0.161154183140195,0.08077389123956329
Bacallao2019,2026-07-14,early,0.033130611218551896,0.06870327033185658,0.14047279829476814,0.08076889328172554
MasterMK73,2026-07-14,early,0.035325643042665424,0.07004556890670105,0.13692184602990246,0.0807643526597563
larazov,2026-07-14,early,0.028551479307179026,0.08147076662779203,0.13226199735837463,0.08076141443111523
EDaMatta,2026-07-14,early,0.03122283914799529,0.06423762844972028,0.14676120969128545,0.08074055909633367
FedaMaster,2026-07-14,early,0.03643782391204378,0.05080695203597486,0.15486792036409608,0.08070423210403824
incredible64,2026-07-14,early,0.03309801834062872,0.06493237077619111,0.14403277640981668,0.08068772184221217
ItalianMachine,2026-07-14,early,0.03189551518961238,0.06341065575916834,0.14671907219051294,0.08067508104643122
Capitan-A,2026-07-14,early,0.0303358501471597,0.07053924077253212,0.14112662634519407,0.0806672390882953
ChessCenterOfficial,2026-07-14,early,0.02815278575376517,0.08100669577937347,0.13281402705183545,0.08065783619499137
Segatov,2026-07-14,early,0.028215626996785925,0.08158834302620949,0.13212369338421376,0.08064255446906972
BabageldiAnnaberdiyev,2026-07-14,early,0.029788182743797527,0.0636310570767433,0.14846215380225913,0.08062713120759998
pokochajszachy,2026-07-14,early,0.03822848832583289,0.041305093711074506,0.1623315387430391,0.08062170692664883
jannat_65,2026-07-14,early,0.035696243525034616,0.07141298190883898,0.13469110804972,0.08060011116119786
ori99,2026-07-14,early,0.036559992068129696,0.06497265532082713,0.14026694560609226,0.08059986433168304
amateurchess20,2026-07-14,early,0.028952821350811384,0.05632437473595522,0.15652015467281594,0.08059911691986084
mmaks007,2026-07-14,early,0.027437319726311027,0.07991570715232536,0.13444170631094457,0.08059824439652698
GanarDespacito,2026-07-14,early,0.026618053522576006,0.08936526282576453,0.12580561035322593,0.08059630890052215
RealPerangel,2026-07-14,early,0.030132464978937006,0.06304793973570995,0.14846978040341383,0.08055006170602026
egnfanclub,2026-07-14,early,0.03052242310714535,0.07877208327865906,0.13234583307328537,0.0805467798196966
wudileige,2026-07-14,early,0.026232628554782523,0.0940211773771505,0.12135002682342258,0.08053461091845186
PupiloMito,2026-07-14,early,0.0387986983291647,0.04555658074332071,0.15724829190392334,0.08053452365880291
GM-2023,2026-07-14,early,0.03019750806636948,0.0758061583872983,0.1354875508923388,0.08049707244866887
GM_LOADING,2026-07-14,early,0.030478334931476718,0.07463906953202504,0.13634940613994273,0.08048893686781483
trriinu,2026-07-14,early,0.037319336849961915,0.051833822826224674,0.1522159698801667,0.08045637651878443
kalinchick,2026-07-14,early,0.03219823054416116,0.06566415600240014,0.14350522905607974,0.080455871867547
chesshermar,2026-07-14,early,0.03405131426178409,0.05813019046927594,0.14918019269323443,0.08045389914143149
claudyna16,2026-07-14,early,0.03059462766982491,0.07013058996353326,0.14057633683322737,0.08043385148886185
marszach123,2026-07-14,early,0.03789185108381535,0.038148377658884715,0.1652566610731844,0.08043229660529481
Vigg-Sama,2026-07-14,early,0.03314068297016554,0.050118076049641296,0.15794359495579538,0.08040078465853408
winniethepooh04,2026-07-14,early,0.035217636393122705,0.060834748977537954,0.14513012107597137,0.08039416881554401
Andrjywa,2026-07-14,early,0.028394461707963004,0.0802994621625076,0.13244470041823558,0.08037954142956873
KobyKalavannan,2026-07-14,early,0.04293705999739921,0.04377589807934989,0.1543808814674799,0.08036461318140968
fillipos12,2026-07-14,early,0.03719647316696007,0.0752734619880797,0.12862185056170472,0.08036392857224817
BoltzMannS,2026-07-14,early,0.02689637770976176,0.087795504925459,0.12636408766246343,0.08035199009922807
Loiacono_Antonio,2026-07-14,early,0.03214911633571182,0.05807595314242104,0.1507674316642293,0.08033083371412071
Topencik,2026-07-14,early,0.026815184744994367,0.09079627098099083,0.12333247065723164,0.08031464212773894
Schwindle,2026-07-14,early,0.038627099654087886,0.03779856645569223,0.16442585485429603,0.08028384032135871
boby_chess_2010,2026-07-14,early,0.03565826590013883,0.06135895119097519,0.14376698868678953,0.08026140192596785
renanreis,2026-07-14,early,0.027620545602859137,0.08287223173139414,0.1302789026628669,0.08025722666570673
karenzadita,2026-07-14,early,0.027620545602859137,0.08272108693204673,0.1302789026628669,0.08020684506592425
NateSolon,2026-07-14,early,0.03770963680937718,0.04484508755309693,0.15794622229678082,0.08016698221975165
Fortitudine,2026-07-14,early,0.035291553994022014,0.05176981360923755,0.1534134000675893,0.08015825589028296
2L8IWUN,2026-07-14,early,0.03622562750128929,0.04005590072649647,0.16417876828776282,0.08015343217184952
Chess_Caio2007,2026-07-14,early,0.03922393262114223,0.03883459470669009,0.16238985940371153,0.08014946224384795
enfanterrible,2026-07-14,early,0.03055764913877976,0.0649529884079741,0.14483709729178093,0.08011591161284493
Margency,2026-07-14,early,0.033081506918535,0.053023816721870794,0.1542076600083046,0.08010432788290346
silverback96,2026-07-14,early,0.028268985944057606,0.08031564121019535,0.1317046332328663,0.08009642012903975
OrtizAnahi2001,2026-07-14,early,0.029226457288511667,0.07600675874848549,0.13505226472639073,0.08009516025446263
Haykos,2026-07-14,early,0.03381322136442165,0.04780387059722064,0.15858257260110867,0.08006655485425032
NahIdTilt,2026-07-14,early,0.028343940424860763,0.07346604034914629,0.1383567711007728,0.08005558395825994
jamesaltucher,2026-07-14,early,0.027737314190530753,0.07782489981441189,0.1345057400004699,0.08002265133513752
Saidov_B,2026-07-14,early,0.02912664603067522,0.07493940943502697,0.13576271598717266,0.07994292381762495
Zura_19,2026-07-14,early,0.02558285398569334,0.08911923001062248,0.12511523729557314,0.07993910709729632
MennaBarreto,2026-07-14,early,0.03881140669269566,0.06614903213010707,0.1347478576995762,0.07990276550745964
mamonika,2026-07-14,early,0.03673354633006086,0.053962806680207774,0.1490097903774751,0.07990204779591457
fekirsito10,2026-07-14,early,0.029358772426550397,0.08781219847344111,0.12225374281532689,0.07980823790510613
luachess1,2026-07-14,early,0.030380034480695303,0.07363390856070635,0.1353394943210849,0.07978447912082885
MalcolmPein,2026-07-14,early,0.03541270740054353,0.04361248970879702,0.16026501906736038,0.07976340539223364
IMUffeVinther-Schou,2026-07-14,early,0.027761229854702217,0.07823367884504848,0.1332396686964204,0.07974485913205703
JohnDanielBryantIII,2026-07-14,early,0.04177344675034922,0.05985609560581719,0.1375017464301025,0.07971042959542297
Chesscoach_uk,2026-07-14,early,0.033292452719596986,0.06592452646599621,0.1399058878371282,0.07970762234090713
Veganator13,2026-07-14,early,0.03411340994829939,0.05087417880678134,0.15411365166772284,0.07970041347426786
BAS8892,2026-07-14,early,0.03560626382155002,0.04485858027012691,0.15862401293538814,0.07969628567568836
Groetzi,2026-07-14,early,0.02690034303541421,0.08294487142219235,0.12922816135151985,0.0796911252697088
LucaProtopopescu,2026-07-14,early,0.025593517388018575,0.09168654300545558,0.12177810605055399,0.07968605548134271
mirciulica14,2026-07-14,early,0.02511954190875085,0.0940374045104219,0.11987641310068327,0.07967778650661868
SergiooCampos,2026-07-14,early,0.028088671004529445,0.08566965483726625,0.12518675403639043,0.07964835995939538
Mrms05nnb,2026-07-14,early,0.03185146269555722,0.06919175679529913,0.1378915016621319,0.07964490705099608
Tomytoteph,2026-07-14,early,0.03203607137463538,0.056459671488080544,0.1504018397552651,0.07963252753932701
maroro07,2026-07-14,early,0.02939574187109844,0.07502906126688134,0.1344657844405405,0.07963019585950676
grandmastergauri,2026-07-14,early,0.03150158903011767,0.0496969390744763,0.1576353204819897,0.07961128286219456
crazy_machine,2026-07-14,early,0.03191296407812424,0.05778701800622986,0.14912195694173444,0.07960731300869618
tintreach,2026-07-14,early,0.02653543373016803,0.0822221834974715,0.1300540541186708,0.0796038904487701
tuditz_uu,2026-07-14,early,0.033439713159955996,0.059055298661162214,0.14627852469370645,0.07959117883827489
laziestwin,2026-07-14,early,0.030799708627057408,0.05040762950192233,0.15753056873179597,0.07957930228692524
balachess2006,2026-07-14,early,0.03199373856216581,0.06283501030845585,0.14389932585720908,0.07957602490927691
Grounded_Goblin,2026-07-14,early,0.025333796387789712,0.0929184978191707,0.12043297699776215,0.07956175706824085
GadimbayliA,2026-07-14,early,0.03309576886988175,0.04118092266309304,0.1643512321590789,0.07954264123068457
GasparAsprelliok,2026-07-14,early,0.026643210175140278,0.0848909198441878,0.12700034521142864,0.07951149174358557
OglazaOskar2005,2026-07-14,early,0.03724058765294694,0.041364648037053205,0.15991437274441225,0.07950653614480413
yandry1996,2026-07-14,early,0.03266344795980139,0.07372730774532464,0.13209935488068714,0.07949670352860438
Caclox,2026-07-14,early,0.03038138970875787,0.06202316663336059,0.1460296379902073,0.07947806477744192
Darkbluelord,2026-07-14,early,0.030405583245065638,0.06752761014042097,0.1404151265574144,0.079449439980967
hoshor,2026-07-14,early,0.027704105303651687,0.08130113175637609,0.12922155594434087,0.07940893100145621
valepaza,2026-07-14,early,0.028302686080014933,0.07840152825392946,0.13141891032685796,0.07937437488693412
ChessDojo,2026-07-14,early,0.028012848112296453,0.08344494512236059,0.12665626719113643,0.07937135347526449
Chess_RSM,2026-07-14,early,0.029319270378579853,0.07286151523335004,0.135869078226168,0.0793499546126993
Arjun2002,2026-07-14,early,0.031171798387089177,0.0681410995275412,0.1385890562864032,0.07930065140034452
J-Isaac,2026-07-14,early,0.025828678247753485,0.08821696512284477,0.1237908524217733,0.07927883193079051
Powerofchess09,2026-07-14,early,0.02979079119862473,0.05677250729601187,0.15125785784649606,0.07927371878037755
Orkhan_Eminov,2026-07-14,early,0.08052322859106352,0.04603375371398019,0.11124384067309662,0.07926694099271343
DonJuan_34,2026-07-14,early,0.03199474638333368,0.04478242481866124,0.16094282134052926,0.07923999751417472
Roachelley,2026-07-14,early,0.02905722964588671,0.057953666532071714,0.15070342741654272,0.07923810786483372
Korona_91,2026-07-14,early,0.029652497298851582,0.07395426211021362,0.13410205298551775,0.07923627079819433
Biregina,2026-07-14,early,0.028917003865375088,0.06555749645909222,0.14317856426925635,0.07921768819790788
el008,2026-07-14,early,0.032762535255152554,0.04521440504919535,0.15956316605331883,0.07918003545255557
pavelalexandru07,2026-07-14,early,0.029652497298851582,0.07449015172814077,0.13339695625615236,0.0791798684277149
sari07,2026-07-14,early,0.03679300911018204,0.049603644804982076,0.15109597667884933,0.07916421019800447
Aborigen_came,2026-07-14,early,0.03016730696505355,0.06013303527221167,0.14718131938989557,0.07916055387572025
JiangoFett,2026-07-14,early,0.03289608661199285,0.05391978855535113,0.15062112492967045,0.07914566669900482
Komissarov_alex,2026-07-14,early,0.03843396195662491,0.06382688803640056,0.1350917360019799,0.07911752866500178
nassimzrikem,2026-07-14,early,0.032003589933430276,0.056735327177424966,0.1485973190676421,0.07911207872616578
Raffaello123,2026-07-14,early,0.031228479866918738,0.07245928191105404,0.13359305727658413,0.07909360635151896
schack_vit,2026-07-14,early,0.033885360235762885,0.0384690978531804,0.1648710119283163,0.07907515667241986
Granatomet552,2026-07-14,early,0.03459640337751656,0.07717901340972225,0.1254474531167102,0.079074289967983
SIOJ,2026-07-14,early,0.03539195814401768,0.064592040309865,0.137200774951911,0.07906159113526455
area_5,2026-07-14,early,0.02889420677728974,0.07467354817447608,0.13343800523780247,0.07900192006318943
PetrolulSah,2026-07-14,early,0.03302138813990547,0.04922727156142466,0.15471978426710126,0.07898948132281046
Sasha2109,2026-07-14,early,0.027215020857172388,0.07968018902157799,0.13006766255255514,0.0789876241437685
Sulthankan,2026-07-14,early,0.03359156708130102,0.04646041678925622,0.15690554497558087,0.0789858429487127
JoseRemolar,2026-07-14,early,0.03786102701164664,0.04045598793696722,0.1586400241093017,0.07898567968597185
rogapa,2026-07-14,early,0.027798028464191927,0.07481013443638557,0.13434458973768576,0.07898425087942108
serefra99,2026-07-14,early,0.034963899797805675,0.04145442810906328,0.1604836817359114,0.07896733654759346
AbsoluteCinema420,2026-07-14,early,0.028202270332995872,0.07779427437668378,0.13089484855137637,0.07896379775368534
adrivillu,2026-07-14,early,0.0326970665945888,0.05471649428132206,0.14941155223499425,0.0789417043703017
kagg1125,2026-07-14,early,0.03500271453519667,0.044978068725398744,0.15682792388435718,0.07893623571498419
woodpusher52,2026-07-14,early,0.03128738525141861,0.05552490790135224,0.1499761564381864,0.07892948319698574
RobKing,2026-07-14,early,0.029225665373653044,0.07589500134792856,0.13156560984270957,0.07889542552143039
papapizza,2026-07-14,early,0.02876173322518205,0.06304074736770833,0.14487478101975576,0.0788924205375487
Iana_Shirova,2026-07-14,early,0.02852363678107511,0.0698497366621901,0.13815940728006806,0.07884426024111109
MathiasCasalaspro,2026-07-14,early,0.030214621303023978,0.08323079871035383,0.12299103524381146,0.07881215175239642
HappyPawny,2026-07-14,early,0.039395681082115594,0.0348082062172376,0.16213725876010252,0.07878038201981857
aifosilianorkuhs2006,2026-07-14,early,0.03183191961699072,0.08053545255720768,0.12383177631137228,0.07873304949519022
lolliNOPE,2026-07-14,early,0.04193267646273574,0.056870327856080656,0.13739468640482516,0.07873256357454718
fmshawnrl123,2026-07-14,early,0.0322430015573661,0.054352499505339484,0.1495874242540496,0.07872764177225174
Dangerousboy228,2026-07-14,early,0.024054448365721733,0.09344231100442128,0.11864933728319825,0.07871536555111376
BobbySteen89,2026-07-14,early,0.02745017992223049,0.07352016501475724,0.13515167462223873,0.07870733985307549
Verony64,2026-07-14,early,0.030922325953607253,0.04429538014883862,0.16090287338960343,0.0787068598306831
StrackedAktonamee,2026-07-14,early,0.03022938319169718,0.05558475151613252,0.15015399998789197,0.07865604489857389
pawnsoverpieces02,2026-07-14,early,0.04051071746246321,0.05051803035149007,0.1448986502777523,0.07864246603056853
macaudreamer,2026-07-14,early,0.02676111726378906,0.08422687835511442,0.12491973474734049,0.07863591012208132
Baron_von_Koenig,2026-07-14,early,0.026292807636815192,0.08796421422568719,0.12161689016748982,0.07862463734333074
BabyAnton,2026-07-14,early,0.0335774872912654,0.05184505301001811,0.15041477072180398,0.07861243700769584
rober85val,2026-07-14,early,0.030580420024056473,0.06649873792435322,0.1385960325558818,0.07855839683476383
Richardmaster,2026-07-14,early,0.028676095913043462,0.07381454244055102,0.1331646503961473,0.0785517629165806
tandercat,2026-07-14,early,0.029267119518169307,0.06116109169312329,0.14515143423159516,0.07852654848096259
SuanTiltado,2026-07-14,early,0.03261882148606838,0.04778506548882799,0.15515433035008838,0.07851940577499492
lukas_111111,2026-07-14,early,0.03324412786327314,0.05379376811313859,0.148461240221438,0.07849971206594991
PetrSoucek,2026-07-14,early,0.03517421834105525,0.05722492762608107,0.1430006672399597,0.07846660440236534
IM_Tissir,2026-07-14,early,0.0297729669138996,0.05845888820075829,0.14715753851944974,0.0784631312113692
IlSultanoo,2026-07-14,early,0.02831499703089222,0.06200412768490238,0.14500054762656447,0.07843989078078635
LaStreetCmaMaison,2026-07-14,early,0.030069814293320268,0.05391636680372991,0.1513144874080773,0.07843355616837583
koteRV1610,2026-07-14,early,0.02938793655257458,0.07011463407565699,0.1357219439994653,0.07840817154256562
kleber2007,2026-07-14,early,0.030530716505657633,0.049178152381480746,0.15543099423742357,0.07837995437485398
yaghi31,2026-07-14,early,0.026627360785552206,0.0849713388160456,0.1234956480147436,0.07836478253878047
Murtazin_Ruslan,2026-07-14,early,0.028005589269410762,0.07202516198097275,0.13505871825995583,0.07836315650344645
Phriex,2026-07-14,early,0.036041748248188336,0.05070837567097282,0.1483321104187001,0.07836074477928708
YellowJacek,2026-07-14,early,0.03184284962017133,0.048044961416717824,0.1551879326386144,0.07835858122516785
bn1462,2026-07-14,early,0.028459211037549607,0.07486482339382154,0.13173077905218267,0.07835160449451793
ALEXJR20,2026-07-14,early,0.03828221228094014,0.05492242789319623,0.1416710946031608,0.07829191159243239
wang5ter,2026-07-14,early,0.03012168522736875,0.07036570939006966,0.13437382571726394,0.07828707344490078
Dr_troll,2026-07-14,early,0.03808569080049814,0.06402875412008016,0.1326662461093855,0.07826023034332126
misterlamine,2026-07-14,early,0.03370058153480733,0.047088562666932086,0.15393835219666407,0.07824249879946783
umutataakbas,2026-07-14,early,0.032724506329421234,0.05486384561180774,0.1471295919675717,0.07823931463626689
Ar4uha,2026-07-14,early,0.03066731827593844,0.06259701700275919,0.14139456067897002,0.07821963198588922
BabyBoss31,2026-07-14,early,0.029165736702193065,0.06997684171653966,0.1354986940911284,0.07821375750328705
bluejay1897,2026-07-14,early,0.028394461707963004,0.07355194810987054,0.13265968387956847,0.07820203123246734
Kaufman_David,2026-07-14,early,0.07039453497653252,0.06189808055548014,0.1022797544265405,0.07819078998618438
llamalord42,2026-07-14,early,0.02883668232278613,0.0727961622826656,0.13291578091197054,0.07818287517247409
FM_Crow_FGM,2026-07-14,early,0.027812004439364095,0.07861262454197118,0.1280711522305771,0.0781652604039708
ALBERT_KLOC,2026-07-14,early,0.028551479307179026,0.07315398229242276,0.1327565691435603,0.07815401024772069
Nyzhnyk_Illia,2026-07-14,early,0.027319476781924777,0.0898256332332802,0.1172401167259865,0.07812840891373049
cristianchess19,2026-07-14,early,0.02735460039615035,0.08517680573390529,0.12167409738830931,0.07806850117278831
heimmc,2026-07-14,early,0.028302686080014933,0.07443378833790458,0.13141891032685796,0.07805179491492582
Boryboy,2026-07-14,early,0.029969906310849236,0.06270191966158427,0.14138852014901301,0.07802011537381551
Shota_Azaladze,2026-07-14,early,0.02934764073619091,0.07068799990169122,0.1340051677215259,0.07801360278646935
Cryptinz,2026-07-14,early,0.035054373283878705,0.05011202948273004,0.1488399695297809,0.07800212409879655
Keaton87,2026-07-14,early,0.03253009536197301,0.05324240983607648,0.14817091987686376,0.07798114169163775
Carlos-Axarlian,2026-07-14,early,0.03302349596207976,0.059052939986001245,0.14172160380111204,0.07793267991639768
newauto,2026-07-14,early,0.03350056942005164,0.041522386464266994,0.15877026286814622,0.07793107291748828
IronicSteal05,2026-07-14,early,0.032938859191443376,0.05979835448294601,0.14104608390482265,0.07792776585973735
Golden3agle,2026-07-14,early,0.027802582346035037,0.07471999131293813,0.13120778871115454,0.07791012079004257
BobbyFisher_1943,2026-07-14,early,0.0277458048601076,0.07147146292235425,0.13436387602695224,0.0778603812698047
nj123456,2026-07-14,early,0.03053607562962698,0.059745722349859975,0.14329807314941814,0.07785995704296837
mslemongirl,2026-07-14,early,0.029198059381782396,0.07019688768995459,0.1341639160579634,0.0778529543765668
Mike24147,2026-07-14,early,0.02879236412425186,0.06629982658665255,0.1383968670717318,0.0778296859275454
Jeffinho023,2026-07-14,early,0.03605382249289405,0.03879801911267645,0.15858787886420037,0.07781324015659029
Crazy_passion_fruit,2026-07-14,early,0.0344553838485443,0.044051861507834175,0.1548632996900971,0.07779018168215852
Virre_firre,2026-07-14,early,0.02691961656797867,0.08270535983103049,0.12366636614739619,0.07776378084880178
ParvizGasimov,2026-07-14,early,0.03575062878116943,0.06597890774455697,0.13152447614601523,0.07775133755724721
ValerieRuchinskaya,2026-07-14,early,0.029375351038483082,0.056241805531276785,0.14760841445492665,0.07774185700822883
Hrant_ChessMood,2026-07-14,early,0.04433539249747082,0.034857605727878486,0.15393465149423616,0.07770921657319516
HPanesso,2026-07-14,early,0.027472365771871062,0.07360217891707856,0.13183326956813807,0.0776359380856959
steepedgames,2026-07-14,early,0.03754684987614252,0.038809663994841564,0.15649903526899178,0.07761851637999195
Luca020707,2026-07-14,early,0.025582503012764227,0.08788997698153607,0.11929279949388666,0.07758842649606232
LogoCzar,2026-07-14,early,0.037740733931032944,0.045111418089147384,0.1498325313256833,0.07756156111528788
mariangie523,2026-07-14,early,0.029019314289499137,0.06971914004386881,0.13392673524563142,0.07755506319299979
Spring199,2026-07-14,early,0.028551479307179026,0.07193120073759766,0.1318446868130436,0.07744245561927343
MightyMike_009,2026-07-14,early,0.027373610924674073,0.07293028215196738,0.13193527090178755,0.07741305465947633
KingHomelander,2026-07-14,early,0.03238408117641847,0.05294738637911725,0.14690082615163083,0.07741076456905552
Ivn_2001,2026-07-14,early,0.039056340320577136,0.054252878179959864,0.13890716949254003,0.077405462664359
Maili15,2026-07-14,early,0.03081232593548625,0.05116027368831754,0.15010331363530513,0.07735863775303631
ChessteacherPalmS,2026-07-14,early,0.027977165807191968,0.07258100612452595,0.13145043650181182,0.07733620281117658
Tsschessulover,2026-07-14,early,0.031593689150212226,0.04872793319152788,0.15166790055480517,0.0773298409655151
NightOwlCalculator,2026-07-14,early,0.033636724753980836,0.060503361871216375,0.13784791608363717,0.07732933423627812
SabinaFoisor,2026-07-14,early,0.033044877286966534,0.049818274294108636,0.14891636820474416,0.07725983992860645
H_E_D_G_E_H_O_G,2026-07-14,early,0.026907505974958515,0.07535819458176003,0.1294602642800982,0.07724198827893891
jactorres,2026-07-14,early,0.029261511139311133,0.059858340823655216,0.1425707916066085,0.0772302145231916
druskacik,2026-07-14,early,0.03059462766982491,0.06016078625221997,0.14091934935980222,0.07722492109394903
Chessmasterzt,2026-07-14,early,0.027364654605687103,0.06892968026692417,0.13537547845924636,0.0772232711106192
Nab_c,2026-07-14,early,0.025078887526772967,0.08680914319809478,0.11975654195826697,0.0772148575610449
lasRojas,2026-07-14,early,0.02861428374436664,0.06462417264213717,0.13835633763776442,0.07719826467475609
Grant06,2026-07-14,early,0.07336160091899009,0.05452166468326747,0.10367850330482821,0.07718725630236191
IlanVardi,2026-07-14,early,0.02538600038458014,0.08802579540409898,0.11813617926015968,0.07718265834961292
petearrpan,2026-07-14,early,0.029660007035005466,0.04992154638294318,0.15195347210984472,0.0771783418425978
Silvermist15,2026-07-14,early,0.03828221228094014,0.05147314493152454,0.14173396769262983,0.07716310830169817
Connectedcloud,2026-07-14,early,0.03153115470523344,0.046911650861513596,0.15291219634693032,0.07711833397122579
Kavyev_Ruslan,2026-07-14,early,0.03546726706089159,0.04617691303156073,0.14965629218621715,0.07710015742622316
Alain_Otero,2026-07-14,early,0.02708924754710405,0.07013557435883487,0.1339764184778613,0.07706708012793341
SamuraisOfChess,2026-07-14,early,0.024523993771291802,0.09840112485372925,0.10823829802836993,0.07705447221779699
titan013,2026-07-14,early,0.031127418862183787,0.05771814003292956,0.14226808566657867,0.07703788152056401
karpovian123,2026-07-14,early,0.029705713491602316,0.05535965260885914,0.14601277873495194,0.07702604827847113
u-art,2026-07-14,early,0.04115908015794521,0.04228588083579214,0.14757672287552967,0.07700722795642234
Cacriefils1984,2026-07-14,early,0.027487279822538953,0.07283396474562355,0.13068069668559987,0.07700064708458747
KasimovR21,2026-07-14,early,0.02664611181168518,0.08732091976489739,0.11702992770605343,0.07699898642754534
Fins0905,2026-07-14,early,0.030524403860114416,0.08369405340239676,0.11666945693196583,0.07696263806482567
Kaer_Morhen,2026-07-14,early,0.03973970021270143,0.04090674159646036,0.1502388717916959,0.0769617712002859
Grishap06,2026-07-14,early,0.02783247557819766,0.08070447807859313,0.12232497288667427,0.07695397551448835
Mrlammy,2026-07-14,early,0.03299308473546673,0.04303961363373704,0.15481548405831166,0.07694939414250514
ZeZacarias,2026-07-14,early,0.024161915596678993,0.09042091494805575,0.11621360717691513,0.07693214590721663
JACK_BAU3R,2026-07-14,early,0.030051249987175156,0.0608263051013767,0.13990533625553792,0.07692763044802993
miraitrunks,2026-07-14,early,0.03175351480864157,0.041286840628362506,0.1576621901931179,0.07690084854337399
wohen2,2026-07-14,early,0.02974953108556707,0.06060829565484677,0.1402306757139276,0.07686283415144715
RuleOfTwo,2026-07-14,early,0.029648198650813324,0.06247522652984702,0.13841255668270963,0.07684532728778999
jjbolanos,2026-07-14,early,0.033681913412446904,0.048005575524831354,0.14877693981375098,0.07682147625034308
CMmauricio,2026-07-14,early,0.03171787722514068,0.060150037403752764,0.13859584564113772,0.07682125342334373
NTDVAN12,2026-07-14,early,0.027321468790974458,0.07066181489325175,0.1324672825591362,0.07681685541445414
Reynold9402,2026-07-14,early,0.027385763627963047,0.0681000327989051,0.13493715019103006,0.07680764887263274
DrVitman,2026-07-14,early,0.02944277070758363,0.05845095604411864,0.14234818848109584,0.07674730507759937
realmadridfc123,2026-07-14,early,0.031084521497252805,0.05480484201855433,0.14424940394041463,0.07671292248540726
varunkrishnanchess,2026-07-14,early,0.032023916225414735,0.05843151610919836,0.1396308770749042,0.0766954364698391
Brown_Mamba24,2026-07-14,early,0.03502479878655203,0.04874811968511541,0.14629581792229016,0.07668957879798587
AnnamariM2001,2026-07-14,early,0.03324391376357783,0.05119175761105368,0.1455827868931724,0.0766728194226013
katanaext,2026-07-14,early,0.031228479866918738,0.06497609811517427,0.13373581479382982,0.07664679759197428
Vanek_Runets,2026-07-14,early,0.03783550051006166,0.05238884529550905,0.13968132524241175,0.07663522368266082
YEIKO2017,2026-07-14,early,0.037765776488075775,0.039662052903733896,0.15247491531738747,0.07663424823639904
PenguinPacks,2026-07-14,early,0.03244348039057506,0.04534217553590948,0.15209288722555347,0.07662618105067934
CatLoverPL,2026-07-14,early,0.02614269865129142,0.0673803017674928,0.13621465600537916,0.07657921880805446
Pille85,2026-07-14,early,0.031111291898105003,0.05213343084583865,0.14631711631638988,0.07652061302011118
chesskov1982,2026-07-14,early,0.02855609637310588,0.06469561471441365,0.1362325956895622,0.07649476892569392
OverallStranger,2026-07-14,early,0.030711054403894152,0.046295096437540616,0.1524342763277157,0.07648014238971683
PavlovDanila,2026-07-14,early,0.027385234297969203,0.07007886406981084,0.13196574854893572,0.07647661563890525
Nandish_08,2026-07-14,early,0.026292807636815192,0.08132298810897176,0.12176012729518133,0.07645864101365608
Lord_Neezy,2026-07-14,early,0.025994224718115695,0.08396397807797333,0.1193646724184704,0.07644095840485314
riconaipe,2026-07-14,early,0.0300447005126596,0.058066448730810294,0.1411759040164041,0.07642901775329132
TheSilmarils,2026-07-14,early,0.033662781511500664,0.041313422708737974,0.15428913213564732,0.07642177878529532
Otrovnipacov2405,2026-07-14,early,0.026356884638768934,0.08332054716833913,0.1194619908039724,0.07637980753702682
DefenceWinsChampionships,2026-07-14,early,0.027075912208676577,0.0797733424008763,0.12220927512624286,0.07635284324526524
JuanCGlez,2026-07-14,early,0.029434568466521472,0.058905000533470565,0.1406901291759203,0.07634323272530412
alexsuper1987,2026-07-14,early,0.027620545602859137,0.07248760905095067,0.1287850286929376,0.07629772778224914
ArnaudovP,2026-07-14,early,0.026705481280682,0.07257713263660001,0.12959163870204024,0.07629141753977409
laskakid,2026-07-14,early,0.03054924220027314,0.046725613041530924,0.15158386438382493,0.07628623987520966
0815original,2026-07-14,early,0.03041490804087366,0.05681003357234298,0.1415821257924196,0.07626902246854542
AnastassijaSinitsina,2026-07-14,early,0.042029831112973814,0.04835386325176109,0.1384204764962028,0.0762680569536459
MokshanovAlexey,2026-07-14,early,0.027460257712215604,0.07854248967190555,0.1226559356130197,0.07621956099904696
BairaKovanova,2026-07-14,early,0.035238019720373166,0.03845163236542144,0.15493810176593775,0.07620925128391079
SalgadoChess91,2026-07-14,early,0.028337268900000934,0.06062211442909455,0.13960637182145416,0.07618858505018321
Reyson01,2026-07-14,early,0.02883462469256861,0.0661854339717597,0.1335261172498244,0.0761820586380509
MrrRefrao,2026-07-14,early,0.029652497298851582,0.06502771269190713,0.13385189568981845,0.07617736856019239
WatchUrClock,2026-07-14,early,0.032466251194645766,0.05527929550719018,0.14071254702832267,0.07615269791005287
iamanoush,2026-07-14,early,0.028445598540140914,0.06688759987210091,0.13309809111942097,0.07614376317722094
JGroffCT,2026-07-14,early,0.026302392995299535,0.08217211027859955,0.11992631294859128,0.0761336054074968
PurpleUnicorn2853,2026-07-14,early,0.03003153444430825,0.06106984936960344,0.13727696317614155,0.07612611566335108
npaipal,2026-07-14,early,0.02654861039106973,0.0745962828704692,0.12717267479251074,0.07610585601801656
angryhorse9,2026-07-14,early,0.030919756451816997,0.06505849858182462,0.1322219891146855,0.07606674804944237
witcher8,2026-07-14,early,0.026356884638768934,0.08245754145172407,0.11936900509538255,0.07606114372862519
korason34,2026-07-14,early,0.03188042428162499,0.047193074971917395,0.14908848726172771,0.07605399550509002
akretchetov,2026-07-14,early,0.029223227851281154,0.056524476119227396,0.1424086413868907,0.07605211511913308
Pitomina,2026-07-14,early,0.03235503959965041,0.04659811645511228,0.1491337800881349,0.0760289787142992
CakeinSpace2002,2026-07-14,early,0.0308966264638393,0.06385183334671368,0.13327248524785928,0.07600698168613741
redgrob,2026-07-14,early,0.029475265944485046,0.06011670107461175,0.13827257404883853,0.07595484702264511
dedpihto_v_kozhanom_palto,2026-07-14,early,0.029787657388741305,0.04309381696245032,0.15496340260355615,0.07594829231824926
AlleyOoper,2026-07-14,early,0.03711132268717444,0.04073815446244663,0.1499943763911817,0.07594795118026759
CatLivesMatter,2026-07-14,early,0.029165736702193065,0.06316620100413434,0.1354986940911284,0.07594354393248527
Euge_chess,2026-07-14,early,0.04156324447998143,0.046539085957709135,0.1396675674673502,0.07592329930168025
kikydu96,2026-07-14,early,0.02883462469256861,0.06550347020532475,0.13340843893492274,0.07591551127760536
PrincessLiLA,2026-07-14,early,0.02824382887323582,0.06836503621868327,0.1311221530878139,0.07591033939324432
Cryptochess,2026-07-14,early,0.0322945439541602,0.042322201446220536,0.15310894136338793,0.07590856225458956
IDontWannaRecognized,2026-07-14,early,0.03016114922162883,0.0638225656183389,0.13373450963165842,0.07590607482387539
HelenaWalker2912,2026-07-14,early,0.028662007970297637,0.06601329173455851,0.13298508310652787,0.07588679427046134
GiftedThing,2026-07-14,early,0.02873298583326321,0.06037198828361084,0.1385102110395375,0.07587172838547052
elpatodice,2026-07-14,early,0.02761409523425234,0.06492639587806108,0.134954310801534,0.07583160063794914
Elbebiber,2026-07-14,early,0.03109374428642371,0.0474344207998479,0.14895319912453348,0.07582712140360169
jsdbv18,2026-07-14,early,0.027074326531954185,0.04966745581855208,0.15064565407857605,0.07579581214302744
jkidjr22,2026-07-14,early,0.03838306374523688,0.03439153294464548,0.15456695138892237,0.07578051602626824
Nick12772,2026-07-14,early,0.04012874399836653,0.04682125140301787,0.14035602356410154,0.07576867298849531
wanderingexplorer,2026-07-14,early,0.035519085191916655,0.039421177172531775,0.15236456661007947,0.07576827632484263
LuisIbarraCh,2026-07-14,early,0.029346987507867746,0.06460335399470009,0.1332932968083624,0.07574787943697675
PursuitOfHappyness2,2026-07-14,early,0.03445307723884018,0.08378503011740002,0.10899564784646955,0.07574458506756991
randomkiblitzer,2026-07-14,early,0.028281938520074407,0.06580163094567427,0.13265968387956847,0.07558108444843904
DrN00binator,2026-07-14,early,0.038986893939423097,0.048842467090193145,0.13890716949254003,0.07557884350738543
MuhittinBuker,2026-07-14,early,0.02813675193431813,0.04719643527102152,0.15131926112891628,0.07555081611141864
alacritous,2026-07-14,early,0.030991462261845848,0.05227656013601989,0.14333639645823182,0.07553480628536585
kflorian98,2026-07-14,early,0.026966034148774774,0.07907648678081661,0.12050826236815672,0.07551692776591602
expii,2026-07-14,early,0.03440481787078631,0.034541808413269176,0.15758416924448715,0.07551026517618088
momotaro77,2026-07-14,early,0.0310334049404893,0.046106185056811536,0.14938201230807585,0.07550720076845889
liwadas82,2026-07-14,early,0.03130586475949369,0.038291225818495624,0.15692136250418215,0.07550615102739049
gonzaga23,2026-07-14,early,0.0307324839670203,0.05248174506057495,0.1432367222335092,0.07548365042036814
candela2013,2026-07-14,early,0.028378636663162003,0.06490948636963227,0.1328566142372648,0.07538157909001969
Yevhen_Taranenko,2026-07-14,early,0.030453362393608845,0.06717106292579342,0.1284177754841209,0.07534740026784105
MartinOksendal,2026-07-14,early,0.029334819318308954,0.0630058291387213,0.1336952888497321,0.07534531243558745
MillyNeuf,2026-07-14,early,0.04059235081508115,0.03995622568929898,0.1454586504466047,0.07533574231699494
Mr_Heisenberg13,2026-07-14,early,0.04128432622141577,0.03880642949591158,0.1459147998460618,0.07533518518779637
osh1ro,2026-07-14,early,0.03147458331450782,0.049013364025783684,0.14537447562081618,0.07528747432036924
Kaustubh_Kodihalli,2026-07-14,early,0.03344440337616377,0.04890715386577507,0.14343975971156034,0.07526377231783306
Gevo1990,2026-07-14,early,0.026302392995299535,0.07931166005410968,0.12008797388085977,0.07523400897675632
Luklei18,2026-07-14,early,0.027487279822538953,0.06662247602003792,0.131566864232759,0.07522554002511196
rochaaaaaaaaaa,2026-07-14,early,0.027691906852969708,0.04933715355416154,0.1485162470017324,0.07518176913628788
Respectful_Dave,2026-07-14,early,0.029563935841019157,0.05590075408706515,0.14003442713951006,0.07516637235586479
AprilZhong,2026-07-14,early,0.028417937144891076,0.06539532855312828,0.1316338937881908,0.07514905316207005
GnowReopard,2026-07-14,early,0.028704865439534422,0.06332719766364597,0.13335754857191315,0.07512987055836451
recargado,2026-07-14,early,0.027002874055404663,0.07521090549681574,0.12313640942691167,0.07511672965971068
Vegan4future,2026-07-14,early,0.0315368375569377,0.03980379031083099,0.15399379667869068,0.07511147484881979
Maryna1P,2026-07-14,early,0.029098891792003326,0.05800362379794324,0.13822016204946894,0.0751075592131385
SizdemiAntalyaya,2026-07-14,early,0.029989407613533733,0.06833549806348523,0.12681293122091952,0.07504594563264616
bobbithebuilder11,2026-07-14,early,0.02841179637175678,0.05147231445247066,0.1452013530750656,0.07502848796643101
parmupill123,2026-07-14,early,0.03034010471014246,0.06110662781382574,0.13362486429078196,0.07502386560491672
Trankuilizer,2026-07-14,early,0.03783550051006166,0.050992328692592494,0.1361396225376298,0.07498915058009464
Elfangm2,2026-07-14,early,0.02936216538731829,0.053949218533352175,0.1416390965849773,0.07498349350188259
Susik_Gaboyan,2026-07-14,early,0.030285668278097106,0.06168565620894697,0.13289033653326307,0.07495388700676904
NM_NHTT,2026-07-14,early,0.03463336287997618,0.03328838488749599,0.15690568532006788,0.07494247769584668
Alex-11211,2026-07-14,early,0.028773153550460735,0.056913393518678225,0.13910674743636361,0.07493109816850085
Fang3416,2026-07-14,early,0.02675180569017689,0.07523996121925554,0.12278429883028365,0.07492535524657203
Atom596,2026-07-14,early,0.026255004898852463,0.07888314048484564,0.11959940553025866,0.07491251697131891
Golden_Kn1ght,2026-07-14,early,0.024794759505067446,0.08412779014878957,0.1158104403110331,0.07491099665496337
AdrianMartelli,2026-07-14,early,0.03086518933603022,0.0548077973762833,0.13901470118298268,0.07489589596509873
theopera,2026-07-14,early,0.02566974483124666,0.07973946672899121,0.11927477959878127,0.07489466371967306
2KRK1,2026-07-14,early,0.02690034303541421,0.06797366130820463,0.1297725541513467,0.07488218616498851
Chimpinha,2026-07-14,early,0.03247446345998311,0.039643833572046594,0.15250362056683472,0.07487397253295482
Sacrifice,2026-07-14,early,0.02826855137897878,0.06441534044901082,0.13191838193825148,0.07486742458874703
secretroses,2026-07-14,early,0.03012801462391876,0.04831401850802941,0.1460545215501573,0.07483218489403516
Zlatan56,2026-07-14,early,0.02702457145317867,0.05228618660886826,0.14511467987993784,0.07480847931399492
nadiss,2026-07-14,early,0.040648289246715416,0.04566897172439371,0.13807783011447688,0.07479836369519534
Bruno314159,2026-07-14,early,0.02320712851617406,0.08341207951896608,0.11774669609986234,0.07478863471166748
Machteldvf,2026-07-14,early,0.02714835124476336,0.07304652778013003,0.12413596137109824,0.07477694679866388
aldareee,2026-07-14,early,0.026448588824259964,0.08146503678083429,0.11631726414580919,0.07474362991696781
georgevlassis5,2026-07-14,early,0.02872275703848411,0.051066679801410324,0.14435677533327188,0.0747154040577221
Tetyana08,2026-07-14,early,0.026356884638768934,0.07938365813761737,0.11837773251321647,0.07470609176320092
MajorCoast,2026-07-14,early,0.03025385866630975,0.04848476485622749,0.14523136804172074,0.07465666385475266
1000Suleyman,2026-07-14,early,0.026645972243281718,0.0693798847418305,0.1279238403754265,0.07464989912017957
jmpion,2026-07-14,early,0.031681981731076087,0.052617357710886895,0.13937819680109667,0.07455917874768654
canary2016,2026-07-14,early,0.03179349485956155,0.03719840812661172,0.1546271725167825,0.07453969183431859
TigreMexicano,2026-07-14,early,0.02640346632538308,0.08249078516617393,0.11470918253072389,0.07453447800742696
Grandmaster2B,2026-07-14,early,0.03254083884899754,0.06164818014021966,0.12939090940339149,0.07452664279753622
LenkaPtacnikova,2026-07-14,early,0.029098732665223823,0.055748428417224216,0.1385015873738328,0.07444958281876028
x-3738459472,2026-07-14,early,0.03640507142556564,0.033223703745394066,0.1536997491965988,0.07444284145585284
PlymouthArgyle,2026-07-14,early,0.03168618769931506,0.046962494890221584,0.14461184219546044,0.07442017492833236
Suarez928,2026-07-14,early,0.03023564933497896,0.05349799682818435,0.13948173330852984,0.07440512649056438
IMTominho,2026-07-14,early,0.03164720988913229,0.05527227957702835,0.13627221449175317,0.07439723465263794
chesniu,2026-07-14,early,0.026760688250100816,0.07725226152295424,0.11907740217087529,0.07436345064797678
Michalczak,2026-07-14,early,0.032407719989029644,0.04434911760292497,0.14628801451489215,0.0743482840356156
1f3_2g41-0,2026-07-14,early,0.03108620597843315,0.0487027363065123,0.14315283594877248,0.07431392607790598
infantaria08,2026-07-14,early,0.026890587499131872,0.06214963972855385,0.13385172761253983,0.07429731828007519
PacingRope,2026-07-14,early,0.02933759819429902,0.05726214097510066,0.1362132859505464,0.07427100837331536
Mazetovic,2026-07-14,early,0.03238984515642965,0.03619786532662362,0.15419796430864754,0.0742618915972336
fighter2jz,2026-07-14,early,0.029362515906204614,0.05978352286817502,0.1336349355954988,0.07426032478995948
EmmaChess,2026-07-14,early,0.027761229854702217,0.061631787233742526,0.1333624104015224,0.07425180916332239
Mudinoss,2026-07-14,early,0.027513666478282812,0.07207264367021528,0.12316387828668464,0.07425006281172758
Atanejhad,2026-07-14,early,0.03158945374260892,0.04063213409497293,0.15046832286554448,0.07422997023437544
ParagonFighter,2026-07-14,early,0.03211361959498579,0.045172957167369375,0.14532097776880454,0.07420251817705324
OLDTERMINATOR,2026-07-14,early,0.028420131917869306,0.06054418951960078,0.13351789040567252,0.07416073728104754
Abu-AlHussein,2026-07-14,early,0.025570451401979877,0.07719486337399721,0.11966862147955545,0.07414464541851085
Schachpanda_Youtube,2026-07-14,early,0.027646276615920742,0.06091078249112061,0.13385028166704013,0.07413578025802715
elprimo2012mortis,2026-07-14,early,0.029121972977108022,0.06022205042259456,0.1330109574095318,0.07411832693641146
KingCrusher275,2026-07-14,early,0.031695768255497796,0.04681027326190575,0.1438450790576818,0.07411704019169511
narutosmith,2026-07-14,early,0.030588462196259013,0.05937982366106397,0.1323313086575817,0.07409986483830155
KamilGrycel,2026-07-14,early,0.03140122818891652,0.04022050871919051,0.15065607119444058,0.0740926027008492
AntunesPeroza,2026-07-14,early,0.024935066938284525,0.08450558408698626,0.11273241618614321,0.07405768907047133
duone,2026-07-14,early,0.03365456904666377,0.04858214229813844,0.1399141226333428,0.074050277992715
omidnoroozi21,2026-07-14,early,0.031995713856279286,0.05421408644143905,0.13592914396833986,0.07404631475535273
Eusebius,2026-07-14,early,0.03504446749622257,0.035249203661349884,0.1517977963300115,0.07403048916252798
PatrickStawr,2026-07-14,early,0.026155550936006182,0.07919586124600704,0.11671684112021043,0.0740227511007412
RaphaeI,2026-07-14,early,0.0308254532771748,0.055408124376217685,0.13578206745665744,0.07400521503668331
Heliosis11,2026-07-14,early,0.031537969541730146,0.04802975792155885,0.14241492143216822,0.07399421629848574
ace_mar,2026-07-14,early,0.029031055297087157,0.05856809709444853,0.1342925069364159,0.07396388644265052
Hamlet,2026-07-14,early,0.026155550936006182,0.07831890867129267,0.11737792794732259,0.07395079585154048
cande_francisco,2026-07-14,early,0.029127587614507865,0.046122889541377596,0.14652844326243994,0.07392630680610847
FrenchHarvey,2026-07-14,early,0.036121082513542214,0.03467030257435207,0.15093880628567358,0.07391006379118929
jazz_0607,2026-07-14,early,0.025543131434339412,0.07853591408613869,0.11754811132246426,0.07387571894764745
seramoral,2026-07-14,early,0.032952758194966326,0.036618427346115735,0.15203092422693698,0.07386736992267301
GatorCity,2026-07-14,early,0.027121024701321807,0.07024217695677945,0.12406831013910931,0.07381050393240352
Nigerianprodigy,2026-07-14,early,0.03188268766650782,0.04505001898826045,0.14439391061988693,0.07377553909155173
Oneofmyturns,2026-07-14,early,0.02854514165329804,0.05922946079987499,0.13353729758736355,0.07377063334684553
GalperinPlaton,2026-07-14,early,0.03470728759217387,0.04094878636762662,0.14558854004547866,0.07374820466842638
BlackGrove,2026-07-14,early,0.02573667457255918,0.07311232863302865,0.12239534893464377,0.0737481173800772
ariosp,2026-07-14,early,0.03039743245878621,0.05715604946522013,0.13362433892241662,0.07372594028214098
Buffy7,2026-07-14,early,0.03805645628420491,0.04843321829818827,0.13467766375182288,0.07372244611140535
peixe64,2026-07-14,early,0.03070071091685715,0.05230994492521704,0.13812076569226087,0.07371047384477836
petrpalachev,2026-07-14,early,0.04075932304448742,0.04320556553949274,0.1371591000483766,0.07370799621078558
yjjga,2026-07-14,early,0.025943315611765685,0.07353370370303289,0.12163875111219051,0.07370525680899637
TemploVillamarin,2026-07-14,early,0.027827309018653313,0.058196062348258214,0.1350865588304125,0.07370331006577469
mariaesthergranados,2026-07-14,early,0.03122792261725466,0.04561002464433666,0.1441077994466225,0.07364858223607128
pawndissection,2026-07-14,early,0.028949121139454796,0.058125224928041695,0.13381651782279289,0.0736302879634298
Pelopidass,2026-07-14,early,0.03051678864185405,0.05509882264389028,0.13524840600848648,0.07362133909807693
DariaVoit,2026-07-14,early,0.040957635476473415,0.04170635019396186,0.1380783503608459,0.07358077867709373
Jans174,2026-07-14,early,0.023500993805888874,0.08100375803596346,0.11620455775388344,0.07356976986524526
Fluffey,2026-07-14,early,0.028602890594544645,0.058530470231974004,0.13343660395589688,0.0735233215941385
Danito1954,2026-07-14,early,0.032182596120431194,0.04497566507519722,0.1432652353936555,0.07347449886309464
CaptainCasanova,2026-07-14,early,0.03715485840408729,0.03394596664767,0.1493196649337115,0.07347349666182293
ivanquiroga,2026-07-14,early,0.031386817035927675,0.05363146920894224,0.13537077466897313,0.07346302030461434
misha_melnichuk,2026-07-14,early,0.030904618854231323,0.050442552852350865,0.13898323373904453,0.07344346848187557
Cocolino31,2026-07-14,early,0.02668705008809043,0.061553365611793656,0.13199504788297026,0.07341182119428478
HankMD,2026-07-14,early,0.02522311476982533,0.0746502186766881,0.1203244262637354,0.07339925323674962
harlem4brew,2026-07-14,early,0.0430647827821208,0.030690822961557965,0.14643245720520126,0.07339602098296001
Myst2500,2026-07-14,early,0.02600299643510875,0.07224994667920588,0.12193077141933131,0.07339457151121531
mouseslips_are_the_best,2026-07-14,early,0.028193200636209243,0.05301826364299527,0.13892759778197367,0.07337968735372606
vlad_Sid,2026-07-14,early,0.033757947077388765,0.03631739330282981,0.15005378207381656,0.07337637415134506
chesspanda123,2026-07-14,early,0.046055225097161354,0.03862557931898193,0.13531906234190644,0.07333328891934991
KrokerGuy,2026-07-14,early,0.028940668064918615,0.05714135168753511,0.13382042932232496,0.07330081635825957
awayceiling,2026-07-14,early,0.026728373181330894,0.06863307611611422,0.12450742795846534,0.07328962575197015
KarateBaby,2026-07-14,early,0.03388961292051887,0.032201560305384194,0.1537601424747131,0.0732837719002054
Agustin_Meza,2026-07-14,early,0.03197742399882546,0.04003180899688818,0.1477838254255898,0.07326435280710114
dimitrisl,2026-07-14,early,0.027658725480890684,0.056914856661726264,0.13520698148156596,0.07326018787472764
ChessBrainiacOnTwitch,2026-07-14,early,0.028508078117723705,0.04408038774734291,0.1471866465019436,0.07325837078900341
chessnyCM,2026-07-14,early,0.02327004663267774,0.0811598010148664,0.11528055738638583,0.07323680167797665
GMRAVEN_ON_YOUTUBE,2026-07-14,early,0.02695603917911127,0.06286998682168822,0.12983398856090264,0.07322000485390072
yujiarun18,2026-07-14,early,0.030640484535291182,0.0464222389977163,0.14232179441905146,0.07312817265068632
SultaiChyngyz,2026-07-14,early,0.030700522659018015,0.0362916162912459,0.15237722892765818,0.07312312262597404
mikheeva86,2026-07-14,early,0.028484710194778183,0.057821189760769325,0.1328566142372648,0.0730541713976041
traveee7,2026-07-14,early,0.031904027238034365,0.043800116074696666,0.1432152283817863,0.07297312389817244
adwilhans,2026-07-14,early,0.030604767856524866,0.052317195050723866,0.1358582325881291,0.07292673183179262
Nutflush,2026-07-14,early,0.029240432215570364,0.0552160909753696,0.13429616408684197,0.07291756242592731
mirceaparligras,2026-07-14,early,0.030165887382074895,0.05095944418275992,0.13760056200095938,0.07290863118859807
The_Great_Kratos,2026-07-14,early,0.031154402953374637,0.04957260962212574,0.13793202469214658,0.07288634575588232
EdenHazard8,2026-07-14,early,0.03243169947295371,0.04840224978139611,0.13778028707589493,0.07287141211008158
nicolasulaneobelassi,2026-07-14,early,0.025580377474282365,0.06149445399094123,0.13149542121911958,0.07285675089478107
OleksandrProkhorov,2026-07-14,early,0.025311040964951226,0.0817141507657353,0.11154242299245264,0.07285587157437971
FMJoseHerrera,2026-07-14,early,0.0280600285505926,0.038951803731049665,0.1514545663333591,0.07282213287166713
BrandonJiang123456,2026-07-14,early,0.032588371411529996,0.04187171022761714,0.14392541793589472,0.07279516652501396
Eliteplayer3,2026-07-14,early,0.03540042569657753,0.04104028615836655,0.1419236115681135,0.07278810780768587
htopia,2026-07-14,early,0.028767213038079387,0.055897929909419185,0.1335617109666302,0.07274228463804293
sina101,2026-07-14,early,0.02621389421818502,0.05862478265647058,0.13336781201691694,0.07273549629719085
chessbia,2026-07-14,early,0.03278880035518171,0.04563143323928818,0.13975040165907968,0.07272354508451652
Hadza_3,2026-07-14,early,0.02747782929945824,0.0488558468384868,0.1413340031048258,0.07255589308092363
ProphetoftheLord,2026-07-14,early,0.03084723993976654,0.048801618269115596,0.13795744364766685,0.072535433952183
AlexNovitz,2026-07-14,early,0.03145095730003368,0.040095389815987814,0.14600299542466383,0.07251644751356177
RobPeresian,2026-07-14,early,0.03788865826688936,0.042855699726882954,0.13671516680455423,0.07248650826610885
MosheFriedland,2026-07-14,early,0.02966821985920218,0.054823477906134906,0.13294237246076931,0.07247802340870213
kemelgallo,2026-07-14,early,0.02773511544423769,0.0573879967991909,0.13219646192285484,0.07243985805542781
KnightOclock,2026-07-14,early,0.030436816486200096,0.06929884381457786,0.11752128502317491,0.07241898177465096
yitongjianghu,2026-07-14,early,0.026426875353840654,0.07896243227803447,0.11182456294768811,0.07240462352652108
disto,2026-07-14,early,0.02614489277992418,0.07160310173641142,0.1194470436421138,0.07239834605281646
bansaboy,2026-07-14,early,0.02598082638773376,0.056394046739589004,0.13480368599462544,0.07239285304064941
GMCarbone,2026-07-14,early,0.02945365000844472,0.037915459050777076,0.14978690175950177,0.07238533693957451
poluprovodnik01,2026-07-14,early,0.040969354171932856,0.04091699147834556,0.13523171070129394,0.07237268545052412
jlandaw,2026-07-14,early,0.026685366216852534,0.0686883232763399,0.12145982285993083,0.07227783745104109
thebulldog1,2026-07-14,early,0.03368174687342505,0.04025007119794868,0.14288387458213853,0.07227189755117075
Experience_Chess,2026-07-14,early,0.03815808937862154,0.04367667913924093,0.13486804851938441,0.07223427234574896
CMJkao,2026-07-14,early,0.024647941754624016,0.08227411493198211,0.10964162913733012,0.07218789527464542
giulianodragon,2026-07-14,early,0.028074971676664347,0.04098691792489506,0.14746071894163745,0.07217420284773228
melissa_guez,2026-07-14,early,0.031148523513781858,0.03856398123689217,0.14671103418395273,0.07214117964487558
topotun,2026-07-14,early,0.027715406823519022,0.057117450337480544,0.13157486228015988,0.07213590648038648
Dom1nant1337,2026-07-14,early,0.02898443953019827,0.04389264746616191,0.1433753779909709,0.07208415499577703
Raja3401,2026-07-14,early,0.030153314243214074,0.04998224516834913,0.13599508469875568,0.07204354803677296
Englishman_18,2026-07-14,early,0.035277109087084445,0.03797983094564155,0.1427966435950916,0.07201786120927252
Kcnock2004,2026-07-14,early,0.03303477705020386,0.0444828289644902,0.1385295351387133,0.07201571371780245
RogelioOscarSanchezB,2026-07-14,early,0.028190516033464317,0.05575889871277591,0.13183082414588715,0.07192674629737579
BrandonJacobson,2026-07-14,early,0.03810870482828798,0.029716938965185145,0.14779186540868133,0.07187250306738481
K2JW,2026-07-14,early,0.030766127895364405,0.03489316900910786,0.1499237724929143,0.07186102313246219
Miguelitro69,2026-07-14,early,0.0305102036287155,0.04005501974004137,0.1448494157172075,0.07180487969532146
Timothy-Xie,2026-07-14,early,0.026224804668437643,0.07116930986137057,0.11797254909318497,0.07178888787433106
moodynorway76,2026-07-14,early,0.023038523906836125,0.07632041928622123,0.11585405379684591,0.07173766566330109
adic2020,2026-07-14,early,0.028499603030928806,0.04823880213545224,0.13845603327357217,0.07173147947998441
PchelkinVK,2026-07-14,early,0.03305034456384931,0.04292825273281836,0.13904127583909018,0.07167329104525262
RegZryt,2026-07-14,early,0.03291414869636684,0.043240204364007676,0.13886110262113285,0.07167181856050246
mehran_azamikia,2026-07-14,early,0.024472331541904178,0.05666325620513573,0.1338362919050231,0.07165729321735434
SuanFernandes,2026-07-14,early,0.028890427525745898,0.04048835747206319,0.14549920482065384,0.0716259966061543
iba6702,2026-07-14,early,0.03286964791959838,0.052102203960369194,0.1298806983924498,0.07161751675747247
Charodej1,2026-07-14,early,0.034157441346018995,0.0374844029939353,0.14316537250421685,0.07160240561472371
Mimsychess,2026-07-14,early,0.032609652105380284,0.03998242253196502,0.14213656506540664,0.07157621323425065
PositionalGenius,2026-07-14,early,0.031816015394568624,0.045555292934670165,0.13710293668205226,0.07149141500376367
Komodo_Dragaon,2026-07-14,early,0.03374508391989114,0.03813280099405759,0.1425301097487198,0.07146933155422285
JackRodgers,2026-07-14,early,0.02891415286585659,0.04913661218400784,0.13635660618430018,0.07146912374472153
Varvara_Poliakova,2026-07-14,early,0.03454282798566714,0.03424632893461018,0.14558304674320086,0.07145740122115939
ElenGajger,2026-07-14,early,0.030325101250925895,0.03630693761144332,0.14735964015334146,0.07133055967190356
Szazados1,2026-07-14,early,0.029795723494738156,0.05346217223771989,0.13070347705163965,0.07132045759469922
ehrenfeld,2026-07-14,early,0.03366589230863899,0.038736745182866954,0.1415494596610681,0.07131736571752469
Halla_123,2026-07-14,early,0.026247104142761567,0.07045373933405724,0.11714052433005083,0.07128045593562321
Prof_Karga61,2026-07-14,early,0.026292807636815192,0.0681203195093877,0.11942306239907992,0.0712787298484276
CD3m,2026-07-14,early,0.027135936411565344,0.06435904169450984,0.12218642065988694,0.07122713292198737
BIANCHIALBINO,2026-07-14,early,0.02794671181823866,0.05519461018291525,0.13040672391241906,0.07118268197119099
moroccanchess23,2026-07-14,early,0.025620817440900428,0.0698624675868492,0.11795269655422404,0.07114532719399123
P_DISCIPLINE,2026-07-14,early,0.025686255820847558,0.0785421966438729,0.10904292223530575,0.07109045823334208
omulcafea,2026-07-14,early,0.026644285518740693,0.06162900009175514,0.12482614383504641,0.07103314314851407
PedagandhamSaketh,2026-07-14,early,0.025196625854358428,0.07694948688701411,0.1108616106556171,0.07100257446566322
Jadeit90,2026-07-14,early,0.03451536650108055,0.03424154830523577,0.1441730488353749,0.07097665454723041
Chess_Star1234,2026-07-14,early,0.028195604201142272,0.06858998750047807,0.11614102266641313,0.07097553812267782
Bala-Afiada,2026-07-14,early,0.030321566597576868,0.04838136295450544,0.13417614295396338,0.07095969083534856
h7s,2026-07-14,early,0.023970552829493768,0.08102805794102534,0.10759795624868464,0.07086552233973459
push_up,2026-07-14,early,0.03178285940350429,0.0402354412971415,0.14039080534173617,0.07080303534746066
Artur0208,2026-07-14,early,0.026321380443815233,0.06748063710647695,0.11859509191589632,0.0707990364887295
dorinademeter,2026-07-14,early,0.024539139296588703,0.07543182745190158,0.11242475646693396,0.07079857440514141
pma83,2026-07-14,early,0.022976567640628776,0.07417007259689477,0.11514534075354181,0.07076399366368845
LunaTheTuna2013,2026-07-14,early,0.031411170218783376,0.04379677163041099,0.13703230707255798,0.07074674964058413
olintoarthur,2026-07-14,early,0.027073437498666607,0.04633338581618202,0.13878003698056282,0.07072895343180381
slow_jamz,2026-07-14,early,0.028979286143217337,0.04894898013114117,0.13418229930847392,0.07070352186094414
Som2310,2026-07-14,early,0.02751380661193886,0.06417162556444374,0.12042024966948235,0.07070189394862166
Wilsy19,2026-07-14,early,0.025292586508472666,0.051810385676260805,0.13492519195719788,0.07067605471397712
RichidelCerro,2026-07-14,early,0.02620962675280754,0.07549226830054144,0.11019351036184456,0.07063180180506451
letsgoband,2026-07-14,early,0.03303477705020386,0.04038188010209425,0.1383867776214676,0.07060114492458856
Skillcam,2026-07-14,early,0.030119890939413575,0.048931991599925576,0.13262922789685633,0.0705603701453985
shadow_master99,2026-07-14,early,0.02441827692095077,0.07957233043491395,0.10765509282095617,0.07054856672560696
FMinho,2026-07-14,early,0.02615270980641084,0.07324669727709454,0.11213532282188235,0.07051157663512925
katharinareinecke,2026-07-14,early,0.026619139947956127,0.05379730415224404,0.130849659978328,0.07042203469284274
jm_gutierrez,2026-07-14,early,0.02845168398476715,0.04751760021966565,0.13526809337198561,0.07041245919213947
shivi_002,2026-07-14,early,0.02341252469035566,0.07339494882381235,0.11442371325595319,0.0704103955900404
BulteniBo,2026-07-14,early,0.026130524044641754,0.06748978962509429,0.11757961778907351,0.07039997715293651
TEREZANA,2026-07-14,early,0.030818044081749763,0.030551943670091782,0.14975817363272725,0.07037605379485627
FelixJoseYnojosa,2026-07-14,early,0.028890902257817038,0.0503285533630221,0.13183717398390998,0.07035220986824971
HipsterChess22,2026-07-14,early,0.028535390506276986,0.04484518292678647,0.1376724646462893,0.07035101269311758
CHENNAIBOND,2026-07-14,early,0.029296188027797074,0.048836027811378815,0.13278397779470924,0.07030539787796171
vova-79,2026-07-14,early,0.025608001220192682,0.050333761933573994,0.13497329614397688,0.07030501976591452
AlexandraBotez,2026-07-14,early,0.027654277234855223,0.04150294190038753,0.1417372890513863,0.07029816939554302
Valeron87,2026-07-14,early,0.029888143827013113,0.03431541529356554,0.14668309038329366,0.0702955498346241
sevilplayschess,2026-07-14,early,0.026000737756492583,0.07585174706539832,0.10902199766946268,0.07029149416378454
tjallkompall,2026-07-14,early,0.02407872788001514,0.049390351665677075,0.13735564017835375,0.07027490657468198
ceraadagaria,2026-07-14,early,0.024271562052776485,0.07886744211988861,0.10764088067123351,0.07025996161463287
financieru,2026-07-14,early,0.0319307563250243,0.06484462251215184,0.11398137267266352,0.07025225050327988
CRObliterator,2026-07-14,early,0.02947649284723684,0.04936049450060787,0.13190626167414915,0.07024774967399795
HimmyBuckets21,2026-07-14,early,0.02555491105780831,0.06658085010856356,0.11835393434398571,0.07016323183678586
strongestgolden,2026-07-14,early,0.025300903941893948,0.06704898139278163,0.11806495695272949,0.07013828076246836
zarnovsky,2026-07-14,early,0.024398361509238145,0.07502295980126447,0.11082463805593182,0.07008198645547814
Beaterawn,2026-07-14,early,0.027655868184541143,0.04637037399801407,0.1361339933982659,0.07005341186027371
bob1263,2026-07-14,early,0.030260021789776586,0.03748652569348094,0.1424061784325791,0.0700509086386122
rickywsb,2026-07-14,early,0.033387460305119264,0.03277294981485406,0.1439886019799963,0.07004967069998987
TheDuck,2026-07-14,early,0.029771369492498017,0.04429098521971923,0.1360063483303723,0.07002290101419652
buenamor1972,2026-07-14,early,0.02614247156653049,0.051812496899703846,0.13207716199553468,0.070010710153923
x-4215684473,2026-07-14,early,0.03080329049073889,0.04457258602623754,0.13465191485190992,0.07000926378962878
gambitovapj,2026-07-14,early,0.03312761807234351,0.03057176619928633,0.1462931512601225,0.06999751184391745
S-Fazulyanov,2026-07-14,early,0.025654145730601846,0.06697804089338576,0.11733845927800311,0.06999021530066357
Fighter0411,2026-07-14,early,0.025666185268411724,0.07517841823685101,0.10906076968967218,0.06996845773164496
Mehraaab,2026-07-14,early,0.025929616608423144,0.06666584070903621,0.11723644427911292,0.06994396719885743
Chessraf-com,2026-07-14,early,0.02584622207334284,0.061358906201475605,0.12244261877184977,0.0698825823488894
Dxtrmined,2026-07-14,early,0.028919544002286444,0.046436617071099626,0.13428827751646139,0.06988147952994915
Danioo,2026-07-14,early,0.03566007931907388,0.0675061437159814,0.10634536011812301,0.06983719438439277
HiTechPanama,2026-07-14,early,0.027383460611665068,0.060733572649649036,0.12136678150762252,0.06982793825631221
Pawnpusherschessaccademy,2026-07-14,early,0.029818010164284012,0.03440739731020121,0.14516407403064316,0.06979649383504279
FCM002,2026-07-14,early,0.0252391624626867,0.06879237480588722,0.11513492015307701,0.06972215247388365
rockero68,2026-07-14,early,0.03861927941911856,0.0383528539446805,0.1321938398022742,0.06972199105535776
IraZyne,2026-07-14,early,0.025218341451798416,0.04153582845493655,0.1424010802962664,0.0697184167343338
bringanita,2026-07-14,early,0.03053696903095338,0.04215951512304994,0.13629432051872167,0.06966360155757499
liczner,2026-07-14,early,0.025573488200037558,0.033655526653469194,0.14975116129136753,0.0696600587149581
DoggieBones3000,2026-07-14,early,0.026903278912042906,0.06144935063480766,0.12058552684663637,0.06964605213116232
PowerChessUtah,2026-07-14,early,0.02666974514698497,0.05321071564582259,0.12903113505223554,0.06963719861501437
shaya01,2026-07-14,early,0.03159647192496854,0.03446851374169878,0.14280667845804093,0.06962388804156942
dtn70,2026-07-14,early,0.0247047236888308,0.0777678324439565,0.10628700518616366,0.06958652043965032
VinjarHammari,2026-07-14,early,0.02497910731303697,0.07685617188139217,0.10674335202666103,0.06952621040703005
Cristi_Coca,2026-07-14,early,0.03439924402026795,0.03378592625007838,0.14037629899300177,0.06952048975444937
Longstom,2026-07-14,early,0.026821339194496804,0.053678765442849136,0.12788148427800888,0.0694605296384516
cansun,2026-07-14,early,0.03267896993655647,0.04158509530208769,0.13400995172449856,0.06942467232104758
Alamzhi21,2026-07-14,early,0.02627684012189224,0.06333704754359856,0.1186228985197676,0.0694122620617528
maicolbenavides,2026-07-14,early,0.024066552757862635,0.07210353716687552,0.11204267153284139,0.06940425381919318
Unbeatable-AK2014,2026-07-14,early,0.02501994113985891,0.07551982300192978,0.1075580988129104,0.06936595431823302
IMAghasiyevKamal,2026-07-14,early,0.03804703179545466,0.030270991843828077,0.13977788511179856,0.0693653029170271
fikus-13,2026-07-14,early,0.024286468769431073,0.07209254895131262,0.11163541516079442,0.06933814429384604
JoseSoza,2026-07-14,early,0.02400561860814526,0.07484962113803835,0.1091201831762993,0.06932514097416097
looooolll123456789,2026-07-14,early,0.028301252998976394,0.04838201415811741,0.1312442927788006,0.06930918664529813
AMIR_GH_86,2026-07-14,early,0.023983102057474493,0.07016532588239938,0.11370222353225543,0.06928355049070976
destroyer305,2026-07-14,early,0.028668138629012196,0.05163838678526236,0.12748431991313544,0.06926361510913666
snchin,2026-07-14,early,0.02688222431134286,0.04918330538654774,0.13171550080882782,0.06926034350223947
Ninocanina,2026-07-14,early,0.02663320438829201,0.05936953746050566,0.12165328464469428,0.06921867549783066
garfio2017,2026-07-14,early,0.03828803078691057,0.026960668472700216,0.14232436924006203,0.06919102283322427
nrbi44,2026-07-14,early,0.024998921092996847,0.06464834155236536,0.11783734418362983,0.06916153560966402
Sconko,2026-07-14,early,0.02617755260198989,0.064381670400059,0.11659996196941375,0.0690530616571542
dsanchez1973,2026-07-14,early,0.024799464793371615,0.04909140182849197,0.1330464711461034,0.06897911258932234
cryptoguru02,2026-07-14,early,0.02992571812256535,0.03882697840670156,0.1381525807939792,0.06896842577441538
Paulewski,2026-07-14,early,0.02616104014220286,0.06179569168315283,0.11887753218832653,0.0689447546712274
Matinghaffarifar,2026-07-14,early,0.025116261081543287,0.0648994320550918,0.11676810635711908,0.06892793316458472
sammartin99,2026-07-14,early,0.03162454806608463,0.038164952226408914,0.13674368790609182,0.06884439606619512
timedothwasteme,2026-07-14,early,0.027963595521650005,0.039648649890969105,0.13890768053240402,0.0688399753150077
GMArsenalAritro,2026-07-14,early,0.024112321373498967,0.0703773132570193,0.11189739984589893,0.06879567815880573
Dilan_Hernandez_Hue1,2026-07-14,early,0.023966521246559142,0.0704293603518206,0.11193931591369682,0.06877839917069219
PresidentLoek,2026-07-14,early,0.026051588058082827,0.06400685777561461,0.11621115685083862,0.06875653422817869
urutodo,2026-07-14,early,0.038308801900515416,0.03821321440654518,0.12932533900126347,0.06861578510277469
CartonMaster,2026-07-14,early,0.025236256289005717,0.07219125565466901,0.10832322897195706,0.0685835803052106
tooclassictooslow,2026-07-14,early,0.02435431803684683,0.06945748244797426,0.1118911167519126,0.06856763907891122
fitod,2026-07-14,early,0.028983864640615063,0.053301025326249196,0.1234151011840086,0.06856666371695762
rolyku,2026-07-14,early,0.02563103522311093,0.06041363261938868,0.11952371180832352,0.06852279321694105
Sacbutt,2026-07-14,early,0.032375954630755426,0.04682614496096564,0.12631553587589453,0.0685058784892052
Rgoltsman,2026-07-14,early,0.03218701016783774,0.026731704717107622,0.1465657619189891,0.06849482560131148
Rgachess77,2026-07-14,early,0.02550264795598836,0.06274430852557107,0.11722074611837081,0.06848923419997675
Jooonaaas1996,2026-07-14,early,0.025654145730601846,0.06180530927838777,0.11798268671367246,0.06848071390755402
VladDobrov,2026-07-14,early,0.03798995911123566,0.03825754295539296,0.12898672767411345,0.06841140991358069
DryCounty,2026-07-14,early,0.026447907412903888,0.052982603344261484,0.12576769572693355,0.06839940216136631
Hakan_Erdogan,2026-07-14,early,0.02575923510778414,0.060636130085172824,0.11869587710016241,0.06836374743103979
Greguer,2026-07-14,early,0.031969035877181855,0.03920400080463769,0.13380776445026288,0.06832693371069413
baag,2026-07-14,early,0.02928062019746418,0.032473642549417495,0.1430261208677618,0.06826012787154782
FM_Kappeler,2026-07-14,early,0.03057671244703986,0.0392767125551867,0.13492281416535623,0.06825874638919427
ZhansayaChampion,2026-07-14,early,0.034032767352657735,0.06539421286506038,0.10533872834184342,0.06825523618652052
jarshh95,2026-07-14,early,0.025580871035054728,0.05583718863413798,0.1232445843112337,0.0682208813268088
eldur16,2026-07-14,early,0.026625376432134907,0.045491609560577295,0.13247559541482032,0.06819752713584416
Hunting_Lion14,2026-07-14,early,0.02499202725374159,0.07520409160975422,0.10410431038308078,0.0681001430821922
adriangschnitzer,2026-07-14,early,0.030540170773674997,0.040162319007613134,0.1335407577922273,0.06808108252450513
BananaAlm,2026-07-14,early,0.03128437663778199,0.03860820109100183,0.1342985936054513,0.06806372377807837
Immortal-killer,2026-07-14,early,0.025601068765237857,0.06016920542468579,0.11841830240383783,0.06806285886458716
Pilopa,2026-07-14,early,0.026049184463330145,0.06114090834390796,0.11687472925253291,0.068021607353257
KillerRook,2026-07-14,early,0.026092749963964646,0.061482989588363755,0.1164680857482545,0.06801460843352763
arthasxx29,2026-07-14,early,0.0329382633481486,0.03340856480533401,0.13768178646731344,0.06800953820693202
Failshot12,2026-07-14,early,0.023563206435744145,0.06590419528579486,0.11444598719423806,0.06797112963859235
michaelk123,2026-07-14,early,0.03018426472671567,0.03556691414942771,0.138002716342258,0.06791796507280046
Kaliopa,2026-07-14,early,0.025759065974401214,0.049209246613029035,0.1286976196855029,0.06788864409097771
Corporate_Mundo,2026-07-14,early,0.026512532076625232,0.05100263136421443,0.12606009574808266,0.06785841972964078
karwowskikacper,2026-07-14,early,0.02915806679514094,0.03566690786201257,0.13874494779862376,0.06785664081859243
VanRommel28,2026-07-14,early,0.02882925726445183,0.040580207167503456,0.1341307419508284,0.0678467354609279
alexwinter25,2026-07-14,early,0.024254454398347867,0.06416875993210543,0.11508544684471132,0.06783622039172153
KaydenTroffChess,2026-07-14,early,0.03150265861456188,0.03555093208358235,0.13631224756063245,0.06778861275292557
miroslavsavic,2026-07-14,early,0.032319170316216984,0.02698249851721103,0.1440409201022389,0.06778086297855564
KacperPolOK,2026-07-14,early,0.028609990257685184,0.039419925194153056,0.13527596114450874,0.06776862553211566
Masmos97,2026-07-14,early,0.03755968480011472,0.04172906105581628,0.12394409133537568,0.0677442790637689
EZ-58,2026-07-14,early,0.023981262226597484,0.0735105347694254,0.10572212159630451,0.06773797286410914
Babarsik1977,2026-07-14,early,0.02436892216220963,0.0630198733360747,0.11576245407091468,0.067717083189733
Eric_Jr_Labog_PCAP,2026-07-14,early,0.02393528389725143,0.06646360636509632,0.11268982092106145,0.06769623706113641
neri_gaite,2026-07-14,early,0.026551055594211857,0.05609432615034908,0.12036473773710794,0.06767003982722296
MuradNuri,2026-07-14,early,0.025790832958938335,0.0576374315264015,0.1195139906439872,0.06764741837644235
0gZPanda,2026-07-14,early,0.025182893208826898,0.049198123514428614,0.12852141942292883,0.06763414538206144
Zenzo,2026-07-14,early,0.03771774659583231,0.033772312637500315,0.13133774882897442,0.06760926935410234
Indefatigable11,2026-07-14,early,0.027441368220698842,0.03802204374349513,0.13728801844809024,0.06758381013742808
laboratorio25,2026-07-14,early,0.026222509509777826,0.05786376764736346,0.11865645833432499,0.06758091183048875
flubs,2026-07-14,early,0.028483371254121943,0.03790552198079801,0.13635272604070253,0.06758053975854082
0ne_M0ve,2026-07-14,early,0.02966665071189321,0.044904518483703415,0.1280645445202286,0.06754523790527507
SalihEke,2026-07-14,early,0.032981541893534055,0.06024477700778122,0.10940786875137899,0.06754472921756476
Nicolas_2509,2026-07-14,early,0.024756810143551727,0.0732884711961427,0.10457618752608998,0.06754048962192814
ashina22,2026-07-14,early,0.02694032873700358,0.055199181839341104,0.12047185958495636,0.06753712338710034
SlippperyWhenWet,2026-07-14,early,0.02701647645282026,0.053323992954429994,0.1220128700333152,0.06745111314685515
zolidernas,2026-07-14,early,0.02364090824179247,0.06582642413374015,0.11284587523809772,0.06743773587121012
Qingdom,2026-07-14,early,0.0255476882029144,0.059324735835070905,0.11742460419728885,0.0674323427450914
Rashidloya,2026-07-14,early,0.024282199499534637,0.0674435116409313,0.11053364234733017,0.06741978449593204
MiFerz44,2026-07-14,early,0.03081084297259615,0.030356627261550348,0.1410681996874737,0.06741188997387339
LIFE-OF-FIRE,2026-07-14,early,0.024360102330887243,0.07350200014152872,0.10433143614288004,0.06739784620509866
DanielMieles1985,2026-07-14,early,0.036415564381747194,0.040056920580048984,0.12567794109505712,0.06738347535228444
julian2024,2026-07-14,early,0.024457181920222695,0.07614490402994624,0.10136588300427928,0.0673226563181494
willyam13,2026-07-14,early,0.02705228006203452,0.05337690802025402,0.12148956900752332,0.06730625236327063
MoldyTofu,2026-07-14,early,0.02633040667496021,0.03978636510461521,0.13563691275376077,0.06725122817777873
jrbarreto,2026-07-14,early,0.021927132861042867,0.06741043680946271,0.1124078445881009,0.0672484714195355
Soymono,2026-07-14,early,0.024728602330511947,0.07254488934288332,0.10445724478129019,0.0672435788182285
WildBizon,2026-07-14,early,0.024417448738084355,0.0559548324923831,0.12129457337873648,0.06722228486973464
Aquilate,2026-07-14,early,0.032745783972098916,0.06215301390281315,0.10670760368715483,0.0672021338540223
jankarsten,2026-07-14,early,0.02375142974957612,0.06572718533075012,0.1120269145073596,0.06716850986256194
siiiiii1,2026-07-14,early,0.025654145730601846,0.05788007235072724,0.11791503548168354,0.06714975118767087
CYNDAD,2026-07-14,early,0.02682124272887305,0.06518370988393894,0.10939309721328065,0.06713268327536422
moisesanto,2026-07-14,early,0.027256364104803556,0.0667920444049917,0.10732230781475777,0.06712357210818434
Ebilski0106,2026-07-14,early,0.024668080070089884,0.07095050004711453,0.10566604103689331,0.06709487371803258
jhc20110307,2026-07-14,early,0.02487655677369949,0.07483438065238417,0.10150865326399602,0.06707319689669322
Toro1234,2026-07-14,early,0.023809252524844907,0.06509832728603186,0.11228316078506918,0.06706358019864865
CristobalBlanco,2026-07-14,early,0.0363106575642932,0.03911570121181279,0.12571520012778792,0.06704718630129797
sestremera,2026-07-14,early,0.029201952929358527,0.041214758763934656,0.1306785682376676,0.06703175997698692
dolynachess,2026-07-14,early,0.024752368456238637,0.051908321457368324,0.12429071793031644,0.06698380261464114
SeLaPegoACualquiera,2026-07-14,early,0.022574126445577197,0.0648284314500116,0.11334152721754175,0.06691469503771018
PNEPaul,2026-07-14,early,0.032661627744077666,0.04019046501147693,0.12778736333640606,0.06687981869732022
acertijo08,2026-07-14,early,0.02788982471992259,0.05003190409884185,0.1226203121415273,0.06684734698676391
fidezivkovic,2026-07-14,early,0.025595369342356702,0.05831276266756453,0.11657536200276358,0.06682783133756161
myleoclub,2026-07-14,early,0.02621244992323581,0.06470361860376621,0.10951708856424881,0.06681105236375028
Berant,2026-07-14,early,0.02990796844043609,0.03659501448971344,0.13390696089527743,0.06680331460847565
Rubinstein_Akiba,2026-07-14,early,0.026889543942630715,0.051154568761340946,0.12234175685205438,0.06679528985200868
Simoneax08,2026-07-14,early,0.024710435078819676,0.07125570198878066,0.1042038169852108,0.06672331801760371
KebabJangles,2026-07-14,early,0.029939448069152823,0.03780319682493162,0.13240291288071038,0.0667151859249316
ChessBrah,2026-07-14,early,0.02946674424358409,0.04530915633472255,0.125335827802671,0.06670390946032588
JerglerMeister,2026-07-14,early,0.025406751644011034,0.0566789148077403,0.11788081380252959,0.06665549341809364
sndp24onz,2026-07-14,early,0.036958055515212015,0.02860689403262416,0.1343483119671101,0.06663775383831542
Zeronybah,2026-07-14,early,0.024065810916367576,0.07117881180986789,0.1046269241680594,0.06662384896476496
frazier69,2026-07-14,early,0.038455607910666455,0.03488559266092294,0.12648118849410342,0.06660746302189761
axlbvRR,2026-07-14,early,0.027818281115326016,0.03735881929983858,0.13445819455512217,0.06654509832342892
A-Shu,2026-07-14,early,0.025003657164771736,0.059091573557770165,0.11549092433775719,0.06652871835343303
Ashedu66,2026-07-14,early,0.03789815978084789,0.0271911914611358,0.13441620417887556,0.06650185180695307
fly_21,2026-07-14,early,0.03138664609724699,0.03692722498262514,0.13111431711581994,0.06647606273189736
pablovik,2026-07-14,early,0.024939724857788503,0.05684314837296746,0.11752309555501687,0.06643532292859095
Undefeater_ANU,2026-07-14,early,0.02600987706190065,0.05506352254510789,0.1181663708928435,0.06641325683328402
matematicoanonimo,2026-07-14,early,0.02444006678998134,0.07023187594212492,0.1045209699906952,0.06639763757426716
midedu,2026-07-14,early,0.029617840656595014,0.03210938650310446,0.13740913725154721,0.06637878813708223
DarkKnight_0102,2026-07-14,early,0.024653151264159418,0.07547390262708768,0.09897416345436298,0.0663670724485367
RoseyChess,2026-07-14,early,0.026224804668437643,0.05519504522882224,0.1176033245642926,0.06634105815385083
m0raissking,2026-07-14,early,0.023764158632962686,0.0649842057128224,0.11016013055638327,0.06630283163405612
Uzbekneo,2026-07-14,early,0.022944328082475943,0.06317709907256205,0.11276204284576599,0.06629449000026799
Vandros57,2026-07-14,early,0.03703116201497317,0.036587673509447055,0.12524357991654977,0.06628747181365667
adrianmiranda2008,2026-07-14,early,0.02317324715200044,0.06375445022534992,0.11187421453233994,0.06626730396989677
mshuaau0,2026-07-14,early,0.02927314455752406,0.03995431259738771,0.1293900213300813,0.06620582616166436
juzekarbuzek,2026-07-14,early,0.024016765340649338,0.06152478810616697,0.11298371348571051,0.06617508897750894
GustavoAOliveira,2026-07-14,early,0.025300903941893948,0.055304775735129666,0.11788081380252959,0.0661621644931844
UB_TheQueen,2026-07-14,early,0.02692640456673417,0.05003469344881588,0.12146154832616472,0.06614088211390493
alphienothere,2026-07-14,early,0.02616104014220286,0.05338796331394235,0.11879600689275913,0.06611500344963478
Moheb_amir,2026-07-14,early,0.02407759940955862,0.060569303739594356,0.11368830746711145,0.06611173687208814
randomo,2026-07-14,early,0.031223003358732144,0.03241143091296905,0.13469400192621092,0.06610947873263738
SharankovG,2026-07-14,early,0.02569977798870686,0.05515511344197788,0.11746684698004194,0.0661072461369089
rquery98,2026-07-14,early,0.02667175394932105,0.03381534074569902,0.137808986282104,0.06609869365904136
Padelator,2026-07-14,early,0.02689372504367471,0.04965668814682803,0.12174507860444933,0.06609849726498403
CoachSuhaas,2026-07-14,early,0.024735234741072337,0.06953115849381666,0.10388809635879787,0.06605149653122895
ENajer77,2026-07-14,early,0.030236394890641637,0.03503625444851684,0.13275455184173315,0.0660090670602972
MAGMAchess,2026-07-14,early,0.023221274728637407,0.06276739855424307,0.11184745454060466,0.06594537594116172
pitopisback,2026-07-14,early,0.024126411503476684,0.05903957996519769,0.11443951681115187,0.06586850275994209
rikyshi,2026-07-14,early,0.025570381427729064,0.05313934799472712,0.11884701220524864,0.06585224720923494
FLamps8,2026-07-14,early,0.026758118587081384,0.048298260027275906,0.12245434596280326,0.06583690819238686
JG1me,2026-07-14,early,0.024016765340649338,0.06046855044229594,0.11299692144827554,0.06582741241040695
AidenRchess,2026-07-14,early,0.03671025863856173,0.0390212767656199,0.12168751181108554,0.06580634907175571
BerndWolfram,2026-07-14,early,0.022117943801261367,0.0632761039462186,0.1120099339958952,0.06580132724779172
FrancescoLS,2026-07-14,early,0.0259272854811603,0.053524540846520766,0.11790545308469154,0.0657857598041242
kajoyskie,2026-07-14,early,0.023039370061242643,0.06178540209394272,0.11222132883632881,0.06568203366383805
RichardBitoon,2026-07-14,early,0.024407792761120886,0.05851786735170688,0.11410154867376907,0.06567573626219894
Magionator,2026-07-14,early,0.02452278585872115,0.05836715957162725,0.11412900872135291,0.06567298471723378
chessisveryfun1264,2026-07-14,early,0.03217716917079524,0.03652203598878983,0.12827344161846818,0.06565754892601776
RandomPatzer123,2026-07-14,early,0.027522105088375912,0.05560427008508867,0.1137932749367363,0.06563988337006696
GoodOIdBell,2026-07-14,early,0.025179736349065812,0.057080328670550594,0.11465802221530069,0.06563936241163904
YQPerez,2026-07-14,early,0.02477207190024627,0.04830919322448477,0.12373709341809785,0.06560611951427629
Christian-Toth,2026-07-14,early,0.025597872662773243,0.057974963552748955,0.11323969216058695,0.06560417612536971
poliplaza,2026-07-14,early,0.03455039352758577,0.035050686218989886,0.12720293893418158,0.06560133956025242
crazycheesecake,2026-07-14,early,0.023215553239560736,0.07322235272866155,0.10033166809734385,0.06558985802185538
sbouchet,2026-07-14,early,0.02545624727846142,0.0459799643494173,0.12532225222031665,0.06558615461606512
josiwales,2026-07-14,early,0.0305702739196604,0.027837039487452506,0.13833530793236476,0.0655808737798259
Dracomaniac,2026-07-14,early,0.025607894842467185,0.05281257455068,0.1182501296889768,0.065556866360708
Rytenko_V,2026-07-14,early,0.028287048580942546,0.04379997691596405,0.12453598471669029,0.0655410034045323
TheBigBadChessDad,2026-07-14,early,0.02582702226262799,0.05206836230982104,0.1186896084181796,0.06552833099687622
Il_Cavallo_Matto,2026-07-14,early,0.02444501693221256,0.0680687996408584,0.10404073511479935,0.06551818389595676
zaur-mammadov,2026-07-14,early,0.03699718227846576,0.03434307425336849,0.12518939290221617,0.06550988314468348
zala02,2026-07-14,early,0.03723646159745201,0.03379457610613757,0.12542231431878817,0.06548445067412591
thebeaglez,2026-07-14,early,0.02607943348840406,0.06253515509542167,0.10779096163404221,0.06546851673928931
chessintuit,2026-07-14,early,0.023408017745818775,0.04797124060010867,0.12500521460801317,0.06546149098464688
Echecmat,2026-07-14,early,0.02705228006203452,0.04789665808883434,0.12142191777553439,0.06545695197546775
Ekko_li,2026-07-14,early,0.026373937673476466,0.05038419317294836,0.11958516948106877,0.0654477667758312
CoachKevinVelazquez,2026-07-14,early,0.02581992707697372,0.052283303496881844,0.11820302469709898,0.06543541842365151
GMRafpig,2026-07-14,early,0.025438919478808972,0.04585888726358136,0.1249869402696765,0.06542824900402228
milovanratkovic,2026-07-14,early,0.026025335943848395,0.054044073093248685,0.11609545991829544,0.06538828965179751
KeithArkell,2026-07-14,early,0.02482167080447991,0.057975264531334725,0.11334834773718643,0.06538176102433368
Mytzy,2026-07-14,early,0.026092749963964646,0.05268854232702196,0.11734349829938241,0.06537493019678968
BLITZMASTER,2026-07-14,early,0.023801154558319566,0.05976213021072515,0.11253634361414405,0.06536654279439626
guilty93,2026-07-14,early,0.026286419816376503,0.05191173800852766,0.1178971401859808,0.06536509933696165
Dzidzik2203,2026-07-14,early,0.02752071390924422,0.04535339802219901,0.1232111415914722,0.06536175117430515
rickkrewson,2026-07-14,early,0.023207441753941734,0.05924809485488553,0.11360810901999786,0.0653545485429417
Fisher_TheGalactic,2026-07-14,early,0.02783184860303925,0.038062315716105785,0.1301171928576117,0.06533711905891891
Wrecking_Ball_05,2026-07-14,early,0.030976570191628694,0.03676006199540041,0.12825588868254129,0.06533084028985679
ZioMario,2026-07-14,early,0.034621294387807366,0.022530944635283722,0.1387117148022999,0.06528798460846368
MacDaddyMac,2026-07-14,early,0.02737665423720683,0.049707678070844946,0.11870763549378671,0.0652639892672795
hamelekh,2026-07-14,early,0.023063489747438375,0.06005319242909431,0.11266169378299669,0.06525945865317645
ChronicUnhappiness,2026-07-14,early,0.03635063595989231,0.03348494817877468,0.12593521096929247,0.06525693170265316
Dulinma64,2026-07-14,early,0.024279240195226943,0.06798739612168693,0.1034890650221843,0.06525190044636606
GoldenShare,2026-07-14,early,0.02756570771632958,0.03920374891257343,0.12895762113053236,0.06524235925314513
mattcolins2025,2026-07-14,early,0.037010402128374364,0.03303119218248213,0.12538846557246464,0.06514335329444038
SzMM19,2026-07-14,early,0.02604753437747511,0.051470564127948544,0.11780025492198894,0.06510611780913754
d6stronk,2026-07-14,early,0.024408434768658917,0.07124164440558386,0.09962349203643418,0.06509119040355899
manuelsobrinho,2026-07-14,early,0.02611604253890167,0.05251900819775554,0.1166091226808048,0.065081391139154
Naoki,2026-07-14,early,0.02631578830436195,0.04346919472339805,0.12521835061765127,0.06500111121513709
LidongW,2026-07-14,early,0.025191122090186382,0.059775055204351786,0.11003502734109757,0.06500040154521192
JulianProleiko,2026-07-14,early,0.02790866553743488,0.051555615366138285,0.11551262739060386,0.06499230276472567
DeGrootteZ,2026-07-14,early,0.028341615877307488,0.03974830046632485,0.1267286456487028,0.0649395206641117
lProstoy,2026-07-14,early,0.023653512758229064,0.07038966094694657,0.10076104635721965,0.06493474002079842
DraningWaterHi,2026-07-14,early,0.029578399245878354,0.03343683569881163,0.13160138362816534,0.06487220619095178
Kimmini05,2026-07-14,early,0.023276489468603903,0.05872813089844878,0.11251340829510685,0.0648393428873865
Semyon_Khanin,2026-07-14,early,0.024014730449027827,0.057251066557397555,0.11319986200172022,0.06482188633604853
1random,2026-07-14,early,0.03636285682943833,0.024409376487277583,0.13350620713919287,0.0647594801519696
YasinEmrah,2026-07-14,early,0.03224301074852685,0.047264973005788385,0.11458909850337032,0.06469902741922852
torbae,2026-07-14,early,0.023237817560834418,0.0688489744835077,0.10200306659013272,0.06469661954482495
Caleuche,2026-07-14,early,0.02594139629466054,0.05009987687839045,0.1180170257935399,0.0646860996555303
UnknownxArmy,2026-07-14,early,0.02678379869448912,0.04490109319162516,0.12235866382329803,0.06468118523647078
schachsensei_YT,2026-07-14,early,0.027326906138342634,0.04441457468508807,0.12221148051289812,0.0646509871121096
AaronBazanRomero,2026-07-14,early,0.022126767344638143,0.06229509773536336,0.10945455795743544,0.06462547434581233
MPCandelario,2026-07-14,early,0.025663244808472086,0.05149824499750612,0.11670392151032104,0.06462180377209975
Liduino,2026-07-14,early,0.023135682479415626,0.058572143989971896,0.11214165280118188,0.0646164930901898
AdekB2005,2026-07-14,early,0.023834568692013756,0.05731725925972043,0.11260065981442725,0.06458416258872048
Vesapesa,2026-07-14,early,0.026177409019777133,0.05073493345300239,0.1166559808618839,0.06452277444488781
protectiago,2026-07-14,early,0.03258453947804066,0.03745763023206877,0.12346226293635394,0.06450147754882113
littleplotkin,2026-07-14,early,0.026321380443815233,0.04873280956357071,0.11843590361348065,0.06449669787362221
SomeFMkid007,2026-07-14,early,0.030081204103042908,0.030735327950112183,0.13255384368458212,0.06445679191257907
EstebanNiram,2026-07-14,early,0.02406483008865968,0.05724462020853566,0.11184900390597759,0.06438615140105763
Cuchulin,2026-07-14,early,0.026336033900314734,0.044091061032258475,0.12272560153203563,0.06438423215486962
Dave_ChessMate,2026-07-14,early,0.02972951314467481,0.0305278816448123,0.13283962097205756,0.06436567192051489
MrsMegaminx,2026-07-14,early,0.02213374254056168,0.05891445078751542,0.11203690487661085,0.06436169940156265
Vamostodorecto,2026-07-14,early,0.03019007319438576,0.040217146823404916,0.12259289023858534,0.06433337008545868
MrLudus,2026-07-14,early,0.022206981645357084,0.059113047032179525,0.11147605469913924,0.06426536112555863
Stupeas,2026-07-14,early,0.027706036562417113,0.03846407057703691,0.12660433464086907,0.0642581472601077
petrgnojek,2026-07-14,early,0.022227990290040998,0.0767257361508805,0.09379616837278101,0.06424996493790085
mangobanana6842,2026-07-14,early,0.02403757248275979,0.06790416757043838,0.10062043356951522,0.06418739120757112
danak2007,2026-07-14,early,0.025619390748854984,0.044398372772544645,0.12242836062131236,0.06414870804757067
Nor1lsk,2026-07-14,early,0.033219488099918655,0.04220912617111369,0.11695658431686129,0.06412839952929787
Slovafn,2026-07-14,early,0.034292058156596014,0.04688503235847229,0.11119149977461168,0.06412286342989333
HugoBoss7266,2026-07-14,early,0.021593644937084048,0.05858060091192151,0.11215078756329731,0.06410834447076762
bladlusen,2026-07-14,early,0.022205216039240406,0.06606060720181196,0.10394040284642726,0.06406874202915987
MkrtchyanMariam,2026-07-14,early,0.023503640723405796,0.05731876583585351,0.11128897580505763,0.06403712745477232
icaughtacrab,2026-07-14,early,0.025831276814701293,0.0473645908916567,0.11876305011590194,0.06398630594075332
ICantStandDisGame,2026-07-14,early,0.022447638834781816,0.05604684959485809,0.11337387398435891,0.06395612080466627
Schachbrettchen66,2026-07-14,early,0.02427505103032602,0.05430209131899835,0.11324551881351023,0.0639408870542782
Alligatorsnappingturtle,2026-07-14,early,0.0361766271855251,0.04722834515442463,0.1084007818710262,0.06393525140365865
QuercusRobur22,2026-07-14,early,0.021251356874128723,0.06633958176655226,0.10415709041981955,0.06391600968683352
yoriiiis,2026-07-14,early,0.028188378960615927,0.03943061336198775,0.12403156606237711,0.06388351946166027
1d51-0,2026-07-14,early,0.030968250515306318,0.031852681320842145,0.12846939554155312,0.06376344245923386
Karpovs_Maid,2026-07-14,early,0.02687509651414999,0.04801523028139399,0.11637849086363682,0.06375627255306027
martabartel,2026-07-14,early,0.026187909299918787,0.046350979529512976,0.11868578733191844,0.06374155872045006
in_shambles,2026-07-14,early,0.028223033064310437,0.039152423172732626,0.12367990667187828,0.06368512096964045
vanea_03,2026-07-14,early,0.023822303729195315,0.05604595763566647,0.11115743046053701,0.06367523060846626
Didi67,2026-07-14,early,0.02266848135141464,0.054708467085900735,0.11363344510951917,0.06367013118227818
TST2014,2026-07-14,early,0.027026689241034012,0.031015573709441194,0.13295314586484955,0.06366513627177492
naaats888,2026-07-14,early,0.02146273955958925,0.057622285843226644,0.1118491519589763,0.06364472578726406
tufferguy,2026-07-14,early,0.030198033340163542,0.036750256460172576,0.12380390366171729,0.06358406448735114
chessforme17,2026-07-14,early,0.025319786031300005,0.04736958113414231,0.11805673893971326,0.06358203536838519
B-man,2026-07-14,early,0.025698653656563916,0.04772077875351078,0.11729289085620584,0.06357077442209351
powerofapoint,2026-07-14,early,0.0239770479059814,0.05582674202530393,0.11078024925758541,0.06352801306295691
paulachess,2026-07-14,early,0.02335748433580015,0.05604586618124647,0.11114251896029236,0.06351528982577966
Hypercar,2026-07-14,early,0.02632503414623869,0.043873506155978854,0.12021847010276174,0.06347233680165976
C_Busta,2026-07-14,early,0.025128110679462405,0.04936675093075245,0.11578951563785507,0.06342812574935663
pnaibaf,2026-07-14,early,0.024729136019415208,0.05359583368748549,0.1119417402242875,0.06342223664372941
jcreyes69,2026-07-14,early,0.025607894842467185,0.04677808719202268,0.1178615608023892,0.06341584761229302
nicholas_ilic,2026-07-14,early,0.024780451238613145,0.05375519816520152,0.11171082016240184,0.0634154898554055
JessicaHyatt,2026-07-14,early,0.03229070927186211,0.05482231434232645,0.10312136840639158,0.06341146400686004
Danishcrown,2026-07-14,early,0.02660369859267654,0.04565776784605612,0.11795752548885494,0.0634063306425292
NotTodaySir,2026-07-14,early,0.028106404465307558,0.04245021981357348,0.11962150470352344,0.0633927096608015
Alohamora11,2026-07-14,early,0.02374962637599164,0.04825372300850623,0.1181235978357942,0.06337564907343068
EspinoSolano,2026-07-14,early,0.02539404601959369,0.041091445294241934,0.12344728288043981,0.06331092473142515
MCGimgerChess,2026-07-14,early,0.02262193172219938,0.06281438899371562,0.1043230891009939,0.0632531366056363
Efremov_Vlad,2026-07-14,early,0.028701828481587296,0.03423975872477877,0.12666525384887423,0.06320228035174676
Hakiki_satranc,2026-07-14,early,0.02517379309146379,0.05048486044078177,0.1138840941552253,0.06318091589582363
manfroi-alexander,2026-07-14,early,0.0287867885434046,0.03153292494178834,0.1292189758700637,0.06317956311841888
ludogoretz,2026-07-14,early,0.02441782734172387,0.04102449733281593,0.12406261465520277,0.06316831310991418
Crazy_Eight,2026-07-14,early,0.03498137338815481,0.031708337274366456,0.12270408191051327,0.06313126419101152
Battever,2026-07-14,early,0.026879920506875987,0.03554386877283098,0.12692720413573796,0.0631169978051483
sahist07,2026-07-14,early,0.02234527812427404,0.07310188074903003,0.09384224655345537,0.06309646847558648
KafkaesqueKnight,2026-07-14,early,0.02821579063953473,0.04591317745540833,0.11500138374722153,0.06304345061405486
CarlMagnuson,2026-07-14,early,0.021149755613986274,0.06350840742710048,0.10437899326266382,0.06301238543458353
PaZwa,2026-07-14,early,0.02524276470596443,0.048405209829262726,0.11538883240044157,0.06301226897855623
AngelEscarenoR,2026-07-14,early,0.02334312828627193,0.05495388862692621,0.11073706820792119,0.06301136170703978
AlihanHuseyinoglu,2026-07-14,early,0.02449340752144976,0.05353826244132921,0.11096373031214384,0.0629984667583076
levski-sofia,2026-07-14,early,0.023820057534900678,0.05475856193686889,0.11038200459788895,0.06298687468988617
FMYiLiu,2026-07-14,early,0.02703321431534113,0.03458214968816838,0.12717541627567605,0.06293026009306185
deathadder96,2026-07-14,early,0.02630381233543688,0.04396313889707606,0.11822540163706838,0.06283078428986044
ReinaldoR,2026-07-14,early,0.026025335943848395,0.04596290134364566,0.11647893937109335,0.06282239221952914
TheFireChess,2026-07-14,early,0.02628717152241654,0.04371950786688388,0.11833869090418078,0.06278179009782707
ToddBryant,2026-07-14,early,0.025245753216837023,0.04327084333532299,0.11980542251479084,0.06277400635565028
Juraj_Oruzinsky,2026-07-14,early,0.022401975524296854,0.07251521466561252,0.0933813521048971,0.0627661807649355
Zarikovs1999,2026-07-14,early,0.029943413093370282,0.02810297134350448,0.13019547792310637,0.06274728745332704
comsac,2026-07-14,early,0.023221274728637407,0.05399312164055461,0.11094590774464433,0.06272010137127877
Svet_1502,2026-07-14,early,0.025866616450526285,0.043707555533403254,0.11847429016355727,0.06268282071582894
Botvinnak,2026-07-14,early,0.02643769309483795,0.03223931107593298,0.12933694203574425,0.06267131540217173
infinitypoint,2026-07-14,early,0.024632984310096747,0.05312782512429839,0.1102393037112281,0.06266670438187441
mrntzchess,2026-07-14,early,0.02468410505564492,0.05263727730460995,0.1106783606617182,0.06266658100732436
nakajo,2026-07-14,early,0.034754919117990064,0.029774984122879124,0.12344819860130286,0.06265936728072402
K-Nygren,2026-07-14,early,0.02616104014220286,0.042876401334409786,0.11893292426938543,0.06265678858199936
SasviduWeera,2026-07-14,early,0.02161646859710944,0.0549308752037218,0.11130905281238462,0.06261879887107195
zeitnot2006,2026-07-14,early,0.02542074916117946,0.02849258150988835,0.13377722401971645,0.06256351823026142
aleoda,2026-07-14,early,0.02185639468212966,0.057950203171002454,0.10784554356487153,0.0625507138060012
DukeNebur,2026-07-14,early,0.023703110663510843,0.053563793909231716,0.11020292787606743,0.06248994414960333
Perdomov,2026-07-14,early,0.032540171933988234,0.0355049856219908,0.1192646251764007,0.062436594244126585
frenchpin,2026-07-14,early,0.02440465023890515,0.0505203791452478,0.11227615946391917,0.06240039628269071
SocoLoco,2026-07-14,early,0.02718174436065956,0.04731281507367654,0.1126935214766881,0.06239602697034139
rudolfjun2005,2026-07-14,early,0.026513932790255774,0.047805339148134784,0.11268166171273554,0.06233364455037536
JamesG478,2026-07-14,early,0.030182752519090444,0.032454954637880534,0.12389614496101366,0.062177950705994876
casparov00000,2026-07-14,early,0.023234422948235564,0.05282002160815687,0.11034242772276084,0.06213229075971776
Rickstereo,2026-07-14,early,0.023440620367082957,0.05282012961749572,0.11010476521543738,0.062121838400005354
FearlessFighter007,2026-07-14,early,0.022315212671675123,0.06707293899981148,0.09690641525888939,0.062098188976792
spicycaterpillar,2026-07-14,early,0.0245512451068788,0.04102354760601553,0.12066670252021146,0.062080498411035266
miragha_yev,2026-07-14,early,0.02489895945088003,0.049490303968982054,0.11185194088567302,0.062080401435178366
Breamish1,2026-07-14,early,0.024658569889854487,0.047333202362936644,0.11423825950199136,0.06207667725159416
JohnnyAnto,2026-07-14,early,0.028338272177120313,0.03545369980102513,0.1222733954103012,0.06202178912948222
Babageldi,2026-07-14,early,0.0341188073076663,0.027611230503844227,0.12427578405059395,0.06200194062070149
Jadro9,2026-07-14,early,0.024884623548816074,0.04946368681683469,0.11163217134695509,0.061993493904201946
younix2022,2026-07-14,early,0.027875732312371015,0.033234504271985814,0.12483127450022767,0.0619805036948615
Malaric2011,2026-07-14,early,0.02345164482213908,0.0625373236675015,0.09994029205800822,0.0619764201825496
PhileKhoob,2026-07-14,early,0.027225646307520047,0.03811707094512748,0.12031898879628537,0.0618872353496443
KarstenSchulz,2026-07-14,early,0.025169706406569695,0.04191610846899073,0.11856328707697562,0.06188303398417868
LionChessClub,2026-07-14,early,0.025338988668241722,0.04818949561798621,0.11207376358924138,0.06186741595848977
TasicV,2026-07-14,early,0.022089294786015515,0.05215520023133906,0.1112789889671674,0.06184116132817399
keepitcoming,2026-07-14,early,0.027600109010883587,0.04289779841367167,0.114849086704655,0.06178233137640341
MariamiJaniashvili,2026-07-14,early,0.024162322920797154,0.050318932868793735,0.11086201703724649,0.06178109094227913
AlexSuv,2026-07-14,early,0.03187493872044631,0.05362832272572048,0.09980854555053119,0.06177060233223266
Ilovetravel22,2026-07-14,early,0.024392941329912224,0.049578236528412645,0.1112459368729258,0.06173903824375023
xsenon054,2026-07-14,early,0.022976567640628776,0.050719452101542065,0.11151309532834248,0.061736371690171106
Fengwi,2026-07-14,early,0.02552179205742843,0.04652524114140915,0.1130383117356746,0.06169511497817073
HeadShotRomanTest,2026-07-14,early,0.02773604073634137,0.031015093052525606,0.12619683956999495,0.06164932445295398
Chess2Hawks,2026-07-14,early,0.025822046248733934,0.04302134974598402,0.11607314807951932,0.06163884802474576
Vadim_Galchenko,2026-07-14,early,0.025289691547470326,0.047480283953569805,0.11207204796055235,0.06161400782053083
neilbhav,2026-07-14,early,0.02562997806137737,0.03640819514258778,0.12271481853496757,0.06158433057964424
Massarioli,2026-07-14,early,0.02420238220153511,0.04979922209472645,0.11074054126100043,0.061580715185754
Diamantidis_13,2026-07-14,early,0.021530740759478396,0.06270794166534059,0.10046582457853016,0.06156816900111639
kalxandria,2026-07-14,early,0.031877548821246465,0.04163020907808861,0.11116089469338236,0.061556217530905816
CarlosIbarra09,2026-07-14,early,0.022574250722053584,0.050167484369946475,0.11159183821317648,0.061444524435058843
Unforgettable-Momeries,2026-07-14,early,0.02257697071468994,0.0677318245147088,0.0939956496011929,0.06143481494353056
JonasHilwerda,2026-07-14,early,0.022801704841565414,0.04982393887220019,0.11153489356510024,0.061386845759621944
chika-lily,2026-07-14,early,0.024240840951127295,0.04339425757260837,0.116524299391032,0.06138646597158922
Ananya2898,2026-07-14,early,0.02385894471302992,0.0668958457524605,0.09337045378557861,0.061375081417023004
Cluke86,2026-07-14,early,0.03138774989875136,0.04129615777440101,0.11142406406519136,0.061369323912781236
OTSz,2026-07-14,early,0.022634584616653866,0.047343903221438735,0.11405889794610262,0.061345795261398404
CamillaEffect,2026-07-14,early,0.025579417686207424,0.04695487152441083,0.1115016611983834,0.061345316803000545
alenee,2026-07-14,early,0.02490084672357467,0.04553309053609957,0.11351738468191702,0.06131710731386375
StellarChess,2026-07-14,early,0.02778647169661717,0.038857353100976086,0.11726977005775639,0.06130453161844988
CM_Charmander,2026-07-14,early,0.023500888933870697,0.06792747061692556,0.0924532839579604,0.061293881169585555
INZLF,2026-07-14,early,0.031083683258784005,0.025843423121761636,0.12688302500502233,0.06127004379518932
ChristopherGarz,2026-07-14,early,0.025840271838258707,0.05302920424795185,0.10492249335621504,0.06126398981414186
stregachess,2026-07-14,early,0.02499102401613708,0.04293151973086515,0.1157202312899324,0.061214258345644874
DrDyar,2026-07-14,early,0.022047373526297598,0.06327691868128596,0.0982599849406823,0.061194759049421954
NormWeinstein,2026-07-14,early,0.024011605086257007,0.05019384332347238,0.1093137135581827,0.06117305398930403
danshev16,2026-07-14,early,0.026106625182270703,0.03934980984331836,0.11770325473911422,0.06105322992156776
qeeqer,2026-07-14,early,0.0260306831292446,0.031727386704870096,0.1253871577025356,0.061048409178883434
DragonWizard02,2026-07-14,early,0.02616104014220286,0.038256456459485964,0.11867284794209672,0.06103011484792851
Estrategia_vs_Tactica,2026-07-14,early,0.025227419597604207,0.04561888893937114,0.11216955298685485,0.06100528717461007
MachineGunPhilipp,2026-07-14,early,0.02439002523722797,0.04978721791794031,0.10882673297289168,0.06100132537601999
Hell_team_captain,2026-07-14,early,0.02622949682299315,0.038487993434334976,0.11813242188242329,0.06094997071325047
LonesomeGeorge1,2026-07-14,early,0.02338323188633928,0.049503089685024065,0.10994544926492829,0.06094392361209722
chedimir,2026-07-14,early,0.02204342643268559,0.05009003582092168,0.11065651550237429,0.060929992585327185
Dare-Dare,2026-07-14,early,0.026007031176529923,0.041508045304744716,0.1151883264869514,0.060901134322742016
Neldus123,2026-07-14,early,0.02237548773736074,0.06833431943434207,0.09198783672009973,0.06089921463060085
scandalgod,2026-07-14,early,0.027736749309304424,0.03526191760834954,0.11961221275959653,0.06087029322575016
NemoNescio,2026-07-14,early,0.022692255618300072,0.044347810396036844,0.11554848822785986,0.06086285141406559
umutbekiragaoglu,2026-07-14,early,0.021737073800201984,0.05999321328279146,0.10085438787583673,0.060861558319610064
Vicmary2005,2026-07-14,early,0.024011644552227325,0.04779491706853612,0.11070324667972539,0.06083660276682962
hammahamma,2026-07-14,early,0.025825460435532542,0.030839619536770554,0.1258077279380588,0.06082426930345397
julinha97,2026-07-14,early,0.025168222575970692,0.045156628021884256,0.1119146827927821,0.06074651113021235
JustinWang1234,2026-07-14,early,0.027188677028337736,0.05480855487079063,0.10019306932100791,0.06073010040671209
neil_doknjas,2026-07-14,early,0.023010302486615737,0.049342173765166406,0.10971054295229526,0.060687673068025805
FMchesstrainer,2026-07-14,early,0.023167847881592346,0.05109125028653919,0.10766573896547267,0.06064161237786806
Kampak,2026-07-14,early,0.022731349907865114,0.05642944574323904,0.10271979775433254,0.0606268644684789
bahne07,2026-07-14,early,0.02238237009579658,0.056327915217718606,0.1030387463975455,0.06058301057035356
XadrezParaense,2026-07-14,early,0.02400214598456329,0.0481528192921027,0.10946104578752662,0.06053867035473087
Somalianwarrior2006,2026-07-14,early,0.02641829384575684,0.035597741998436065,0.11952980821869938,0.06051528135429743
kylelancman,2026-07-14,early,0.025730032501512314,0.03834226241192298,0.11740114379885261,0.060491146237429294
Umumba_FM,2026-07-14,early,0.026660938033306585,0.04291136480474964,0.11184573514513288,0.060472679327729706
Chessdemon2019,2026-07-14,early,0.023418484220678704,0.04123878129090285,0.1166009522388695,0.06041940591681702
NotFischer,2026-07-14,early,0.027760041166731517,0.027660854242560203,0.12580228701937474,0.06040772747622216
google0109,2026-07-14,early,0.022560489148313503,0.04797549136175966,0.11060754855658692,0.060381176355553366
saara_sunea,2026-07-14,early,0.02324109024748644,0.06296129502503543,0.09488043874101645,0.06036094133784611
profaVa,2026-07-14,early,0.03325072774914304,0.036498776110422286,0.11103494879972887,0.06026148421976474
Blampman,2026-07-14,early,0.02400214598456329,0.04720619083529722,0.1094679170735157,0.06022541796445874
destruyeabuelitas,2026-07-14,early,0.023440620367082957,0.04830560107677214,0.10885710739057297,0.06020110961147602
13MiRacLe,2026-07-14,early,0.02677146013053999,0.03923726871318625,0.11456793872488294,0.06019222252286973
Sandro970,2026-07-14,early,0.024483130600528077,0.04550924397187539,0.11056414405031276,0.06018550620757207
Sajkochess,2026-07-14,early,0.0252993183010556,0.03589715555075871,0.11935862842803639,0.06018503409328357
tigra,2026-07-14,early,0.03545012344544257,0.02460548739618099,0.12039919639810287,0.06015160241324214
Bishops83,2026-07-14,early,0.03385407480442595,0.02794452275614822,0.11865568923261685,0.06015142893106368
StarkyNZ,2026-07-14,early,0.02831323328441431,0.033128953050642396,0.11892145663314871,0.06012121432273514
alicepavao,2026-07-14,early,0.02360887991184244,0.06044251614705118,0.0961591280434803,0.06007017470079131
aceontheturn,2026-07-14,early,0.02699593460671465,0.034578086585579204,0.11858625878365127,0.06005342665864838
OW321,2026-07-14,early,0.02484063561446314,0.04002691118188391,0.11529052104609308,0.06005268928081337
pavet,2026-07-14,early,0.024848648674998475,0.043396265369797946,0.11181217378714652,0.06001902927731431
Larax,2026-07-14,early,0.026552098700978306,0.041018873824916015,0.1124579401937224,0.06000963757320558
elm2007,2026-07-14,early,0.0237871254656879,0.04872515636478636,0.107425267151241,0.05997918299390509
AlphalphaZero,2026-07-14,early,0.02380829678278467,0.04688600758874975,0.1092262106654821,0.05997350501233884
Sacaco275,2026-07-14,early,0.023585180891616975,0.04366057346875233,0.11264746581103674,0.059964406723802016
anthonydrayton,2026-07-14,early,0.023935337247467072,0.04582840068887443,0.11000252908543164,0.059922089007257706
FandiMazen,2026-07-14,early,0.022080822936609644,0.049492751521096834,0.1081709755424161,0.059914850000040855
krsolomac,2026-07-14,early,0.022321872941609183,0.06568423353417532,0.0915102972492558,0.0598388012416801
chessvedant09,2026-07-14,early,0.027993543924798064,0.03688962607985871,0.11459549607133152,0.059826222025329424
KladenskyAmater,2026-07-14,early,0.02334312828627193,0.04788873616824411,0.10819141365395418,0.05980775936949007
blueryder,2026-07-14,early,0.03313222673540809,0.03200007662591758,0.11428159709173587,0.05980463348435385
IsikCan05,2026-07-14,early,0.023986797618936895,0.046304347273996384,0.10909222655495548,0.05979445714929626
TheHumble_1,2026-07-14,early,0.02334312828627193,0.04703184429296021,0.10898567052095184,0.05978688103339466
SGchess01,2026-07-14,early,0.022997854528555253,0.051312292576675064,0.10500800574880463,0.05977271761801165
EnisMetin34,2026-07-14,early,0.02729605402089683,0.041829628456959575,0.11004113453345835,0.05972227233710492
gagic233,2026-07-14,early,0.022416376440177924,0.04524182162345492,0.11130387307939263,0.05965402371434183
FrankDux44,2026-07-14,early,0.03518802811519674,0.02780731635134659,0.11585365560788903,0.05961633335814412
Megagigahiper3345,2026-07-14,early,0.02558633839339962,0.040183322845122695,0.11301314630682098,0.0595942691817811
Fibrinogen,2026-07-14,early,0.023593382631922902,0.04718392011764014,0.10795564305689917,0.05957764860215407
mcguima49,2026-07-14,early,0.023322249613573622,0.04637316051655529,0.10898567052095184,0.05956036021702691
jncool68,2026-07-14,early,0.024026840921873165,0.045350414356147783,0.10922934989489036,0.05953553505763711
MiroMiljkovic,2026-07-14,early,0.02175767961357912,0.049678976598782926,0.10713301660962554,0.05952322427399587
brunosten96,2026-07-14,early,0.023952402890240906,0.045482957868307444,0.10901935475677735,0.05948490517177524
mazetofonias,2026-07-14,early,0.035206704183976825,0.028382652653596838,0.11482312854451958,0.059470828460697754
Ren_Ruck,2026-07-14,early,0.02237548773736074,0.06367108707441084,0.09234718227462109,0.05946458569546422
MasterSonnevanck23,2026-07-14,early,0.025703597899171312,0.04481335207113617,0.10787244860502027,0.05946313285844259
R-Sham,2026-07-14,early,0.022807550624155244,0.06398883967882682,0.09157615196346336,0.05945751408881514
Shavkatov02,2026-07-14,early,0.02265886263276259,0.06236172376267202,0.09332939645823482,0.059449994284556475
Geremyx,2026-07-14,early,0.021637096302851214,0.04984001994293438,0.10683060102985642,0.05943590575854734
Gobra55,2026-07-14,early,0.02786949344480192,0.03437993712961519,0.11598871808754692,0.05941271622065467
Weimarraner,2026-07-14,early,0.024248847449266867,0.04280711622879641,0.111132425284226,0.05939612965409643
blitzingMaria,2026-07-14,early,0.031090402514598013,0.049187941833409125,0.09784714970584389,0.05937516468461701
stefy02,2026-07-14,early,0.022441530327677206,0.0463649362912269,0.10926872349549946,0.05935839670480119
goldenbuzzer,2026-07-14,early,0.02204342643268559,0.046792432918816705,0.1091190353565091,0.0593182982360038
KlyashtornyVladislav,2026-07-14,early,0.02339826432648925,0.04547789466905425,0.10902153506999306,0.05929923135517886
Gajuchess,2026-07-14,early,0.023001621769373246,0.046245399571407504,0.10829748682959787,0.059181502723459546
gamboajp,2026-07-14,early,0.02761778557830459,0.03244255303884082,0.11731000029304306,0.05912344630339616
JustaTrickstar,2026-07-14,early,0.03435361744863156,0.027908650071936384,0.11507054691731242,0.059110938145960114
JLL2006,2026-07-14,early,0.021923497258601734,0.06231953111323153,0.09305422285299178,0.05909908374160835
WilliamSchill,2026-07-14,early,0.0331387522212636,0.026486618745569707,0.11751659993138112,0.059047323632738145
RRMaster,2026-07-14,early,0.023185318786359047,0.06002141028988488,0.09374133634756154,0.05898268847460183
fadamos,2026-07-14,early,0.03330524708121231,0.026325202418765854,0.1172003443266887,0.05894359794222229
GabrielUrbani,2026-07-14,early,0.023758945650314868,0.04412018218669989,0.10894265401452342,0.05894059395051273
Go-GoBear,2026-07-14,early,0.022922801585597397,0.05348058424960409,0.10032747841274606,0.05891028808264918
nishyuu,2026-07-14,early,0.021410995114964762,0.06538370397616287,0.08984099362339902,0.05887856423817556
kriscacco,2026-07-14,early,0.023440620367082957,0.04420130537254551,0.10887978092505439,0.05884056888822762
DirtyKabab,2026-07-14,early,0.024795402199456713,0.03604660537066764,0.11557717018165439,0.05880639258392625
VictorFcQNK,2026-07-14,early,0.022560364945849103,0.04473535247800709,0.10910781309569688,0.058801176839851026
Hidden_Dragon,2026-07-14,early,0.03383883148515923,0.02752051397432744,0.11504147675286475,0.05880027407078381
Grellmann,2026-07-14,early,0.02260728408825964,0.04401393173385737,0.10977118639935338,0.0587974674071568
AquaPython,2026-07-14,early,0.02604080140190147,0.034454726290604205,0.11560265840091986,0.05869939536447518
MasterLeo2018,2026-07-14,early,0.03243898737285441,0.02666833148562663,0.11690382009400492,0.058670379650828657
ILoveMauritania,2026-07-14,early,0.03285765860285442,0.026230420550916452,0.11690406641882348,0.05866404852419812
Koksal06,2026-07-14,early,0.029664888531509673,0.038954290447232996,0.10737283677107494,0.0586640052499392
JuliaEfremova,2026-07-14,early,0.024296894980101506,0.03989538779362215,0.11175649865216071,0.05864959380862813
redbaron8888,2026-07-14,early,0.03402490141348361,0.026249030619613485,0.1155237814360945,0.058599237823063866
kxt100,2026-07-14,early,0.026111513708834952,0.028251626347126368,0.12140319152197827,0.058588777192646525
betolini,2026-07-14,early,0.021606166376113633,0.04614911893347751,0.10795129251459588,0.05856885927472901
CheckBits,2026-07-14,early,0.02212758204161612,0.03248185564998331,0.12109169747834138,0.05856704505664693
AlexanderMikli,2026-07-14,early,0.02238237009579658,0.05139538427531907,0.1018640869135257,0.058547280428213784
Bgabor91,2026-07-14,early,0.0234868246099799,0.04266900616718281,0.10948425104507177,0.058546693940744826
JoshWeinstein,2026-07-14,early,0.025035865677671573,0.03917736038986513,0.1114264990334081,0.05854657503364826
hikeman2017,2026-07-14,early,0.022560364945849103,0.04401717264167894,0.1090413557944276,0.058539631127318546
cassoulet,2026-07-14,early,0.025264884999947387,0.03485588634924133,0.11549203186012769,0.058537601069772134
IgorBjelobrk,2026-07-14,early,0.02555172883707534,0.02845229213690348,0.12149409130737335,0.05849937076045072
anon05132,2026-07-14,early,0.03379187769436929,0.026600289865198676,0.11498117221002788,0.058457779923198616
lionheart95,2026-07-14,early,0.026511183716736157,0.03162100955660741,0.11706294093139508,0.058398378068246215
Tricky_voldemort,2026-07-14,early,0.022076707446046822,0.06213551176157896,0.09098006317224812,0.05839742745995796
dobrosmys,2026-07-14,early,0.0227381193819615,0.045432330006827504,0.10701104260980712,0.05839383066619871
LosRatonesEnjoyer,2026-07-14,early,0.02287233500606386,0.05184235512485056,0.10046656758613609,0.05839375257235017
jstopa4,2026-07-14,early,0.025992734595429074,0.03276888216622999,0.11639134793453851,0.05838432156539919
Harald_Schmidt,2026-07-14,early,0.024908338979917625,0.03361586001674222,0.1165045319319217,0.058342910309527186
gospodarsaha07,2026-07-14,early,0.02434660795867146,0.03943377227772403,0.11124206747287246,0.058340815903089316
MadeInLeningrad,2026-07-14,early,0.022297686960744238,0.06211481106345227,0.09056417130872876,0.058325556444308424
Stormeman100100,2026-07-14,early,0.02185881292788872,0.046052539344288025,0.10706297616489197,0.05832477614568957
KND2020,2026-07-14,early,0.033370231236096164,0.02777507908462775,0.11374919585773569,0.0582981687261532
GUST_b,2026-07-14,early,0.027265141489713547,0.029645620899247997,0.1179443551817872,0.05828503919024958
terrortoast,2026-07-14,early,0.03203192335137436,0.04062989505719418,0.10219076149793983,0.05828419330216946
chargemax23,2026-07-14,early,0.021811984914939065,0.04682933590453496,0.10614789475704224,0.05826307185883876
ameetghasi100,2026-07-14,early,0.023282664432918678,0.0406716638455005,0.11072589945319411,0.05822674257720443
scrapnel,2026-07-14,early,0.032349281658118643,0.025827855521941497,0.11650140389323425,0.0582261803577648
GM4L,2026-07-14,early,0.03228786673577359,0.027749038694965002,0.11452077261093743,0.05818589268055868
chessforthesun,2026-07-14,early,0.028937348490392537,0.03151413807460418,0.114021672223452,0.05815771959614957
Roaccutane,2026-07-14,early,0.021733125419493845,0.04721275601963036,0.10537699494726431,0.058107625462129504
vyprd,2026-07-14,early,0.021810596532454936,0.04495610315555876,0.10754394560399984,0.05810354843067117
Dragnaros,2026-07-14,early,0.03192777532067337,0.04066173095665915,0.10141385296863742,0.05800111974865665
Riazantsev,2026-07-14,early,0.03405954853908166,0.024911996687195546,0.1149668205039731,0.057979455243416765
Yarikov_Artem,2026-07-14,early,0.02263143913256161,0.04500519796912345,0.10628201874363116,0.05797288528177208
2Tilted,2026-07-14,early,0.026266057565104795,0.029197028521105523,0.11836713197747141,0.057943406021227245
DarioMione,2026-07-14,early,0.032207965637749934,0.02523731069226677,0.1162664733596729,0.05790391656322987
CuattroPrincesses,2026-07-14,early,0.025774091772529577,0.033035594509095205,0.1148852206908248,0.05789830232414986
2good4u734,2026-07-14,early,0.02581089776509064,0.026519569287547593,0.12133009434491453,0.057886853799184255
Zadar321,2026-07-14,early,0.02415450450950866,0.03931953190242556,0.11009863015530931,0.057857555522414505
MarkoPe,2026-07-14,early,0.021368326601395104,0.04168027785720403,0.11048859021975135,0.057845731559450164
INLOVEWITHF,2026-07-14,early,0.024048039390422674,0.03885421817700238,0.11063416853876254,0.05784547536872919
firegus16,2026-07-14,early,0.022313904129320564,0.06165574785165646,0.08955077593358234,0.05784014263818645
jackhearts,2026-07-14,early,0.022356891411757767,0.04265838325779112,0.10839167314395466,0.05780231593783452
Hippotaner,2026-07-14,early,0.028797508845333088,0.035897486154448155,0.10867414019707605,0.05778971173228576
MaverickSV,2026-07-14,early,0.023578272269070364,0.04197720513196962,0.10778844144180959,0.05778130628094985
marciojor,2026-07-14,early,0.023522358902771125,0.04257444332603736,0.10723440138900132,0.05777706787260326
diokletian,2026-07-14,early,0.02315383617577319,0.0499911504290656,0.10014704713470088,0.057764011246513224
Faqade,2026-07-14,early,0.02400214598456329,0.03936647346121405,0.10988388613477135,0.05775083519351623
fyall777,2026-07-14,early,0.02313139587404287,0.036744400911129696,0.1133580320055573,0.05774460959690995
AntonioD96,2026-07-14,early,0.0313701824893991,0.041655765957400274,0.10017009612455764,0.057732014857119006
babero_gordo,2026-07-14,early,0.02531344630049644,0.03218864863728854,0.11565976940467794,0.05772062144748764
Knjazj,2026-07-14,early,0.02781834452804723,0.03633594097608043,0.10899535384419547,0.05771654644944104
Amor2023,2026-07-14,early,0.031595161956128444,0.021801454911571316,0.11948208632083755,0.05762623439617911
Th3ChessViking,2026-07-14,early,0.023010302486615737,0.0410155863380059,0.10875363239403672,0.057593173739552785
rodp92,2026-07-14,early,0.024011605086257007,0.03858951977884485,0.10992004709155914,0.057507057318887
boat2009,2026-07-14,early,0.02217393617566458,0.05994754661354857,0.09035226331617688,0.05749124870179667
Kutyapofa,2026-07-14,early,0.02094013279817859,0.05058788679528828,0.10083462675174308,0.05745421544840332
GWR2024,2026-07-14,early,0.023035183475757472,0.03526587131997424,0.11404533052604388,0.05744879510725853
IsaacWiebe,2026-07-14,early,0.021574484201828177,0.04324153182019062,0.10747604528330872,0.05743068710177584
Axf7,2026-07-14,early,0.02334312828627193,0.03904355429249066,0.109839530427989,0.057408737668917194
Manukyan_Artyom,2026-07-14,early,0.021685884788159037,0.051404784820652555,0.09911872357579206,0.05740313106153455
Veiso,2026-07-14,early,0.025877116228877478,0.032071258057773826,0.11423792563559813,0.05739543330741648
TenthPlanet,2026-07-14,early,0.023522358902771125,0.04154100638520187,0.10708531158596701,0.05738289229131333
kkpanu9,2026-07-14,early,0.024868041142874803,0.03088054527240474,0.11634053678449847,0.05736304106659267
Kira170,2026-07-14,early,0.025881412416862717,0.04003794394559179,0.10608803437685303,0.05733579691310251
regolita,2026-07-14,early,0.0212336409986515,0.04284357236783196,0.10787076390275831,0.05731599242308059
1b31-0,2026-07-14,early,0.025432382294264266,0.03140585635762072,0.11477522621890225,0.057204488290262416
sonson28291,2026-07-14,early,0.022560489148313503,0.040564910027272826,0.10846359668953723,0.05719633195504118
BabyFacedAssasin,2026-07-14,early,0.026104464101708722,0.030308518491617142,0.11510421398552813,0.057172398859618
Heretoflag,2026-07-14,early,0.022672439275901627,0.042410009881401055,0.1064344429496215,0.05717229736897472
ulia_escha,2026-07-14,early,0.024143507056884967,0.034173464962430275,0.1131506906264414,0.05715588754858555
ComradeEyelash,2026-07-14,early,0.032349281658118643,0.022290458799116262,0.11672338287495837,0.057121041110731095
OIAM03,2026-07-14,early,0.02546303747678881,0.042945180435012116,0.10294831247984605,0.05711884346388233
ShrookWafa,2026-07-14,early,0.023218175559090254,0.03942599414961302,0.10858896333269702,0.0570777110138001
pedroholly22,2026-07-14,early,0.026693981867753024,0.029090108469082148,0.11541190745157452,0.05706533259613656
SEBAZZANO,2026-07-14,early,0.025500221488693922,0.028534659448342343,0.1171362118477544,0.05705703092826355
Jbd735,2026-07-14,early,0.023121527855619137,0.04004145468045438,0.10797195235297527,0.0570449782963496
Dashzapper,2026-07-14,early,0.03269990035335866,0.023717022408419098,0.11460074212745162,0.05700588829640979
Pudor,2026-07-14,early,0.023385515544223016,0.03890252558455174,0.10870485731195707,0.05699763281357728
Chess_maverick18,2026-07-14,early,0.02193050679896558,0.05926036096617988,0.0898012416464466,0.056997369803864016
joshuaguo,2026-07-14,early,0.028481067391403336,0.025616415088169284,0.11685355307816037,0.05698367851924433
Nara_Kh,2026-07-14,early,0.02191375693479403,0.042384119861509674,0.10664007439763086,0.056979317064644854
Sajid0987654321,2026-07-14,early,0.022180082420394324,0.05778062783536057,0.09094086828131812,0.056967192845690996
Willixm,2026-07-14,early,0.021883848978968445,0.04144737686643882,0.10747323357332535,0.05693481980624421
Justinz,2026-07-14,early,0.03220760606311553,0.022073660617129048,0.11652099054390666,0.05693408574138375
orestn,2026-07-14,early,0.025168222575970692,0.03309231301279951,0.112431165673369,0.0568972337540464
Jamatemate,2026-07-14,early,0.02322510199528978,0.047129883532612014,0.10028538092512912,0.0568801221510103
FlashingDragon,2026-07-14,early,0.02368309693985733,0.032700726264203325,0.1141671165553604,0.05685031325314035
BjarkeSahl,2026-07-14,early,0.021214227540128056,0.04807844460726488,0.10123991722557368,0.05684419645765554
TitanDjebel,2026-07-14,early,0.021055406174217948,0.060488039310681196,0.08891769539313465,0.056820380292677934
essequamvideris,2026-07-14,early,0.02239891741162081,0.03945325371433685,0.10832966752979864,0.05672727955191877
nelsoncopa,2026-07-14,early,0.024652030848276954,0.024759383602362788,0.12069298417242293,0.05670146620768756
PassedPawnMustPushed,2026-07-14,early,0.02496325477314863,0.02769407360849004,0.11721121801270394,0.05662284879811421
Cugimura97,2026-07-14,early,0.0259969958414995,0.03037152035932454,0.1134914300531433,0.056619982084655775
DebileMenthol,2026-07-14,early,0.025471839442387293,0.03117196202776562,0.11314546049745548,0.05659642065586947
Vojtap,2026-07-14,early,0.022252982124415618,0.039411198652700256,0.10806066352366844,0.056574948100261445
Miamichess,2026-07-14,early,0.0215444685584345,0.04842580339940524,0.09967205833535382,0.05654744343106452
argimiro,2026-07-14,early,0.021720098314764732,0.04170919487967027,0.10616772352358256,0.05653233890600586
smallbaba,2026-07-14,early,0.022576855218407375,0.050984364647146896,0.0959909930708039,0.0565174043121194
wallowss,2026-07-14,early,0.027265574843307848,0.03425115755243837,0.10801671046974137,0.056511147621829204
DenizSeyhanoglu1,2026-07-14,early,0.021855991236581083,0.04078333789091275,0.1068180253384034,0.056485784821965736
heyerik,2026-07-14,early,0.021861702412925198,0.04098834212082818,0.10656033203775662,0.05647012552383666
SahaNeelash,2026-07-14,early,0.023010302486615737,0.03756852027439753,0.1087975577967007,0.056458793519237986
akro_chess,2026-07-14,early,0.021946494108448754,0.05679296121160236,0.09058448262517838,0.056441312648409826
Coiote53,2026-07-14,early,0.027304999175633116,0.025815245293375064,0.11610020582775812,0.056406816765588765
Jackleterrible,2026-07-14,early,0.023713936529357934,0.03800632625414782,0.10743960341487199,0.056386622066125915
DiamondCrusher22,2026-07-14,early,0.026804915282643126,0.027102574017577086,0.11524961977287985,0.056385703024366685
maurito96,2026-07-14,early,0.026290052733748053,0.025892627409462014,0.11685744024224609,0.05634670679515205
DreadlordPawn3,2026-07-14,early,0.021704238634560332,0.058002506046886226,0.08931677262811677,0.05634117243652111
1d4_1-0,2026-07-14,early,0.02307973477256136,0.037689409015980266,0.1082376954664212,0.05633561308498761
Beybarys_Chess,2026-07-14,early,0.021557668492865733,0.05718789751885584,0.09025428654023492,0.0563332841839855
Domingosjunior,2026-07-14,early,0.022733725333984815,0.03945619037135614,0.10674048312820293,0.056310132944514625
Mengmeng2020,2026-07-14,early,0.022084539297830063,0.04074080180380195,0.10602424401991001,0.05628319504051401
MichalL9,2026-07-14,early,0.025027859711267558,0.029498802962459162,0.1142721973458584,0.05626628667319503
lucasderetti,2026-07-14,early,0.021794094301335082,0.058936305923232624,0.08802493158362039,0.05625177726939603
jtayar88,2026-07-14,early,0.026793811519966838,0.046152627046582004,0.09575956311668365,0.05623533389441083
hangemhigh,2026-07-14,early,0.02469958960969448,0.034304437907059705,0.1096852119695146,0.05622974649542293
zutragg,2026-07-14,early,0.031096927925906438,0.04024330353274627,0.09731213287138103,0.05621745477667791
Tematicon,2026-07-14,early,0.022441530327677206,0.03861109360988541,0.10755760495461518,0.05620340963072593
AkatsukiLogHorizon,2026-07-14,early,0.0324621862557397,0.031124459309211122,0.10501954909726158,0.056202064887404125
LaurieQiu,2026-07-14,early,0.023234262158575537,0.04476495019909452,0.10045331624663197,0.05615084286810068
Jem,2026-07-14,early,0.02316554192808417,0.036840328673710204,0.1083116881235602,0.05610585290845153
Grecescu,2026-07-14,early,0.02214735916963388,0.04018370652837015,0.10581953442552985,0.056050200041177965
calin_dragomirescu,2026-07-14,early,0.023446884259876614,0.03460006309625631,0.11003437801488268,0.056027108457005204
Nemsko,2026-07-14,early,0.025404223752889393,0.029114480348285808,0.1133461658638712,0.055954956655015466
Rochachade,2026-07-14,early,0.02314481832889257,0.036276479416977384,0.1083116881235602,0.055910995289810056
Islamov2,2026-07-14,early,0.030848163568695734,0.02127895407660727,0.1155814102285662,0.05590284262462306
RonArtest77,2026-07-14,early,0.026400295461927917,0.04054431105443707,0.10072204566309143,0.05588888405981881
Bikuzhin_Maxim,2026-07-14,early,0.03158237466804289,0.02443520885420206,0.11157577549585324,0.05586445300603273
CompletePatzer54,2026-07-14,early,0.02198707284417919,0.05750702289936199,0.08809098527183103,0.055861693671790745
SchroOdiNger-Cat,2026-07-14,early,0.022211272532745973,0.055850754232318195,0.08943428846742602,0.05583210507749673
adanap_04,2026-07-14,early,0.021635743305384487,0.040602597652666356,0.10521120862835913,0.055816516528803324
bettercallcafu,2026-07-14,early,0.02502798031095131,0.03293321281353343,0.10940844170339359,0.055789878275959444
Aram7Adam,2026-07-14,early,0.03193573233181807,0.03407400773438903,0.10125245792729747,0.055754065997834855
Heineccius,2026-07-14,early,0.021769029334543867,0.04824108741420033,0.09718412152400306,0.05573141275758242
Mahan_83,2026-07-14,early,0.02296830681729332,0.042848513696128084,0.10133397135617957,0.05571693062320032
mashulakiss,2026-07-14,early,0.021996548966849428,0.04522983604265993,0.09982471588218896,0.05568370029723277
MiguelEduardoGB,2026-07-14,early,0.02334312828627193,0.034167220677963,0.10952240372482556,0.05567758422968683
skeyman,2026-07-14,early,0.031074971295263702,0.02203182628002967,0.11390443952258625,0.055670412365959876
Doctoorx,2026-07-14,early,0.023713936529357934,0.035515434457969605,0.10764400007723353,0.05562445702152036
Beast_Pepper,2026-07-14,early,0.021898059817771025,0.05628886489654951,0.08854907021814455,0.05557866497748837
emirgulbeyaz,2026-07-14,early,0.02427458878920469,0.03171242538842604,0.1106508545562994,0.055545956244643375
Kozok,2026-07-14,early,0.022613694922575995,0.0354458193712062,0.10855894257025517,0.05553948562134579
Chef_Zohid,2026-07-14,early,0.02139768837663467,0.05085833078041744,0.09432569159594889,0.055527236917667
gena217,2026-07-14,early,0.022148746841678633,0.038608612300678115,0.10578575544331185,0.055514371528556206
ObidObad,2026-07-14,early,0.022075822170949562,0.03814025083576026,0.10623739588160744,0.05548448962943908
texie1,2026-07-14,early,0.023758945650314868,0.03363408980551614,0.10892964451755764,0.055440893324462885
Manu_ChessExcelsior,2026-07-14,early,0.0330024623090886,0.027430958903541042,0.10584908395457562,0.05542750172240176
Tpros,2026-07-14,early,0.021600943254015376,0.03994369050647892,0.10462629299349378,0.05539030891799603
2bf41-0,2026-07-14,early,0.02253595764965535,0.04385518755461179,0.09968011202520952,0.05535708574315889
ruifeng,2026-07-14,early,0.033530943967880346,0.022309126813488,0.11022912330085419,0.055356398027407515
Ahmadalrahely9999,2026-07-14,early,0.030886067637125085,0.03703842798272362,0.0981170172989333,0.05534717097292733
Kaslask,2026-07-14,early,0.021759238231560164,0.038589652248262475,0.10569124913621807,0.0553467132053469
neymardasilvasantos_11,2026-07-14,early,0.021684078470226232,0.05500325270525345,0.08886215290203041,0.05518316135917003
LittlePeasant,2026-07-14,early,0.03090191727705033,0.025126633069911277,0.10949385546523295,0.05517413527073153
ShaakSiv,2026-07-14,early,0.022959260681444788,0.041425671196988006,0.10091443565307877,0.05509978917717052
LuxLinster,2026-07-14,early,0.02427458878920469,0.03193120705494057,0.10904527356099132,0.05508368980171219
Z3itnot30,2026-07-14,early,0.02074979767894746,0.05815283086296104,0.08634585264001694,0.055082827060641805
Ucitelot,2026-07-14,early,0.03139682783993031,0.022274040878404056,0.11154494126722436,0.055071936661852915
FS_195,2026-07-14,early,0.021450317860895494,0.05542239681195057,0.08819392587444583,0.05502221351576397
Dragonzprem,2026-07-14,early,0.030819359698230284,0.02290639401629421,0.11129551216371776,0.05500708862608075
GM2050PN,2026-07-14,early,0.021524687896467203,0.056872136676479335,0.08654115983076602,0.05497932813457085
JustKid,2026-07-14,early,0.02746150314328679,0.023574517732122158,0.11388384516686541,0.05497328868075812
noamapplesauce,2026-07-14,early,0.020801712211718372,0.05567290878941094,0.08838248929460414,0.05495237009857782
sumadrecucho,2026-07-14,early,0.021565361822461465,0.054500915922728516,0.08872621126537528,0.05493082967018842
GMJankovic,2026-07-14,early,0.02111346571833163,0.05697059447664091,0.0866082705091848,0.05489744356805245
NUESTRO64,2026-07-14,early,0.024230161272251242,0.024741754564686375,0.1157008829384468,0.054890932925128144
JulAnt,2026-07-14,early,0.02274455269756346,0.033703816341865124,0.10818775233197607,0.05487870712380155
WolfBaoBaoLang,2026-07-14,early,0.022208273099375953,0.0419567374756921,0.10038510137301397,0.054850037316027334
Chaubunagungamaug11,2026-07-14,early,0.02240925792531387,0.041480254092710125,0.10052901735183925,0.05480617645662108
CeylonismCW,2026-07-14,early,0.021542560256897495,0.05562539459957453,0.08721225886653569,0.0547934045743359
OnlyFlagNoSkill,2026-07-14,early,0.03151909173351689,0.03338445860417365,0.09939707548237393,0.05476687527335483
LazovT,2026-07-14,early,0.027423147183612946,0.023077793834096444,0.11370018034010329,0.05473370711927089
Finejupiter,2026-07-14,early,0.03107161441340078,0.03251925700310663,0.10052984689314373,0.054706906103217046
dmarcolino,2026-07-14,early,0.025295279050843625,0.024485429095988262,0.11431838051035227,0.05469969621906138
xLuring1,2026-07-14,early,0.024090090993113187,0.03151249423071634,0.10844891341974035,0.05468383288118996
CoachVadim,2026-07-14,early,0.02276113402229181,0.04198620212345769,0.09925739077791683,0.054668242307888776
someopening-sicilian,2026-07-14,early,0.021151213473125065,0.05423006814229061,0.08843167512580594,0.054604318913740534
Filipascu,2026-07-14,early,0.0247871054797619,0.03277478953133428,0.10613846689693737,0.054566787302677854
dianosky,2026-07-14,early,0.027334842455167204,0.03849777767453149,0.09782142331174323,0.05455134781381397
ZoltanChef,2026-07-14,early,0.021694963724372938,0.03560202625131191,0.10633897657627422,0.054545322183986354
SPEEDSKATER,2026-07-14,early,0.021910401055571054,0.04316269827198062,0.0984373508891586,0.0545034834055701
BanwabeesAreCool,2026-07-14,early,0.021861702412925198,0.0363494751842185,0.10507765434801622,0.05442961064838664
Chiquitita23,2026-07-14,early,0.02307973477256136,0.03214397658719343,0.10799351015244683,0.05440574050406721
medalja,2026-07-14,early,0.023220268485253173,0.03170978754232907,0.10826540250857467,0.05439848617871897
MissingLife,2026-07-14,early,0.02617322266561959,0.02263518425860761,0.11431632349922527,0.05437491014115082
prime-morty,2026-07-14,early,0.02715831657423614,0.03379243717360791,0.10202152264741175,0.05432409213175193
Basyak97,2026-07-14,early,0.02187212375439843,0.03552584101182979,0.10552532496881611,0.054307763245014774
LuckIsMySkill,2026-07-14,early,0.021817915325252717,0.039292960247449445,0.10178971350008464,0.05430019635759561
alertakobra,2026-07-14,early,0.024217651828679118,0.024844575131558928,0.11383759631132317,0.05429994109052041
staz_staz,2026-07-14,early,0.021625748427684853,0.03606968951679497,0.10519370844990485,0.05429638213146156
I_am_a_Miracle,2026-07-14,early,0.0223882508155455,0.03300364141719022,0.10748560289373384,0.05429249837548985
NeverW84M8,2026-07-14,early,0.025763037146731706,0.03360399575569053,0.10347923436572451,0.05428208908938225
martinique24,2026-07-14,early,0.023514140462484304,0.029571545054734315,0.10975683322044821,0.05428083957922228
popov_m,2026-07-14,early,0.024153353998949367,0.03548295961229803,0.10316922630323287,0.05426851330482676
monalize,2026-07-14,early,0.023068647459110858,0.030634121391616278,0.10899910285358454,0.054233957234770556
Avenger0811,2026-07-14,early,0.021557668492865733,0.05236575834684617,0.08848920660047466,0.05413754448006219
Drahacik,2026-07-14,early,0.025993369470024275,0.02069496850759622,0.11568728612801886,0.05412520803521312
MMSANCHEZ,2026-07-14,early,0.023789572831027016,0.02948682264429467,0.10874533136981324,0.054007242281711644
Everyfishknows,2026-07-14,early,0.022816829269706056,0.03911107265285277,0.09992817460546048,0.05395202550933977
Heydarli77,2026-07-14,early,0.02327365598758117,0.03035079740110596,0.10822126053525788,0.05394857130798167
if_name_main_a,2026-07-14,early,0.022346025405423207,0.03147268579670973,0.10799071968294797,0.053936476961693645
flo65,2026-07-14,early,0.02114692692908969,0.04188978820625865,0.09872151253788529,0.053919409224411206
GABUZYAN_CHESSMOOD,2026-07-14,early,0.021552852069518454,0.031082995696011192,0.10904283632597124,0.05389289469716696
qing29,2026-07-14,early,0.02168366242635282,0.03500796555017245,0.10488770236609836,0.05385977678087454
Valiyev_Shahin,2026-07-14,early,0.03243714020717468,0.026532337221027696,0.10240357827513481,0.05379101856777907
chiwii,2026-07-14,early,0.020413628551442024,0.053682989652194694,0.08724460959178625,0.053780409265140994
SmoothAsAHedgehog,2026-07-14,early,0.021653974769299283,0.04216419478437347,0.09748626547039374,0.05376814500802216
Keks2017,2026-07-14,early,0.022520175433139545,0.02620992802775538,0.11250090829733249,0.0537436705860758
sacrifoice,2026-07-14,early,0.02144964070855232,0.03426401818711114,0.10533791203815934,0.05368385697794093
dimoni64,2026-07-14,early,0.02216663080780075,0.029513412274702736,0.10925388746977101,0.05364464351742484
mcorallo,2026-07-14,early,0.02593188105941764,0.0215796306437659,0.11317866274007357,0.05356339148108571
Zhbugnoimt,2026-07-14,early,0.024095101098209032,0.03290693586672645,0.10364678032016186,0.053549605761699114
blitis,2026-07-14,early,0.0225183033394825,0.03703485585773229,0.10109265364467769,0.05354860428063083
Defencer2006,2026-07-14,early,0.021424985461389573,0.05119324716083211,0.08799322051824313,0.05353715104682161
Nakhapetian_Pogos,2026-07-14,early,0.02002586580505793,0.056320436638787955,0.08425500635981352,0.053533769601219805
traack,2026-07-14,early,0.031480768577546635,0.026107881552014885,0.10297633976131801,0.05352166329695984
uzkuzk,2026-07-14,early,0.02189561801530565,0.03174685965772347,0.10682032893893617,0.05348760220398843
olga-belka,2026-07-14,early,0.032514390044863596,0.023285380026678466,0.10464040843679223,0.0534800595027781
fmcabralis,2026-07-14,early,0.022415252539500077,0.039092183531703774,0.09892566183133661,0.053477699300846816
1g60-1,2026-07-14,early,0.026113411442575347,0.029239899453064756,0.10502272957178985,0.053458680155809984
CombativeWombat,2026-07-14,early,0.02648471244029756,0.02623959984324891,0.1076177778055113,0.05344736336301925
louadasme,2026-07-14,early,0.02042427217521143,0.05338815017771128,0.08652654066650532,0.053446321006476005
ClydeHillKid,2026-07-14,early,0.029320885806212376,0.02180137200722417,0.10921499456331246,0.05344575079224967
AsatryanGor,2026-07-14,early,0.020556699681349325,0.05448265900086461,0.0852142910817636,0.05341788325465918
Kodawari,2026-07-14,early,0.02261803906468112,0.030391118916848765,0.10717184681816443,0.053393668266564775
omeed_87,2026-07-14,early,0.022913761335782802,0.03640036273425274,0.10079385712200495,0.053369327064013504
ViktorHNielsen,2026-07-14,early,0.022193438880197425,0.03165134444176018,0.10620604394942944,0.05335027575712901
ajschess1,2026-07-14,early,0.019722554964074667,0.05398172977311397,0.08629104066310835,0.053331775133432326
Bent_Carlsen,2026-07-14,early,0.022404476187982986,0.03702876151056463,0.10049566735588625,0.05330963501814462
Jagerrmeisterr,2026-07-14,early,0.024801023728262286,0.030752542206224014,0.10437292023518444,0.053308828723223574
Vinnkratos,2026-07-14,early,0.0203122141043355,0.055124175616572506,0.08438698427845251,0.05327445799978684
StopLookingAtMyProfile,2026-07-14,early,0.022824878623226595,0.036398772544434875,0.1005808493999055,0.05326816685585565
gordonzyxu,2026-07-14,early,0.021498143827252535,0.03202198169588762,0.10624620530537214,0.0532554436095041
Problematique_99,2026-07-14,early,0.022024762254113917,0.0327808214410891,0.10490339107726303,0.053236324924155344
delqate,2026-07-14,early,0.023720278609359068,0.03310979382879367,0.10272833287684792,0.05318613510500022
AlejandroBalde,2026-07-14,early,0.021305152540214763,0.03322149879487063,0.10499356534233219,0.05317340555913919
Necromon,2026-07-14,early,0.0261251666043436,0.030839664652660612,0.10247198585098345,0.05314560570266256
WinningButNotReally,2026-07-14,early,0.024893397465508026,0.022930940663154816,0.11155927218828018,0.05312787010564768
MariusBieliauskas,2026-07-14,early,0.022824878623226595,0.03497440345544952,0.10148405994396842,0.05309444734088151
jorquerino,2026-07-14,early,0.02368909951431389,0.026464647837700226,0.10875105960692508,0.052968268986313065
Mili_Brizzi,2026-07-14,early,0.023149228650350955,0.024561693927440436,0.11109653431706874,0.052935818964953384
OurDudeness,2026-07-14,early,0.025821019873118366,0.035925941638210244,0.0969120438394001,0.052886335116909565
LukaRadovic0803,2026-07-14,early,0.02214735916963388,0.030605276592807703,0.10588104490694743,0.052877893556463
hell3raiser,2026-07-14,early,0.022831900859950263,0.03412256927376073,0.10167572623035487,0.05287673212135529
ZverevLev,2026-07-14,early,0.02269125880722573,0.036171246789985095,0.09960991624513126,0.05282414061411403
AntonSmirnov,2026-07-14,early,0.02164851556908916,0.03114620837524943,0.10561710269182185,0.05280394221205348
vpantev,2026-07-14,early,0.022856259291404453,0.0267971942952815,0.10859510012601406,0.052749517904233344
Kostya26,2026-07-14,early,0.022428820498180273,0.02875606691146144,0.10706085879212257,0.052748582067254766
ChessTerminator67,2026-07-14,early,0.020814413978172592,0.05081850368139317,0.08642106838082468,0.05268466201346348
XANTARESPEEK_1,2026-07-14,early,0.019964247114279087,0.05310485767329684,0.08487317930252926,0.05264742803003506
Khamrakulov_Djurabek,2026-07-14,early,0.022924717093227156,0.03308256648061,0.1018380376278968,0.05261510706724465
sassassasss,2026-07-14,early,0.02002937620669253,0.05343226088156386,0.08432083733385795,0.05259415814070478
FitBison2,2026-07-14,early,0.020912130787830857,0.050592765337086995,0.08604829221348426,0.05251772944613403
arnoldpetra,2026-07-14,early,0.02276113402229181,0.035636529582619175,0.09907992131903352,0.052492528307981505
Chess2smart,2026-07-14,early,0.022948513398877705,0.036555090617999976,0.09791496867155132,0.05247285756280967
bugledxn,2026-07-14,early,0.020709711909514813,0.049803874923284974,0.08687490967012274,0.05246283216764084
icychess54,2026-07-14,early,0.022358055862134865,0.02827069084952639,0.10673710349361741,0.052455283401759555
Juliana_Figueira,2026-07-14,early,0.023642481343328938,0.03209488581388047,0.1016061761672009,0.052447847774803436
SupremeTactician,2026-07-14,early,0.02457588132655519,0.030815874273914735,0.10183213149737477,0.052407962365948225
MashaFromRussia,2026-07-14,early,0.021853952620662705,0.03276702324511655,0.1020934482935656,0.052238141386448285
BebeBonito2022,2026-07-14,early,0.022818614980008024,0.025461186201272246,0.10831925692576744,0.05219968603568257
sissahungrychess,2026-07-14,early,0.021342950751904517,0.037985454193166235,0.0971761457183964,0.05216818355448905
Orion2127989,2026-07-14,early,0.02232692417648499,0.0323144507668976,0.10174438851708745,0.052128587820156676
Viscaino-Jhonny2003,2026-07-14,early,0.020273076273653646,0.05214495801773346,0.08395673440483757,0.052124922898741564
Rinqed222,2026-07-14,early,0.02028429943441917,0.052330984281551834,0.08354287275630949,0.05205271882409349
kenta1234,2026-07-14,early,0.022121171174482434,0.02801466082386282,0.10597800183559576,0.05203794461131367
Tulipnoir,2026-07-14,early,0.022692003077379157,0.03999156778254729,0.09334168226209406,0.05200841770734017
HOANGCANHHUAN,2026-07-14,early,0.020634697080459043,0.05114823732564898,0.08420099306893204,0.05199464249168003
anvikr,2026-07-14,early,0.021342950751904517,0.03717663299355786,0.09705176698050294,0.051857116908655104
WDCH,2026-07-14,early,0.020171896146319607,0.049772561558297256,0.0854998090477729,0.05181475558412992
willsidney,2026-07-14,early,0.020344607340717403,0.04941337253470023,0.08567673146097393,0.05181157044546386
r31415,2026-07-14,early,0.02899764889939498,0.02040341771572088,0.1059568992004027,0.051785988605172854
Gachatur09,2026-07-14,early,0.019801404418437717,0.04960508404776788,0.08587255504298386,0.051759681169729815
savagemedusa,2026-07-14,early,0.022620252418707874,0.030762977970932606,0.10159982902509125,0.05166101980491058
NoSpaghettiForYou,2026-07-14,early,0.02299622078777614,0.03611426923171144,0.09586914004063372,0.0516598766867071
FriedGambit_08,2026-07-14,early,0.020056941648661196,0.049434114997420155,0.085295226962826,0.05159542786963578
QuantumKnight15,2026-07-14,early,0.02030054255334022,0.04775160799217472,0.08666326982210176,0.05157180678920557
107degrees,2026-07-14,early,0.023396428704761576,0.022369344341120093,0.10871439970046097,0.051493390915447544
dragonkiller15,2026-07-14,early,0.022447574162884683,0.025005662175874896,0.10694783106406218,0.05146702246760725
AZChessGurus,2026-07-14,early,0.020025131108118644,0.04879251008150537,0.08549927473722009,0.0514389719756147
Igor_Kowalski,2026-07-14,early,0.02171248354460769,0.02529047141828288,0.10720337673021878,0.05140211056436978
redblizzard,2026-07-14,early,0.02191375693479403,0.02600365015749603,0.10626595739014906,0.05139445482747971
ClayK1ng,2026-07-14,early,0.0215667127795706,0.028327855069602746,0.10425961316297196,0.051384727004048426
abfchess,2026-07-14,early,0.02158046795556626,0.02605405980693186,0.10638706056875508,0.05134052944375106
wjeun,2026-07-14,early,0.020165929873074973,0.04828367702247019,0.08549096715347268,0.05131352468300595
sutovsky666,2026-07-14,early,0.019964231269897697,0.04950147739880125,0.08445397758885781,0.05130656208585225
Washmachine,2026-07-14,early,0.023561550940577557,0.025569448706457096,0.1047589570383177,0.051296652228450784
deloewre,2026-07-14,early,0.021325740890283724,0.02642405640106856,0.10613070765833447,0.05129350164989558
filipluczak05,2026-07-14,early,0.030193161426549937,0.02193372318197486,0.10155362598447489,0.051226836864333235
gomeschess02,2026-07-14,early,0.021340565679279375,0.029844234718780685,0.10238753246142895,0.051190777619829674
poummba,2026-07-14,early,0.02219273179804264,0.02495249942598448,0.10625871940563462,0.05113465020988725
Gerlee15,2026-07-14,early,0.020128995292977056,0.04861413846828303,0.0846282670901229,0.05112380028379434
Yoshkinkot,2026-07-14,early,0.020152823857860436,0.05035702669793769,0.08278598557169627,0.05109861204249813
H7DJK,2026-07-14,early,0.02163214238866767,0.026568430234741907,0.10487007557194074,0.05102354939845011
lrjchess,2026-07-14,early,0.02172150423526329,0.029056994218312166,0.10229037865126195,0.0510229590349458
wyano,2026-07-14,early,0.020509290245324635,0.03193806696708954,0.10048719062377119,0.050978182612061794
EcosseKillie,2026-07-14,early,0.030900707891985603,0.022867383490584387,0.09915995059562195,0.05097601399273064
CURRUTACO59,2026-07-14,early,0.02432530663463119,0.02674787045153256,0.10180498126043816,0.05095938611553397
ThaBarWa,2026-07-14,early,0.026954908253952765,0.030895863847667886,0.09484630385245886,0.0508990253180265
BerlinDrawer,2026-07-14,early,0.02177762801526762,0.034013974282334054,0.09668658079422147,0.050826061030607717
Shepa2017,2026-07-14,early,0.02951008459773713,0.017912432578697395,0.10493795838390663,0.050786825186780384
claudiuprunescu,2026-07-14,early,0.01981719623279342,0.04878959621559018,0.08347583887064118,0.050694210439674925
ChessVNTroll,2026-07-14,early,0.020273076273653646,0.04739800567624609,0.08440091970769231,0.05069066721919735
Eivissa,2026-07-14,early,0.02203273472121967,0.038724579229982,0.09116381061085431,0.050640374854018656
lucachess49,2026-07-14,early,0.026943566559820744,0.02549661013303237,0.09943245623650525,0.05062421097645279
AnthonyLevin,2026-07-14,early,0.023267225384820164,0.019282808508690553,0.10895662920565805,0.05050222103305626
ChSalas,2026-07-14,early,0.020151081538456607,0.047172370642395156,0.08414704535297206,0.050490165844607936
Argente,2026-07-14,early,0.02272258129422263,0.019894266416722338,0.10877828322127794,0.0504650436440743
EithanRuiz12,2026-07-14,early,0.019685446731588552,0.047228338289196516,0.08447472657419064,0.050462837198325235
Ehsan_GhaemMaghami,2026-07-14,early,0.0281199463083813,0.017077884803267863,0.10613724916506628,0.050445026758905144
ajedrezencantabria,2026-07-14,early,0.029037506844787286,0.01739521830270474,0.10480175373625199,0.05041149296124801
Matthew_Clarke,2026-07-14,early,0.02820695723468325,0.021405822701729076,0.10160184283272335,0.05040487425637855
Lucas_Calcada,2026-07-14,early,0.019956360569601414,0.047045952703470874,0.08410584170148798,0.050369384991520084
Diyaarada,2026-07-14,early,0.019689079431186442,0.04708862358332786,0.08408007697300059,0.050285926662504955
Ekose,2026-07-14,early,0.0226199633686735,0.02393537923824885,0.10423886121517603,0.05026473460736613
vincentmasuka,2026-07-14,early,0.023092750756306322,0.029240603958752043,0.09833409100072736,0.050222481905261906
Jeronimozapata02,2026-07-14,early,0.019988985598848055,0.0453813981531151,0.08509361286313881,0.05015466553836732
charly871,2026-07-14,early,0.027513588954681055,0.029226872444937265,0.09371575104941414,0.05015207081634415
rey_jacinto,2026-07-14,early,0.019573634409505828,0.04629688164288328,0.0842557352306197,0.05004208376100294
Garmendiarov,2026-07-14,early,0.022209104784905943,0.030027796186185667,0.09783100600048257,0.050022635657191394
Iyael,2026-07-14,early,0.02910135244938144,0.017028442917303762,0.10370780353433974,0.049945866300341646
Spectre93,2026-07-14,early,0.027844778762404532,0.017126214210254644,0.1046719650309814,0.049880986001213524
vjecspec,2026-07-14,early,0.028713852299617725,0.017090646558066865,0.10376682707056574,0.049857108642750114
Ryan_Young,2026-07-14,early,0.028009103212328048,0.017557586022143794,0.10387806226794223,0.049814917167471356
Witold_lechowski,2026-07-14,early,0.020151081538456607,0.045078361368535595,0.08399017249488605,0.049739871800626084
TorpedoKnight,2026-07-14,early,0.019652243707690326,0.04569918103936086,0.08371971626707117,0.04969038033804079
Chigorinetz,2026-07-14,early,0.02395128709658127,0.03126681849318358,0.09343762999034917,0.04955191186003801
SkyScraper111,2026-07-14,early,0.019706934533854643,0.04570504096887132,0.08305061149137026,0.04948752899803207
Ryan_Zhong,2026-07-14,early,0.018977194923569942,0.045136627111572694,0.08426727180982642,0.049460364614989684
giftedcreation,2026-07-14,early,0.021112637702988477,0.022271318125598592,0.10492540045896734,0.049436452095851464
Enki1010,2026-07-14,early,0.027967571062236383,0.01759034453544686,0.1027087516574457,0.049422222418376315
pastouche06,2026-07-14,early,0.029006191985199475,0.015515274395404904,0.10373978941017942,0.04942041859692794
desni93,2026-07-14,early,0.01994521122165303,0.045758187440553905,0.08227474672075547,0.04932604846098746
dannywanny8,2026-07-14,early,0.01978974330214874,0.044990908985224606,0.0828743064421894,0.04921831957652092
TheMandalorian37,2026-07-14,early,0.028695601842473585,0.015973055333654368,0.10297227882152608,0.04921364533255135
Filipets,2026-07-14,early,0.02233030828712702,0.02962016578952406,0.09562736785181838,0.049192613976156485
Akrakan,2026-07-14,early,0.022062846533959915,0.022463453119084806,0.10301216767438208,0.04917948910914227
ENEASZ,2026-07-14,early,0.028686582782731816,0.016215291076468418,0.1026273031627149,0.049176392340638385
germansanch,2026-07-14,early,0.01981719623279342,0.04483005841305965,0.08280782818926284,0.04915169427837197
epjdcdu86,2026-07-14,early,0.01994344462873269,0.041845816692911,0.08562994735898148,0.04913973622687506
nestorvive,2026-07-14,early,0.02003097610931427,0.043852798577369206,0.08283182858131853,0.048905201089334
Match_FIghter,2026-07-14,early,0.020340832219698072,0.043153323151204404,0.08317719693883464,0.048890450769912365
STARMATEcc,2026-07-14,early,0.02259518936773631,0.025199782124804095,0.09870300395483192,0.048832658482457436
azulgrana1970,2026-07-14,early,0.028713852299617725,0.015305468494316129,0.10233073253596224,0.048783351109965366
PudgeImba228,2026-07-14,early,0.019840070250762752,0.04252074859236487,0.08397036679718081,0.048777061880102814
chess50years,2026-07-14,early,0.028250341375664824,0.016855409134697862,0.1011765460275792,0.0487607655126473
Mikheev1976,2026-07-14,early,0.02798693409917504,0.017337305944562644,0.10087205940758016,0.048732099817105946
Lenyas66,2026-07-14,early,0.02848306034167348,0.017061267003852906,0.10056190978803949,0.04870207904452195
Avorton,2026-07-14,early,0.020067361864496074,0.043366291900507725,0.0825414628377197,0.04865837220090783
FredyMatsuura,2026-07-14,early,0.022271076654875696,0.02205125715536904,0.1014700627070359,0.04859746550576022
SmarterChess,2026-07-14,early,0.02829304947758536,0.016232285683879438,0.10108699444831465,0.04853744320325981
Alliswell998,2026-07-14,early,0.023764266689363062,0.01710072960898105,0.10435710364385263,0.04840736664739892
DiegoMoreno2007,2026-07-14,early,0.02005950782229393,0.04244770424857645,0.0826781968560725,0.04839513630898096
keremilgaz,2026-07-14,early,0.02019309357198235,0.042101080454794236,0.08256374364089822,0.0482859725558916
AshotParvanyan,2026-07-14,early,0.020340832219698072,0.041605304993008636,0.082805112374756,0.04825041652915424
CaptainTheTT,2026-07-14,early,0.02823467098359078,0.015612386268919094,0.10086543996554492,0.04823749907268493
WuinaterJr,2026-07-14,early,0.028616192079355132,0.014760438051286467,0.10086686275537071,0.04808116429533744
Jan939519,2026-07-14,early,0.020438186788997895,0.033598454769373946,0.08995043356619283,0.047995691708188216
Wiskey2,2026-07-14,early,0.020151081538456607,0.038797353549069574,0.08496311324466953,0.04797051611073191
ARTHURMOTIVATOR,2026-07-14,early,0.021927931138344806,0.036102423805143176,0.08581220797203747,0.047947520971841816
Arlettiii,2026-07-14,early,0.019983612436701586,0.04097184783209159,0.08260745143971432,0.04785430390283583
Fariasov,2026-07-14,early,0.01981719623279342,0.041394827700026365,0.0821254463525098,0.04777915676177653
TheMightyBishops,2026-07-14,early,0.027596279819056574,0.014611611286560864,0.10048387345460136,0.04756392152007293
Missigirl,2026-07-14,early,0.01924180184562549,0.0397429291122216,0.08364839784583893,0.04754437626789534
Vladimir_2020,2026-07-14,early,0.023071195336760556,0.03092101775863559,0.08852806405124737,0.047506759048881166
JustWatch000,2026-07-14,early,0.02317933859544333,0.015062689613829144,0.10371329540095862,0.04731844120341037
fgm1ke,2026-07-14,early,0.020316642304299897,0.037582407909862045,0.0838120799144485,0.047237043376203484
BM_on_ICC,2026-07-14,early,0.02317292201248435,0.015951058461081073,0.10255373330273972,0.047225904592101714
mandakkadukka,2026-07-14,early,0.019579022355239065,0.03852903794759915,0.08351887439103738,0.047208978231291866
Yamp2016,2026-07-14,early,0.019683113018704755,0.038921584735320106,0.08295068869676595,0.047185128816930266
pekowitsch,2026-07-14,early,0.02057507698019261,0.03823794517699712,0.08253740679235946,0.04711680964984973
FarOut1364,2026-07-14,early,0.02320413228553781,0.014968798243131944,0.10309754778130081,0.04709015943665686
chess_master_8820,2026-07-14,early,0.020583852113684194,0.036008815913266615,0.08456135100465768,0.047051339677202826
CoastalJourney,2026-07-14,early,0.028768984953984292,0.01980183611248707,0.09253119519538391,0.047034005420618426
dfedunov,2026-07-14,early,0.02028429943441917,0.03960332124308493,0.08083258794507582,0.04690673620752664
GVK308,2026-07-14,early,0.02019309357198235,0.03883143267789748,0.08163004453081665,0.04688485692689883
Twannibal,2026-07-14,early,0.023039046755827786,0.016165484816379354,0.10131479017116846,0.04683977391445854
OtherGabe,2026-07-14,early,0.02012381332319101,0.03787287334680306,0.08238521871806831,0.04679396846268746
GreatOwl02,2026-07-14,early,0.022600429634396655,0.0250769820085213,0.09253345621059209,0.04673695595117002
TheJeremyEllison,2026-07-14,early,0.01948117045125582,0.038750450179563536,0.08193688340858733,0.046722834679802226
FabinanaG,2026-07-14,early,0.01972902125127766,0.03941207109857516,0.08083664296540878,0.0466592451050872
as9killer2,2026-07-14,early,0.021148988340186404,0.024571192156010526,0.09380456677102282,0.04650824908907325
xRxcks,2026-07-14,early,0.02299289507027724,0.015269338244095916,0.10123383328976418,0.04649868886804578
Adnan_nadimifar,2026-07-14,early,0.01982531820148538,0.03860190918749212,0.08097816981977266,0.046468465736250054
unikman,2026-07-14,early,0.01985852627253234,0.0392993465610704,0.08018589565688504,0.04644792283016259
isikalp01,2026-07-14,early,0.019844177615924722,0.0364668531983527,0.08290480904960346,0.046405279954626955
e4evr,2026-07-14,early,0.025443308390538485,0.021169635199470706,0.09247114431063563,0.04636136263354828
isainz,2026-07-14,early,0.02200371248140654,0.02489773929984045,0.09199995512010437,0.04630046896711712
zane33,2026-07-14,early,0.022712836100149056,0.014708947427092485,0.10140625146901139,0.04627601166541764
andreavb,2026-07-14,early,0.019370098703958095,0.037392301020358114,0.08199050145176785,0.04625096705869469
ColorsTrilogy,2026-07-14,early,0.01966038620917171,0.03632686201990467,0.08231424290948369,0.04610049704618669
Lucas_Tomiello,2026-07-14,early,0.024429587160451988,0.021451452142429512,0.09236591025498775,0.046082316519289755
Michelsan,2026-07-14,early,0.019806123896100234,0.037848165333595876,0.08023261561042974,0.04596230161337528
Chesmon,2026-07-14,early,0.028117814024270934,0.01705699014296205,0.09266292536525954,0.04594590984416417
ASHCHESS,2026-07-14,early,0.02024444324199875,0.035028927906178085,0.08199270276233288,0.045755357970169906
maciejos95,2026-07-14,early,0.02009549427493893,0.036354155228636165,0.08074293631493344,0.04573086193950285
G-KAMILO,2026-07-14,early,0.019633643305455337,0.035902901231416214,0.08163727451125152,0.045724606349374364
lailailaiking,2026-07-14,early,0.02012381332319101,0.03591896550755708,0.08103817022445259,0.045693649685066895
larso,2026-07-14,early,0.020213950680001286,0.03532290204430689,0.0814508970220377,0.04566258324878195
CPOR3,2026-07-14,early,0.019983612436701586,0.03585759008168777,0.08094559037401725,0.0455955976308022
BRYANtheBUTCHER,2026-07-14,early,0.02287770798723346,0.019765465258694458,0.09402797679395357,0.045557050013293826
Der_Honigdachs,2026-07-14,early,0.02319862513789859,0.025626637779568962,0.0877768858047633,0.04553404957407695
Rodgy,2026-07-14,early,0.0202170512974021,0.035637861842303366,0.08062760313264274,0.045494172090782735
Silversik,2026-07-14,early,0.020137392798959396,0.03653595991896894,0.07972202169973476,0.04546512480588769
HindsightIs2700,2026-07-14,early,0.02028063140530217,0.03404048022740179,0.08200924968021261,0.0454434537709722
Fravatel,2026-07-14,early,0.02022973227733303,0.03377925533262025,0.08202749687576105,0.04534549482857144
Torrentec,2026-07-14,early,0.02013876672597956,0.033748885061104066,0.08192690221641376,0.0452715180011658
ReversGagnant,2026-07-14,early,0.02010920293695439,0.03580701773246547,0.07989520876282881,0.04527047647741622
plasm712,2026-07-14,early,0.02005950782229393,0.034085114450523056,0.08147186462420244,0.04520549563233981
TakeFreeStuff,2026-07-14,early,0.020180753613725008,0.0348515385053547,0.08053857511518897,0.04519028907808956
Baag4Life,2026-07-14,early,0.020349397816884354,0.03363188850485699,0.0815246391069447,0.04516864180956202
TrajkoNedev,2026-07-14,early,0.019996861532418277,0.032461662577675035,0.08288595654285807,0.04511482688431714
cristiansampaoli,2026-07-14,early,0.0201002814256528,0.03492138186064462,0.08015006651731348,0.0450572432678703
BOMBABOMBACLAT,2026-07-14,early,0.019834702929698026,0.032224535403490656,0.08294373798258406,0.04500099210525758
einstein_fan09,2026-07-14,early,0.019834702929698026,0.032025364592304484,0.08294373798258406,0.04493460183486219
optikbaskan,2026-07-14,early,0.01981319844528157,0.033408174957568364,0.08090962770025271,0.04471033370103422
Ajedrez_de_Locos,2026-07-14,early,0.019894874409193235,0.02721148982348818,0.0867970655951222,0.04463447660926787
want2lose,2026-07-14,early,0.019707800916802083,0.02938436924793856,0.08472327131187508,0.044605147158871906
NefeLV,2026-07-14,early,0.019731432446426125,0.03304770244161006,0.08098383148277,0.04458765545693539
Vodkajunior4,2026-07-14,early,0.01967107845172455,0.032090144523179286,0.0816459123727798,0.044469045115894536
awb2001,2026-07-14,early,0.019564746468146314,0.03500347393358834,0.07880088413739433,0.04445636817970966
rubix-time,2026-07-14,early,0.020345631052678656,0.031089959480435934,0.08148694203711504,0.044307510856743205
NoGalloNoParty,2026-07-14,early,0.022911837521821743,0.020393601813987115,0.08951395486568249,0.04427313140049712
Chaubunagungamaug2,2026-07-14,early,0.020396104822498325,0.03223185107368148,0.07994048428921602,0.044189480061798604
TheRobot72,2026-07-14,early,0.01978637821682039,0.0341514607692026,0.0785197859030983,0.04415254162970709
ChessDokmus,2026-07-14,early,0.01984638662638219,0.03262008709979773,0.07961823947538213,0.044028237733854024
rhl_b,2026-07-14,early,0.019949079363290913,0.030358457131984033,0.08173977719781203,0.04401577123102899
Chushoudelu,2026-07-14,early,0.019912903717540925,0.03049011971476827,0.08140959528810818,0.04393753957347246
KamilaHryshchenko,2026-07-14,early,0.020060474952391053,0.03257170069815079,0.07912193407743123,0.043918036575991026
KierkegaardianSoul,2026-07-14,early,0.020188737879318484,0.03075510514743858,0.08029389873149416,0.043745913919417075
RemovedUsername982340498,2026-07-14,early,0.01994416233367218,0.029597076822709123,0.08169354094877981,0.04374492670172037
Aikiigm,2026-07-14,early,0.022120380607639985,0.01925672274171463,0.08934966342983924,0.04357558892639796
BobanBogosavljevic,2026-07-14,early,0.019828774979569013,0.03059587105631644,0.08027164466708953,0.04356543023432499
Matheusmdr2005,2026-07-14,early,0.02019332573622501,0.02846895129125094,0.08194654121382737,0.04353627274710111
Sharkaholic,2026-07-14,early,0.020172854704028947,0.02666883827697774,0.0836582759654261,0.04349998964881093
aval7an,2026-07-14,early,0.02003231565838316,0.028512214176375106,0.08173249252569695,0.04342567412015174
Mr_Carabali,2026-07-14,early,0.020096913192583412,0.03066898421966547,0.0794760554597472,0.04341398429066536
reigningmvp,2026-07-14,early,0.020345631052678656,0.02836525796424299,0.08146435560358231,0.04339174820683465
MartinHollan,2026-07-14,early,0.02032807295043163,0.02769945881914087,0.08200306137902177,0.043343531049531425
Na_binci,2026-07-14,early,0.021521704850612073,0.01906461272001132,0.08928496254029651,0.04329042670363997
katoma,2026-07-14,early,0.022307506590628565,0.016030993571246856,0.09150582697814677,0.0432814423800074
crossingthestreet,2026-07-14,early,0.020098216204459673,0.02698570842515692,0.08272880659821989,0.04327091040927883
budda,2026-07-14,early,0.02000520487455182,0.029007150981491474,0.08051859421910802,0.04317698335838377
Canairez,2026-07-14,early,0.020165283164295705,0.028924672596427857,0.08040764316608395,0.04316586630893584
columbiachessclub,2026-07-14,early,0.020111494304419344,0.028983975038140885,0.08039183253998328,0.04316243396084784
toavinaraza,2026-07-14,early,0.01997548084086865,0.028563022904594653,0.08089990618622378,0.043146136643895695
GMsKoRPioN,2026-07-14,early,0.02015344607238435,0.030200402964771153,0.07896366911333252,0.04310583938349601
PawelCzarnota,2026-07-14,early,0.020349397816884354,0.027380543082129467,0.08152546839172274,0.04308513643024552
chessdoll90,2026-07-14,early,0.020180753613725008,0.028916602085552436,0.08013432273970095,0.043077226146326135
hectorfiori,2026-07-14,early,0.020328403851783933,0.028527188188889493,0.08035343853418071,0.043069676858284715
2Killer2,2026-07-14,early,0.01997548084086865,0.02783857122480573,0.08136070579289215,0.043058252619522175
SMatthews64,2026-07-14,early,0.01948353441446412,0.028086274328759504,0.0813996506914842,0.042989819811569276
bugsbunny444,2026-07-14,early,0.021943324904036502,0.018048489003015932,0.08895638360599634,0.042982732504349586
titomagno_64,2026-07-14,early,0.0195937694237223,0.028180265690725678,0.08116546761946403,0.04297983424463733
Max50001,2026-07-14,early,0.01975574457300815,0.028892402933762662,0.08025256064084915,0.04296690271587331
HuskyWithAHat,2026-07-14,early,0.020172854704028947,0.026269425207944605,0.08240778417218377,0.04295002136138578
MMM_Zhukovskiy,2026-07-14,early,0.019877242504808337,0.02783456456224693,0.08107094827745226,0.042927585114835846
SaraciNderim,2026-07-14,early,0.020710182964277336,0.025156075796840108,0.08291176437450852,0.042926007711875325
andjela_djidjika,2026-07-14,early,0.019358251739680792,0.028488029184032333,0.08091360235986192,0.04291996109452501
Killer_London,2026-07-14,early,0.019747928096785338,0.029122955498231295,0.07985704947388549,0.04290931102296738
Wizard_of_Odds,2026-07-14,early,0.021983866491363652,0.019476608200547973,0.08720542921742196,0.042888634636444524
Jarrahi2452,2026-07-14,early,0.020183254303608667,0.023774877354633784,0.08461337930395432,0.04285717032073225
majarimx,2026-07-14,early,0.019429122420307268,0.029940701823610128,0.07908302092989766,0.04281761505793835
nOcHeaTiNgKiD,2026-07-14,early,0.021866298254979467,0.018991476317953504,0.08739438172148078,0.04275071876480458
ThinkingSquares,2026-07-14,early,0.02044365916662345,0.025863169501779432,0.08191340605901422,0.04274007824247237
Magicmaster17,2026-07-14,early,0.019710629785855166,0.024392877165061843,0.08410671439228552,0.04273674044773418
Sandkorn108,2026-07-14,early,0.020060474952391053,0.02895481145586185,0.0791339146933084,0.0427164003671871
VTB-81,2026-07-14,early,0.019509875736422943,0.028232091901229137,0.08033773351987439,0.042693233719175494
defibaugh,2026-07-14,early,0.020180753613725008,0.0278282339973283,0.08005133996186929,0.042686775857640864
Kakaroto_28,2026-07-14,early,0.01938866838769273,0.02851183264250524,0.0801471637631728,0.042682554931123586
boracilek,2026-07-14,early,0.020095296365421296,0.02485043479558076,0.08307397669199337,0.04267323595099848
IvanRadivojevic,2026-07-14,early,0.021895874815921784,0.018514230277818046,0.08748760124235722,0.04263256877869901
Patolindo,2026-07-14,early,0.0195937694237223,0.026703604126167266,0.08152777138459363,0.04260838164482774
NeverGiveUppp,2026-07-14,early,0.020182487593337912,0.026286481041702395,0.08129285358981987,0.04258727407495339
abc13524,2026-07-14,early,0.019520785757952408,0.028189511967238724,0.08005117873854901,0.042587158821246716
gmtalentoso,2026-07-14,early,0.0200472478277511,0.02579934172946253,0.08188306343523073,0.042576550997481456
kleong12,2026-07-14,early,0.019601584164335786,0.026213214219569975,0.08182220249664254,0.04254566696018277
AdrianConde,2026-07-14,early,0.01962454872327172,0.027119908631303126,0.08087880735985788,0.04254108823814424
EduardArbereshi,2026-07-14,early,0.019752817152507925,0.027110343232528773,0.08067402262573642,0.042512394336924365
dabee,2026-07-14,early,0.019910682782695838,0.025985274595613287,0.08159769366189286,0.04249788368006733
fadamoss,2026-07-14,early,0.020180753613725008,0.02680009798701529,0.08040896550087212,0.04246327236720413
TheDiscoOne,2026-07-14,early,0.020210440827388466,0.02317080964632604,0.08396904359732116,0.04245009802367855
norman927,2026-07-14,early,0.01971210988189457,0.02789192766778087,0.079585167904893,0.04239640181818948
julioramirezosio,2026-07-14,early,0.021284848858038535,0.016324775160879924,0.08943649541878704,0.042348706479235165
Big_Finky,2026-07-14,early,0.019689673345408543,0.025658114456939655,0.08134806446384271,0.042231950755396964
NM_Koval,2026-07-14,early,0.01965376103316685,0.02662175042178333,0.08009940561569132,0.0421249723568805
lgsalazar94,2026-07-14,early,0.020271904893600402,0.02220497599588199,0.08383982162780136,0.04210556750576125
AndrewDGreen,2026-07-14,early,0.020060474952391053,0.026613993883579285,0.07950841014577512,0.04206095966058182
grl77,2026-07-14,early,0.020378741062642227,0.020345709932167486,0.08538851939828067,0.0420376567976968
c_H_e_S_s_K_i_L_e_R,2026-07-14,early,0.020489657385096564,0.018837939336381802,0.08662337993703323,0.04198365888617053
goingin33,2026-07-14,early,0.01995759147064998,0.024434047419110237,0.08143567092776234,0.04194243660584085
TheChessHasSpoken,2026-07-14,early,0.02013876672597956,0.024444118063087703,0.08122712635131603,0.041936670380127765
Chessadiction1990,2026-07-14,early,0.02122511672197444,0.01626139303325437,0.08811089098118705,0.04186580024547195
Deeper44,2026-07-14,early,0.020582660678442083,0.021151233139784894,0.08364477133941435,0.041792888385880446
TheNomNomFactor,2026-07-14,early,0.020204697000531246,0.02534463676301563,0.07975782545490052,0.0417690530728158
TheCavemanChesss,2026-07-14,early,0.02090971587891509,0.020108254137952995,0.08428398382728614,0.041767317948051406
aNaartjieZA,2026-07-14,early,0.020582660678442083,0.0208150440370022,0.08381475151060622,0.041737485408683495
GMChessrob,2026-07-14,early,0.020328403851783933,0.023436094703883525,0.0814429231618554,0.041735807239174284
ekurtz,2026-07-14,early,0.020091411704675335,0.024945569459968404,0.08014918222364416,0.0417287211294293
ClubLeonChess,2026-07-14,early,0.019529017207912794,0.024366781055150374,0.08128958904488906,0.041728462435984076
Durchbruch03,2026-07-14,early,0.019977848511690377,0.0224137410533,0.08275774206758121,0.04171644387752386
khalifa_alhefeiti,2026-07-14,early,0.0200130429535872,0.025967296103164637,0.07911165156606631,0.04169733020760605
tonyq11,2026-07-14,early,0.021533715189173318,0.018419774243765785,0.08511029140575604,0.04168792694623172
yoursillykitten,2026-07-14,early,0.020110427066566565,0.02277773379854967,0.08214365566028616,0.04167727217513414
UCantHandleDenker,2026-07-14,early,0.02013876672597956,0.023627294076352674,0.0812029389887511,0.041656333263694445
abruptum,2026-07-14,early,0.021574545378495253,0.017030803613851526,0.08625290149120778,0.04161941682785152
Pemered,2026-07-14,early,0.01971210988189457,0.025486244205365553,0.07953961290370914,0.04157932233032309
AtomicAcorn,2026-07-14,early,0.021574545378495253,0.016987437500087903,0.08615684342496037,0.041572942101181176
VazLand,2026-07-14,early,0.01883125104360334,0.02558882517607166,0.08029097828105777,0.04157035150024426
Lester_Freamon,2026-07-14,early,0.02123491239323066,0.01756505250473223,0.08586905052372515,0.04155633847389601
Vadim_Biliy,2026-07-14,early,0.019695925776273153,0.020911005073722778,0.08403920389373276,0.041548711581242896
ChesterF,2026-07-14,early,0.020172854704028947,0.022033611747087876,0.08243681030607851,0.04154775891906511
thaugremista,2026-07-14,early,0.021473072944342773,0.01685306188720506,0.0862495972324982,0.041525244021348676
josiur,2026-07-14,early,0.020345631052678656,0.023996613438492933,0.08000285330267237,0.041448365931281324
GotCheeseCheckers,2026-07-14,early,0.020115252339352144,0.022671513758345543,0.08146793502926919,0.04141823370898896
dereito,2026-07-14,early,0.020180753613725008,0.023550724617087005,0.0804545664541707,0.04139534822832757
skychen007,2026-07-14,early,0.019653456227084434,0.0240267687058394,0.08050479357580034,0.04139500616957473
Martins-BR,2026-07-14,early,0.020017134251848336,0.02370192400744867,0.08045390320478696,0.04139098715469466
BobDaKow,2026-07-14,early,0.020970409619033504,0.017264296869601098,0.0859261121859333,0.0413869395581893
HonzaVykouk,2026-07-14,early,0.020204681310892002,0.02217546889343254,0.08176102400551626,0.041380391403280266
MrKGG1,2026-07-14,early,0.0200472478277511,0.02284996773825929,0.08091749079341928,0.04127156878647656
fpawn,2026-07-14,early,0.019829979669426828,0.023800285189052157,0.08002185776086232,0.041217374206447104
VengoDelFuturo,2026-07-14,early,0.021369475232261112,0.01723229863210099,0.08497170266270732,0.041191158842356475
RU_B9,2026-07-14,early,0.021081738446374645,0.017557156624722552,0.08486729736441606,0.04116873081183775
kinghunter183,2026-07-14,early,0.020362484834990625,0.019036235532498204,0.08408977022897296,0.041162830198820596
CapivaraBondoso,2026-07-14,early,0.01971552003931131,0.023062316955273394,0.08070937982671156,0.04116240560709875
Nikachu,2026-07-14,early,0.020362484834990625,0.0183407531245523,0.08472861807847601,0.04114395201267298
K_alena13,2026-07-14,early,0.020254900713419854,0.01859070694858727,0.0843749554751071,0.04107352104570474
chosenpr,2026-07-14,early,0.020592489228287606,0.019321236191106015,0.08325437841890322,0.041056034612765614
Pig-filth,2026-07-14,early,0.01969506640399539,0.024061139144060422,0.07922549590292963,0.04099390048366181
Lredwolf,2026-07-14,early,0.019534260325715237,0.0171904494415588,0.08622388831290632,0.04098286602672679
GarciaIsaac,2026-07-14,early,0.020180753613725008,0.021722867401861162,0.08087766089683664,0.040927093970807606
nevermind242,2026-07-14,early,0.020302868946442763,0.01768214025223744,0.08473758645718207,0.040907531885287424
flukeyNZ,2026-07-14,early,0.020362484834990625,0.018433398022951554,0.08389956126924894,0.04089848137573037
best926,2026-07-14,early,0.020172854704028947,0.02033588112416326,0.08197935831032646,0.04082936471283955
AllStarShark,2026-07-14,early,0.01997548084086865,0.02168071746388716,0.08055257781018862,0.04073625870498148
slavenok,2026-07-14,early,0.019998567136451238,0.020043183954318214,0.08213741217981342,0.04072638775686096
Blitz,2026-07-14,early,0.019999648975851263,0.02174194679964001,0.08039739738583536,0.040712997720442214
Terex11,2026-07-14,early,0.019099021666647537,0.02183137098927473,0.0808063554926985,0.04057891604954026
Evhen_Taranenko,2026-07-14,early,0.019681196007676566,0.021996014519527395,0.08001461827737844,0.0405639429348608
burritus,2026-07-14,early,0.019841065072404775,0.021992911666885315,0.07980404410771494,0.04054600694900168
Grig1508,2026-07-14,early,0.019174382097674462,0.016673738768515824,0.085705710337715,0.040517943734635097
jessy-molina,2026-07-14,early,0.01965376103316685,0.02189275161220975,0.07982614357278928,0.040457552072721954
dougie47,2026-07-14,early,0.01940217329832395,0.021491952559788165,0.08046372622223891,0.04045261736011701
TheLonePika,2026-07-14,early,0.019264162029133867,0.020494184738216084,0.08137645799675199,0.040378268254700644
Caissameza,2026-07-14,early,0.01938866838769273,0.021123503486614608,0.08022879812311111,0.04024698999913948
iulik86,2026-07-14,early,0.02015344607238435,0.02132130791313731,0.07904025983074164,0.04017167127208777
Chessnut2018,2026-07-14,early,0.018338405453354134,0.02246341289613864,0.07958111950660686,0.04012764595203321
Einherjar521,2026-07-14,early,0.01936627483794458,0.019804782256480857,0.08087576829143554,0.04001560846195366
SilencerBaba,2026-07-14,early,0.01952045881513298,0.018829092507278072,0.08167839269176469,0.04000931467139191
Sesleria,2026-07-14,early,0.019520785757952408,0.02114184010812501,0.07922155993676279,0.03996139526761341
Alexm42100,2026-07-14,early,0.019168913577231023,0.019382444993796127,0.08074071521939179,0.039764024596806315
sillypiggy2024,2026-07-14,early,0.01941753653005582,0.019963612901333486,0.0797717957418701,0.03971764839108647
Anna20240,2026-07-14,early,0.01941753653005582,0.0191539923178399,0.07917986457994705,0.03925046447594759
